2026-10-02T17:18:07.8519899Z Current runner version: '2.337.0'
2026-10-02T17:18:07.8549307Z ##[group]Runner Image Provisioner
2026-10-02T17:18:07.8550681Z Hosted Compute Agent
2026-10-02T17:18:07.8551697Z Version: 20260901.588
2026-10-02T17:18:07.8552750Z Commit: f88ec8081b781fac6c440065ac7ff9e710ce3d0b
2026-10-02T17:18:07.8554087Z Build Date: 2026-09-01T19:56:44Z
2026-10-02T17:18:07.8555197Z Worker ID: {a294b61d-b203-41ab-a412-7870caac126a}
2026-10-02T17:18:07.8556491Z Azure Region: northcentralus
2026-10-02T17:18:07.8557555Z ##[endgroup]
2026-10-02T17:18:07.8559965Z ##[group]Operating System
2026-10-02T17:18:07.8561176Z Microsoft Windows Server 2025
2026-10-02T17:18:07.8562229Z 10.0.26100
2026-10-02T17:18:07.8563099Z Datacenter
2026-10-02T17:18:07.8563993Z ##[endgroup]
2026-10-02T17:18:07.8564865Z ##[group]Runner Image
2026-10-02T17:18:07.8565902Z Image: windows-2025-vs2026
2026-10-02T17:18:07.8566940Z Version: 20260925.250.1
2026-10-02T17:18:07.8569594Z Included Software: https://github.com/actions/runner-images/blob/win25-vs2026/20260925.250/images/windows/Windows2025-VS2026-Readme.md
2026-10-02T17:18:07.8572729Z Image Release: https://github.com/actions/runner-images/releases/tag/win25-vs2026%2F20260925.250
2026-10-02T17:18:07.8574638Z ##[endgroup]
2026-10-02T17:18:07.8576423Z ##[group]GITHUB_TOKEN Permissions
2026-10-02T17:18:07.8579328Z Contents: read
2026-10-02T17:18:07.8580371Z Metadata: read
2026-10-02T17:18:07.8581315Z ##[endgroup]
2026-10-02T17:18:07.8583783Z Secret source: Actions
2026-10-02T17:18:07.8584871Z Cache mode: write
2026-10-02T17:18:07.8585530Z Prepare workflow directory
2026-10-02T17:18:07.8967728Z Prepare all required actions
2026-10-02T17:18:07.9015121Z Getting action download info
2026-10-02T17:18:08.1260085Z Download action repository 'actions/checkout@v7' (SHA:3d3c42e5aac5ba805825da76410c181273ba90b1)
2026-10-02T17:18:08.2512643Z Download action repository 'actions/upload-artifact@v7' (SHA:043fb46d1a93c77aae656e7c1c64a875d1fc6a0a)
2026-10-02T17:18:08.4758485Z Complete job name: Rust runtime (windows-latest)
2026-10-02T17:18:08.6345677Z ##[group]Run actions/checkout@v7
2026-10-02T17:18:08.6346991Z with:
2026-10-02T17:18:08.6347583Z   repository: SindarinSDK/sindarin-compiler
2026-10-02T17:18:08.6351964Z   token: ***
2026-10-02T17:18:08.6352368Z   ssh-strict: true
2026-10-02T17:18:08.6352772Z   ssh-user: git
2026-10-02T17:18:08.6353188Z   persist-credentials: true
2026-10-02T17:18:08.6353637Z   clean: true
2026-10-02T17:18:08.6354051Z   sparse-checkout-cone-mode: true
2026-10-02T17:18:08.6354534Z   fetch-depth: 1
2026-10-02T17:18:08.6354928Z   fetch-tags: false
2026-10-02T17:18:08.6355604Z   show-progress: true
2026-10-02T17:18:08.6356108Z   lfs: false
2026-10-02T17:18:08.6356627Z   submodules: false
2026-10-02T17:18:08.6357042Z   set-safe-directory: true
2026-10-02T17:18:08.6357512Z   allow-unsafe-pr-checkout: false
2026-10-02T17:18:08.6358258Z ##[endgroup]
2026-10-02T17:18:08.7862300Z Syncing repository: SindarinSDK/sindarin-compiler
2026-10-02T17:18:08.7864723Z ##[group]Getting Git version info
2026-10-02T17:18:08.7865494Z Working directory is 'D:\a\sindarin-compiler\sindarin-compiler'
2026-10-02T17:18:08.8669251Z [command]"C:\Program Files\Git\bin\git.exe" version
2026-10-02T17:18:09.0635467Z git version 2.55.0.windows.5
2026-10-02T17:18:09.0684931Z ##[endgroup]
2026-10-02T17:18:09.0700945Z Temporarily overriding HOME='D:\a\_temp\025844c5-cc65-4972-8b6c-5a83e6f9116f' before making global git config changes
2026-10-02T17:18:09.0702253Z Adding repository directory to the temporary git global config as a safe directory
2026-10-02T17:18:09.0711728Z [command]"C:\Program Files\Git\bin\git.exe" config --global --add safe.directory D:\a\sindarin-compiler\sindarin-compiler
2026-10-02T17:18:09.1026392Z Deleting the contents of 'D:\a\sindarin-compiler\sindarin-compiler'
2026-10-02T17:18:09.1031287Z ##[group]Determining repository object format
2026-10-02T17:18:09.1033316Z ##[endgroup]
2026-10-02T17:18:09.1034346Z ##[group]Initializing the repository
2026-10-02T17:18:09.1041534Z [command]"C:\Program Files\Git\bin\git.exe" init D:\a\sindarin-compiler\sindarin-compiler
2026-10-02T17:18:09.1545894Z Initialized empty Git repository in D:/a/sindarin-compiler/sindarin-compiler/.git/
2026-10-02T17:18:09.1582793Z [command]"C:\Program Files\Git\bin\git.exe" remote add origin https://github.com/SindarinSDK/sindarin-compiler
2026-10-02T17:18:09.1904495Z ##[endgroup]
2026-10-02T17:18:09.1905249Z ##[group]Disabling automatic garbage collection
2026-10-02T17:18:09.1912403Z [command]"C:\Program Files\Git\bin\git.exe" config --local gc.auto 0
2026-10-02T17:18:09.2189085Z ##[endgroup]
2026-10-02T17:18:09.2190337Z ##[group]Setting up auth
2026-10-02T17:18:09.2191231Z Removing SSH command configuration
2026-10-02T17:18:09.2200276Z [command]"C:\Program Files\Git\bin\git.exe" config --local --name-only --get-regexp core\.sshCommand
2026-10-02T17:18:09.2479262Z [command]"C:\Program Files\Git\bin\git.exe" submodule foreach --recursive "sh -c \"git config --local --name-only --get-regexp 'core\.sshCommand' && git config --local --unset-all 'core.sshCommand' || :\""
2026-10-02T17:18:10.4461183Z Removing HTTP extra header
2026-10-02T17:18:10.4474241Z [command]"C:\Program Files\Git\bin\git.exe" config --local --name-only --get-regexp http\.https\:\/\/github\.com\/\.extraheader
2026-10-02T17:18:10.4781401Z [command]"C:\Program Files\Git\bin\git.exe" submodule foreach --recursive "sh -c \"git config --local --name-only --get-regexp 'http\.https\:\/\/github\.com\/\.extraheader' && git config --local --unset-all 'http.https://github.com/.extraheader' || :\""
2026-10-02T17:18:11.0261340Z Removing includeIf entries pointing to credentials config files
2026-10-02T17:18:11.0272112Z [command]"C:\Program Files\Git\bin\git.exe" config --local --name-only --get-regexp ^includeIf\.gitdir:
2026-10-02T17:18:11.0550825Z [command]"C:\Program Files\Git\bin\git.exe" submodule foreach --recursive "git config --local --show-origin --name-only --get-regexp remote.origin.url"
2026-10-02T17:18:11.5781551Z [command]"C:\Program Files\Git\bin\git.exe" config --file D:\a\_temp\git-credentials-4b491c6c-3609-4398-a432-f18088b512df.config http.https://github.com/.extraheader "AUTHORIZATION: basic ***"
2026-10-02T17:18:11.6067910Z [command]"C:\Program Files\Git\bin\git.exe" config --local includeIf.gitdir:D:/a/sindarin-compiler/sindarin-compiler/.git.path D:\a\_temp\git-credentials-4b491c6c-3609-4398-a432-f18088b512df.config
2026-10-02T17:18:11.6344325Z [command]"C:\Program Files\Git\bin\git.exe" config --local includeIf.gitdir:D:/a/sindarin-compiler/sindarin-compiler/.git/worktrees/*.path D:\a\_temp\git-credentials-4b491c6c-3609-4398-a432-f18088b512df.config
2026-10-02T17:18:11.6631265Z [command]"C:\Program Files\Git\bin\git.exe" config --local includeIf.gitdir:/github/workspace/.git.path /github/runner_temp/git-credentials-4b491c6c-3609-4398-a432-f18088b512df.config
2026-10-02T17:18:11.6914334Z [command]"C:\Program Files\Git\bin\git.exe" config --local includeIf.gitdir:/github/workspace/.git/worktrees/*.path /github/runner_temp/git-credentials-4b491c6c-3609-4398-a432-f18088b512df.config
2026-10-02T17:18:11.7189285Z ##[endgroup]
2026-10-02T17:18:11.7189750Z ##[group]Fetching the repository
2026-10-02T17:18:11.7200146Z [command]"C:\Program Files\Git\bin\git.exe" -c protocol.version=2 fetch --no-tags --prune --no-recurse-submodules --depth=1 origin +e9405fea7bcd42dc6c72c95096216dc61a092b15:refs/remotes/pull/144/merge
2026-10-02T17:18:13.0437395Z From https://github.com/SindarinSDK/sindarin-compiler
2026-10-02T17:18:13.0438182Z  * [new ref]         e9405fea7bcd42dc6c72c95096216dc61a092b15 -> pull/144/merge
2026-10-02T17:18:13.0476666Z ##[endgroup]
2026-10-02T17:18:13.0477397Z ##[group]Determining the checkout info
2026-10-02T17:18:13.0477898Z ##[endgroup]
2026-10-02T17:18:13.0486621Z [command]"C:\Program Files\Git\bin\git.exe" sparse-checkout disable
2026-10-02T17:18:13.0840797Z [command]"C:\Program Files\Git\bin\git.exe" config --local --unset-all extensions.worktreeConfig
2026-10-02T17:18:13.1121575Z ##[group]Checking out the ref
2026-10-02T17:18:13.1129293Z [command]"C:\Program Files\Git\bin\git.exe" checkout --progress --force refs/remotes/pull/144/merge
2026-10-02T17:18:14.1674379Z Updating files:  71% (4428/6203)
2026-10-02T17:18:14.1814581Z Updating files:  72% (4467/6203)
2026-10-02T17:18:14.1951917Z Updating files:  73% (4529/6203)
2026-10-02T17:18:14.2086208Z Updating files:  74% (4591/6203)
2026-10-02T17:18:14.2222187Z Updating files:  75% (4653/6203)
2026-10-02T17:18:14.2352083Z Updating files:  76% (4715/6203)
2026-10-02T17:18:14.2496190Z Updating files:  77% (4777/6203)
2026-10-02T17:18:14.2636187Z Updating files:  78% (4839/6203)
2026-10-02T17:18:14.2772665Z Updating files:  79% (4901/6203)
2026-10-02T17:18:14.2894586Z Updating files:  80% (4963/6203)
2026-10-02T17:18:14.3022922Z Updating files:  81% (5025/6203)
2026-10-02T17:18:14.3143286Z Updating files:  82% (5087/6203)
2026-10-02T17:18:14.3267435Z Updating files:  83% (5149/6203)
2026-10-02T17:18:14.3413140Z Updating files:  84% (5211/6203)
2026-10-02T17:18:14.3538914Z Updating files:  85% (5273/6203)
2026-10-02T17:18:14.3707135Z Updating files:  86% (5335/6203)
2026-10-02T17:18:14.3827175Z Updating files:  87% (5397/6203)
2026-10-02T17:18:14.3968213Z Updating files:  88% (5459/6203)
2026-10-02T17:18:14.4101877Z Updating files:  89% (5521/6203)
2026-10-02T17:18:14.4240974Z Updating files:  90% (5583/6203)
2026-10-02T17:18:14.4380338Z Updating files:  91% (5645/6203)
2026-10-02T17:18:14.4517767Z Updating files:  92% (5707/6203)
2026-10-02T17:18:14.4646580Z Updating files:  93% (5769/6203)
2026-10-02T17:18:14.4783392Z Updating files:  94% (5831/6203)
2026-10-02T17:18:14.4912055Z Updating files:  95% (5893/6203)
2026-10-02T17:18:14.5054420Z Updating files:  96% (5955/6203)
2026-10-02T17:18:14.5215882Z Updating files:  97% (6017/6203)
2026-10-02T17:18:14.5371715Z Updating files:  98% (6079/6203)
2026-10-02T17:18:14.5532339Z Updating files:  99% (6141/6203)
2026-10-02T17:18:14.5532794Z Updating files: 100% (6203/6203)
2026-10-02T17:18:14.5534086Z Updating files: 100% (6203/6203), done.
2026-10-02T17:18:14.5695279Z Note: switching to 'refs/remotes/pull/144/merge'.
2026-10-02T17:18:14.5695536Z 
2026-10-02T17:18:14.5695739Z You are in 'detached HEAD' state. You can look around, make experimental
2026-10-02T17:18:14.5696206Z changes and commit them, and you can discard any commits you make in this
2026-10-02T17:18:14.5696665Z state without impacting any branches by switching back to a branch.
2026-10-02T17:18:14.5696953Z 
2026-10-02T17:18:14.5697144Z If you want to create a new branch to retain commits you create, you may
2026-10-02T17:18:14.5697563Z do so (now or later) by using -c with the switch command. Example:
2026-10-02T17:18:14.5697842Z 
2026-10-02T17:18:14.5698420Z   git switch -c <new-branch-name>
2026-10-02T17:18:14.5698732Z 
2026-10-02T17:18:14.5698962Z Or undo this operation with:
2026-10-02T17:18:14.5699261Z 
2026-10-02T17:18:14.5699397Z   git switch -
2026-10-02T17:18:14.5699593Z 
2026-10-02T17:18:14.5699835Z Turn off this advice by setting config variable advice.detachedHead to false
2026-10-02T17:18:14.5700294Z 
2026-10-02T17:18:14.5700774Z HEAD is now at e9405fe Merge 7bcc16099dff2da7dc1756b44bae7afd447aa3bf into a03421325a4a5785eec1645633d68ff99fc00126
2026-10-02T17:18:14.5772559Z ##[endgroup]
2026-10-02T17:18:14.6132839Z [command]"C:\Program Files\Git\bin\git.exe" log -1 --format=%H
2026-10-02T17:18:14.6395599Z e9405fea7bcd42dc6c72c95096216dc61a092b15
2026-10-02T17:18:14.6894415Z ##[group]Run if (Test-Path "C:\Program Files\LLVM") {
2026-10-02T17:18:14.6894878Z [36;1mif (Test-Path "C:\Program Files\LLVM") {[0m
2026-10-02T17:18:14.6895272Z [36;1m  Write-Host "Removing system LLVM to avoid conflicts..."[0m
2026-10-02T17:18:14.6895723Z [36;1m  Remove-Item -Path "C:\Program Files\LLVM" -Recurse -Force[0m
2026-10-02T17:18:14.6896057Z [36;1m}[0m
2026-10-02T17:18:14.7040050Z shell: C:\Program Files\PowerShell\7\pwsh.EXE -command ". '{0}'"
2026-10-02T17:18:14.7040409Z ##[endgroup]
2026-10-02T17:18:15.1335394Z Removing system LLVM to avoid conflicts...
2026-10-02T17:18:15.4657593Z ##[group]Run $version = "20241217"
2026-10-02T17:18:15.4657935Z [36;1m$version = "20241217"[0m
2026-10-02T17:18:15.4658476Z [36;1m$url = "https://github.com/mstorsjo/llvm-mingw/releases/download/$version/llvm-mingw-$version-ucrt-x86_64.zip"[0m
2026-10-02T17:18:15.4659044Z [36;1m$zipPath = "$env:TEMP\llvm-mingw.zip"[0m
2026-10-02T17:18:15.4659331Z [36;1m$extractPath = "C:\llvm-mingw"[0m
2026-10-02T17:18:15.4659564Z [36;1m[0m
2026-10-02T17:18:15.4659791Z [36;1mInvoke-WebRequest -Uri $url -OutFile $zipPath[0m
2026-10-02T17:18:15.4660224Z [36;1mExpand-Archive -Path $zipPath -DestinationPath $extractPath -Force[0m
2026-10-02T17:18:15.4660587Z [36;1m[0m
2026-10-02T17:18:15.4660908Z [36;1m$llvmDir = Get-ChildItem -Path $extractPath -Directory | Select-Object -First 1[0m
2026-10-02T17:18:15.4661357Z [36;1m$binPath = Join-Path $llvmDir.FullName "bin"[0m
2026-10-02T17:18:15.4661810Z [36;1mecho "$binPath" | Out-File -FilePath $env:GITHUB_PATH -Encoding utf8 -Append[0m
2026-10-02T17:18:15.4734068Z shell: C:\Program Files\PowerShell\7\pwsh.EXE -command ". '{0}'"
2026-10-02T17:18:15.4734416Z ##[endgroup]
2026-10-02T17:18:37.1923785Z ##[group]Run choco install make ninja -y
2026-10-02T17:18:37.1924150Z [36;1mchoco install make ninja -y[0m
2026-10-02T17:18:37.1995302Z shell: C:\Program Files\PowerShell\7\pwsh.EXE -command ". '{0}'"
2026-10-02T17:18:37.1995644Z ##[endgroup]
2026-10-02T17:18:39.6675409Z Chocolatey v2.7.4
2026-10-02T17:18:39.9015053Z Installing the following packages:
2026-10-02T17:18:39.9020112Z make;ninja
2026-10-02T17:18:39.9024076Z By installing, you accept licenses for the packages.
2026-10-02T17:18:43.0076279Z Downloading package from source 'https://community.chocolatey.org/api/v2/'
2026-10-02T17:18:43.1625624Z 
2026-10-02T17:18:43.1626940Z Progress: Downloading make 4.4.1... %
2026-10-02T17:18:43.1627505Z Progress: Downloading make 4.4.1... 1%
2026-10-02T17:18:43.1628011Z Progress: Downloading make 4.4.1... 1%
2026-10-02T17:18:43.1630138Z Progress: Downloading make 4.4.1... 1%
2026-10-02T17:18:43.1630921Z Progress: Downloading make 4.4.1... 2%
2026-10-02T17:18:43.1631873Z Progress: Downloading make 4.4.1... 2%
2026-10-02T17:18:43.1633240Z Progress: Downloading make 4.4.1... 2%
2026-10-02T17:18:43.1633967Z Progress: Downloading make 4.4.1... 3%
2026-10-02T17:18:43.1634941Z Progress: Downloading make 4.4.1... 3%
2026-10-02T17:18:43.1635495Z Progress: Downloading make 4.4.1... 3%
2026-10-02T17:18:43.1636002Z Progress: Downloading make 4.4.1... 4%
2026-10-02T17:18:43.1636496Z Progress: Downloading make 4.4.1... 4%
2026-10-02T17:18:43.1636966Z Progress: Downloading make 4.4.1... 4%
2026-10-02T17:18:43.1637447Z Progress: Downloading make 4.4.1... 5%
2026-10-02T17:18:43.1637880Z Progress: Downloading make 4.4.1... 5%
2026-10-02T17:18:43.1638314Z Progress: Downloading make 4.4.1... 5%
2026-10-02T17:18:43.1638732Z Progress: Downloading make 4.4.1... 6%
2026-10-02T17:18:43.1639172Z Progress: Downloading make 4.4.1... 6%
2026-10-02T17:18:43.1639614Z Progress: Downloading make 4.4.1... 6%
2026-10-02T17:18:43.1640036Z Progress: Downloading make 4.4.1... 7%
2026-10-02T17:18:43.1640470Z Progress: Downloading make 4.4.1... 7%
2026-10-02T17:18:43.1640896Z Progress: Downloading make 4.4.1... 7%
2026-10-02T17:18:43.1641318Z Progress: Downloading make 4.4.1... 8%
2026-10-02T17:18:43.1641996Z Progress: Downloading make 4.4.1... 8%
2026-10-02T17:18:43.1642444Z Progress: Downloading make 4.4.1... 8%
2026-10-02T17:18:43.1643182Z Progress: Downloading make 4.4.1... 9%
2026-10-02T17:18:43.1643879Z Progress: Downloading make 4.4.1... 9%
2026-10-02T17:18:43.1644871Z Progress: Downloading make 4.4.1... 9%
2026-10-02T17:18:43.1646003Z Progress: Downloading make 4.4.1... 10%
2026-10-02T17:18:43.1646790Z Progress: Downloading make 4.4.1... 10%
2026-10-02T17:18:43.1647588Z Progress: Downloading make 4.4.1... 10%
2026-10-02T17:18:43.1648286Z Progress: Downloading make 4.4.1... 11%
2026-10-02T17:18:43.1649264Z Progress: Downloading make 4.4.1... 11%
2026-10-02T17:18:43.1650014Z Progress: Downloading make 4.4.1... 11%
2026-10-02T17:18:43.1650521Z Progress: Downloading make 4.4.1... 12%
2026-10-02T17:18:43.1651005Z Progress: Downloading make 4.4.1... 12%
2026-10-02T17:18:43.1651459Z Progress: Downloading make 4.4.1... 12%
2026-10-02T17:18:43.1651904Z Progress: Downloading make 4.4.1... 13%
2026-10-02T17:18:43.1652365Z Progress: Downloading make 4.4.1... 13%
2026-10-02T17:18:43.1652830Z Progress: Downloading make 4.4.1... 13%
2026-10-02T17:18:43.1653300Z Progress: Downloading make 4.4.1... 14%
2026-10-02T17:18:43.1653775Z Progress: Downloading make 4.4.1... 15%
2026-10-02T17:18:43.1654242Z Progress: Downloading make 4.4.1... 16%
2026-10-02T17:18:43.1654715Z Progress: Downloading make 4.4.1... 17%
2026-10-02T17:18:43.1655179Z Progress: Downloading make 4.4.1... 18%
2026-10-02T17:18:43.1655669Z Progress: Downloading make 4.4.1... 19%
2026-10-02T17:18:43.1656117Z Progress: Downloading make 4.4.1... 20%
2026-10-02T17:18:43.1656569Z Progress: Downloading make 4.4.1... 21%
2026-10-02T17:18:43.1657013Z Progress: Downloading make 4.4.1... 22%
2026-10-02T17:18:43.1659786Z Progress: Downloading make 4.4.1... 23%
2026-10-02T17:18:43.1660462Z Progress: Downloading make 4.4.1... 24%
2026-10-02T17:18:43.1660951Z Progress: Downloading make 4.4.1... 25%
2026-10-02T17:18:43.1661419Z Progress: Downloading make 4.4.1... 26%
2026-10-02T17:18:43.1661864Z Progress: Downloading make 4.4.1... 27%
2026-10-02T17:18:43.1662308Z Progress: Downloading make 4.4.1... 28%
2026-10-02T17:18:43.1662777Z Progress: Downloading make 4.4.1... 29%
2026-10-02T17:18:43.1663247Z Progress: Downloading make 4.4.1... 30%
2026-10-02T17:18:43.1663715Z Progress: Downloading make 4.4.1... 31%
2026-10-02T17:18:43.1664230Z Progress: Downloading make 4.4.1... 32%
2026-10-02T17:18:43.1664688Z Progress: Downloading make 4.4.1... 33%
2026-10-02T17:18:43.1665142Z Progress: Downloading make 4.4.1... 34%
2026-10-02T17:18:43.1665904Z Progress: Downloading make 4.4.1... 35%
2026-10-02T17:18:43.1666381Z Progress: Downloading make 4.4.1... 36%
2026-10-02T17:18:43.1666825Z Progress: Downloading make 4.4.1... 37%
2026-10-02T17:18:43.1667304Z Progress: Downloading make 4.4.1... 38%
2026-10-02T17:18:43.1667884Z Progress: Downloading make 4.4.1... 39%
2026-10-02T17:18:43.1668346Z Progress: Downloading make 4.4.1... 40%
2026-10-02T17:18:43.1668812Z Progress: Downloading make 4.4.1... 41%
2026-10-02T17:18:43.1669232Z Progress: Downloading make 4.4.1... 42%
2026-10-02T17:18:43.1669668Z Progress: Downloading make 4.4.1... 43%
2026-10-02T17:18:43.1670120Z Progress: Downloading make 4.4.1... 44%
2026-10-02T17:18:43.1670585Z Progress: Downloading make 4.4.1... 45%
2026-10-02T17:18:43.1671043Z Progress: Downloading make 4.4.1... 46%
2026-10-02T17:18:43.1671508Z Progress: Downloading make 4.4.1... 48%
2026-10-02T17:18:43.1671967Z Progress: Downloading make 4.4.1... 49%
2026-10-02T17:18:43.1672424Z Progress: Downloading make 4.4.1... 50%
2026-10-02T17:18:43.1672895Z Progress: Downloading make 4.4.1... 51%
2026-10-02T17:18:43.1673344Z Progress: Downloading make 4.4.1... 52%
2026-10-02T17:18:43.1673819Z Progress: Downloading make 4.4.1... 53%
2026-10-02T17:18:43.1674291Z Progress: Downloading make 4.4.1... 53%
2026-10-02T17:18:43.1674762Z Progress: Downloading make 4.4.1... 54%
2026-10-02T17:18:43.1675218Z Progress: Downloading make 4.4.1... 56%
2026-10-02T17:18:43.1675689Z Progress: Downloading make 4.4.1... 58%
2026-10-02T17:18:43.1676146Z Progress: Downloading make 4.4.1... 60%
2026-10-02T17:18:43.1676601Z Progress: Downloading make 4.4.1... 62%
2026-10-02T17:18:43.1677087Z Progress: Downloading make 4.4.1... 64%
2026-10-02T17:18:43.1677542Z Progress: Downloading make 4.4.1... 66%
2026-10-02T17:18:43.1677993Z Progress: Downloading make 4.4.1... 68%
2026-10-02T17:18:43.1678456Z Progress: Downloading make 4.4.1... 70%
2026-10-02T17:18:43.1678896Z Progress: Downloading make 4.4.1... 72%
2026-10-02T17:18:43.1679340Z Progress: Downloading make 4.4.1... 74%
2026-10-02T17:18:43.1681380Z Progress: Downloading make 4.4.1... 76%
2026-10-02T17:18:43.1681869Z Progress: Downloading make 4.4.1... 78%
2026-10-02T17:18:43.1682322Z Progress: Downloading make 4.4.1... 80%
2026-10-02T17:18:43.1682749Z Progress: Downloading make 4.4.1... 82%
2026-10-02T17:18:43.1683123Z Progress: Downloading make 4.4.1... 84%
2026-10-02T17:18:43.1683372Z Progress: Downloading make 4.4.1... 85%
2026-10-02T17:18:43.1683637Z Progress: Downloading make 4.4.1... 87%
2026-10-02T17:18:43.1683888Z Progress: Downloading make 4.4.1... 89%
2026-10-02T17:18:43.1684120Z Progress: Downloading make 4.4.1... 91%
2026-10-02T17:18:43.1684501Z Progress: Downloading make 4.4.1... 93%
2026-10-02T17:18:43.1684825Z Progress: Downloading make 4.4.1... 95%
2026-10-02T17:18:43.1685069Z Progress: Downloading make 4.4.1... 97%
2026-10-02T17:18:43.1685301Z Progress: Downloading make 4.4.1... 99%
2026-10-02T17:18:43.1685751Z Progress: Downloading make 4.4.1... 100%
2026-10-02T17:18:43.4827674Z 
2026-10-02T17:18:43.4828113Z make v4.4.1 [Approved]
2026-10-02T17:18:43.5051535Z make package files install completed. Performing other installation steps.
2026-10-02T17:18:44.3504498Z  ShimGen has successfully created a shim for make.exe
2026-10-02T17:18:44.4032394Z  The install of make was successful.
2026-10-02T17:18:44.4035909Z   Deployed to 'C:\ProgramData\chocolatey\lib\make'
2026-10-02T17:18:44.5362878Z ninja v1.13.2 already installed.
2026-10-02T17:18:44.5363513Z  Use --force to reinstall, specify a version to install, or try upgrade.
2026-10-02T17:18:44.5448711Z 
2026-10-02T17:18:44.5449091Z Chocolatey installed 1/2 packages. 
2026-10-02T17:18:44.5449640Z  See the log for details (C:\ProgramData\chocolatey\logs\chocolatey.log).
2026-10-02T17:18:44.5452494Z 
2026-10-02T17:18:44.5456819Z Warnings:
2026-10-02T17:18:44.5462778Z  - ninja - ninja v1.13.2 already installed.
2026-10-02T17:18:44.5463510Z  Use --force to reinstall, specify a version to install, or try upgrade.
2026-10-02T17:18:44.6911598Z ##[group]Run rustup toolchain install 1.93.1 --profile minimal
2026-10-02T17:18:44.6912111Z [36;1mrustup toolchain install 1.93.1 --profile minimal[0m
2026-10-02T17:18:44.6912437Z [36;1mrustup default 1.93.1[0m
2026-10-02T17:18:44.6912716Z [36;1mif [ -n "x86_64-pc-windows-gnullvm" ]; then[0m
2026-10-02T17:18:44.6913115Z [36;1m  rustup target add --toolchain 1.93.1 "x86_64-pc-windows-gnullvm"[0m
2026-10-02T17:18:44.6913470Z [36;1mfi[0m
2026-10-02T17:18:44.6913653Z [36;1mrustc --version --verbose[0m
2026-10-02T17:18:44.6929683Z shell: C:\Program Files\Git\bin\bash.EXE --noprofile --norc -e -o pipefail {0}
2026-10-02T17:18:44.6930072Z ##[endgroup]
2026-10-02T17:18:45.4824672Z info: syncing channel updates for 1.93.1-x86_64-pc-windows-msvc
2026-10-02T17:18:46.0472223Z info: latest update on 2026-02-12 for version 1.93.1 (01f6ddf75 2026-02-11)
2026-10-02T17:18:46.0866436Z info: downloading 3 components
2026-10-02T17:18:53.2646195Z 
2026-10-02T17:18:54.3073838Z   1.93.1-x86_64-pc-windows-msvc installed - rustc 1.93.1 (01f6ddf75 2026-02-11)
2026-10-02T17:18:54.3074434Z 
2026-10-02T17:18:54.3379985Z info: using existing install for 1.93.1-x86_64-pc-windows-msvc
2026-10-02T17:18:54.3483583Z info: default toolchain set to 1.93.1-x86_64-pc-windows-msvc
2026-10-02T17:18:54.3532649Z 
2026-10-02T17:18:54.3724988Z   1.93.1-x86_64-pc-windows-msvc unchanged - rustc 1.93.1 (01f6ddf75 2026-02-11)
2026-10-02T17:18:54.3725551Z 
2026-10-02T17:18:54.4590636Z info: downloading component rust-std
2026-10-02T17:18:57.5070433Z rustc 1.93.1 (01f6ddf75 2026-02-11)
2026-10-02T17:18:57.5070754Z binary: rustc
2026-10-02T17:18:57.5071012Z commit-hash: 01f6ddf7588f42ae2d7eb0a2f21d44e8e96674cf
2026-10-02T17:18:57.5071322Z commit-date: 2026-02-11
2026-10-02T17:18:57.5071548Z host: x86_64-pc-windows-msvc
2026-10-02T17:18:57.5071773Z release: 1.93.1
2026-10-02T17:18:57.5074426Z LLVM version: 21.1.8
2026-10-02T17:18:57.5445031Z ##[group]Run make setup
2026-10-02T17:18:57.5445537Z [36;1mmake setup[0m
2026-10-02T17:18:57.5461143Z shell: C:\Program Files\Git\bin\bash.EXE --noprofile --norc -e -o pipefail {0}
2026-10-02T17:18:57.5461542Z env:
2026-10-02T17:18:57.5464536Z   GH_TOKEN: ***
2026-10-02T17:18:57.5464733Z ##[endgroup]
2026-10-02T17:18:57.6625316Z Setting up build dependencies for Windows...
2026-10-02T17:18:58.0436578Z 
2026-10-02T17:18:58.0451742Z ========================================
2026-10-02T17:18:58.0459386Z     Sindarin Compiler Installer
2026-10-02T17:18:58.0467399Z ========================================
2026-10-02T17:18:58.0471416Z 
2026-10-02T17:18:58.0727679Z [*] Running prerequisites installer from D:\a\sindarin-compiler\sindarin-compiler\scripts\install-prereqs.ps1...
2026-10-02T17:18:58.0906647Z 
2026-10-02T17:18:58.0914733Z ========================================
2026-10-02T17:18:58.0923187Z   Sindarin Prerequisites Installer
2026-10-02T17:18:58.0931102Z ========================================
2026-10-02T17:18:58.0935314Z 
2026-10-02T17:18:58.1111626Z [*] Checking for conflicting system LLVM...
2026-10-02T17:18:58.1134571Z [+] No system LLVM found, skipping
2026-10-02T17:18:58.1162136Z [*] Downloading LLVM-MinGW 20241217...
2026-10-02T17:22:15.5779033Z [+] Download complete
2026-10-02T17:22:15.5787988Z [*] Extracting LLVM-MinGW to C:\llvm-mingw...
2026-10-02T17:24:47.6648292Z [+] LLVM-MinGW bin: C:\llvm-mingw\llvm-mingw-20241217-ucrt-x86_64\bin
2026-10-02T17:24:47.6708122Z [*] Registering LLVM-MinGW in GITHUB_PATH...
2026-10-02T17:24:47.6825846Z [+] make already present, skipping
2026-10-02T17:24:47.6837567Z [+] ninja already present, skipping
2026-10-02T17:24:47.6849862Z [+] cmake already present, skipping
2026-10-02T17:24:47.6880294Z [+] All Chocolatey build tools already present
2026-10-02T17:24:47.6894577Z [*] Installing vcpkg to C:\Users\runneradmin\vcpkg...
2026-10-02T17:24:47.7070567Z Cloning into 'C:\Users\runneradmin\vcpkg'...
2026-10-02T17:25:02.8273317Z Updating files:   8% (1218/14311)
2026-10-02T17:25:02.9424755Z Updating files:   9% (1288/14311)
2026-10-02T17:25:03.0705394Z Updating files:  10% (1432/14311)
2026-10-02T17:25:03.1860969Z Updating files:  11% (1575/14311)
2026-10-02T17:25:03.7010168Z Updating files:  12% (1718/14311)
2026-10-02T17:25:03.7637694Z Updating files:  13% (1861/14311)
2026-10-02T17:25:03.8069853Z Updating files:  13% (1946/14311)
2026-10-02T17:25:03.9201591Z Updating files:  14% (2004/14311)
2026-10-02T17:25:04.4146443Z Updating files:  15% (2147/14311)
2026-10-02T17:25:04.5181587Z Updating files:  16% (2290/14311)
2026-10-02T17:25:04.6673800Z Updating files:  17% (2433/14311)
2026-10-02T17:25:04.9160424Z Updating files:  18% (2576/14311)
2026-10-02T17:25:04.9326790Z Updating files:  18% (2697/14311)
2026-10-02T17:25:05.0567736Z Updating files:  19% (2720/14311)
2026-10-02T17:25:05.1783904Z Updating files:  20% (2863/14311)
2026-10-02T17:25:05.2963372Z Updating files:  21% (3006/14311)
2026-10-02T17:25:05.4112804Z Updating files:  22% (3149/14311)
2026-10-02T17:25:05.5308977Z Updating files:  23% (3292/14311)
2026-10-02T17:25:05.6495262Z Updating files:  24% (3435/14311)
2026-10-02T17:25:05.7649662Z Updating files:  25% (3578/14311)
2026-10-02T17:25:05.7673538Z Updating files:  25% (3716/14311)
2026-10-02T17:25:05.8697485Z Updating files:  26% (3721/14311)
2026-10-02T17:25:05.9829853Z Updating files:  27% (3864/14311)
2026-10-02T17:25:06.1150947Z Updating files:  28% (4008/14311)
2026-10-02T17:25:06.6105684Z Updating files:  29% (4151/14311)
2026-10-02T17:25:06.7312608Z Updating files:  30% (4294/14311)
2026-10-02T17:25:06.7659029Z Updating files:  31% (4437/14311)
2026-10-02T17:25:06.8508009Z Updating files:  31% (4474/14311)
2026-10-02T17:25:06.9793121Z Updating files:  32% (4580/14311)
2026-10-02T17:25:07.1074186Z Updating files:  33% (4723/14311)
2026-10-02T17:25:07.2312726Z Updating files:  34% (4866/14311)
2026-10-02T17:25:07.3522460Z Updating files:  35% (5009/14311)
2026-10-02T17:25:07.5348061Z Updating files:  36% (5152/14311)
2026-10-02T17:25:07.7802293Z Updating files:  37% (5296/14311)
2026-10-02T17:25:07.8128592Z Updating files:  37% (5399/14311)
2026-10-02T17:25:07.9335823Z Updating files:  38% (5439/14311)
2026-10-02T17:25:08.0423666Z Updating files:  39% (5582/14311)
2026-10-02T17:25:08.1418007Z Updating files:  40% (5725/14311)
2026-10-02T17:25:08.2739012Z Updating files:  41% (5868/14311)
2026-10-02T17:25:08.3837883Z Updating files:  42% (6011/14311)
2026-10-02T17:25:08.4816781Z Updating files:  43% (6154/14311)
2026-10-02T17:25:08.5901820Z Updating files:  44% (6297/14311)
2026-10-02T17:25:08.7159623Z Updating files:  45% (6440/14311)
2026-10-02T17:25:08.7825232Z Updating files:  46% (6584/14311)
2026-10-02T17:25:08.8293839Z Updating files:  46% (6658/14311)
2026-10-02T17:25:09.3430288Z Updating files:  47% (6727/14311)
2026-10-02T17:25:09.4559321Z Updating files:  48% (6870/14311)
2026-10-02T17:25:09.5577606Z Updating files:  49% (7013/14311)
2026-10-02T17:25:09.6621939Z Updating files:  50% (7156/14311)
2026-10-02T17:25:09.7647815Z Updating files:  51% (7299/14311)
2026-10-02T17:25:09.7821205Z Updating files:  52% (7442/14311)
2026-10-02T17:25:09.8765499Z Updating files:  52% (7469/14311)
2026-10-02T17:25:09.9933057Z Updating files:  53% (7585/14311)
2026-10-02T17:25:10.1294707Z Updating files:  54% (7728/14311)
2026-10-02T17:25:10.7877676Z Updating files:  55% (7872/14311)
2026-10-02T17:25:10.8406476Z Updating files:  55% (7955/14311)
2026-10-02T17:25:10.9551577Z Updating files:  56% (8015/14311)
2026-10-02T17:25:11.0714265Z Updating files:  57% (8158/14311)
2026-10-02T17:25:11.1858687Z Updating files:  58% (8301/14311)
2026-10-02T17:25:11.3103521Z Updating files:  59% (8444/14311)
2026-10-02T17:25:11.4275529Z Updating files:  60% (8587/14311)
2026-10-02T17:25:11.5531235Z Updating files:  61% (8730/14311)
2026-10-02T17:25:11.6728403Z Updating files:  62% (8873/14311)
2026-10-02T17:25:11.7945298Z Updating files:  63% (9016/14311)
2026-10-02T17:25:11.7996718Z Updating files:  64% (9160/14311)
2026-10-02T17:25:11.9071748Z Updating files:  64% (9165/14311)
2026-10-02T17:25:12.3722056Z Updating files:  65% (9303/14311)
2026-10-02T17:25:12.4995627Z Updating files:  66% (9446/14311)
2026-10-02T17:25:12.6175259Z Updating files:  67% (9589/14311)
2026-10-02T17:25:12.7264496Z Updating files:  68% (9732/14311)
2026-10-02T17:25:12.8122149Z Updating files:  69% (9875/14311)
2026-10-02T17:25:12.8418499Z Updating files:  69% (9979/14311)
2026-10-02T17:25:12.9604140Z Updating files:  70% (10018/14311)
2026-10-02T17:25:13.0825814Z Updating files:  71% (10161/14311)
2026-10-02T17:25:13.1850072Z Updating files:  72% (10304/14311)
2026-10-02T17:25:13.2914270Z Updating files:  73% (10448/14311)
2026-10-02T17:25:13.3912279Z Updating files:  74% (10591/14311)
2026-10-02T17:25:13.4806737Z Updating files:  75% (10734/14311)
2026-10-02T17:25:13.6317893Z Updating files:  76% (10877/14311)
2026-10-02T17:25:14.0025874Z Updating files:  77% (11020/14311)
2026-10-02T17:25:14.0852334Z Updating files:  77% (11039/14311)
2026-10-02T17:25:14.1845832Z Updating files:  78% (11163/14311)
2026-10-02T17:25:14.2712227Z Updating files:  79% (11306/14311)
2026-10-02T17:25:14.3534359Z Updating files:  80% (11449/14311)
2026-10-02T17:25:14.4365525Z Updating files:  81% (11592/14311)
2026-10-02T17:25:14.5137368Z Updating files:  82% (11736/14311)
2026-10-02T17:25:14.6148005Z Updating files:  83% (11879/14311)
2026-10-02T17:25:14.7082507Z Updating files:  84% (12022/14311)
2026-10-02T17:25:14.7970850Z Updating files:  85% (12165/14311)
2026-10-02T17:25:14.8265491Z Updating files:  86% (12308/14311)
2026-10-02T17:25:14.8995760Z Updating files:  86% (12344/14311)
2026-10-02T17:25:15.3264835Z Updating files:  87% (12451/14311)
2026-10-02T17:25:15.4060814Z Updating files:  88% (12594/14311)
2026-10-02T17:25:15.4752851Z Updating files:  89% (12737/14311)
2026-10-02T17:25:15.5581624Z Updating files:  90% (12880/14311)
2026-10-02T17:25:15.6448603Z Updating files:  91% (13024/14311)
2026-10-02T17:25:15.7408686Z Updating files:  92% (13167/14311)
2026-10-02T17:25:15.8353344Z Updating files:  93% (13310/14311)
2026-10-02T17:25:15.8531582Z Updating files:  93% (13422/14311)
2026-10-02T17:25:15.9481129Z Updating files:  94% (13453/14311)
2026-10-02T17:25:16.0422349Z Updating files:  95% (13596/14311)
2026-10-02T17:25:16.1163400Z Updating files:  96% (13739/14311)
2026-10-02T17:25:16.2009519Z Updating files:  97% (13882/14311)
2026-10-02T17:25:16.2990347Z Updating files:  98% (14025/14311)
2026-10-02T17:25:16.3965123Z Updating files:  99% (14168/14311)
2026-10-02T17:25:16.3965698Z Updating files: 100% (14311/14311)
2026-10-02T17:25:16.3966101Z Updating files: 100% (14311/14311), done.
2026-10-02T17:25:17.0385925Z Downloading https://github.com/microsoft/vcpkg-tool/releases/download/2026-09-26/vcpkg.exe -> C:\Users\runneradmin\vcpkg\vcpkg.exe... done.
2026-10-02T17:25:17.1663266Z Validating signature... done.
2026-10-02T17:25:17.1785866Z 
2026-10-02T17:25:17.2888736Z vcpkg package management program version 2026-09-26-51bf87ca6e9bf3e622d84ff323bd202ab1ca0c0b
2026-10-02T17:25:17.2889742Z 
2026-10-02T17:25:17.2889916Z See LICENSE.txt for license information.
2026-10-02T17:25:17.3162973Z [+] vcpkg installed
2026-10-02T17:25:17.3260856Z 
2026-10-02T17:25:17.3270238Z [+] Prerequisites installed successfully!
2026-10-02T17:25:17.3274855Z 
2026-10-02T17:25:17.3282928Z   Installed:
2026-10-02T17:25:17.3291408Z     - LLVM-MinGW 20241217
2026-10-02T17:25:17.3299275Z     - vcpkg
2026-10-02T17:25:17.3307084Z   Skipped (already present):
2026-10-02T17:25:17.3315138Z     - system LLVM removal (not installed)
2026-10-02T17:25:17.3322686Z     - make (already installed)
2026-10-02T17:25:17.3330208Z     - ninja (already installed)
2026-10-02T17:25:17.3337964Z     - cmake (already installed)
2026-10-02T17:25:17.3341736Z 
2026-10-02T17:25:17.3386348Z [*] Fetching latest version...
2026-10-02T17:25:17.7041139Z [+] Found release: v0.0.83
2026-10-02T17:25:17.7114344Z [*] Downloading sindarin-0.0.83-windows-x64.zip...
2026-10-02T17:25:30.0376636Z [+] Download complete
2026-10-02T17:25:30.0396534Z [*] Extracting to C:\Users\runneradmin\.sn...
2026-10-02T17:25:32.3310734Z [*] Flattening nested directory structure...
2026-10-02T17:25:32.3382944Z [+] Extraction complete
2026-10-02T17:25:32.3458229Z [*] Configuring PATH...
2026-10-02T17:25:32.3470285Z [*] GitHub Actions detected, registering in GITHUB_PATH...
2026-10-02T17:25:32.3486600Z [+] Added C:\Users\runneradmin\.sn\bin to GITHUB_PATH
2026-10-02T17:25:32.3491690Z 
2026-10-02T17:25:32.3502512Z [+] Sindarin compiler installed successfully!
2026-10-02T17:25:32.3507885Z 
2026-10-02T17:25:32.3517340Z   Installed to: C:\Users\runneradmin\.sn
2026-10-02T17:25:32.3526503Z   Version:      v0.0.83
2026-10-02T17:25:32.3530852Z 
2026-10-02T17:25:32.3540780Z   ============================================
2026-10-02T17:25:32.3550252Z   IMPORTANT: Please restart your terminal
2026-10-02T17:25:32.3559838Z   for PATH changes to take effect.
2026-10-02T17:25:32.3568826Z   ============================================
2026-10-02T17:25:32.3573945Z 
2026-10-02T17:25:32.3584405Z   After restarting, you can compile Sindarin programs:
2026-10-02T17:25:32.3593963Z     sn myprogram.sn -o myprogram.exe
2026-10-02T17:25:32.3597837Z 
2026-10-02T17:25:32.4432439Z Installing dependencies from sn.yaml...
2026-10-02T17:25:32.8515724Z   sindarin-pkg-libs (main) ... [1;36mdone[0m
2026-10-02T17:25:32.8516171Z     running install script...
2026-10-02T17:25:33.3278634Z sindarin-pkg-libs - native library installer
2026-10-02T17:25:33.3288542Z ========================================
2026-10-02T17:25:33.3447281Z Detected: windows (x64)
2026-10-02T17:25:33.3458239Z Package version: v0.0.18
2026-10-02T17:25:33.3539624Z Downloading sindarin-pkg-libs v0.0.18 for windows-x64...
2026-10-02T17:25:46.9574192Z Extracting to D:\a\sindarin-compiler\sindarin-compiler\.sn\sindarin-pkg-libs\libs\windows...
2026-10-02T17:26:01.0923915Z Successfully installed sindarin-pkg-libs v0.0.18 to D:\a\sindarin-compiler\sindarin-compiler\.sn\sindarin-pkg-libs\libs\windows
2026-10-02T17:26:01.0973475Z 
2026-10-02T17:26:01.0986381Z Installation complete!
2026-10-02T17:26:01.1495821Z Pre-built libraries ready!
2026-10-02T17:26:01.1714164Z Run 'make build' to build the compiler.
2026-10-02T17:26:01.1951559Z ##[group]Run make build
2026-10-02T17:26:01.1951938Z [36;1mmake build[0m
2026-10-02T17:26:01.1970040Z shell: C:\Program Files\Git\bin\bash.EXE --noprofile --norc -e -o pipefail {0}
2026-10-02T17:26:01.1970490Z env:
2026-10-02T17:26:01.1970749Z   VCPKG_ROOT: C:/Users/runneradmin/vcpkg
2026-10-02T17:26:01.1971061Z ##[endgroup]
2026-10-02T17:26:01.3245320Z Building Sindarin compiler...
2026-10-02T17:26:01.3464350Z Platform: windows
2026-10-02T17:26:01.3683010Z Generator: Ninja
2026-10-02T17:26:01.3697287Z cmake -S . -B build -G "Ninja" \
2026-10-02T17:26:01.3697748Z 	-DCMAKE_BUILD_TYPE=Release \
2026-10-02T17:26:01.3698059Z 	-DCMAKE_C_COMPILER=clang
2026-10-02T17:26:02.5330687Z -- The C compiler identification is Clang 19.1.6
2026-10-02T17:26:02.8672320Z -- Detecting C compiler ABI info
2026-10-02T17:26:03.4134906Z -- Detecting C compiler ABI info - done
2026-10-02T17:26:03.4462758Z -- Check for working C compiler: C:/llvm-mingw/llvm-mingw-20241217-ucrt-x86_64/bin/clang.exe - skipped
2026-10-02T17:26:03.4476531Z -- Detecting C compile features
2026-10-02T17:26:03.4488168Z -- Detecting C compile features - done
2026-10-02T17:26:03.4915806Z -- Installing: D:/a/sindarin-compiler/sindarin-compiler/bin/sn.linux.cfg
2026-10-02T17:26:03.4920502Z -- Installing: D:/a/sindarin-compiler/sindarin-compiler/bin/sn.darwin.cfg
2026-10-02T17:26:03.4925426Z -- Installing: D:/a/sindarin-compiler/sindarin-compiler/bin/sn.windows.cfg
2026-10-02T17:26:03.4936669Z -- Installing: D:/a/sindarin-compiler/sindarin-compiler/bin/include/runtime/sn_arith.h
2026-10-02T17:26:03.4941061Z -- Installing: D:/a/sindarin-compiler/sindarin-compiler/bin/include/runtime/sn_array.h
2026-10-02T17:26:03.4946044Z -- Installing: D:/a/sindarin-compiler/sindarin-compiler/bin/include/runtime/sn_byte.h
2026-10-02T17:26:03.4950244Z -- Installing: D:/a/sindarin-compiler/sindarin-compiler/bin/include/runtime/sn_conv.h
2026-10-02T17:26:03.4955331Z -- Installing: D:/a/sindarin-compiler/sindarin-compiler/bin/include/runtime/sn_core.h
2026-10-02T17:26:03.4959695Z -- Installing: D:/a/sindarin-compiler/sindarin-compiler/bin/include/runtime/sn_minimal.h
2026-10-02T17:26:03.4963992Z -- Installing: D:/a/sindarin-compiler/sindarin-compiler/bin/include/runtime/sn_reflect.h
2026-10-02T17:26:03.4971152Z -- Installing: D:/a/sindarin-compiler/sindarin-compiler/bin/include/runtime/sn_serial.h
2026-10-02T17:26:03.4976514Z -- Installing: D:/a/sindarin-compiler/sindarin-compiler/bin/include/runtime/sn_string.h
2026-10-02T17:26:03.4980836Z -- Installing: D:/a/sindarin-compiler/sindarin-compiler/bin/include/runtime/sn_thread.h
2026-10-02T17:26:03.4985614Z -- Installing: D:/a/sindarin-compiler/sindarin-compiler/bin/include/minimal/sn_arith.h
2026-10-02T17:26:03.4990052Z -- Installing: D:/a/sindarin-compiler/sindarin-compiler/bin/include/minimal/sn_array.h
2026-10-02T17:26:03.4995174Z -- Installing: D:/a/sindarin-compiler/sindarin-compiler/bin/include/minimal/sn_byte.h
2026-10-02T17:26:03.4999363Z -- Installing: D:/a/sindarin-compiler/sindarin-compiler/bin/include/minimal/sn_conv.h
2026-10-02T17:26:03.5003862Z -- Installing: D:/a/sindarin-compiler/sindarin-compiler/bin/include/minimal/sn_core.h
2026-10-02T17:26:03.5008051Z -- Installing: D:/a/sindarin-compiler/sindarin-compiler/bin/include/minimal/sn_minimal.h
2026-10-02T17:26:03.5012303Z -- Installing: D:/a/sindarin-compiler/sindarin-compiler/bin/include/minimal/sn_reflect.h
2026-10-02T17:26:03.5019578Z -- Installing: D:/a/sindarin-compiler/sindarin-compiler/bin/include/minimal/sn_serial.h
2026-10-02T17:26:03.5024211Z -- Installing: D:/a/sindarin-compiler/sindarin-compiler/bin/include/minimal/sn_string.h
2026-10-02T17:26:03.5028840Z -- Installing: D:/a/sindarin-compiler/sindarin-compiler/bin/include/minimal/sn_thread.h
2026-10-02T17:26:03.5035811Z -- Installing: D:/a/sindarin-compiler/sindarin-compiler/bin/include/platform/compat_dirent.h
2026-10-02T17:26:03.5040970Z -- Installing: D:/a/sindarin-compiler/sindarin-compiler/bin/include/platform/compat_io.h
2026-10-02T17:26:03.5047852Z -- Installing: D:/a/sindarin-compiler/sindarin-compiler/bin/include/platform/compat_net.h
2026-10-02T17:26:03.5050531Z -- Installing: D:/a/sindarin-compiler/sindarin-compiler/bin/include/platform/compat_pthread.h
2026-10-02T17:26:03.5055408Z -- Installing: D:/a/sindarin-compiler/sindarin-compiler/bin/include/platform/compat_time.h
2026-10-02T17:26:03.5060973Z -- Installing: D:/a/sindarin-compiler/sindarin-compiler/bin/include/platform/compat_windows.h
2026-10-02T17:26:03.5068013Z -- Installing: D:/a/sindarin-compiler/sindarin-compiler/bin/include/platform/platform.h
2026-10-02T17:26:03.5229434Z -- Found libs submodule: D:/a/sindarin-compiler/sindarin-compiler/.sn/sindarin-pkg-libs/libs/windows
2026-10-02T17:26:03.5230383Z --   Copying zlib headers...
2026-10-02T17:26:03.5231077Z -- Installing: D:/a/sindarin-compiler/sindarin-compiler/bin/deps/include/zlib.h
2026-10-02T17:26:03.5238524Z -- Installing: D:/a/sindarin-compiler/sindarin-compiler/bin/deps/include/zconf.h
2026-10-02T17:26:03.5243651Z --   Copying yyjson headers...
2026-10-02T17:26:03.5245694Z -- Installing: D:/a/sindarin-compiler/sindarin-compiler/bin/deps/include/yyjson.h
2026-10-02T17:26:03.5255312Z --   Copying json-c headers...
2026-10-02T17:26:03.5256836Z -- Installing: D:/a/sindarin-compiler/sindarin-compiler/bin/deps/include/json-c
2026-10-02T17:26:03.5262073Z -- Installing: D:/a/sindarin-compiler/sindarin-compiler/bin/deps/include/json-c/arraylist.h
2026-10-02T17:26:03.5266925Z -- Installing: D:/a/sindarin-compiler/sindarin-compiler/bin/deps/include/json-c/debug.h
2026-10-02T17:26:03.5271901Z -- Installing: D:/a/sindarin-compiler/sindarin-compiler/bin/deps/include/json-c/json.h
2026-10-02T17:26:03.5276648Z -- Installing: D:/a/sindarin-compiler/sindarin-compiler/bin/deps/include/json-c/json_config.h
2026-10-02T17:26:03.5281181Z -- Installing: D:/a/sindarin-compiler/sindarin-compiler/bin/deps/include/json-c/json_c_version.h
2026-10-02T17:26:03.5286270Z -- Installing: D:/a/sindarin-compiler/sindarin-compiler/bin/deps/include/json-c/json_inttypes.h
2026-10-02T17:26:03.5290904Z -- Installing: D:/a/sindarin-compiler/sindarin-compiler/bin/deps/include/json-c/json_object.h
2026-10-02T17:26:03.5299460Z -- Installing: D:/a/sindarin-compiler/sindarin-compiler/bin/deps/include/json-c/json_object_iterator.h
2026-10-02T17:26:03.5304572Z -- Installing: D:/a/sindarin-compiler/sindarin-compiler/bin/deps/include/json-c/json_patch.h
2026-10-02T17:26:03.5309967Z -- Installing: D:/a/sindarin-compiler/sindarin-compiler/bin/deps/include/json-c/json_pointer.h
2026-10-02T17:26:03.5315046Z -- Installing: D:/a/sindarin-compiler/sindarin-compiler/bin/deps/include/json-c/json_tokener.h
2026-10-02T17:26:03.5320121Z -- Installing: D:/a/sindarin-compiler/sindarin-compiler/bin/deps/include/json-c/json_types.h
2026-10-02T17:26:03.5324942Z -- Installing: D:/a/sindarin-compiler/sindarin-compiler/bin/deps/include/json-c/json_util.h
2026-10-02T17:26:03.5330272Z -- Installing: D:/a/sindarin-compiler/sindarin-compiler/bin/deps/include/json-c/json_visit.h
2026-10-02T17:26:03.5334950Z -- Installing: D:/a/sindarin-compiler/sindarin-compiler/bin/deps/include/json-c/linkhash.h
2026-10-02T17:26:03.5340213Z -- Installing: D:/a/sindarin-compiler/sindarin-compiler/bin/deps/include/json-c/printbuf.h
2026-10-02T17:26:03.5344925Z --   Copying libxml2 headers...
2026-10-02T17:26:03.5346747Z -- Installing: D:/a/sindarin-compiler/sindarin-compiler/bin/deps/include/libxml
2026-10-02T17:26:03.5352748Z -- Installing: D:/a/sindarin-compiler/sindarin-compiler/bin/deps/include/libxml/c14n.h
2026-10-02T17:26:03.5357620Z -- Installing: D:/a/sindarin-compiler/sindarin-compiler/bin/deps/include/libxml/catalog.h
2026-10-02T17:26:03.5362645Z -- Installing: D:/a/sindarin-compiler/sindarin-compiler/bin/deps/include/libxml/chvalid.h
2026-10-02T17:26:03.5368991Z -- Installing: D:/a/sindarin-compiler/sindarin-compiler/bin/deps/include/libxml/debugXML.h
2026-10-02T17:26:03.5373891Z -- Installing: D:/a/sindarin-compiler/sindarin-compiler/bin/deps/include/libxml/dict.h
2026-10-02T17:26:03.5379485Z -- Installing: D:/a/sindarin-compiler/sindarin-compiler/bin/deps/include/libxml/encoding.h
2026-10-02T17:26:03.5384318Z -- Installing: D:/a/sindarin-compiler/sindarin-compiler/bin/deps/include/libxml/entities.h
2026-10-02T17:26:03.5392098Z -- Installing: D:/a/sindarin-compiler/sindarin-compiler/bin/deps/include/libxml/globals.h
2026-10-02T17:26:03.5396632Z -- Installing: D:/a/sindarin-compiler/sindarin-compiler/bin/deps/include/libxml/hash.h
2026-10-02T17:26:03.5401643Z -- Installing: D:/a/sindarin-compiler/sindarin-compiler/bin/deps/include/libxml/HTMLparser.h
2026-10-02T17:26:03.5407868Z -- Installing: D:/a/sindarin-compiler/sindarin-compiler/bin/deps/include/libxml/HTMLtree.h
2026-10-02T17:26:03.5412591Z -- Installing: D:/a/sindarin-compiler/sindarin-compiler/bin/deps/include/libxml/list.h
2026-10-02T17:26:03.5417480Z -- Installing: D:/a/sindarin-compiler/sindarin-compiler/bin/deps/include/libxml/nanoftp.h
2026-10-02T17:26:03.5422024Z -- Installing: D:/a/sindarin-compiler/sindarin-compiler/bin/deps/include/libxml/nanohttp.h
2026-10-02T17:26:03.5426909Z -- Installing: D:/a/sindarin-compiler/sindarin-compiler/bin/deps/include/libxml/parser.h
2026-10-02T17:26:03.5433257Z -- Installing: D:/a/sindarin-compiler/sindarin-compiler/bin/deps/include/libxml/parserInternals.h
2026-10-02T17:26:03.5438430Z -- Installing: D:/a/sindarin-compiler/sindarin-compiler/bin/deps/include/libxml/pattern.h
2026-10-02T17:26:03.5443235Z -- Installing: D:/a/sindarin-compiler/sindarin-compiler/bin/deps/include/libxml/relaxng.h
2026-10-02T17:26:03.5448742Z -- Installing: D:/a/sindarin-compiler/sindarin-compiler/bin/deps/include/libxml/SAX.h
2026-10-02T17:26:03.5453233Z -- Installing: D:/a/sindarin-compiler/sindarin-compiler/bin/deps/include/libxml/SAX2.h
2026-10-02T17:26:03.5458446Z -- Installing: D:/a/sindarin-compiler/sindarin-compiler/bin/deps/include/libxml/schemasInternals.h
2026-10-02T17:26:03.5463986Z -- Installing: D:/a/sindarin-compiler/sindarin-compiler/bin/deps/include/libxml/schematron.h
2026-10-02T17:26:03.5469744Z -- Installing: D:/a/sindarin-compiler/sindarin-compiler/bin/deps/include/libxml/threads.h
2026-10-02T17:26:03.5474394Z -- Installing: D:/a/sindarin-compiler/sindarin-compiler/bin/deps/include/libxml/tree.h
2026-10-02T17:26:03.5480103Z -- Installing: D:/a/sindarin-compiler/sindarin-compiler/bin/deps/include/libxml/uri.h
2026-10-02T17:26:03.5485222Z -- Installing: D:/a/sindarin-compiler/sindarin-compiler/bin/deps/include/libxml/valid.h
2026-10-02T17:26:03.5490656Z -- Installing: D:/a/sindarin-compiler/sindarin-compiler/bin/deps/include/libxml/xinclude.h
2026-10-02T17:26:03.5495250Z -- Installing: D:/a/sindarin-compiler/sindarin-compiler/bin/deps/include/libxml/xlink.h
2026-10-02T17:26:03.5500689Z -- Installing: D:/a/sindarin-compiler/sindarin-compiler/bin/deps/include/libxml/xmlautomata.h
2026-10-02T17:26:03.5505564Z -- Installing: D:/a/sindarin-compiler/sindarin-compiler/bin/deps/include/libxml/xmlerror.h
2026-10-02T17:26:03.5511861Z -- Installing: D:/a/sindarin-compiler/sindarin-compiler/bin/deps/include/libxml/xmlexports.h
2026-10-02T17:26:03.5516590Z -- Installing: D:/a/sindarin-compiler/sindarin-compiler/bin/deps/include/libxml/xmlIO.h
2026-10-02T17:26:03.5521784Z -- Installing: D:/a/sindarin-compiler/sindarin-compiler/bin/deps/include/libxml/xmlmemory.h
2026-10-02T17:26:03.5526916Z -- Installing: D:/a/sindarin-compiler/sindarin-compiler/bin/deps/include/libxml/xmlmodule.h
2026-10-02T17:26:03.5532137Z -- Installing: D:/a/sindarin-compiler/sindarin-compiler/bin/deps/include/libxml/xmlreader.h
2026-10-02T17:26:03.5537296Z -- Installing: D:/a/sindarin-compiler/sindarin-compiler/bin/deps/include/libxml/xmlregexp.h
2026-10-02T17:26:03.5542128Z -- Installing: D:/a/sindarin-compiler/sindarin-compiler/bin/deps/include/libxml/xmlsave.h
2026-10-02T17:26:03.5546967Z -- Installing: D:/a/sindarin-compiler/sindarin-compiler/bin/deps/include/libxml/xmlschemas.h
2026-10-02T17:26:03.5552144Z -- Installing: D:/a/sindarin-compiler/sindarin-compiler/bin/deps/include/libxml/xmlschemastypes.h
2026-10-02T17:26:03.5560858Z -- Installing: D:/a/sindarin-compiler/sindarin-compiler/bin/deps/include/libxml/xmlstring.h
2026-10-02T17:26:03.5565800Z -- Installing: D:/a/sindarin-compiler/sindarin-compiler/bin/deps/include/libxml/xmlunicode.h
2026-10-02T17:26:03.5570966Z -- Installing: D:/a/sindarin-compiler/sindarin-compiler/bin/deps/include/libxml/xmlversion.h
2026-10-02T17:26:03.5576040Z -- Installing: D:/a/sindarin-compiler/sindarin-compiler/bin/deps/include/libxml/xmlwriter.h
2026-10-02T17:26:03.5581360Z -- Installing: D:/a/sindarin-compiler/sindarin-compiler/bin/deps/include/libxml/xpath.h
2026-10-02T17:26:03.5586681Z -- Installing: D:/a/sindarin-compiler/sindarin-compiler/bin/deps/include/libxml/xpathInternals.h
2026-10-02T17:26:03.5592544Z -- Installing: D:/a/sindarin-compiler/sindarin-compiler/bin/deps/include/libxml/xpointer.h
2026-10-02T17:26:03.5596896Z --   Copying libyaml headers...
2026-10-02T17:26:03.5598602Z -- Installing: D:/a/sindarin-compiler/sindarin-compiler/bin/deps/include/yaml.h
2026-10-02T17:26:03.5604167Z --   Copying openssl headers...
2026-10-02T17:26:03.5605638Z -- Installing: D:/a/sindarin-compiler/sindarin-compiler/bin/deps/include/openssl
2026-10-02T17:26:03.5612618Z -- Installing: D:/a/sindarin-compiler/sindarin-compiler/bin/deps/include/openssl/aes.h
2026-10-02T17:26:03.5617590Z -- Installing: D:/a/sindarin-compiler/sindarin-compiler/bin/deps/include/openssl/asn1.h
2026-10-02T17:26:03.5623939Z -- Installing: D:/a/sindarin-compiler/sindarin-compiler/bin/deps/include/openssl/asn1err.h
2026-10-02T17:26:03.5644145Z -- Installing: D:/a/sindarin-compiler/sindarin-compiler/bin/deps/include/openssl/asn1t.h
2026-10-02T17:26:03.5645741Z -- Installing: D:/a/sindarin-compiler/sindarin-compiler/bin/deps/include/openssl/async.h
2026-10-02T17:26:03.5647057Z -- Installing: D:/a/sindarin-compiler/sindarin-compiler/bin/deps/include/openssl/asyncerr.h
2026-10-02T17:26:03.5648343Z -- Installing: D:/a/sindarin-compiler/sindarin-compiler/bin/deps/include/openssl/bio.h
2026-10-02T17:26:03.5652884Z -- Installing: D:/a/sindarin-compiler/sindarin-compiler/bin/deps/include/openssl/bioerr.h
2026-10-02T17:26:03.5658021Z -- Installing: D:/a/sindarin-compiler/sindarin-compiler/bin/deps/include/openssl/blowfish.h
2026-10-02T17:26:03.5662818Z -- Installing: D:/a/sindarin-compiler/sindarin-compiler/bin/deps/include/openssl/bn.h
2026-10-02T17:26:03.5668616Z -- Installing: D:/a/sindarin-compiler/sindarin-compiler/bin/deps/include/openssl/bnerr.h
2026-10-02T17:26:03.5673852Z -- Installing: D:/a/sindarin-compiler/sindarin-compiler/bin/deps/include/openssl/buffer.h
2026-10-02T17:26:03.5678833Z -- Installing: D:/a/sindarin-compiler/sindarin-compiler/bin/deps/include/openssl/buffererr.h
2026-10-02T17:26:03.5683304Z -- Installing: D:/a/sindarin-compiler/sindarin-compiler/bin/deps/include/openssl/byteorder.h
2026-10-02T17:26:03.5688853Z -- Installing: D:/a/sindarin-compiler/sindarin-compiler/bin/deps/include/openssl/camellia.h
2026-10-02T17:26:03.5693975Z -- Installing: D:/a/sindarin-compiler/sindarin-compiler/bin/deps/include/openssl/cast.h
2026-10-02T17:26:03.5698735Z -- Installing: D:/a/sindarin-compiler/sindarin-compiler/bin/deps/include/openssl/cmac.h
2026-10-02T17:26:03.5703586Z -- Installing: D:/a/sindarin-compiler/sindarin-compiler/bin/deps/include/openssl/cmp.h
2026-10-02T17:26:03.5709816Z -- Installing: D:/a/sindarin-compiler/sindarin-compiler/bin/deps/include/openssl/cmperr.h
2026-10-02T17:26:03.5715193Z -- Installing: D:/a/sindarin-compiler/sindarin-compiler/bin/deps/include/openssl/cmp_util.h
2026-10-02T17:26:03.5720328Z -- Installing: D:/a/sindarin-compiler/sindarin-compiler/bin/deps/include/openssl/cms.h
2026-10-02T17:26:03.5726332Z -- Installing: D:/a/sindarin-compiler/sindarin-compiler/bin/deps/include/openssl/cmserr.h
2026-10-02T17:26:03.5731463Z -- Installing: D:/a/sindarin-compiler/sindarin-compiler/bin/deps/include/openssl/comp.h
2026-10-02T17:26:03.5736797Z -- Installing: D:/a/sindarin-compiler/sindarin-compiler/bin/deps/include/openssl/comperr.h
2026-10-02T17:26:03.5742123Z -- Installing: D:/a/sindarin-compiler/sindarin-compiler/bin/deps/include/openssl/conf.h
2026-10-02T17:26:03.5747671Z -- Installing: D:/a/sindarin-compiler/sindarin-compiler/bin/deps/include/openssl/conferr.h
2026-10-02T17:26:03.5752438Z -- Installing: D:/a/sindarin-compiler/sindarin-compiler/bin/deps/include/openssl/configuration.h
2026-10-02T17:26:03.5757387Z -- Installing: D:/a/sindarin-compiler/sindarin-compiler/bin/deps/include/openssl/conftypes.h
2026-10-02T17:26:03.5762094Z -- Installing: D:/a/sindarin-compiler/sindarin-compiler/bin/deps/include/openssl/conf_api.h
2026-10-02T17:26:03.5767209Z -- Installing: D:/a/sindarin-compiler/sindarin-compiler/bin/deps/include/openssl/core.h
2026-10-02T17:26:03.5772519Z -- Installing: D:/a/sindarin-compiler/sindarin-compiler/bin/deps/include/openssl/core_dispatch.h
2026-10-02T17:26:03.5778353Z -- Installing: D:/a/sindarin-compiler/sindarin-compiler/bin/deps/include/openssl/core_names.h
2026-10-02T17:26:03.5784498Z -- Installing: D:/a/sindarin-compiler/sindarin-compiler/bin/deps/include/openssl/core_object.h
2026-10-02T17:26:03.5789111Z -- Installing: D:/a/sindarin-compiler/sindarin-compiler/bin/deps/include/openssl/crmf.h
2026-10-02T17:26:03.5794472Z -- Installing: D:/a/sindarin-compiler/sindarin-compiler/bin/deps/include/openssl/crmferr.h
2026-10-02T17:26:03.5799228Z -- Installing: D:/a/sindarin-compiler/sindarin-compiler/bin/deps/include/openssl/crypto.h
2026-10-02T17:26:03.5805699Z -- Installing: D:/a/sindarin-compiler/sindarin-compiler/bin/deps/include/openssl/cryptoerr.h
2026-10-02T17:26:03.5810276Z -- Installing: D:/a/sindarin-compiler/sindarin-compiler/bin/deps/include/openssl/cryptoerr_legacy.h
2026-10-02T17:26:03.5816074Z -- Installing: D:/a/sindarin-compiler/sindarin-compiler/bin/deps/include/openssl/ct.h
2026-10-02T17:26:03.5821591Z -- Installing: D:/a/sindarin-compiler/sindarin-compiler/bin/deps/include/openssl/cterr.h
2026-10-02T17:26:03.5833764Z -- Installing: D:/a/sindarin-compiler/sindarin-compiler/bin/deps/include/openssl/decoder.h
2026-10-02T17:26:03.5839240Z -- Installing: D:/a/sindarin-compiler/sindarin-compiler/bin/deps/include/openssl/decodererr.h
2026-10-02T17:26:03.5843917Z -- Installing: D:/a/sindarin-compiler/sindarin-compiler/bin/deps/include/openssl/des.h
2026-10-02T17:26:03.5849905Z -- Installing: D:/a/sindarin-compiler/sindarin-compiler/bin/deps/include/openssl/dh.h
2026-10-02T17:26:03.5856097Z -- Installing: D:/a/sindarin-compiler/sindarin-compiler/bin/deps/include/openssl/dherr.h
2026-10-02T17:26:03.5860906Z -- Installing: D:/a/sindarin-compiler/sindarin-compiler/bin/deps/include/openssl/dsa.h
2026-10-02T17:26:03.5866023Z -- Installing: D:/a/sindarin-compiler/sindarin-compiler/bin/deps/include/openssl/dsaerr.h
2026-10-02T17:26:03.5871095Z -- Installing: D:/a/sindarin-compiler/sindarin-compiler/bin/deps/include/openssl/dtls1.h
2026-10-02T17:26:03.5876549Z -- Installing: D:/a/sindarin-compiler/sindarin-compiler/bin/deps/include/openssl/ebcdic.h
2026-10-02T17:26:03.5881646Z -- Installing: D:/a/sindarin-compiler/sindarin-compiler/bin/deps/include/openssl/ec.h
2026-10-02T17:26:03.5887734Z -- Installing: D:/a/sindarin-compiler/sindarin-compiler/bin/deps/include/openssl/ecdh.h
2026-10-02T17:26:03.5892339Z -- Installing: D:/a/sindarin-compiler/sindarin-compiler/bin/deps/include/openssl/ecdsa.h
2026-10-02T17:26:03.5897528Z -- Installing: D:/a/sindarin-compiler/sindarin-compiler/bin/deps/include/openssl/ecerr.h
2026-10-02T17:26:03.5907687Z -- Installing: D:/a/sindarin-compiler/sindarin-compiler/bin/deps/include/openssl/encoder.h
2026-10-02T17:26:03.5925572Z -- Installing: D:/a/sindarin-compiler/sindarin-compiler/bin/deps/include/openssl/encodererr.h
2026-10-02T17:26:03.5962430Z -- Installing: D:/a/sindarin-compiler/sindarin-compiler/bin/deps/include/openssl/engine.h
2026-10-02T17:26:03.5992649Z -- Installing: D:/a/sindarin-compiler/sindarin-compiler/bin/deps/include/openssl/engineerr.h
2026-10-02T17:26:03.5998833Z -- Installing: D:/a/sindarin-compiler/sindarin-compiler/bin/deps/include/openssl/err.h
2026-10-02T17:26:03.6006281Z -- Installing: D:/a/sindarin-compiler/sindarin-compiler/bin/deps/include/openssl/ess.h
2026-10-02T17:26:03.6012056Z -- Installing: D:/a/sindarin-compiler/sindarin-compiler/bin/deps/include/openssl/esserr.h
2026-10-02T17:26:03.6267597Z -- Installing: D:/a/sindarin-compiler/sindarin-compiler/bin/deps/include/openssl/evp.h
2026-10-02T17:26:03.6275650Z -- Installing: D:/a/sindarin-compiler/sindarin-compiler/bin/deps/include/openssl/evperr.h
2026-10-02T17:26:03.6281133Z -- Installing: D:/a/sindarin-compiler/sindarin-compiler/bin/deps/include/openssl/e_os2.h
2026-10-02T17:26:03.6286547Z -- Installing: D:/a/sindarin-compiler/sindarin-compiler/bin/deps/include/openssl/e_ostime.h
2026-10-02T17:26:03.6291429Z -- Installing: D:/a/sindarin-compiler/sindarin-compiler/bin/deps/include/openssl/fipskey.h
2026-10-02T17:26:03.6296244Z -- Installing: D:/a/sindarin-compiler/sindarin-compiler/bin/deps/include/openssl/fips_names.h
2026-10-02T17:26:03.6301241Z -- Installing: D:/a/sindarin-compiler/sindarin-compiler/bin/deps/include/openssl/hmac.h
2026-10-02T17:26:03.6306203Z -- Installing: D:/a/sindarin-compiler/sindarin-compiler/bin/deps/include/openssl/hpke.h
2026-10-02T17:26:03.6311213Z -- Installing: D:/a/sindarin-compiler/sindarin-compiler/bin/deps/include/openssl/http.h
2026-10-02T17:26:03.6316284Z -- Installing: D:/a/sindarin-compiler/sindarin-compiler/bin/deps/include/openssl/httperr.h
2026-10-02T17:26:03.6321264Z -- Installing: D:/a/sindarin-compiler/sindarin-compiler/bin/deps/include/openssl/idea.h
2026-10-02T17:26:03.6326564Z -- Installing: D:/a/sindarin-compiler/sindarin-compiler/bin/deps/include/openssl/indicator.h
2026-10-02T17:26:03.6331171Z -- Installing: D:/a/sindarin-compiler/sindarin-compiler/bin/deps/include/openssl/kdf.h
2026-10-02T17:26:03.6336175Z -- Installing: D:/a/sindarin-compiler/sindarin-compiler/bin/deps/include/openssl/kdferr.h
2026-10-02T17:26:03.6341375Z -- Installing: D:/a/sindarin-compiler/sindarin-compiler/bin/deps/include/openssl/lhash.h
2026-10-02T17:26:03.6350220Z -- Installing: D:/a/sindarin-compiler/sindarin-compiler/bin/deps/include/openssl/macros.h
2026-10-02T17:26:03.6355670Z -- Installing: D:/a/sindarin-compiler/sindarin-compiler/bin/deps/include/openssl/md2.h
2026-10-02T17:26:03.6362153Z -- Installing: D:/a/sindarin-compiler/sindarin-compiler/bin/deps/include/openssl/md4.h
2026-10-02T17:26:03.6367249Z -- Installing: D:/a/sindarin-compiler/sindarin-compiler/bin/deps/include/openssl/md5.h
2026-10-02T17:26:03.6372343Z -- Installing: D:/a/sindarin-compiler/sindarin-compiler/bin/deps/include/openssl/mdc2.h
2026-10-02T17:26:03.6377309Z -- Installing: D:/a/sindarin-compiler/sindarin-compiler/bin/deps/include/openssl/ml_kem.h
2026-10-02T17:26:03.6385036Z -- Installing: D:/a/sindarin-compiler/sindarin-compiler/bin/deps/include/openssl/modes.h
2026-10-02T17:26:03.6390473Z -- Installing: D:/a/sindarin-compiler/sindarin-compiler/bin/deps/include/openssl/objects.h
2026-10-02T17:26:03.6395716Z -- Installing: D:/a/sindarin-compiler/sindarin-compiler/bin/deps/include/openssl/objectserr.h
2026-10-02T17:26:03.6400747Z -- Installing: D:/a/sindarin-compiler/sindarin-compiler/bin/deps/include/openssl/obj_mac.h
2026-10-02T17:26:03.6410872Z -- Installing: D:/a/sindarin-compiler/sindarin-compiler/bin/deps/include/openssl/ocsp.h
2026-10-02T17:26:03.6416473Z -- Installing: D:/a/sindarin-compiler/sindarin-compiler/bin/deps/include/openssl/ocsperr.h
2026-10-02T17:26:03.6421689Z -- Installing: D:/a/sindarin-compiler/sindarin-compiler/bin/deps/include/openssl/opensslconf.h
2026-10-02T17:26:03.6426799Z -- Installing: D:/a/sindarin-compiler/sindarin-compiler/bin/deps/include/openssl/opensslv.h
2026-10-02T17:26:03.6431657Z -- Installing: D:/a/sindarin-compiler/sindarin-compiler/bin/deps/include/openssl/ossl_typ.h
2026-10-02T17:26:03.6436594Z -- Installing: D:/a/sindarin-compiler/sindarin-compiler/bin/deps/include/openssl/params.h
2026-10-02T17:26:03.6442185Z -- Installing: D:/a/sindarin-compiler/sindarin-compiler/bin/deps/include/openssl/param_build.h
2026-10-02T17:26:03.6448016Z -- Installing: D:/a/sindarin-compiler/sindarin-compiler/bin/deps/include/openssl/pem.h
2026-10-02T17:26:03.6453096Z -- Installing: D:/a/sindarin-compiler/sindarin-compiler/bin/deps/include/openssl/pem2.h
2026-10-02T17:26:03.6457726Z -- Installing: D:/a/sindarin-compiler/sindarin-compiler/bin/deps/include/openssl/pemerr.h
2026-10-02T17:26:03.6462792Z -- Installing: D:/a/sindarin-compiler/sindarin-compiler/bin/deps/include/openssl/pkcs12.h
2026-10-02T17:26:03.6468648Z -- Installing: D:/a/sindarin-compiler/sindarin-compiler/bin/deps/include/openssl/pkcs12err.h
2026-10-02T17:26:03.6473459Z -- Installing: D:/a/sindarin-compiler/sindarin-compiler/bin/deps/include/openssl/pkcs7.h
2026-10-02T17:26:03.6479486Z -- Installing: D:/a/sindarin-compiler/sindarin-compiler/bin/deps/include/openssl/pkcs7err.h
2026-10-02T17:26:03.6484433Z -- Installing: D:/a/sindarin-compiler/sindarin-compiler/bin/deps/include/openssl/proverr.h
2026-10-02T17:26:03.6491796Z -- Installing: D:/a/sindarin-compiler/sindarin-compiler/bin/deps/include/openssl/provider.h
2026-10-02T17:26:03.6496529Z -- Installing: D:/a/sindarin-compiler/sindarin-compiler/bin/deps/include/openssl/prov_ssl.h
2026-10-02T17:26:03.6501542Z -- Installing: D:/a/sindarin-compiler/sindarin-compiler/bin/deps/include/openssl/quic.h
2026-10-02T17:26:03.6506552Z -- Installing: D:/a/sindarin-compiler/sindarin-compiler/bin/deps/include/openssl/rand.h
2026-10-02T17:26:03.6511462Z -- Installing: D:/a/sindarin-compiler/sindarin-compiler/bin/deps/include/openssl/randerr.h
2026-10-02T17:26:03.6516940Z -- Installing: D:/a/sindarin-compiler/sindarin-compiler/bin/deps/include/openssl/rc2.h
2026-10-02T17:26:03.6523152Z -- Installing: D:/a/sindarin-compiler/sindarin-compiler/bin/deps/include/openssl/rc4.h
2026-10-02T17:26:03.6528250Z -- Installing: D:/a/sindarin-compiler/sindarin-compiler/bin/deps/include/openssl/rc5.h
2026-10-02T17:26:03.6533343Z -- Installing: D:/a/sindarin-compiler/sindarin-compiler/bin/deps/include/openssl/ripemd.h
2026-10-02T17:26:03.6538465Z -- Installing: D:/a/sindarin-compiler/sindarin-compiler/bin/deps/include/openssl/rsa.h
2026-10-02T17:26:03.6544336Z -- Installing: D:/a/sindarin-compiler/sindarin-compiler/bin/deps/include/openssl/rsaerr.h
2026-10-02T17:26:03.6549119Z -- Installing: D:/a/sindarin-compiler/sindarin-compiler/bin/deps/include/openssl/safestack.h
2026-10-02T17:26:03.6554643Z -- Installing: D:/a/sindarin-compiler/sindarin-compiler/bin/deps/include/openssl/seed.h
2026-10-02T17:26:03.6559849Z -- Installing: D:/a/sindarin-compiler/sindarin-compiler/bin/deps/include/openssl/self_test.h
2026-10-02T17:26:03.6565236Z -- Installing: D:/a/sindarin-compiler/sindarin-compiler/bin/deps/include/openssl/sha.h
2026-10-02T17:26:03.6570307Z -- Installing: D:/a/sindarin-compiler/sindarin-compiler/bin/deps/include/openssl/srp.h
2026-10-02T17:26:03.6575510Z -- Installing: D:/a/sindarin-compiler/sindarin-compiler/bin/deps/include/openssl/srtp.h
2026-10-02T17:26:03.6580563Z -- Installing: D:/a/sindarin-compiler/sindarin-compiler/bin/deps/include/openssl/ssl.h
2026-10-02T17:26:03.6587859Z -- Installing: D:/a/sindarin-compiler/sindarin-compiler/bin/deps/include/openssl/ssl2.h
2026-10-02T17:26:03.6592466Z -- Installing: D:/a/sindarin-compiler/sindarin-compiler/bin/deps/include/openssl/ssl3.h
2026-10-02T17:26:03.6598736Z -- Installing: D:/a/sindarin-compiler/sindarin-compiler/bin/deps/include/openssl/sslerr.h
2026-10-02T17:26:03.6607816Z -- Installing: D:/a/sindarin-compiler/sindarin-compiler/bin/deps/include/openssl/sslerr_legacy.h
2026-10-02T17:26:03.6613275Z -- Installing: D:/a/sindarin-compiler/sindarin-compiler/bin/deps/include/openssl/stack.h
2026-10-02T17:26:03.6618942Z -- Installing: D:/a/sindarin-compiler/sindarin-compiler/bin/deps/include/openssl/store.h
2026-10-02T17:26:03.6624346Z -- Installing: D:/a/sindarin-compiler/sindarin-compiler/bin/deps/include/openssl/storeerr.h
2026-10-02T17:26:03.6629611Z -- Installing: D:/a/sindarin-compiler/sindarin-compiler/bin/deps/include/openssl/symhacks.h
2026-10-02T17:26:03.6634561Z -- Installing: D:/a/sindarin-compiler/sindarin-compiler/bin/deps/include/openssl/thread.h
2026-10-02T17:26:03.6639789Z -- Installing: D:/a/sindarin-compiler/sindarin-compiler/bin/deps/include/openssl/tls1.h
2026-10-02T17:26:03.6646586Z -- Installing: D:/a/sindarin-compiler/sindarin-compiler/bin/deps/include/openssl/trace.h
2026-10-02T17:26:03.6651747Z -- Installing: D:/a/sindarin-compiler/sindarin-compiler/bin/deps/include/openssl/ts.h
2026-10-02T17:26:03.6657477Z -- Installing: D:/a/sindarin-compiler/sindarin-compiler/bin/deps/include/openssl/tserr.h
2026-10-02T17:26:03.6662336Z -- Installing: D:/a/sindarin-compiler/sindarin-compiler/bin/deps/include/openssl/txt_db.h
2026-10-02T17:26:03.6672210Z -- Installing: D:/a/sindarin-compiler/sindarin-compiler/bin/deps/include/openssl/types.h
2026-10-02T17:26:03.6678799Z -- Installing: D:/a/sindarin-compiler/sindarin-compiler/bin/deps/include/openssl/ui.h
2026-10-02T17:26:03.6684253Z -- Installing: D:/a/sindarin-compiler/sindarin-compiler/bin/deps/include/openssl/uierr.h
2026-10-02T17:26:03.6689095Z -- Installing: D:/a/sindarin-compiler/sindarin-compiler/bin/deps/include/openssl/whrlpool.h
2026-10-02T17:26:03.6694211Z -- Installing: D:/a/sindarin-compiler/sindarin-compiler/bin/deps/include/openssl/x509.h
2026-10-02T17:26:03.6700764Z -- Installing: D:/a/sindarin-compiler/sindarin-compiler/bin/deps/include/openssl/x509err.h
2026-10-02T17:26:03.6705556Z -- Installing: D:/a/sindarin-compiler/sindarin-compiler/bin/deps/include/openssl/x509v3.h
2026-10-02T17:26:03.6712701Z -- Installing: D:/a/sindarin-compiler/sindarin-compiler/bin/deps/include/openssl/x509v3err.h
2026-10-02T17:26:03.6718452Z -- Installing: D:/a/sindarin-compiler/sindarin-compiler/bin/deps/include/openssl/x509_acert.h
2026-10-02T17:26:03.6725454Z -- Installing: D:/a/sindarin-compiler/sindarin-compiler/bin/deps/include/openssl/x509_vfy.h
2026-10-02T17:26:03.6735251Z --   Copying libssh headers...
2026-10-02T17:26:03.6736619Z -- Installing: D:/a/sindarin-compiler/sindarin-compiler/bin/deps/include/libssh
2026-10-02T17:26:03.6743834Z -- Installing: D:/a/sindarin-compiler/sindarin-compiler/bin/deps/include/libssh/callbacks.h
2026-10-02T17:26:03.6749628Z -- Installing: D:/a/sindarin-compiler/sindarin-compiler/bin/deps/include/libssh/legacy.h
2026-10-02T17:26:03.6754316Z -- Installing: D:/a/sindarin-compiler/sindarin-compiler/bin/deps/include/libssh/libssh.h
2026-10-02T17:26:03.6760115Z -- Installing: D:/a/sindarin-compiler/sindarin-compiler/bin/deps/include/libssh/libsshpp.hpp
2026-10-02T17:26:03.6765160Z -- Installing: D:/a/sindarin-compiler/sindarin-compiler/bin/deps/include/libssh/libssh_version.h
2026-10-02T17:26:03.6769556Z -- Installing: D:/a/sindarin-compiler/sindarin-compiler/bin/deps/include/libssh/server.h
2026-10-02T17:26:03.6774196Z -- Installing: D:/a/sindarin-compiler/sindarin-compiler/bin/deps/include/libssh/sftp.h
2026-10-02T17:26:03.6782314Z -- Installing: D:/a/sindarin-compiler/sindarin-compiler/bin/deps/include/libssh/sftpserver.h
2026-10-02T17:26:03.6786615Z -- Installing: D:/a/sindarin-compiler/sindarin-compiler/bin/deps/include/libssh/ssh2.h
2026-10-02T17:26:03.6790706Z --   Copying libgit2 headers...
2026-10-02T17:26:03.6791899Z -- Installing: D:/a/sindarin-compiler/sindarin-compiler/bin/deps/include/git2.h
2026-10-02T17:26:03.6797238Z -- Installing: D:/a/sindarin-compiler/sindarin-compiler/bin/deps/include/git2
2026-10-02T17:26:03.6802634Z -- Installing: D:/a/sindarin-compiler/sindarin-compiler/bin/deps/include/git2/annotated_commit.h
2026-10-02T17:26:03.6807404Z -- Installing: D:/a/sindarin-compiler/sindarin-compiler/bin/deps/include/git2/apply.h
2026-10-02T17:26:03.6812202Z -- Installing: D:/a/sindarin-compiler/sindarin-compiler/bin/deps/include/git2/attr.h
2026-10-02T17:26:03.6817452Z -- Installing: D:/a/sindarin-compiler/sindarin-compiler/bin/deps/include/git2/blame.h
2026-10-02T17:26:03.6822193Z -- Installing: D:/a/sindarin-compiler/sindarin-compiler/bin/deps/include/git2/blob.h
2026-10-02T17:26:03.6826948Z -- Installing: D:/a/sindarin-compiler/sindarin-compiler/bin/deps/include/git2/branch.h
2026-10-02T17:26:03.6832438Z -- Installing: D:/a/sindarin-compiler/sindarin-compiler/bin/deps/include/git2/buffer.h
2026-10-02T17:26:03.6839562Z -- Installing: D:/a/sindarin-compiler/sindarin-compiler/bin/deps/include/git2/cert.h
2026-10-02T17:26:03.6844223Z -- Installing: D:/a/sindarin-compiler/sindarin-compiler/bin/deps/include/git2/checkout.h
2026-10-02T17:26:03.6849152Z -- Installing: D:/a/sindarin-compiler/sindarin-compiler/bin/deps/include/git2/cherrypick.h
2026-10-02T17:26:03.6853963Z -- Installing: D:/a/sindarin-compiler/sindarin-compiler/bin/deps/include/git2/clone.h
2026-10-02T17:26:03.6858640Z -- Installing: D:/a/sindarin-compiler/sindarin-compiler/bin/deps/include/git2/commit.h
2026-10-02T17:26:03.6863947Z -- Installing: D:/a/sindarin-compiler/sindarin-compiler/bin/deps/include/git2/common.h
2026-10-02T17:26:03.6869012Z -- Installing: D:/a/sindarin-compiler/sindarin-compiler/bin/deps/include/git2/config.h
2026-10-02T17:26:03.6875031Z -- Installing: D:/a/sindarin-compiler/sindarin-compiler/bin/deps/include/git2/credential.h
2026-10-02T17:26:03.6879819Z -- Installing: D:/a/sindarin-compiler/sindarin-compiler/bin/deps/include/git2/credential_helpers.h
2026-10-02T17:26:03.6884322Z -- Installing: D:/a/sindarin-compiler/sindarin-compiler/bin/deps/include/git2/cred_helpers.h
2026-10-02T17:26:03.6888467Z -- Installing: D:/a/sindarin-compiler/sindarin-compiler/bin/deps/include/git2/deprecated.h
2026-10-02T17:26:03.6894238Z -- Installing: D:/a/sindarin-compiler/sindarin-compiler/bin/deps/include/git2/describe.h
2026-10-02T17:26:03.6898936Z -- Installing: D:/a/sindarin-compiler/sindarin-compiler/bin/deps/include/git2/diff.h
2026-10-02T17:26:03.6904543Z -- Installing: D:/a/sindarin-compiler/sindarin-compiler/bin/deps/include/git2/email.h
2026-10-02T17:26:03.6908979Z -- Installing: D:/a/sindarin-compiler/sindarin-compiler/bin/deps/include/git2/errors.h
2026-10-02T17:26:03.6913807Z -- Installing: D:/a/sindarin-compiler/sindarin-compiler/bin/deps/include/git2/experimental.h
2026-10-02T17:26:03.6918330Z -- Installing: D:/a/sindarin-compiler/sindarin-compiler/bin/deps/include/git2/filter.h
2026-10-02T17:26:03.6923047Z -- Installing: D:/a/sindarin-compiler/sindarin-compiler/bin/deps/include/git2/global.h
2026-10-02T17:26:03.6927381Z -- Installing: D:/a/sindarin-compiler/sindarin-compiler/bin/deps/include/git2/graph.h
2026-10-02T17:26:03.6932498Z -- Installing: D:/a/sindarin-compiler/sindarin-compiler/bin/deps/include/git2/ignore.h
2026-10-02T17:26:03.6937030Z -- Installing: D:/a/sindarin-compiler/sindarin-compiler/bin/deps/include/git2/index.h
2026-10-02T17:26:03.6942151Z -- Installing: D:/a/sindarin-compiler/sindarin-compiler/bin/deps/include/git2/indexer.h
2026-10-02T17:26:03.6946764Z -- Installing: D:/a/sindarin-compiler/sindarin-compiler/bin/deps/include/git2/mailmap.h
2026-10-02T17:26:03.6952190Z -- Installing: D:/a/sindarin-compiler/sindarin-compiler/bin/deps/include/git2/merge.h
2026-10-02T17:26:03.6957625Z -- Installing: D:/a/sindarin-compiler/sindarin-compiler/bin/deps/include/git2/message.h
2026-10-02T17:26:03.6962031Z -- Installing: D:/a/sindarin-compiler/sindarin-compiler/bin/deps/include/git2/net.h
2026-10-02T17:26:03.6966370Z -- Installing: D:/a/sindarin-compiler/sindarin-compiler/bin/deps/include/git2/notes.h
2026-10-02T17:26:03.6971353Z -- Installing: D:/a/sindarin-compiler/sindarin-compiler/bin/deps/include/git2/object.h
2026-10-02T17:26:03.6976925Z -- Installing: D:/a/sindarin-compiler/sindarin-compiler/bin/deps/include/git2/odb.h
2026-10-02T17:26:03.6982009Z -- Installing: D:/a/sindarin-compiler/sindarin-compiler/bin/deps/include/git2/odb_backend.h
2026-10-02T17:26:03.6986667Z -- Installing: D:/a/sindarin-compiler/sindarin-compiler/bin/deps/include/git2/oid.h
2026-10-02T17:26:03.6991480Z -- Installing: D:/a/sindarin-compiler/sindarin-compiler/bin/deps/include/git2/oidarray.h
2026-10-02T17:26:03.6998896Z -- Installing: D:/a/sindarin-compiler/sindarin-compiler/bin/deps/include/git2/pack.h
2026-10-02T17:26:03.7003947Z -- Installing: D:/a/sindarin-compiler/sindarin-compiler/bin/deps/include/git2/patch.h
2026-10-02T17:26:03.7008345Z -- Installing: D:/a/sindarin-compiler/sindarin-compiler/bin/deps/include/git2/pathspec.h
2026-10-02T17:26:03.7013572Z -- Installing: D:/a/sindarin-compiler/sindarin-compiler/bin/deps/include/git2/proxy.h
2026-10-02T17:26:03.7017888Z -- Installing: D:/a/sindarin-compiler/sindarin-compiler/bin/deps/include/git2/rebase.h
2026-10-02T17:26:03.7022568Z -- Installing: D:/a/sindarin-compiler/sindarin-compiler/bin/deps/include/git2/refdb.h
2026-10-02T17:26:03.7026915Z -- Installing: D:/a/sindarin-compiler/sindarin-compiler/bin/deps/include/git2/reflog.h
2026-10-02T17:26:03.7032064Z -- Installing: D:/a/sindarin-compiler/sindarin-compiler/bin/deps/include/git2/refs.h
2026-10-02T17:26:03.7037716Z -- Installing: D:/a/sindarin-compiler/sindarin-compiler/bin/deps/include/git2/refspec.h
2026-10-02T17:26:03.7042084Z -- Installing: D:/a/sindarin-compiler/sindarin-compiler/bin/deps/include/git2/remote.h
2026-10-02T17:26:03.7047506Z -- Installing: D:/a/sindarin-compiler/sindarin-compiler/bin/deps/include/git2/repository.h
2026-10-02T17:26:03.7052898Z -- Installing: D:/a/sindarin-compiler/sindarin-compiler/bin/deps/include/git2/reset.h
2026-10-02T17:26:03.7057517Z -- Installing: D:/a/sindarin-compiler/sindarin-compiler/bin/deps/include/git2/revert.h
2026-10-02T17:26:03.7062373Z -- Installing: D:/a/sindarin-compiler/sindarin-compiler/bin/deps/include/git2/revparse.h
2026-10-02T17:26:03.7066826Z -- Installing: D:/a/sindarin-compiler/sindarin-compiler/bin/deps/include/git2/revwalk.h
2026-10-02T17:26:03.7071762Z -- Installing: D:/a/sindarin-compiler/sindarin-compiler/bin/deps/include/git2/signature.h
2026-10-02T17:26:03.7076381Z -- Installing: D:/a/sindarin-compiler/sindarin-compiler/bin/deps/include/git2/stash.h
2026-10-02T17:26:03.7081672Z -- Installing: D:/a/sindarin-compiler/sindarin-compiler/bin/deps/include/git2/status.h
2026-10-02T17:26:03.7086384Z -- Installing: D:/a/sindarin-compiler/sindarin-compiler/bin/deps/include/git2/stdint.h
2026-10-02T17:26:03.7091058Z -- Installing: D:/a/sindarin-compiler/sindarin-compiler/bin/deps/include/git2/strarray.h
2026-10-02T17:26:03.7097765Z -- Installing: D:/a/sindarin-compiler/sindarin-compiler/bin/deps/include/git2/submodule.h
2026-10-02T17:26:03.7103395Z -- Installing: D:/a/sindarin-compiler/sindarin-compiler/bin/deps/include/git2/sys
2026-10-02T17:26:03.7108978Z -- Installing: D:/a/sindarin-compiler/sindarin-compiler/bin/deps/include/git2/sys/alloc.h
2026-10-02T17:26:03.7113412Z -- Installing: D:/a/sindarin-compiler/sindarin-compiler/bin/deps/include/git2/sys/commit.h
2026-10-02T17:26:03.7118162Z -- Installing: D:/a/sindarin-compiler/sindarin-compiler/bin/deps/include/git2/sys/commit_graph.h
2026-10-02T17:26:03.7123523Z -- Installing: D:/a/sindarin-compiler/sindarin-compiler/bin/deps/include/git2/sys/config.h
2026-10-02T17:26:03.7128235Z -- Installing: D:/a/sindarin-compiler/sindarin-compiler/bin/deps/include/git2/sys/cred.h
2026-10-02T17:26:03.7132424Z -- Installing: D:/a/sindarin-compiler/sindarin-compiler/bin/deps/include/git2/sys/credential.h
2026-10-02T17:26:03.7136722Z -- Installing: D:/a/sindarin-compiler/sindarin-compiler/bin/deps/include/git2/sys/diff.h
2026-10-02T17:26:03.7143945Z -- Installing: D:/a/sindarin-compiler/sindarin-compiler/bin/deps/include/git2/sys/email.h
2026-10-02T17:26:03.7148588Z -- Installing: D:/a/sindarin-compiler/sindarin-compiler/bin/deps/include/git2/sys/errors.h
2026-10-02T17:26:03.7153570Z -- Installing: D:/a/sindarin-compiler/sindarin-compiler/bin/deps/include/git2/sys/filter.h
2026-10-02T17:26:03.7158268Z -- Installing: D:/a/sindarin-compiler/sindarin-compiler/bin/deps/include/git2/sys/hashsig.h
2026-10-02T17:26:03.7162552Z -- Installing: D:/a/sindarin-compiler/sindarin-compiler/bin/deps/include/git2/sys/index.h
2026-10-02T17:26:03.7167228Z -- Installing: D:/a/sindarin-compiler/sindarin-compiler/bin/deps/include/git2/sys/mempack.h
2026-10-02T17:26:03.7172479Z -- Installing: D:/a/sindarin-compiler/sindarin-compiler/bin/deps/include/git2/sys/merge.h
2026-10-02T17:26:03.7177305Z -- Installing: D:/a/sindarin-compiler/sindarin-compiler/bin/deps/include/git2/sys/midx.h
2026-10-02T17:26:03.7181556Z -- Installing: D:/a/sindarin-compiler/sindarin-compiler/bin/deps/include/git2/sys/odb_backend.h
2026-10-02T17:26:03.7186193Z -- Installing: D:/a/sindarin-compiler/sindarin-compiler/bin/deps/include/git2/sys/openssl.h
2026-10-02T17:26:03.7191215Z -- Installing: D:/a/sindarin-compiler/sindarin-compiler/bin/deps/include/git2/sys/path.h
2026-10-02T17:26:03.7195583Z -- Installing: D:/a/sindarin-compiler/sindarin-compiler/bin/deps/include/git2/sys/refdb_backend.h
2026-10-02T17:26:03.7200268Z -- Installing: D:/a/sindarin-compiler/sindarin-compiler/bin/deps/include/git2/sys/refs.h
2026-10-02T17:26:03.7204891Z -- Installing: D:/a/sindarin-compiler/sindarin-compiler/bin/deps/include/git2/sys/remote.h
2026-10-02T17:26:03.7209288Z -- Installing: D:/a/sindarin-compiler/sindarin-compiler/bin/deps/include/git2/sys/repository.h
2026-10-02T17:26:03.7214436Z -- Installing: D:/a/sindarin-compiler/sindarin-compiler/bin/deps/include/git2/sys/stream.h
2026-10-02T17:26:03.7219187Z -- Installing: D:/a/sindarin-compiler/sindarin-compiler/bin/deps/include/git2/sys/transport.h
2026-10-02T17:26:03.7223902Z -- Installing: D:/a/sindarin-compiler/sindarin-compiler/bin/deps/include/git2/tag.h
2026-10-02T17:26:03.7229032Z -- Installing: D:/a/sindarin-compiler/sindarin-compiler/bin/deps/include/git2/trace.h
2026-10-02T17:26:03.7233740Z -- Installing: D:/a/sindarin-compiler/sindarin-compiler/bin/deps/include/git2/transaction.h
2026-10-02T17:26:03.7238099Z -- Installing: D:/a/sindarin-compiler/sindarin-compiler/bin/deps/include/git2/transport.h
2026-10-02T17:26:03.7242415Z -- Installing: D:/a/sindarin-compiler/sindarin-compiler/bin/deps/include/git2/tree.h
2026-10-02T17:26:03.7247171Z -- Installing: D:/a/sindarin-compiler/sindarin-compiler/bin/deps/include/git2/types.h
2026-10-02T17:26:03.7252504Z -- Installing: D:/a/sindarin-compiler/sindarin-compiler/bin/deps/include/git2/version.h
2026-10-02T17:26:03.7256935Z -- Installing: D:/a/sindarin-compiler/sindarin-compiler/bin/deps/include/git2/worktree.h
2026-10-02T17:26:03.7261358Z --   Copying curl headers...
2026-10-02T17:26:03.7262593Z -- Installing: D:/a/sindarin-compiler/sindarin-compiler/bin/deps/include/curl
2026-10-02T17:26:03.7267849Z -- Installing: D:/a/sindarin-compiler/sindarin-compiler/bin/deps/include/curl/curl.h
2026-10-02T17:26:03.7275879Z -- Installing: D:/a/sindarin-compiler/sindarin-compiler/bin/deps/include/curl/curlver.h
2026-10-02T17:26:03.7280158Z -- Installing: D:/a/sindarin-compiler/sindarin-compiler/bin/deps/include/curl/easy.h
2026-10-02T17:26:03.7284430Z -- Installing: D:/a/sindarin-compiler/sindarin-compiler/bin/deps/include/curl/header.h
2026-10-02T17:26:03.7289136Z -- Installing: D:/a/sindarin-compiler/sindarin-compiler/bin/deps/include/curl/mprintf.h
2026-10-02T17:26:03.7294017Z -- Installing: D:/a/sindarin-compiler/sindarin-compiler/bin/deps/include/curl/multi.h
2026-10-02T17:26:03.7299640Z -- Installing: D:/a/sindarin-compiler/sindarin-compiler/bin/deps/include/curl/options.h
2026-10-02T17:26:03.7312188Z -- Installing: D:/a/sindarin-compiler/sindarin-compiler/bin/deps/include/curl/stdcheaders.h
2026-10-02T17:26:03.7316603Z -- Installing: D:/a/sindarin-compiler/sindarin-compiler/bin/deps/include/curl/system.h
2026-10-02T17:26:03.7321442Z -- Installing: D:/a/sindarin-compiler/sindarin-compiler/bin/deps/include/curl/typecheck-gcc.h
2026-10-02T17:26:03.7327096Z -- Installing: D:/a/sindarin-compiler/sindarin-compiler/bin/deps/include/curl/urlapi.h
2026-10-02T17:26:03.7332262Z -- Installing: D:/a/sindarin-compiler/sindarin-compiler/bin/deps/include/curl/websockets.h
2026-10-02T17:26:03.7347056Z --   Copying library: D:/a/sindarin-compiler/sindarin-compiler/.sn/sindarin-pkg-libs/libs/windows/lib/libzlib.a
2026-10-02T17:26:03.7348407Z -- Installing: D:/a/sindarin-compiler/sindarin-compiler/bin/deps/lib/libzlib.a
2026-10-02T17:26:03.7355328Z --   Copying library: D:/a/sindarin-compiler/sindarin-compiler/.sn/sindarin-pkg-libs/libs/windows/lib/libzs.a
2026-10-02T17:26:03.7356806Z -- Installing: D:/a/sindarin-compiler/sindarin-compiler/bin/deps/lib/libzs.a
2026-10-02T17:26:03.7362959Z --   Copying library: D:/a/sindarin-compiler/sindarin-compiler/.sn/sindarin-pkg-libs/libs/windows/lib/libyyjson.a
2026-10-02T17:26:03.7364460Z -- Installing: D:/a/sindarin-compiler/sindarin-compiler/bin/deps/lib/libyyjson.a
2026-10-02T17:26:03.7380828Z --   Copying library: D:/a/sindarin-compiler/sindarin-compiler/.sn/sindarin-pkg-libs/libs/windows/lib/libxml2.a
2026-10-02T17:26:03.7382256Z -- Installing: D:/a/sindarin-compiler/sindarin-compiler/bin/deps/lib/libxml2.a
2026-10-02T17:26:03.7416961Z --   Copying library: D:/a/sindarin-compiler/sindarin-compiler/.sn/sindarin-pkg-libs/libs/windows/lib/libyaml.a
2026-10-02T17:26:03.7417923Z -- Installing: D:/a/sindarin-compiler/sindarin-compiler/bin/deps/lib/libyaml.a
2026-10-02T17:26:03.7425404Z --   Copying library: D:/a/sindarin-compiler/sindarin-compiler/.sn/sindarin-pkg-libs/libs/windows/lib/libcrypto.a
2026-10-02T17:26:03.7426260Z -- Installing: D:/a/sindarin-compiler/sindarin-compiler/bin/deps/lib/libcrypto.a
2026-10-02T17:26:03.7579427Z --   Copying library: D:/a/sindarin-compiler/sindarin-compiler/.sn/sindarin-pkg-libs/libs/windows/lib/libssl.a
2026-10-02T17:26:03.7580441Z -- Installing: D:/a/sindarin-compiler/sindarin-compiler/bin/deps/lib/libssl.a
2026-10-02T17:26:03.7611764Z --   Copying library: D:/a/sindarin-compiler/sindarin-compiler/.sn/sindarin-pkg-libs/libs/windows/lib/libssh.a
2026-10-02T17:26:03.7612861Z -- Installing: D:/a/sindarin-compiler/sindarin-compiler/bin/deps/lib/libssh.a
2026-10-02T17:26:03.7629379Z --   Copying library: D:/a/sindarin-compiler/sindarin-compiler/.sn/sindarin-pkg-libs/libs/windows/lib/libssh2.a
2026-10-02T17:26:03.7630283Z -- Installing: D:/a/sindarin-compiler/sindarin-compiler/bin/deps/lib/libssh2.a
2026-10-02T17:26:03.7641191Z --   Copying library: D:/a/sindarin-compiler/sindarin-compiler/.sn/sindarin-pkg-libs/libs/windows/lib/libgit2.a
2026-10-02T17:26:03.7642099Z -- Installing: D:/a/sindarin-compiler/sindarin-compiler/bin/deps/lib/libgit2.a
2026-10-02T17:26:03.7678920Z --   Copying library: D:/a/sindarin-compiler/sindarin-compiler/.sn/sindarin-pkg-libs/libs/windows/lib/libhttp_parser.a
2026-10-02T17:26:03.7679878Z -- Installing: D:/a/sindarin-compiler/sindarin-compiler/bin/deps/lib/libhttp_parser.a
2026-10-02T17:26:03.7686352Z --   Copying library: D:/a/sindarin-compiler/sindarin-compiler/.sn/sindarin-pkg-libs/libs/windows/lib/libpcre2-8.a
2026-10-02T17:26:03.7687294Z -- Installing: D:/a/sindarin-compiler/sindarin-compiler/bin/deps/lib/libpcre2-8.a
2026-10-02T17:26:03.7709354Z --   Copying library: D:/a/sindarin-compiler/sindarin-compiler/.sn/sindarin-pkg-libs/libs/windows/lib/libssh2.a
2026-10-02T17:26:03.7710471Z -- Up-to-date: D:/a/sindarin-compiler/sindarin-compiler/bin/deps/lib/libssh2.a
2026-10-02T17:26:03.7711533Z --   Copying library: D:/a/sindarin-compiler/sindarin-compiler/.sn/sindarin-pkg-libs/libs/windows/lib/libcurl.a
2026-10-02T17:26:03.7713031Z -- Installing: D:/a/sindarin-compiler/sindarin-compiler/bin/deps/lib/libcurl.a
2026-10-02T17:26:03.7735468Z --   Dependencies copied to: D:/a/sindarin-compiler/sindarin-compiler/bin/deps
2026-10-02T17:26:03.7736900Z -- Using zlib archive: D:/a/sindarin-compiler/sindarin-compiler/.sn/sindarin-pkg-libs/libs/windows/lib/libzlib.a
2026-10-02T17:26:03.7737926Z -- Found sindarin-template (handlebars)
2026-10-02T17:26:03.7748751Z -- Found libcurl - enabling auto-update feature
2026-10-02T17:26:03.7750270Z -- Found libgit2 and libyaml - enabling package manager
2026-10-02T17:26:03.7948771Z -- 
2026-10-02T17:26:03.7949090Z -- Sindarin Compiler Build Configuration:
2026-10-02T17:26:03.7949526Z --   Version:      1.0.0
2026-10-02T17:26:03.7949866Z --   Platform:     Windows
2026-10-02T17:26:03.7950495Z --   Compiler:     Clang 19.1.6
2026-10-02T17:26:03.7950828Z --   Build Type:   Release
2026-10-02T17:26:03.7951171Z --   Debug:        OFF
2026-10-02T17:26:03.7951428Z --   ASAN:         OFF
2026-10-02T17:26:03.7952253Z --   Output:       D:/a/sindarin-compiler/sindarin-compiler/bin
2026-10-02T17:26:03.7952891Z -- 
2026-10-02T17:26:03.7953413Z -- Configuring done (1.8s)
2026-10-02T17:26:03.9004025Z -- Generating done (0.1s)
2026-10-02T17:26:03.9014785Z -- Build files have been written to: D:/a/sindarin-compiler/sindarin-compiler/build
2026-10-02T17:26:03.9198409Z cmake --build build
2026-10-02T17:26:03.9767683Z [0/2] Re-checking globbed directories...
2026-10-02T17:26:04.1695847Z [1/232] Building C object CMakeFiles/sn_fake_rustc.dir/tests/fixtures/fake_rustc.c.obj
2026-10-02T17:26:04.1747511Z [2/232] Synchronizing runtime headers
2026-10-02T17:26:04.1809187Z [3/232] Building C object CMakeFiles/sn_runtime_min.dir/src/runtime/sn_byte.c.obj
2026-10-02T17:26:04.3395208Z [4/232] Building C object CMakeFiles/sn_runtime_min.dir/src/runtime/sn_string.c.obj
2026-10-02T17:26:04.3451240Z [5/232] Building C object CMakeFiles/sn.dir/src/arena.c.obj
2026-10-02T17:26:04.3496992Z [6/232] Building C object CMakeFiles/sn_runtime_min.dir/src/runtime/sn_array.c.obj
2026-10-02T17:26:04.4186066Z [7/232] Copying templates to bin/templates
2026-10-02T17:26:04.4787405Z [8/232] Building C object CMakeFiles/sn.dir/src/file.c.obj
2026-10-02T17:26:04.4889020Z [9/232] Building C object CMakeFiles/sn.dir/src/debug.c.obj
2026-10-02T17:26:04.5052598Z [10/232] Building C object CMakeFiles/sn.dir/src/token.c.obj
2026-10-02T17:26:04.6751365Z [11/232] Linking C executable bin\sn_fake_rustc.exe
2026-10-02T17:26:04.6964366Z [12/232] Building C object CMakeFiles/sn.dir/src/diagnostic.c.obj
2026-10-02T17:26:04.7210490Z [13/232] Building C object CMakeFiles/sn.dir/src/compiler.c.obj
2026-10-02T17:26:04.8447980Z [14/232] Building C object CMakeFiles/sn.dir/src/lexer.c.obj
2026-10-02T17:26:04.8716513Z [15/232] Building C object CMakeFiles/sn.dir/src/lexer/lexer_util.c.obj
2026-10-02T17:26:04.9805551Z [16/232] Building C object CMakeFiles/sn.dir/src/ast.c.obj
2026-10-02T17:26:05.0517164Z [17/232] Building C object CMakeFiles/sn.dir/src/lexer/lexer_scan.c.obj
2026-10-02T17:26:05.2420475Z [18/232] Building C object CMakeFiles/sn.dir/src/ast/ast_expr.c.obj
2026-10-02T17:26:05.2635807Z [19/232] Building C object CMakeFiles/sn.dir/src/ast/ast_type.c.obj
2026-10-02T17:26:05.2847303Z [20/232] Building C object CMakeFiles/sn.dir/src/ast/ast_stmt.c.obj
2026-10-02T17:26:05.4598505Z [21/232] Building C object CMakeFiles/sn.dir/src/main.c.obj
2026-10-02T17:26:05.5626567Z [22/232] Building C object CMakeFiles/sn.dir/src/ast/ast_print.c.obj
2026-10-02T17:26:05.6350292Z [23/232] Building C object CMakeFiles/sn.dir/src/parser/util/parser_util.c.obj
2026-10-02T17:26:05.6868276Z [24/232] Building C object CMakeFiles/sn.dir/src/parser/expr/parser_expr.c.obj
2026-10-02T17:26:05.7207899Z [25/232] Building C object CMakeFiles/sn.dir/src/parser/expr/parser_expr_interpol.c.obj
2026-10-02T17:26:05.7552507Z [26/232] Building C object CMakeFiles/sn.dir/src/parser.c.obj
2026-10-02T17:26:05.7679097Z [27/232] Building C object CMakeFiles/sn.dir/src/parser/expr/parser_expr_match.c.obj
2026-10-02T17:26:05.9110145Z [28/232] Building C object CMakeFiles/sn.dir/src/parser/expr/parser_expr_struct.c.obj
2026-10-02T17:26:05.9132093Z [29/232] Building C object CMakeFiles/sn.dir/src/parser/expr/parser_expr_lambda.c.obj
2026-10-02T17:26:05.9889240Z [30/232] Building C object CMakeFiles/sn.dir/src/parser/stmt/parser_stmt_control.c.obj
2026-10-02T17:26:06.0297970Z [31/232] Building C object CMakeFiles/sn.dir/src/parser/stmt/parser_stmt.c.obj
2026-10-02T17:26:06.1432808Z [32/232] Building C object CMakeFiles/sn.dir/src/symbol_table.c.obj
2026-10-02T17:26:06.2299507Z [33/232] Building C object CMakeFiles/sn.dir/src/symbol_table/symbol_table_thread.c.obj
2026-10-02T17:26:06.2364665Z [34/232] Building C object CMakeFiles/sn.dir/src/parser/stmt/parser_stmt_decl.c.obj
2026-10-02T17:26:06.2483346Z [35/232] Building C object CMakeFiles/sn.dir/src/symbol_table/symbol_table_core.c.obj
2026-10-02T17:26:06.3480939Z [36/232] Building C object CMakeFiles/sn.dir/src/symbol_table/symbol_table_namespace.c.obj
2026-10-02T17:26:06.4519494Z [37/232] Building C object CMakeFiles/sn.dir/src/type_checker.c.obj
2026-10-02T17:26:06.4522952Z [38/232] Building C object CMakeFiles/sn.dir/src/type_checker/util/type_checker_util_escape.c.obj
2026-10-02T17:26:06.4686251Z [39/232] Building C object CMakeFiles/sn.dir/src/type_checker/util/type_checker_util.c.obj
2026-10-02T17:26:06.6198999Z [40/232] Building C object CMakeFiles/sn.dir/src/type_checker/util/type_checker_util_layout.c.obj
2026-10-02T17:26:06.6382369Z [41/232] Building C object CMakeFiles/sn.dir/src/type_checker/util/type_checker_util_suggest.c.obj
2026-10-02T17:26:06.6419970Z [42/232] Building C object CMakeFiles/sn.dir/src/formatter.c.obj
2026-10-02T17:26:06.6538253Z [43/232] Building C object CMakeFiles/sn.dir/src/type_checker/type_checker_generics.c.obj
2026-10-02T17:26:06.7207235Z [44/232] Building C object CMakeFiles/sn.dir/src/type_checker/util/type_checker_util_struct.c.obj
2026-10-02T17:26:06.7428845Z [45/232] Building C object CMakeFiles/sn.dir/src/type_checker/expr/type_checker_expr.c.obj
2026-10-02T17:26:06.8378372Z [46/232] Building C object CMakeFiles/sn.dir/src/type_checker/expr/type_checker_expr_thread.c.obj
2026-10-02T17:26:06.8459051Z [47/232] Building C object CMakeFiles/sn.dir/src/type_checker/expr/type_checker_expr_assign.c.obj
2026-10-02T17:26:06.8475510Z [48/232] Building C object CMakeFiles/sn.dir/src/type_checker/expr/type_checker_expr_ops.c.obj
2026-10-02T17:26:06.9280201Z [49/232] Building C object CMakeFiles/sn.dir/src/type_checker/expr/type_checker_expr_basic.c.obj
2026-10-02T17:26:06.9384766Z [50/232] Building C object CMakeFiles/sn.dir/src/type_checker/expr/type_checker_expr_member.c.obj
2026-10-02T17:26:06.9426584Z [51/232] Building C object CMakeFiles/sn.dir/src/type_checker/expr/type_checker_expr_cast.c.obj
2026-10-02T17:26:07.0469310Z [52/232] Building C object CMakeFiles/sn.dir/src/type_checker/expr/type_checker_expr_misc.c.obj
2026-10-02T17:26:07.0599027Z [53/232] Building C object CMakeFiles/sn.dir/src/type_checker/expr/type_checker_expr_access.c.obj
2026-10-02T17:26:07.0774743Z [54/232] Building C object CMakeFiles/sn.dir/src/type_checker/expr/type_checker_expr_struct.c.obj
2026-10-02T17:26:07.0871458Z [55/232] Building C object CMakeFiles/sn.dir/src/type_checker/expr/call/type_checker_expr_call.c.obj
2026-10-02T17:26:07.1367914Z [56/232] Building C object CMakeFiles/sn.dir/src/type_checker/expr/type_checker_expr_array.c.obj
2026-10-02T17:26:07.1779591Z [57/232] Building C object CMakeFiles/sn.dir/src/type_checker/expr/type_checker_expr_lambda.c.obj
2026-10-02T17:26:07.2406518Z [58/232] Building C object CMakeFiles/sn.dir/src/type_checker/expr/call/type_checker_expr_call_char.c.obj
2026-10-02T17:26:07.2475954Z [59/232] Building C object CMakeFiles/sn.dir/src/type_checker/expr/call/type_checker_expr_call_array.c.obj
2026-10-02T17:26:07.2563721Z [60/232] Building C object CMakeFiles/sn.dir/src/type_checker/expr/call/type_checker_expr_call_int.c.obj
2026-10-02T17:26:07.3705791Z [61/232] Building C object CMakeFiles/sn.dir/src/type_checker/expr/call/type_checker_expr_call_long.c.obj
2026-10-02T17:26:07.3773223Z [62/232] Building C object CMakeFiles/sn.dir/src/type_checker/expr/call/type_checker_expr_call_core.c.obj
2026-10-02T17:26:07.3839857Z [63/232] Building C object CMakeFiles/sn.dir/src/type_checker/expr/call/type_checker_expr_call_double.c.obj
2026-10-02T17:26:07.3943387Z [64/232] Building C object CMakeFiles/sn.dir/src/type_checker/expr/call/type_checker_expr_call_uint.c.obj
2026-10-02T17:26:07.4362906Z [65/232] Building C object CMakeFiles/sn.dir/src/type_checker/expr/call/type_checker_expr_call_byte.c.obj
2026-10-02T17:26:07.4679956Z [66/232] Building C object CMakeFiles/sn.dir/src/type_checker/expr/call/type_checker_expr_call_bool.c.obj
2026-10-02T17:26:07.5718434Z [67/232] Building C object CMakeFiles/sn.dir/src/type_checker/stmt/type_checker_stmt.c.obj
2026-10-02T17:26:07.5846737Z [68/232] Building C object CMakeFiles/sn.dir/src/type_checker/expr/call/type_checker_expr_call_string.c.obj
2026-10-02T17:26:07.5896461Z [69/232] Building C object CMakeFiles/sn.dir/src/type_checker/stmt/type_checker_stmt_var.c.obj
2026-10-02T17:26:07.5968572Z [70/232] Building C object CMakeFiles/sn.dir/src/type_checker/stmt/type_checker_stmt_var_util.c.obj
2026-10-02T17:26:07.7093460Z [71/232] Building C object CMakeFiles/sn.dir/src/type_checker/stmt/type_checker_stmt_func.c.obj
2026-10-02T17:26:07.7295614Z [72/232] Building C object CMakeFiles/sn.dir/src/type_checker/stmt/type_checker_stmt_control.c.obj
2026-10-02T17:26:07.7961153Z [73/232] Building C object CMakeFiles/sn.dir/src/type_checker/stmt/type_checker_stmt_import.c.obj
2026-10-02T17:26:07.7995075Z [74/232] Building C object CMakeFiles/sn.dir/src/type_checker/stmt/type_checker_stmt_interface.c.obj
2026-10-02T17:26:07.8036334Z [75/232] Building C object CMakeFiles/sn.dir/src/type_checker/stmt/type_checker_stmt_import_ns.c.obj
2026-10-02T17:26:07.8160691Z [76/232] Building C object CMakeFiles/sn.dir/src/type_checker/stmt/type_checker_stmt_struct.c.obj
2026-10-02T17:26:07.9562118Z [77/232] Building C object CMakeFiles/sn.dir/src/optimizer.c.obj
2026-10-02T17:26:07.9598477Z [78/232] Building C object CMakeFiles/sn.dir/src/type_checker/stmt/type_checker_stmt_import_ns_util.c.obj
2026-10-02T17:26:07.9622519Z [79/232] Building C object CMakeFiles/sn.dir/src/optimizer/optimizer_tail_call.c.obj
2026-10-02T17:26:07.9892548Z [80/232] Building C object CMakeFiles/sn.dir/src/optimizer/optimizer_string.c.obj
2026-10-02T17:26:08.1701315Z [81/232] Building C object CMakeFiles/sn.dir/src/optimizer/optimizer_util.c.obj
2026-10-02T17:26:08.2159479Z [82/232] Building C object CMakeFiles/sn.dir/src/cgen/gen_model_type.c.obj
2026-10-02T17:26:08.2456858Z [83/232] Building C object CMakeFiles/sn.dir/src/cgen/gen_model.c.obj
2026-10-02T17:26:08.2649593Z [84/232] Building C object CMakeFiles/sn.dir/src/cgen/gen_model_stmt.c.obj
2026-10-02T17:26:08.3129351Z [85/232] Building C object CMakeFiles/sn.dir/src/cgen/gen_model_chain_flatten.c.obj
2026-10-02T17:26:08.4989163Z [86/232] Building C object CMakeFiles/sn.dir/src/cgen/gen_model_struct.c.obj
2026-10-02T17:26:08.5013843Z [87/232] Building C object CMakeFiles/sn.dir/src/cgen/gen_model_render_common.c.obj
2026-10-02T17:26:08.5217917Z [88/232] Building C object CMakeFiles/sn.dir/src/cgen/gen_model_func.c.obj
2026-10-02T17:26:08.6005410Z [89/232] Building C object CMakeFiles/sn.dir/src/cgen/gen_model_split.c.obj
2026-10-02T17:26:08.6081805Z [90/232] Building C object CMakeFiles/sn.dir/src/cgen/gen_model_render_modular.c.obj
2026-10-02T17:26:08.6299260Z [91/232] Building C object CMakeFiles/sn.dir/src/cgen/ownership.c.obj
2026-10-02T17:26:08.7259587Z [92/232] Building C object CMakeFiles/sn.dir/src/cgen/c/gen_model_render_min_c.c.obj
2026-10-02T17:26:08.7529876Z [93/232] Building C object CMakeFiles/sn.dir/src/cgen/gen_model_expr.c.obj
2026-10-02T17:26:08.9777963Z [94/232] Building C object CMakeFiles/sn.dir/src/target/target.c.obj
2026-10-02T17:26:09.2200604Z [95/232] Building C object CMakeFiles/sn.dir/src/target/rust/rust_render.c.obj
2026-10-02T17:26:09.9745766Z [96/232] Building C object CMakeFiles/sn.dir/src/target/rust/rust_native_plan.c.obj
2026-10-02T17:26:10.2510851Z [97/232] Building C object CMakeFiles/sn.dir/src/gcc_backend_config.c.obj
2026-10-02T17:26:10.2772408Z [98/232] Building C object CMakeFiles/sn.dir/src/target/rust/rust_native_render.c.obj
2026-10-02T17:26:10.2887781Z [99/232] Building C object CMakeFiles/sn.dir/src/gcc_backend_pkgconfig.c.obj
2026-10-02T17:26:10.2973768Z [100/232] Building C object CMakeFiles/sn.dir/src/gcc_backend.c.obj
2026-10-02T17:26:10.5686276Z [101/232] Building C object CMakeFiles/sn.dir/src/target/rust/rust_native_build.c.obj
2026-10-02T17:26:10.7117113Z [102/232] Building C object CMakeFiles/sn.dir/src/target/rust/projection/rust_model.c.obj
2026-10-02T17:26:10.7452401Z [103/232] Building C object CMakeFiles/sn.dir/src/target/rust/projection/rust_model_stmt.c.obj
2026-10-02T17:26:10.9210317Z [104/232] Building C object CMakeFiles/sn.dir/src/target/rust/cc_sidecar.c.obj
2026-10-02T17:26:10.9933602Z [105/232] Building C object CMakeFiles/sn.dir/src/target/rust/projection/rust_model_struct.c.obj
2026-10-02T17:26:11.0270789Z [106/232] Building C object CMakeFiles/sn.dir/src/target/rust/projection/rust_model_func.c.obj
2026-10-02T17:26:11.1248426Z [107/232] Building C object CMakeFiles/sn.dir/src/target/rust/projection/rust_model_type.c.obj
2026-10-02T17:26:11.1449403Z [108/232] Building C object CMakeFiles/sn.dir/src/target/rust/projection/rust_ownership.c.obj
2026-10-02T17:26:11.1790694Z [109/232] Building C object CMakeFiles/sn.dir/src/target/rust/projection/rust_model_expr.c.obj
2026-10-02T17:26:11.2934477Z [110/232] Building C object CMakeFiles/sn.dir/src/runtime/sn_array.c.obj
2026-10-02T17:26:11.3032608Z [111/232] Building C object CMakeFiles/sn.dir/src/runtime/sn_string.c.obj
2026-10-02T17:26:11.3106654Z [112/232] Building C object CMakeFiles/sn.dir/src/runtime/sn_byte.c.obj
2026-10-02T17:26:11.5185739Z [113/232] Building C object CMakeFiles/sn.dir/src/package/package_yaml.c.obj
2026-10-02T17:26:11.5650285Z [114/232] Building C object CMakeFiles/sn.dir/src/package.c.obj
2026-10-02T17:26:11.5822604Z [115/232] Building C object CMakeFiles/sn.dir/src/target/rust/rust_target.c.obj
2026-10-02T17:26:11.7559765Z [116/232] Building C object CMakeFiles/tests.dir/src/arena.c.obj
2026-10-02T17:26:11.7619436Z [117/232] Building C object CMakeFiles/tests.dir/src/token.c.obj
2026-10-02T17:26:11.7681807Z [118/232] Building C object CMakeFiles/tests.dir/src/file.c.obj
2026-10-02T17:26:11.9647143Z [119/232] Building C object CMakeFiles/tests.dir/src/debug.c.obj
2026-10-02T17:26:12.0417081Z [120/232] Building C object CMakeFiles/tests.dir/src/diagnostic.c.obj
2026-10-02T17:26:12.0504780Z [121/232] Building C object CMakeFiles/tests.dir/src/compiler.c.obj
2026-10-02T17:26:12.2984277Z [122/232] Building C object CMakeFiles/tests.dir/src/lexer/lexer_util.c.obj
2026-10-02T17:26:12.4030106Z [123/232] Building C object CMakeFiles/tests.dir/src/lexer.c.obj
2026-10-02T17:26:12.6797829Z [124/232] Building C object CMakeFiles/sn.dir/src/package/package_git.c.obj
2026-10-02T17:26:12.6876600Z [125/232] Building C object CMakeFiles/tests.dir/src/lexer/lexer_scan.c.obj
2026-10-02T17:26:12.7298560Z [126/232] Building C object CMakeFiles/tests.dir/src/ast.c.obj
2026-10-02T17:26:13.0304799Z [127/232] Building C object CMakeFiles/tests.dir/src/ast/ast_type.c.obj
2026-10-02T17:26:13.0392823Z [128/232] Building C object CMakeFiles/tests.dir/src/ast/ast_expr.c.obj
2026-10-02T17:26:13.0785257Z [129/232] Building C object CMakeFiles/tests.dir/src/ast/ast_stmt.c.obj
2026-10-02T17:26:13.2915626Z [130/232] Building C object CMakeFiles/sn.dir/src/package/lfs/package_lfs.c.obj
2026-10-02T17:26:13.5053413Z [131/232] Building C object CMakeFiles/tests.dir/src/parser/util/parser_util.c.obj
2026-10-02T17:26:13.5405264Z [132/232] Building C object CMakeFiles/tests.dir/src/ast/ast_print.c.obj
2026-10-02T17:26:13.5839893Z [133/232] Building C object CMakeFiles/tests.dir/src/parser.c.obj
2026-10-02T17:26:13.7225696Z [134/232] Building C object CMakeFiles/tests.dir/src/parser/expr/parser_expr_match.c.obj
2026-10-02T17:26:13.7302863Z [135/232] Building C object CMakeFiles/tests.dir/src/parser/expr/parser_expr_interpol.c.obj
2026-10-02T17:26:13.7400077Z [136/232] Building C object CMakeFiles/tests.dir/src/parser/expr/parser_expr.c.obj
2026-10-02T17:26:13.8880799Z [137/232] Building C object CMakeFiles/tests.dir/src/parser/expr/parser_expr_lambda.c.obj
2026-10-02T17:26:13.8928789Z [138/232] Building C object CMakeFiles/tests.dir/src/parser/expr/parser_expr_struct.c.obj
2026-10-02T17:26:14.0287516Z [139/232] Building C object CMakeFiles/tests.dir/src/parser/stmt/parser_stmt.c.obj
2026-10-02T17:26:14.1156849Z [140/232] Building C object CMakeFiles/tests.dir/src/symbol_table.c.obj
2026-10-02T17:26:14.1334589Z [141/232] Building C object CMakeFiles/tests.dir/src/parser/stmt/parser_stmt_control.c.obj
2026-10-02T17:26:14.2327304Z [142/232] Building C object CMakeFiles/tests.dir/src/parser/stmt/parser_stmt_decl.c.obj
2026-10-02T17:26:14.3802906Z [143/232] Building C object CMakeFiles/tests.dir/src/formatter.c.obj
2026-10-02T17:26:14.3926937Z [144/232] Building C object CMakeFiles/tests.dir/src/symbol_table/symbol_table_thread.c.obj
2026-10-02T17:26:14.3979791Z [145/232] Building C object CMakeFiles/tests.dir/src/symbol_table/symbol_table_core.c.obj
2026-10-02T17:26:14.4441410Z [146/232] Building C object CMakeFiles/tests.dir/src/symbol_table/symbol_table_namespace.c.obj
2026-10-02T17:26:14.4966910Z [147/232] Building C object CMakeFiles/tests.dir/src/type_checker.c.obj
2026-10-02T17:26:14.6773420Z [148/232] Building C object CMakeFiles/tests.dir/src/type_checker/util/type_checker_util_escape.c.obj
2026-10-02T17:26:14.6867782Z [149/232] Building C object CMakeFiles/tests.dir/src/type_checker/util/type_checker_util.c.obj
2026-10-02T17:26:14.7108648Z [150/232] Building C object CMakeFiles/tests.dir/src/type_checker/util/type_checker_util_suggest.c.obj
2026-10-02T17:26:14.7841394Z [151/232] Building C object CMakeFiles/tests.dir/src/type_checker/util/type_checker_util_struct.c.obj
2026-10-02T17:26:14.8039361Z [152/232] Building C object CMakeFiles/tests.dir/src/type_checker/util/type_checker_util_layout.c.obj
2026-10-02T17:26:14.8596740Z [153/232] Building C object CMakeFiles/tests.dir/src/type_checker/type_checker_generics.c.obj
2026-10-02T17:26:14.8995379Z [154/232] Building C object CMakeFiles/tests.dir/src/type_checker/expr/type_checker_expr.c.obj
2026-10-02T17:26:15.0226841Z [155/232] Building C object CMakeFiles/tests.dir/src/type_checker/expr/type_checker_expr_assign.c.obj
2026-10-02T17:26:15.0371578Z [156/232] Building C object CMakeFiles/tests.dir/src/type_checker/expr/type_checker_expr_ops.c.obj
2026-10-02T17:26:15.0435772Z [157/232] Building C object CMakeFiles/tests.dir/src/type_checker/expr/type_checker_expr_member.c.obj
2026-10-02T17:26:15.0965846Z [158/232] Building C object CMakeFiles/tests.dir/src/type_checker/expr/type_checker_expr_thread.c.obj
2026-10-02T17:26:15.1452830Z [159/232] Building C object CMakeFiles/tests.dir/src/type_checker/expr/type_checker_expr_basic.c.obj
2026-10-02T17:26:15.2289739Z [160/232] Building C object CMakeFiles/tests.dir/src/type_checker/expr/type_checker_expr_cast.c.obj
2026-10-02T17:26:15.2425378Z [161/232] Building C object CMakeFiles/tests.dir/src/type_checker/expr/type_checker_expr_access.c.obj
2026-10-02T17:26:15.2685733Z [162/232] Building C object CMakeFiles/tests.dir/src/type_checker/expr/type_checker_expr_struct.c.obj
2026-10-02T17:26:15.3584442Z [163/232] Building C object CMakeFiles/tests.dir/src/type_checker/expr/call/type_checker_expr_call.c.obj
2026-10-02T17:26:15.3667411Z [164/232] Building C object CMakeFiles/tests.dir/src/type_checker/expr/type_checker_expr_misc.c.obj
2026-10-02T17:26:15.3813760Z [165/232] Building C object CMakeFiles/tests.dir/src/type_checker/expr/type_checker_expr_array.c.obj
2026-10-02T17:26:15.5293104Z [166/232] Building C object CMakeFiles/tests.dir/src/type_checker/expr/type_checker_expr_lambda.c.obj
2026-10-02T17:26:15.5472281Z [167/232] Building C object CMakeFiles/tests.dir/src/type_checker/expr/call/type_checker_expr_call_char.c.obj
2026-10-02T17:26:15.5526710Z [168/232] Building C object CMakeFiles/tests.dir/src/type_checker/expr/call/type_checker_expr_call_array.c.obj
2026-10-02T17:26:15.5845323Z [169/232] Building C object CMakeFiles/tests.dir/src/type_checker/expr/call/type_checker_expr_call_core.c.obj
2026-10-02T17:26:15.6077400Z [170/232] Building C object CMakeFiles/tests.dir/src/type_checker/expr/call/type_checker_expr_call_int.c.obj
2026-10-02T17:26:15.6989683Z [171/232] Building C object CMakeFiles/tests.dir/src/type_checker/expr/call/type_checker_expr_call_long.c.obj
2026-10-02T17:26:15.7054379Z [172/232] Building C object CMakeFiles/tests.dir/src/type_checker/expr/call/type_checker_expr_call_double.c.obj
2026-10-02T17:26:15.7210691Z [173/232] Building C object CMakeFiles/tests.dir/src/type_checker/expr/call/type_checker_expr_call_uint.c.obj
2026-10-02T17:26:15.8275305Z [174/232] Building C object CMakeFiles/tests.dir/src/type_checker/expr/call/type_checker_expr_call_byte.c.obj
2026-10-02T17:26:15.8577444Z [175/232] Building C object CMakeFiles/tests.dir/src/type_checker/expr/call/type_checker_expr_call_bool.c.obj
2026-10-02T17:26:15.8835091Z [176/232] Building C object CMakeFiles/tests.dir/src/type_checker/expr/call/type_checker_expr_call_string.c.obj
2026-10-02T17:26:15.9059213Z [177/232] Building C object CMakeFiles/tests.dir/src/type_checker/stmt/type_checker_stmt.c.obj
2026-10-02T17:26:16.0287048Z [178/232] Building C object CMakeFiles/tests.dir/src/type_checker/stmt/type_checker_stmt_var.c.obj
2026-10-02T17:26:16.0323974Z [179/232] Building C object CMakeFiles/tests.dir/src/type_checker/stmt/type_checker_stmt_var_util.c.obj
2026-10-02T17:26:16.0726921Z [180/232] Building C object CMakeFiles/tests.dir/src/type_checker/stmt/type_checker_stmt_func.c.obj
2026-10-02T17:26:16.1316666Z [181/232] Building C object CMakeFiles/tests.dir/src/type_checker/stmt/type_checker_stmt_control.c.obj
2026-10-02T17:26:16.1577488Z [182/232] Building C object CMakeFiles/tests.dir/src/type_checker/stmt/type_checker_stmt_struct.c.obj
2026-10-02T17:26:16.2537455Z [183/232] Building C object CMakeFiles/tests.dir/src/type_checker/stmt/type_checker_stmt_import.c.obj
2026-10-02T17:26:16.3191581Z [184/232] Building C object CMakeFiles/tests.dir/src/type_checker/stmt/type_checker_stmt_interface.c.obj
2026-10-02T17:26:16.3231025Z [185/232] Building C object CMakeFiles/tests.dir/src/type_checker/stmt/type_checker_stmt_import_ns.c.obj
2026-10-02T17:26:16.3952333Z [186/232] Building C object CMakeFiles/tests.dir/src/optimizer.c.obj
2026-10-02T17:26:16.4069705Z [187/232] Building C object CMakeFiles/tests.dir/src/type_checker/stmt/type_checker_stmt_import_ns_util.c.obj
2026-10-02T17:26:16.5004979Z [188/232] Building C object CMakeFiles/tests.dir/src/optimizer/optimizer_tail_call.c.obj
2026-10-02T17:26:16.5075845Z [189/232] Building C object CMakeFiles/tests.dir/src/optimizer/optimizer_string.c.obj
2026-10-02T17:26:16.5216696Z [190/232] Building C object CMakeFiles/tests.dir/src/optimizer/optimizer_util.c.obj
2026-10-02T17:26:16.7146230Z [191/232] Building C object CMakeFiles/tests.dir/src/cgen/gen_model_type.c.obj
2026-10-02T17:26:16.7693484Z [192/232] Building C object CMakeFiles/tests.dir/src/cgen/gen_model.c.obj
2026-10-02T17:26:16.7800104Z [193/232] Building C object CMakeFiles/tests.dir/src/cgen/gen_model_stmt.c.obj
2026-10-02T17:26:16.9211757Z [194/232] Building C object CMakeFiles/tests.dir/src/cgen/gen_model_chain_flatten.c.obj
2026-10-02T17:26:17.0404672Z [195/232] Building C object CMakeFiles/tests.dir/src/cgen/gen_model_render_common.c.obj
2026-10-02T17:26:17.0524517Z [196/232] Building C object CMakeFiles/tests.dir/src/cgen/gen_model_struct.c.obj
2026-10-02T17:26:17.0607505Z [197/232] Building C object CMakeFiles/tests.dir/src/cgen/gen_model_func.c.obj
2026-10-02T17:26:17.2273888Z [198/232] Building C object CMakeFiles/tests.dir/src/cgen/gen_model_render_modular.c.obj
2026-10-02T17:26:17.2311174Z [199/232] Building C object CMakeFiles/tests.dir/src/cgen/ownership.c.obj
2026-10-02T17:26:17.2364532Z [200/232] Building C object CMakeFiles/tests.dir/src/cgen/gen_model_split.c.obj
2026-10-02T17:26:17.2413255Z [201/232] Building C object CMakeFiles/tests.dir/src/cgen/gen_model_expr.c.obj
2026-10-02T17:26:17.3476340Z [202/232] Building C object CMakeFiles/tests.dir/src/cgen/c/gen_model_render_min_c.c.obj
2026-10-02T17:26:17.5457726Z [203/232] Building C object CMakeFiles/tests.dir/src/target/target.c.obj
2026-10-02T17:26:18.0449321Z [204/232] Building C object CMakeFiles/tests.dir/src/target/rust/rust_render.c.obj
2026-10-02T17:26:18.9449559Z [205/232] Building C object CMakeFiles/tests.dir/src/gcc_backend_config.c.obj
2026-10-02T17:26:18.9613472Z [206/232] Building C object CMakeFiles/tests.dir/src/gcc_backend_pkgconfig.c.obj
2026-10-02T17:26:19.0070647Z [207/232] Building C object CMakeFiles/tests.dir/src/gcc_backend.c.obj
2026-10-02T17:26:19.2136726Z [208/232] Building C object CMakeFiles/tests.dir/src/target/rust/rust_native_render.c.obj
2026-10-02T17:26:19.4317206Z [209/232] Building C object CMakeFiles/tests.dir/src/target/rust/rust_native_build.c.obj
2026-10-02T17:26:19.5426549Z [210/232] Building C object CMakeFiles/tests.dir/src/target/rust/rust_native_plan.c.obj
2026-10-02T17:26:19.7118708Z [211/232] Building C object CMakeFiles/tests.dir/src/target/rust/projection/rust_model.c.obj
2026-10-02T17:26:19.9997839Z [212/232] Building C object CMakeFiles/tests.dir/src/target/rust/projection/rust_model_stmt.c.obj
2026-10-02T17:26:20.0177055Z [213/232] Building C object CMakeFiles/tests.dir/src/target/rust/cc_sidecar.c.obj
2026-10-02T17:26:20.2230421Z [214/232] Building C object CMakeFiles/tests.dir/src/target/rust/projection/rust_model_func.c.obj
2026-10-02T17:26:20.3135934Z [215/232] Building C object CMakeFiles/tests.dir/src/target/rust/projection/rust_model_struct.c.obj
2026-10-02T17:26:20.3223678Z [216/232] Building C object CMakeFiles/tests.dir/src/target/rust/projection/rust_model_type.c.obj
2026-10-02T17:26:20.3254009Z [217/232] Building C object CMakeFiles/tests.dir/src/target/rust/rust_target.c.obj
2026-10-02T17:26:20.3575889Z [218/232] Building C object CMakeFiles/tests.dir/src/target/rust/projection/rust_model_expr.c.obj
2026-10-02T17:26:20.5050231Z [219/232] Building C object CMakeFiles/tests.dir/src/target/rust/projection/rust_ownership.c.obj
2026-10-02T17:26:20.5380320Z [220/232] Building C object CMakeFiles/tests.dir/src/runtime/sn_byte.c.obj
2026-10-02T17:26:20.5622935Z [221/232] Building C object CMakeFiles/tests.dir/src/runtime/sn_array.c.obj
2026-10-02T17:26:20.5731990Z [222/232] Building C object CMakeFiles/tests.dir/src/runtime/sn_string.c.obj
2026-10-02T17:26:20.7608530Z [223/232] Building C object CMakeFiles/tests.dir/src/package/package_yaml.c.obj
2026-10-02T17:26:20.7785306Z [224/232] Building C object CMakeFiles/tests.dir/src/package.c.obj
2026-10-02T17:26:21.0299891Z [225/232] Linking C static library bin\lib\clang\libsn_runtime_min.a
2026-10-02T17:26:21.5812294Z [226/232] Building C object CMakeFiles/tests.dir/src/package/package_git.c.obj
2026-10-02T17:26:21.8628564Z [227/232] Building C object CMakeFiles/tests.dir/src/package/lfs/package_lfs.c.obj
2026-10-02T17:26:23.8189639Z [228/232] Building C object CMakeFiles/tests.dir/tests/unit/_all_.c.obj
2026-10-02T17:26:29.0993028Z [229/232] Linking C executable bin\sn.exe
2026-10-02T17:26:36.2113819Z [230/232] Linking C executable bin\tests.exe
2026-10-02T17:26:36.3652763Z [231/232] Staging compiler artifacts in bin
2026-10-02T17:26:36.3955325Z 
2026-10-02T17:26:36.4180770Z Build complete!
2026-10-02T17:26:36.4399218Z Compiler: bin/sn.exe
2026-10-02T17:26:36.4622777Z ##[group]Run if [ ! -f "bin/sn.exe" ]; then
2026-10-02T17:26:36.4623472Z [36;1mif [ ! -f "bin/sn.exe" ]; then[0m
2026-10-02T17:26:36.4623824Z [36;1m  echo "ERROR: bin/sn.exe not found"[0m
2026-10-02T17:26:36.4624087Z [36;1m  exit 1[0m
2026-10-02T17:26:36.4624257Z [36;1mfi[0m
2026-10-02T17:26:36.4641068Z shell: C:\Program Files\Git\bin\bash.EXE --noprofile --norc -e -o pipefail {0}
2026-10-02T17:26:36.4641521Z env:
2026-10-02T17:26:36.4641729Z   VCPKG_ROOT: C:/Users/runneradmin/vcpkg
2026-10-02T17:26:36.4641986Z ##[endgroup]
2026-10-02T17:26:36.5226555Z ##[group]Run overall_rc=0
2026-10-02T17:26:36.5226907Z [36;1moverall_rc=0[0m
2026-10-02T17:26:36.5227108Z [36;1m[0m
2026-10-02T17:26:36.5227273Z [36;1mrun_gate() {[0m
2026-10-02T17:26:36.5227472Z [36;1m  gate_name="$1"[0m
2026-10-02T17:26:36.5227665Z [36;1m  shift[0m
2026-10-02T17:26:36.5227852Z [36;1m  echo "::group::$gate_name"[0m
2026-10-02T17:26:36.5228084Z [36;1m  if "$@"; then[0m
2026-10-02T17:26:36.5228275Z [36;1m    gate_rc=0[0m
2026-10-02T17:26:36.5228458Z [36;1m  else[0m
2026-10-02T17:26:36.5228852Z [36;1m    gate_rc=$?[0m
2026-10-02T17:26:36.5229051Z [36;1m  fi[0m
2026-10-02T17:26:36.5229230Z [36;1m  echo "::endgroup::"[0m
2026-10-02T17:26:36.5229462Z [36;1m  if [ "$gate_rc" -eq 0 ]; then[0m
2026-10-02T17:26:36.5229769Z [36;1m    echo "- PASS: $gate_name" >> "$GITHUB_STEP_SUMMARY"[0m
2026-10-02T17:26:36.5230068Z [36;1m  else[0m
2026-10-02T17:26:36.5230385Z [36;1m    echo "- FAIL: $gate_name (exit $gate_rc)" >> "$GITHUB_STEP_SUMMARY"[0m
2026-10-02T17:26:36.5230724Z [36;1m    overall_rc=1[0m
2026-10-02T17:26:36.5230914Z [36;1m  fi[0m
2026-10-02T17:26:36.5231072Z [36;1m}[0m
2026-10-02T17:26:36.5231217Z [36;1m[0m
2026-10-02T17:26:36.5231452Z [36;1mrun_gate "tagged native C/Rust parity (6 fixtures)" \[0m
2026-10-02T17:26:36.5231883Z [36;1m  python3 scripts/run_rust_tests.py rust-native-tagged --verbose \[0m
2026-10-02T17:26:36.5232273Z [36;1m    --require-count 6 --fail-on-skip[0m
2026-10-02T17:26:36.5232651Z [36;1mrun_gate "native scalar ABI and raw bool/char fixture (12 fixtures)" \[0m
2026-10-02T17:26:36.5233125Z [36;1m  python3 scripts/run_rust_tests.py rust-native-extra --verbose \[0m
2026-10-02T17:26:36.5233608Z [36;1m    --require-count 12 --fail-on-skip[0m
2026-10-02T17:26:36.5233990Z [36;1mrun_gate "imported native alias origin (1 fixture)" \[0m
2026-10-02T17:26:36.5234408Z [36;1m  python3 scripts/run_rust_tests.py rust-native-origin --verbose \[0m
2026-10-02T17:26:36.5234791Z [36;1m    --require-count 1 --fail-on-skip[0m
2026-10-02T17:26:36.5235360Z [36;1mecho "Unix byte coverage requires 30 raw-output C/Rust pairs (60 target executions) plus 3 Rust-only raw-byte argv executions."[0m
2026-10-02T17:26:36.5236248Z [36;1mecho "Windows byte coverage requires 30 exact C/Rust text-mode raw-output pairs plus 3 Rust-only UTF-16/WTF-8 argv executions."[0m
2026-10-02T17:26:36.5236879Z [36;1mrun_gate "platform-specific raw byte-string behavior" \[0m
2026-10-02T17:26:36.5237241Z [36;1m  python3 tests/rgen/byte_string_compare.py[0m
2026-10-02T17:26:36.5238043Z [36;1mrun_gate "exact Rust/C text output, native flush, and diagnostics" \[0m
2026-10-02T17:26:36.5238489Z [36;1m  python3 tests/rgen/windows_text_transport_compare.py[0m
2026-10-02T17:26:36.5238862Z [36;1mrun_gate "indexed member Rust runtime composition" \[0m
2026-10-02T17:26:36.5239321Z [36;1m  python3 scripts/run_rust_tests.py rgen --filter indexed_member_assignment \[0m
2026-10-02T17:26:36.5239765Z [36;1m    --verbose --require-count 1 --fail-on-skip[0m
2026-10-02T17:26:36.5240209Z [36;1mrun_gate "Windows text helper logic" \[0m
2026-10-02T17:26:36.5240650Z [36;1m  python3 tests/rgen/windows_text_helpers.py[0m
2026-10-02T17:26:36.5241114Z [36;1mrun_gate "complete Rust generation, diagnostics, native, closure and toolchain suites" \[0m
2026-10-02T17:26:36.5241647Z [36;1m  python3 scripts/run_rust_tests.py all --verbose --fail-on-skip[0m
2026-10-02T17:26:36.5242073Z [36;1mrun_gate "core C/Rust differential coverage at O0/O1/O2" \[0m
2026-10-02T17:26:36.5242411Z [36;1m  make test-rust-parity-core[0m
2026-10-02T17:26:36.5242646Z [36;1m[0m
2026-10-02T17:26:36.5242808Z [36;1mexit "$overall_rc"[0m
2026-10-02T17:26:36.5259613Z shell: C:\Program Files\Git\bin\bash.EXE --noprofile --norc -e -o pipefail {0}
2026-10-02T17:26:36.5259997Z env:
2026-10-02T17:26:36.5260258Z   VCPKG_ROOT: C:/Users/runneradmin/vcpkg
2026-10-02T17:26:36.5260696Z   SN_CC: clang
2026-10-02T17:26:36.5262965Z   SN_CFLAGS: --target=x86_64-w64-mingw32 -fuse-ld=lld -rtlib=compiler-rt -unwindlib=none
2026-10-02T17:26:36.5263453Z   SN_RELEASE_CFLAGS: -O3
2026-10-02T17:26:36.5263762Z   SN_RUSTFLAGS: --target=x86_64-pc-windows-gnullvm -C linker=clang
2026-10-02T17:26:36.5264090Z   SN_EXCLUDE_TESTS: 
2026-10-02T17:26:36.5264283Z   PYTHONUNBUFFERED: 1
2026-10-02T17:26:36.5264471Z ##[endgroup]
2026-10-02T17:26:36.5624675Z ##[group]tagged native C/Rust parity (6 fixtures)
2026-10-02T17:26:38.1292597Z Compiler: D:\a\sindarin-compiler\sindarin-compiler\bin\sn.exe
2026-10-02T17:26:38.1293448Z Platform: Windows
2026-10-02T17:26:38.1293698Z Parallel: 4 workers
2026-10-02T17:26:38.1307059Z 
2026-10-02T17:26:38.1307462Z Tagged Native Scalar/Source/Link Parity Tests
2026-10-02T17:26:38.1307860Z ============================================================
2026-10-02T17:26:38.1353971Z   Running 6 tests with 4 workers...
2026-10-02T17:26:40.4340528Z 
2026-10-02T17:26:40.4341323Z                                                             
2026-10-02T17:26:40.4341638Z 
2026-10-02T17:26:40.4341764Z ------------------------------------------------------------
2026-10-02T17:26:40.4342125Z Results: 6 passed, 0 failed, 0 skipped  (2.30s)
2026-10-02T17:26:40.4382337Z 
2026-10-02T17:26:40.4382690Z All tests passed!  (total: 2.30s)
2026-10-02T17:26:40.4626005Z ##[endgroup]
2026-10-02T17:26:40.4633944Z ##[group]native scalar ABI and raw bool/char fixture (12 fixtures)
2026-10-02T17:26:40.6063433Z Compiler: D:\a\sindarin-compiler\sindarin-compiler\bin\sn.exe
2026-10-02T17:26:40.6063832Z Platform: Windows
2026-10-02T17:26:40.6064068Z Parallel: 4 workers
2026-10-02T17:26:40.6071277Z 
2026-10-02T17:26:40.6071552Z Post-Tag Rust Native Extra Coverage
2026-10-02T17:26:40.6071979Z ============================================================
2026-10-02T17:26:40.6144066Z   Running 12 tests with 4 workers...
2026-10-02T17:26:49.4241385Z 
2026-10-02T17:26:49.4241979Z                                                             
2026-10-02T17:26:49.4242878Z   native_flush_parameter_collision              FAIL (c -O0 -g run exit code: 3221225477)  (5.36s)
2026-10-02T17:26:49.4243558Z     expected: 0
2026-10-02T17:26:49.4244088Z     ==1852==interception_win: unhandled instruction at 0x7ffb99d72f70: 44 0f b6 1a 4c 8b d2 48
2026-10-02T17:26:49.4245040Z     ==1852==interception_win: unhandled instruction at 0x7ffb99d72f70: 44 0f b6 1a 4c 8b d2 48
2026-10-02T17:26:49.4245692Z     
2026-10-02T17:26:49.4246158Z   scalar_bool_char                              FAIL (c -O0 -g run exit code: 3221225477)  (5.84s)
2026-10-02T17:26:49.4246830Z     expected: 0
2026-10-02T17:26:49.4247262Z     ==1492==interception_win: unhandled instruction at 0x7ffb99d72f70: 44 0f b6 1a 4c 8b d2 48
2026-10-02T17:26:49.4247816Z     ==1492==interception_win: unhandled instruction at 0x7ffb99d72f70: 44 0f b6 1a 4c 8b d2 48
2026-10-02T17:26:49.4248193Z     
2026-10-02T17:26:49.4248490Z   scalar_pointer_bridge                         FAIL (c -O0 -g run exit code: 3221225477)  (4.02s)
2026-10-02T17:26:49.4248858Z     expected: 0
2026-10-02T17:26:49.4249192Z     ==504==interception_win: unhandled instruction at 0x7ffb99d72f70: 44 0f b6 1a 4c 8b d2 48
2026-10-02T17:26:49.4249731Z     ==504==interception_win: unhandled instruction at 0x7ffb99d72f70: 44 0f b6 1a 4c 8b d2 48
2026-10-02T17:26:49.4250102Z     
2026-10-02T17:26:49.4250392Z   scalar_tagged_char_control                    FAIL (c -O0 -g run exit code: 3221225477)  (3.18s)
2026-10-02T17:26:49.4250770Z     expected: 0
2026-10-02T17:26:49.4251096Z     ==4300==interception_win: unhandled instruction at 0x7ffb99d72f70: 44 0f b6 1a 4c 8b d2 48
2026-10-02T17:26:49.4251655Z     ==4300==interception_win: unhandled instruction at 0x7ffb99d72f70: 44 0f b6 1a 4c 8b d2 48
2026-10-02T17:26:49.4252031Z     
2026-10-02T17:26:49.4252121Z 
2026-10-02T17:26:49.4252235Z ------------------------------------------------------------
2026-10-02T17:26:49.4252543Z Results: 8 passed, 4 failed, 0 skipped  (8.82s)
2026-10-02T17:26:49.4620279Z 
2026-10-02T17:26:49.4620526Z Some tests failed!  (total: 8.82s)
2026-10-02T17:26:49.4745347Z ##[endgroup]
2026-10-02T17:26:49.4751300Z ##[group]imported native alias origin (1 fixture)
2026-10-02T17:26:49.6151849Z Compiler: D:\a\sindarin-compiler\sindarin-compiler\bin\sn.exe
2026-10-02T17:26:49.6152234Z Platform: Windows
2026-10-02T17:26:49.6152436Z Parallel: 4 workers
2026-10-02T17:26:49.6160076Z 
2026-10-02T17:26:49.6160328Z Rust Native Imported-Origin Extra Coverage
2026-10-02T17:26:49.6160666Z ============================================================
2026-10-02T17:26:49.6164671Z   Running 1 tests with 4 workers...
2026-10-02T17:26:50.1818448Z 
2026-10-02T17:26:50.1818981Z                                                             
2026-10-02T17:26:50.1819361Z 
2026-10-02T17:26:50.1819563Z ------------------------------------------------------------
2026-10-02T17:26:50.1820671Z Results: 1 passed, 0 failed, 0 skipped  (566ms)
2026-10-02T17:26:50.1827355Z 
2026-10-02T17:26:50.1827611Z All tests passed!  (total: 566ms)
2026-10-02T17:26:50.1950875Z ##[endgroup]
2026-10-02T17:26:50.1955275Z Unix byte coverage requires 30 raw-output C/Rust pairs (60 target executions) plus 3 Rust-only raw-byte argv executions.
2026-10-02T17:26:50.1957120Z Windows byte coverage requires 30 exact C/Rust text-mode raw-output pairs plus 3 Rust-only UTF-16/WTF-8 argv executions.
2026-10-02T17:26:50.1958090Z ##[group]platform-specific raw byte-string behavior
2026-10-02T17:26:52.6032151Z PASS array_text_utf8: Windows C/Rust text-mode exact raw bytes O0/O1/O2
2026-10-02T17:26:55.1567806Z PASS byte_array_to_string: Windows C/Rust text-mode exact raw bytes O0/O1/O2
2026-10-02T17:26:57.8998212Z PASS split_empty_utf8: Windows C/Rust text-mode exact raw bytes O0/O1/O2
2026-10-02T17:27:00.4036459Z PASS string_apis: Windows C/Rust text-mode exact raw bytes O0/O1/O2
2026-10-02T17:27:02.6658710Z PASS struct_text_bytes: Windows C/Rust text-mode exact raw bytes O0/O1/O2
2026-10-02T17:27:04.7155378Z PASS invalid_utf8_concat: Windows C/Rust text-mode exact raw bytes O0/O1/O2
2026-10-02T17:27:06.7746251Z PASS invalid_utf8_interpolation: Windows C/Rust text-mode exact raw bytes O0/O1/O2
2026-10-02T17:27:08.9382273Z PASS invalid_utf8_literal: Windows C/Rust text-mode exact raw bytes O0/O1/O2
2026-10-02T17:27:11.0304628Z PASS invalid_utf8_pattern: Windows C/Rust text-mode exact raw bytes O0/O1/O2
2026-10-02T17:27:13.1032360Z PASS invalid_utf8_result: Windows C/Rust text-mode exact raw bytes O0/O1/O2
2026-10-02T17:27:14.7840218Z PASS raw_argv: Windows Rust O0/O1/O2 UTF-16/WTF-8 argument transport
2026-10-02T17:27:14.7841362Z PASS: 30 Windows C/Rust raw-output pairs (60 target executions) + 3 Rust-only Windows UTF-16/WTF-8 argv executions
2026-10-02T17:27:14.8426269Z ##[endgroup]
2026-10-02T17:27:14.8430614Z ##[group]exact Rust/C text output, native flush, and diagnostics
2026-10-02T17:27:17.3167895Z PASS native initializer/body/return printing and C flush: 2 target executions
2026-10-02T17:27:17.3168841Z PASS native C output ordered between Rust writes: 2 target executions
2026-10-02T17:27:17.3169543Z PASS checked diagnostic stderr/status: 2 target executions
2026-10-02T17:27:17.3253983Z ##[endgroup]
2026-10-02T17:27:17.3258504Z ##[group]indexed member Rust runtime composition
2026-10-02T17:27:17.4666183Z Compiler: D:\a\sindarin-compiler\sindarin-compiler\bin\sn.exe
2026-10-02T17:27:17.4666583Z Platform: Windows
2026-10-02T17:27:17.4666776Z Parallel: 4 workers
2026-10-02T17:27:17.4676176Z 
2026-10-02T17:27:17.4676433Z Rust Generation Tests
2026-10-02T17:27:17.4676858Z ============================================================
2026-10-02T17:27:17.4716187Z   Running 1 tests with 4 workers...
2026-10-02T17:27:18.1463194Z 
2026-10-02T17:27:18.1463749Z                                                             
2026-10-02T17:27:18.1464163Z 
2026-10-02T17:27:18.1464388Z ------------------------------------------------------------
2026-10-02T17:27:18.1464987Z Results: 1 passed, 0 failed, 0 skipped  (679ms)
2026-10-02T17:27:18.1473906Z 
2026-10-02T17:27:18.1474141Z All tests passed!  (total: 679ms)
2026-10-02T17:27:18.1600040Z ##[endgroup]
2026-10-02T17:27:18.1605384Z ##[group]Windows text helper logic
2026-10-02T17:27:19.6993502Z PASS Windows helper logic: scalar formatting, LF/CRLF, raw bytes, stderr
2026-10-02T17:27:19.7067897Z ##[endgroup]
2026-10-02T17:27:19.7074650Z ##[group]complete Rust generation, diagnostics, native, closure and toolchain suites
2026-10-02T17:27:19.8636491Z Compiler: D:\a\sindarin-compiler\sindarin-compiler\bin\sn.exe
2026-10-02T17:27:19.8637620Z Platform: Windows
2026-10-02T17:27:19.8637952Z Parallel: 4 workers
2026-10-02T17:27:19.8647407Z 
2026-10-02T17:27:19.8647734Z Rust Generation Tests
2026-10-02T17:27:19.8648150Z ============================================================
2026-10-02T17:27:19.8742542Z   Running 316 tests with 4 workers...
2026-10-02T17:28:26.6962858Z 
2026-10-02T17:28:26.6987515Z                                                             
2026-10-02T17:28:26.6988690Z   invalid_utf8_concat                           FAIL (raw output mismatch)  (715ms)
2026-10-02T17:28:26.6989326Z     expected hex: 76616c6964af0a
2026-10-02T17:28:26.6990063Z     got hex:      76616c6964af0d0a
2026-10-02T17:28:26.6990869Z   invalid_utf8_interpolation                    FAIL (raw output mismatch)  (797ms)
2026-10-02T17:28:26.6991502Z     expected hex: 696e76616c69643a20af0a
2026-10-02T17:28:26.6991911Z     got hex:      696e76616c69643a20af0d0a
2026-10-02T17:28:26.6992470Z   invalid_utf8_result                           FAIL (raw output mismatch)  (747ms)
2026-10-02T17:28:26.6993066Z     expected hex: af0a
2026-10-02T17:28:26.6993378Z     got hex:      af0d0a
2026-10-02T17:28:26.6993588Z 
2026-10-02T17:28:26.6993769Z ------------------------------------------------------------
2026-10-02T17:28:26.6994311Z Results: 313 passed, 3 failed, 0 skipped  (66.83s)
2026-10-02T17:28:26.7123882Z 
2026-10-02T17:28:26.7125919Z Rust Generation Error Tests
2026-10-02T17:28:26.7126430Z ============================================================
2026-10-02T17:28:26.7177477Z   Running 179 tests with 4 workers...
2026-10-02T17:28:27.7119950Z 
2026-10-02T17:28:27.7129626Z                                                             
2026-10-02T17:28:27.7129962Z 
2026-10-02T17:28:27.7130115Z ------------------------------------------------------------
2026-10-02T17:28:27.7130544Z Results: 179 passed, 0 failed, 0 skipped  (1.00s)
2026-10-02T17:28:27.7132673Z 
2026-10-02T17:28:27.7133076Z Tagged Native Scalar/Source/Link Parity Tests
2026-10-02T17:28:27.7133672Z ============================================================
2026-10-02T17:28:27.7135658Z   Running 6 tests with 4 workers...
2026-10-02T17:28:30.1175048Z 
2026-10-02T17:28:30.1175956Z                                                             
2026-10-02T17:28:30.1176430Z 
2026-10-02T17:28:30.1176638Z ------------------------------------------------------------
2026-10-02T17:28:30.1177253Z Results: 6 passed, 0 failed, 0 skipped  (2.40s)
2026-10-02T17:28:30.1177616Z 
2026-10-02T17:28:30.1177774Z Post-Tag Rust Native Extra Coverage
2026-10-02T17:28:30.1178168Z ============================================================
2026-10-02T17:28:30.1187178Z   Running 12 tests with 4 workers...
2026-10-02T17:28:39.8025584Z 
2026-10-02T17:28:39.8027026Z                                                             
2026-10-02T17:28:39.8028516Z   native_flush_parameter_collision              FAIL (c -O0 -g run exit code: 3221225477)  (5.89s)
2026-10-02T17:28:39.8029610Z     expected: 0
2026-10-02T17:28:39.8030491Z     ==5764==interception_win: unhandled instruction at 0x7ffb99d72f70: 44 0f b6 1a 4c 8b d2 48
2026-10-02T17:28:39.8031762Z     ==5764==interception_win: unhandled instruction at 0x7ffb99d72f70: 44 0f b6 1a 4c 8b d2 48
2026-10-02T17:28:39.8032540Z     
2026-10-02T17:28:39.8033225Z   scalar_bool_char                              FAIL (c -O0 -g run exit code: 3221225477)  (6.66s)
2026-10-02T17:28:39.8034443Z     expected: 0
2026-10-02T17:28:39.8035241Z     ==8620==interception_win: unhandled instruction at 0x7ffb99d72f70: 44 0f b6 1a 4c 8b d2 48
2026-10-02T17:28:39.8036534Z     ==8620==interception_win: unhandled instruction at 0x7ffb99d72f70: 44 0f b6 1a 4c 8b d2 48
2026-10-02T17:28:39.8037241Z     
2026-10-02T17:28:39.8037759Z   scalar_pointer_bridge                         FAIL (c -O0 -g run exit code: 3221225477)  (4.73s)
2026-10-02T17:28:39.8038454Z     expected: 0
2026-10-02T17:28:39.8039020Z     ==8972==interception_win: unhandled instruction at 0x7ffb99d72f70: 44 0f b6 1a 4c 8b d2 48
2026-10-02T17:28:39.8040359Z     ==8972==interception_win: unhandled instruction at 0x7ffb99d72f70: 44 0f b6 1a 4c 8b d2 48
2026-10-02T17:28:39.8040988Z     
2026-10-02T17:28:39.8041451Z   scalar_tagged_char_control                    FAIL (c -O0 -g run exit code: 3221225477)  (3.85s)
2026-10-02T17:28:39.8042167Z     expected: 0
2026-10-02T17:28:39.8042592Z     ==3396==interception_win: unhandled instruction at 0x7ffb99d72f70: 44 0f b6 1a 4c 8b d2 48
2026-10-02T17:28:39.8043159Z     ==3396==interception_win: unhandled instruction at 0x7ffb99d72f70: 44 0f b6 1a 4c 8b d2 48
2026-10-02T17:28:39.8043540Z     
2026-10-02T17:28:39.8043629Z 
2026-10-02T17:28:39.8043753Z ------------------------------------------------------------
2026-10-02T17:28:39.8044069Z Results: 8 passed, 4 failed, 0 skipped  (9.69s)
2026-10-02T17:28:39.8044264Z 
2026-10-02T17:28:39.8044370Z Rust Native Imported-Origin Extra Coverage
2026-10-02T17:28:39.8044642Z ============================================================
2026-10-02T17:28:39.8045280Z   Running 1 tests with 4 workers...
2026-10-02T17:28:40.3694108Z 
2026-10-02T17:28:40.3694616Z                                                             
2026-10-02T17:28:40.3695415Z 
2026-10-02T17:28:40.3695641Z ------------------------------------------------------------
2026-10-02T17:28:40.3696258Z Results: 1 passed, 0 failed, 0 skipped  (566ms)
2026-10-02T17:28:40.3696644Z 
2026-10-02T17:28:40.3696838Z Rust Native Scalar Error Tests
2026-10-02T17:28:40.3697251Z ============================================================
2026-10-02T17:28:40.3698778Z   Running 2 tests with 4 workers...
2026-10-02T17:28:40.4417114Z 
2026-10-02T17:28:40.4417655Z                                                             
2026-10-02T17:28:40.4418047Z 
2026-10-02T17:28:40.4418255Z ------------------------------------------------------------
2026-10-02T17:28:40.4418789Z Results: 2 passed, 0 failed, 0 skipped  (72ms)
2026-10-02T17:28:40.4419046Z 
2026-10-02T17:28:40.4419168Z Rust Closure Value Tests
2026-10-02T17:28:40.4419402Z ============================================================
2026-10-02T17:28:40.4432747Z   Running 36 tests with 4 workers...
2026-10-02T17:28:49.2545048Z 
2026-10-02T17:28:49.2546854Z                                                             
2026-10-02T17:28:49.2547222Z 
2026-10-02T17:28:49.2547354Z ------------------------------------------------------------
2026-10-02T17:28:49.2547874Z Results: 36 passed, 0 failed, 0 skipped  (8.81s)
2026-10-02T17:28:49.2548224Z 
2026-10-02T17:28:49.2548370Z Rust Closure Value Error Tests
2026-10-02T17:28:49.2548644Z ============================================================
2026-10-02T17:28:49.2550849Z   Running 1 tests with 4 workers...
2026-10-02T17:28:49.2695645Z 
2026-10-02T17:28:49.2696237Z                                                             
2026-10-02T17:28:49.2696633Z 
2026-10-02T17:28:49.2696835Z ------------------------------------------------------------
2026-10-02T17:28:49.2697391Z Results: 1 passed, 0 failed, 0 skipped  (15ms)
2026-10-02T17:28:49.2697741Z 
2026-10-02T17:28:49.2697926Z Rust Toolchain and Artifact Lifecycle Tests
2026-10-02T17:28:49.2698407Z ============================================================
2026-10-02T17:28:49.3202560Z   subprocess_utf8_boundary                      PASS  (49ms)
2026-10-02T17:28:49.5554270Z   rustc_invocation_records                      PASS  (235ms)
2026-10-02T17:28:49.6098986Z   pure_rust_has_no_c_dependency                 PASS  (54ms)
2026-10-02T17:28:49.6257544Z   native_emit_requires_bundle                   PASS  (16ms)
2026-10-02T17:28:49.6258452Z   native_c_link_driver_contract                 FAIL (native C-link-driver assertions unmet)
2026-10-02T17:28:49.6259353Z     Windows C-driver argv capture remains a required platform validation
2026-10-02T17:28:50.5865327Z   native_debug_sanitizer_link                   FAIL (native debug assertions unmet)
2026-10-02T17:28:50.5866626Z     native debug executable exited 3221225477: '==7996==interception_win: unhandled instruction at 0x7ffb99d72f70: 44 0f b6 1a 4c 8b d2 48\n==7996==interception_win: unhandled instruction at 0x7ffb99d72f70: 44 0f b6 1a 4c 8b d2 48\n'
2026-10-02T17:28:50.7717467Z   native_compile_and_link_failures              PASS  (185ms)
2026-10-02T17:28:50.7912804Z   missing_rustc                                 PASS  (20ms)
2026-10-02T17:28:50.8175475Z   failing_rustc                                 PASS  (26ms)
2026-10-02T17:28:50.9321129Z   failing_rustc_build                           PASS  (114ms)
2026-10-02T17:28:51.0403849Z   rust_generated_artifact_lifecycle             PASS  (108ms)
2026-10-02T17:28:52.8463755Z   rust_native_artifact_lifecycle                PASS  (1.81s)
2026-10-02T17:28:52.8578956Z 
2026-10-02T17:28:52.8579248Z ------------------------------------------------------------
2026-10-02T17:28:52.8579624Z Results: 10 passed, 2 failed  (3.59s)
2026-10-02T17:28:53.1453852Z 
2026-10-02T17:28:53.1454307Z Some tests failed!  (total: 92.98s)
2026-10-02T17:28:53.1586365Z ##[endgroup]
2026-10-02T17:28:53.1590922Z ##[group]core C/Rust differential coverage at O0/O1/O2
2026-10-02T17:28:53.2642219Z Building Sindarin compiler...
2026-10-02T17:28:53.2880585Z Platform: windows
2026-10-02T17:28:53.3128373Z Generator: Ninja
2026-10-02T17:28:53.3147592Z cmake -S . -B build -G "Ninja" \
2026-10-02T17:28:53.3148403Z 	-DCMAKE_BUILD_TYPE=Release \
2026-10-02T17:28:53.3148952Z 	-DCMAKE_C_COMPILER=clang
2026-10-02T17:28:53.5217569Z -- Up-to-date: D:/a/sindarin-compiler/sindarin-compiler/bin/sn.linux.cfg
2026-10-02T17:28:53.5219306Z -- Up-to-date: D:/a/sindarin-compiler/sindarin-compiler/bin/sn.darwin.cfg
2026-10-02T17:28:53.5220972Z -- Up-to-date: D:/a/sindarin-compiler/sindarin-compiler/bin/sn.windows.cfg
2026-10-02T17:28:53.5242979Z -- Installing: D:/a/sindarin-compiler/sindarin-compiler/bin/include/runtime/sn_arith.h
2026-10-02T17:28:53.5247850Z -- Installing: D:/a/sindarin-compiler/sindarin-compiler/bin/include/runtime/sn_array.h
2026-10-02T17:28:53.5252764Z -- Installing: D:/a/sindarin-compiler/sindarin-compiler/bin/include/runtime/sn_byte.h
2026-10-02T17:28:53.5257082Z -- Installing: D:/a/sindarin-compiler/sindarin-compiler/bin/include/runtime/sn_conv.h
2026-10-02T17:28:53.5262408Z -- Installing: D:/a/sindarin-compiler/sindarin-compiler/bin/include/runtime/sn_core.h
2026-10-02T17:28:53.5266847Z -- Installing: D:/a/sindarin-compiler/sindarin-compiler/bin/include/runtime/sn_minimal.h
2026-10-02T17:28:53.5271262Z -- Installing: D:/a/sindarin-compiler/sindarin-compiler/bin/include/runtime/sn_reflect.h
2026-10-02T17:28:53.5275637Z -- Installing: D:/a/sindarin-compiler/sindarin-compiler/bin/include/runtime/sn_serial.h
2026-10-02T17:28:53.5281461Z -- Installing: D:/a/sindarin-compiler/sindarin-compiler/bin/include/runtime/sn_string.h
2026-10-02T17:28:53.5285772Z -- Installing: D:/a/sindarin-compiler/sindarin-compiler/bin/include/runtime/sn_thread.h
2026-10-02T17:28:53.5290457Z -- Installing: D:/a/sindarin-compiler/sindarin-compiler/bin/include/minimal/sn_arith.h
2026-10-02T17:28:53.5294712Z -- Installing: D:/a/sindarin-compiler/sindarin-compiler/bin/include/minimal/sn_array.h
2026-10-02T17:28:53.5299957Z -- Installing: D:/a/sindarin-compiler/sindarin-compiler/bin/include/minimal/sn_byte.h
2026-10-02T17:28:53.5304203Z -- Installing: D:/a/sindarin-compiler/sindarin-compiler/bin/include/minimal/sn_conv.h
2026-10-02T17:28:53.5308974Z -- Installing: D:/a/sindarin-compiler/sindarin-compiler/bin/include/minimal/sn_core.h
2026-10-02T17:28:53.5313114Z -- Installing: D:/a/sindarin-compiler/sindarin-compiler/bin/include/minimal/sn_minimal.h
2026-10-02T17:28:53.5318047Z -- Installing: D:/a/sindarin-compiler/sindarin-compiler/bin/include/minimal/sn_reflect.h
2026-10-02T17:28:53.5322526Z -- Installing: D:/a/sindarin-compiler/sindarin-compiler/bin/include/minimal/sn_serial.h
2026-10-02T17:28:53.5327204Z -- Installing: D:/a/sindarin-compiler/sindarin-compiler/bin/include/minimal/sn_string.h
2026-10-02T17:28:53.5331476Z -- Installing: D:/a/sindarin-compiler/sindarin-compiler/bin/include/minimal/sn_thread.h
2026-10-02T17:28:53.5338154Z -- Up-to-date: D:/a/sindarin-compiler/sindarin-compiler/bin/include/platform/compat_dirent.h
2026-10-02T17:28:53.5339314Z -- Up-to-date: D:/a/sindarin-compiler/sindarin-compiler/bin/include/platform/compat_io.h
2026-10-02T17:28:53.5340770Z -- Up-to-date: D:/a/sindarin-compiler/sindarin-compiler/bin/include/platform/compat_net.h
2026-10-02T17:28:53.5341951Z -- Up-to-date: D:/a/sindarin-compiler/sindarin-compiler/bin/include/platform/compat_pthread.h
2026-10-02T17:28:53.5343394Z -- Up-to-date: D:/a/sindarin-compiler/sindarin-compiler/bin/include/platform/compat_time.h
2026-10-02T17:28:53.5344696Z -- Up-to-date: D:/a/sindarin-compiler/sindarin-compiler/bin/include/platform/compat_windows.h
2026-10-02T17:28:53.5346099Z -- Up-to-date: D:/a/sindarin-compiler/sindarin-compiler/bin/include/platform/platform.h
2026-10-02T17:28:53.5380689Z -- Found libs submodule: D:/a/sindarin-compiler/sindarin-compiler/.sn/sindarin-pkg-libs/libs/windows
2026-10-02T17:28:53.5382313Z --   Copying zlib headers...
2026-10-02T17:28:53.5382825Z -- Up-to-date: D:/a/sindarin-compiler/sindarin-compiler/bin/deps/include/zlib.h
2026-10-02T17:28:53.5384688Z -- Up-to-date: D:/a/sindarin-compiler/sindarin-compiler/bin/deps/include/zconf.h
2026-10-02T17:28:53.5385236Z --   Copying yyjson headers...
2026-10-02T17:28:53.5387101Z -- Up-to-date: D:/a/sindarin-compiler/sindarin-compiler/bin/deps/include/yyjson.h
2026-10-02T17:28:53.5387700Z --   Copying json-c headers...
2026-10-02T17:28:53.5389665Z -- Up-to-date: D:/a/sindarin-compiler/sindarin-compiler/bin/deps/include/json-c
2026-10-02T17:28:53.5392005Z -- Up-to-date: D:/a/sindarin-compiler/sindarin-compiler/bin/deps/include/json-c/arraylist.h
2026-10-02T17:28:53.5393570Z -- Up-to-date: D:/a/sindarin-compiler/sindarin-compiler/bin/deps/include/json-c/debug.h
2026-10-02T17:28:53.5395106Z -- Up-to-date: D:/a/sindarin-compiler/sindarin-compiler/bin/deps/include/json-c/json.h
2026-10-02T17:28:53.5397032Z -- Up-to-date: D:/a/sindarin-compiler/sindarin-compiler/bin/deps/include/json-c/json_config.h
2026-10-02T17:28:53.5398584Z -- Up-to-date: D:/a/sindarin-compiler/sindarin-compiler/bin/deps/include/json-c/json_c_version.h
2026-10-02T17:28:53.5400317Z -- Up-to-date: D:/a/sindarin-compiler/sindarin-compiler/bin/deps/include/json-c/json_inttypes.h
2026-10-02T17:28:53.5401948Z -- Up-to-date: D:/a/sindarin-compiler/sindarin-compiler/bin/deps/include/json-c/json_object.h
2026-10-02T17:28:53.5403612Z -- Up-to-date: D:/a/sindarin-compiler/sindarin-compiler/bin/deps/include/json-c/json_object_iterator.h
2026-10-02T17:28:53.5405154Z -- Up-to-date: D:/a/sindarin-compiler/sindarin-compiler/bin/deps/include/json-c/json_patch.h
2026-10-02T17:28:53.5406730Z -- Up-to-date: D:/a/sindarin-compiler/sindarin-compiler/bin/deps/include/json-c/json_pointer.h
2026-10-02T17:28:53.5408367Z -- Up-to-date: D:/a/sindarin-compiler/sindarin-compiler/bin/deps/include/json-c/json_tokener.h
2026-10-02T17:28:53.5409936Z -- Up-to-date: D:/a/sindarin-compiler/sindarin-compiler/bin/deps/include/json-c/json_types.h
2026-10-02T17:28:53.5411656Z -- Up-to-date: D:/a/sindarin-compiler/sindarin-compiler/bin/deps/include/json-c/json_util.h
2026-10-02T17:28:53.5413215Z -- Up-to-date: D:/a/sindarin-compiler/sindarin-compiler/bin/deps/include/json-c/json_visit.h
2026-10-02T17:28:53.5414700Z -- Up-to-date: D:/a/sindarin-compiler/sindarin-compiler/bin/deps/include/json-c/linkhash.h
2026-10-02T17:28:53.5416433Z -- Up-to-date: D:/a/sindarin-compiler/sindarin-compiler/bin/deps/include/json-c/printbuf.h
2026-10-02T17:28:53.5417462Z --   Copying libxml2 headers...
2026-10-02T17:28:53.5419536Z -- Up-to-date: D:/a/sindarin-compiler/sindarin-compiler/bin/deps/include/libxml
2026-10-02T17:28:53.5422137Z -- Up-to-date: D:/a/sindarin-compiler/sindarin-compiler/bin/deps/include/libxml/c14n.h
2026-10-02T17:28:53.5423753Z -- Up-to-date: D:/a/sindarin-compiler/sindarin-compiler/bin/deps/include/libxml/catalog.h
2026-10-02T17:28:53.5425382Z -- Up-to-date: D:/a/sindarin-compiler/sindarin-compiler/bin/deps/include/libxml/chvalid.h
2026-10-02T17:28:53.5427079Z -- Up-to-date: D:/a/sindarin-compiler/sindarin-compiler/bin/deps/include/libxml/debugXML.h
2026-10-02T17:28:53.5428653Z -- Up-to-date: D:/a/sindarin-compiler/sindarin-compiler/bin/deps/include/libxml/dict.h
2026-10-02T17:28:53.5430296Z -- Up-to-date: D:/a/sindarin-compiler/sindarin-compiler/bin/deps/include/libxml/encoding.h
2026-10-02T17:28:53.5431879Z -- Up-to-date: D:/a/sindarin-compiler/sindarin-compiler/bin/deps/include/libxml/entities.h
2026-10-02T17:28:53.5433496Z -- Up-to-date: D:/a/sindarin-compiler/sindarin-compiler/bin/deps/include/libxml/globals.h
2026-10-02T17:28:53.5435390Z -- Up-to-date: D:/a/sindarin-compiler/sindarin-compiler/bin/deps/include/libxml/hash.h
2026-10-02T17:28:53.5437060Z -- Up-to-date: D:/a/sindarin-compiler/sindarin-compiler/bin/deps/include/libxml/HTMLparser.h
2026-10-02T17:28:53.5438766Z -- Up-to-date: D:/a/sindarin-compiler/sindarin-compiler/bin/deps/include/libxml/HTMLtree.h
2026-10-02T17:28:53.5440491Z -- Up-to-date: D:/a/sindarin-compiler/sindarin-compiler/bin/deps/include/libxml/list.h
2026-10-02T17:28:53.5442245Z -- Up-to-date: D:/a/sindarin-compiler/sindarin-compiler/bin/deps/include/libxml/nanoftp.h
2026-10-02T17:28:53.5443751Z -- Up-to-date: D:/a/sindarin-compiler/sindarin-compiler/bin/deps/include/libxml/nanohttp.h
2026-10-02T17:28:53.5445341Z -- Up-to-date: D:/a/sindarin-compiler/sindarin-compiler/bin/deps/include/libxml/parser.h
2026-10-02T17:28:53.5446874Z -- Up-to-date: D:/a/sindarin-compiler/sindarin-compiler/bin/deps/include/libxml/parserInternals.h
2026-10-02T17:28:53.5448521Z -- Up-to-date: D:/a/sindarin-compiler/sindarin-compiler/bin/deps/include/libxml/pattern.h
2026-10-02T17:28:53.5450144Z -- Up-to-date: D:/a/sindarin-compiler/sindarin-compiler/bin/deps/include/libxml/relaxng.h
2026-10-02T17:28:53.5451728Z -- Up-to-date: D:/a/sindarin-compiler/sindarin-compiler/bin/deps/include/libxml/SAX.h
2026-10-02T17:28:53.5453281Z -- Up-to-date: D:/a/sindarin-compiler/sindarin-compiler/bin/deps/include/libxml/SAX2.h
2026-10-02T17:28:53.5454884Z -- Up-to-date: D:/a/sindarin-compiler/sindarin-compiler/bin/deps/include/libxml/schemasInternals.h
2026-10-02T17:28:53.5456648Z -- Up-to-date: D:/a/sindarin-compiler/sindarin-compiler/bin/deps/include/libxml/schematron.h
2026-10-02T17:28:53.5458130Z -- Up-to-date: D:/a/sindarin-compiler/sindarin-compiler/bin/deps/include/libxml/threads.h
2026-10-02T17:28:53.5459747Z -- Up-to-date: D:/a/sindarin-compiler/sindarin-compiler/bin/deps/include/libxml/tree.h
2026-10-02T17:28:53.5461058Z -- Up-to-date: D:/a/sindarin-compiler/sindarin-compiler/bin/deps/include/libxml/uri.h
2026-10-02T17:28:53.5462919Z -- Up-to-date: D:/a/sindarin-compiler/sindarin-compiler/bin/deps/include/libxml/valid.h
2026-10-02T17:28:53.5464488Z -- Up-to-date: D:/a/sindarin-compiler/sindarin-compiler/bin/deps/include/libxml/xinclude.h
2026-10-02T17:28:53.5466042Z -- Up-to-date: D:/a/sindarin-compiler/sindarin-compiler/bin/deps/include/libxml/xlink.h
2026-10-02T17:28:53.5467585Z -- Up-to-date: D:/a/sindarin-compiler/sindarin-compiler/bin/deps/include/libxml/xmlautomata.h
2026-10-02T17:28:53.5469171Z -- Up-to-date: D:/a/sindarin-compiler/sindarin-compiler/bin/deps/include/libxml/xmlerror.h
2026-10-02T17:28:53.5470816Z -- Up-to-date: D:/a/sindarin-compiler/sindarin-compiler/bin/deps/include/libxml/xmlexports.h
2026-10-02T17:28:53.5472669Z -- Up-to-date: D:/a/sindarin-compiler/sindarin-compiler/bin/deps/include/libxml/xmlIO.h
2026-10-02T17:28:53.5474318Z -- Up-to-date: D:/a/sindarin-compiler/sindarin-compiler/bin/deps/include/libxml/xmlmemory.h
2026-10-02T17:28:53.5476229Z -- Up-to-date: D:/a/sindarin-compiler/sindarin-compiler/bin/deps/include/libxml/xmlmodule.h
2026-10-02T17:28:53.5477750Z -- Up-to-date: D:/a/sindarin-compiler/sindarin-compiler/bin/deps/include/libxml/xmlreader.h
2026-10-02T17:28:53.5479392Z -- Up-to-date: D:/a/sindarin-compiler/sindarin-compiler/bin/deps/include/libxml/xmlregexp.h
2026-10-02T17:28:53.5481089Z -- Up-to-date: D:/a/sindarin-compiler/sindarin-compiler/bin/deps/include/libxml/xmlsave.h
2026-10-02T17:28:53.5482878Z -- Up-to-date: D:/a/sindarin-compiler/sindarin-compiler/bin/deps/include/libxml/xmlschemas.h
2026-10-02T17:28:53.5484467Z -- Up-to-date: D:/a/sindarin-compiler/sindarin-compiler/bin/deps/include/libxml/xmlschemastypes.h
2026-10-02T17:28:53.5486039Z -- Up-to-date: D:/a/sindarin-compiler/sindarin-compiler/bin/deps/include/libxml/xmlstring.h
2026-10-02T17:28:53.5487639Z -- Up-to-date: D:/a/sindarin-compiler/sindarin-compiler/bin/deps/include/libxml/xmlunicode.h
2026-10-02T17:28:53.5489219Z -- Up-to-date: D:/a/sindarin-compiler/sindarin-compiler/bin/deps/include/libxml/xmlversion.h
2026-10-02T17:28:53.5490832Z -- Up-to-date: D:/a/sindarin-compiler/sindarin-compiler/bin/deps/include/libxml/xmlwriter.h
2026-10-02T17:28:53.5492398Z -- Up-to-date: D:/a/sindarin-compiler/sindarin-compiler/bin/deps/include/libxml/xpath.h
2026-10-02T17:28:53.5493886Z -- Up-to-date: D:/a/sindarin-compiler/sindarin-compiler/bin/deps/include/libxml/xpathInternals.h
2026-10-02T17:28:53.5495510Z -- Up-to-date: D:/a/sindarin-compiler/sindarin-compiler/bin/deps/include/libxml/xpointer.h
2026-10-02T17:28:53.5496330Z --   Copying libyaml headers...
2026-10-02T17:28:53.5498157Z -- Up-to-date: D:/a/sindarin-compiler/sindarin-compiler/bin/deps/include/yaml.h
2026-10-02T17:28:53.5498675Z --   Copying openssl headers...
2026-10-02T17:28:53.5500793Z -- Up-to-date: D:/a/sindarin-compiler/sindarin-compiler/bin/deps/include/openssl
2026-10-02T17:28:53.5503929Z -- Up-to-date: D:/a/sindarin-compiler/sindarin-compiler/bin/deps/include/openssl/aes.h
2026-10-02T17:28:53.5505559Z -- Up-to-date: D:/a/sindarin-compiler/sindarin-compiler/bin/deps/include/openssl/asn1.h
2026-10-02T17:28:53.5507220Z -- Up-to-date: D:/a/sindarin-compiler/sindarin-compiler/bin/deps/include/openssl/asn1err.h
2026-10-02T17:28:53.5508662Z -- Up-to-date: D:/a/sindarin-compiler/sindarin-compiler/bin/deps/include/openssl/asn1t.h
2026-10-02T17:28:53.5510191Z -- Up-to-date: D:/a/sindarin-compiler/sindarin-compiler/bin/deps/include/openssl/async.h
2026-10-02T17:28:53.5511752Z -- Up-to-date: D:/a/sindarin-compiler/sindarin-compiler/bin/deps/include/openssl/asyncerr.h
2026-10-02T17:28:53.5513272Z -- Up-to-date: D:/a/sindarin-compiler/sindarin-compiler/bin/deps/include/openssl/bio.h
2026-10-02T17:28:53.5514844Z -- Up-to-date: D:/a/sindarin-compiler/sindarin-compiler/bin/deps/include/openssl/bioerr.h
2026-10-02T17:28:53.5516453Z -- Up-to-date: D:/a/sindarin-compiler/sindarin-compiler/bin/deps/include/openssl/blowfish.h
2026-10-02T17:28:53.5518116Z -- Up-to-date: D:/a/sindarin-compiler/sindarin-compiler/bin/deps/include/openssl/bn.h
2026-10-02T17:28:53.5519658Z -- Up-to-date: D:/a/sindarin-compiler/sindarin-compiler/bin/deps/include/openssl/bnerr.h
2026-10-02T17:28:53.5521354Z -- Up-to-date: D:/a/sindarin-compiler/sindarin-compiler/bin/deps/include/openssl/buffer.h
2026-10-02T17:28:53.5523030Z -- Up-to-date: D:/a/sindarin-compiler/sindarin-compiler/bin/deps/include/openssl/buffererr.h
2026-10-02T17:28:53.5524569Z -- Up-to-date: D:/a/sindarin-compiler/sindarin-compiler/bin/deps/include/openssl/byteorder.h
2026-10-02T17:28:53.5526165Z -- Up-to-date: D:/a/sindarin-compiler/sindarin-compiler/bin/deps/include/openssl/camellia.h
2026-10-02T17:28:53.5527716Z -- Up-to-date: D:/a/sindarin-compiler/sindarin-compiler/bin/deps/include/openssl/cast.h
2026-10-02T17:28:53.5530108Z -- Up-to-date: D:/a/sindarin-compiler/sindarin-compiler/bin/deps/include/openssl/cmac.h
2026-10-02T17:28:53.5531105Z -- Up-to-date: D:/a/sindarin-compiler/sindarin-compiler/bin/deps/include/openssl/cmp.h
2026-10-02T17:28:53.5532594Z -- Up-to-date: D:/a/sindarin-compiler/sindarin-compiler/bin/deps/include/openssl/cmperr.h
2026-10-02T17:28:53.5534241Z -- Up-to-date: D:/a/sindarin-compiler/sindarin-compiler/bin/deps/include/openssl/cmp_util.h
2026-10-02T17:28:53.5535785Z -- Up-to-date: D:/a/sindarin-compiler/sindarin-compiler/bin/deps/include/openssl/cms.h
2026-10-02T17:28:53.5537600Z -- Up-to-date: D:/a/sindarin-compiler/sindarin-compiler/bin/deps/include/openssl/cmserr.h
2026-10-02T17:28:53.5538973Z -- Up-to-date: D:/a/sindarin-compiler/sindarin-compiler/bin/deps/include/openssl/comp.h
2026-10-02T17:28:53.5540780Z -- Up-to-date: D:/a/sindarin-compiler/sindarin-compiler/bin/deps/include/openssl/comperr.h
2026-10-02T17:28:53.5542333Z -- Up-to-date: D:/a/sindarin-compiler/sindarin-compiler/bin/deps/include/openssl/conf.h
2026-10-02T17:28:53.5543952Z -- Up-to-date: D:/a/sindarin-compiler/sindarin-compiler/bin/deps/include/openssl/conferr.h
2026-10-02T17:28:53.5545572Z -- Up-to-date: D:/a/sindarin-compiler/sindarin-compiler/bin/deps/include/openssl/configuration.h
2026-10-02T17:28:53.5547183Z -- Up-to-date: D:/a/sindarin-compiler/sindarin-compiler/bin/deps/include/openssl/conftypes.h
2026-10-02T17:28:53.5548772Z -- Up-to-date: D:/a/sindarin-compiler/sindarin-compiler/bin/deps/include/openssl/conf_api.h
2026-10-02T17:28:53.5550367Z -- Up-to-date: D:/a/sindarin-compiler/sindarin-compiler/bin/deps/include/openssl/core.h
2026-10-02T17:28:53.5551875Z -- Up-to-date: D:/a/sindarin-compiler/sindarin-compiler/bin/deps/include/openssl/core_dispatch.h
2026-10-02T17:28:53.5553515Z -- Up-to-date: D:/a/sindarin-compiler/sindarin-compiler/bin/deps/include/openssl/core_names.h
2026-10-02T17:28:53.5555177Z -- Up-to-date: D:/a/sindarin-compiler/sindarin-compiler/bin/deps/include/openssl/core_object.h
2026-10-02T17:28:53.5556700Z -- Up-to-date: D:/a/sindarin-compiler/sindarin-compiler/bin/deps/include/openssl/crmf.h
2026-10-02T17:28:53.5558387Z -- Up-to-date: D:/a/sindarin-compiler/sindarin-compiler/bin/deps/include/openssl/crmferr.h
2026-10-02T17:28:53.5559896Z -- Up-to-date: D:/a/sindarin-compiler/sindarin-compiler/bin/deps/include/openssl/crypto.h
2026-10-02T17:28:53.5561728Z -- Up-to-date: D:/a/sindarin-compiler/sindarin-compiler/bin/deps/include/openssl/cryptoerr.h
2026-10-02T17:28:53.5563456Z -- Up-to-date: D:/a/sindarin-compiler/sindarin-compiler/bin/deps/include/openssl/cryptoerr_legacy.h
2026-10-02T17:28:53.5565008Z -- Up-to-date: D:/a/sindarin-compiler/sindarin-compiler/bin/deps/include/openssl/ct.h
2026-10-02T17:28:53.5566539Z -- Up-to-date: D:/a/sindarin-compiler/sindarin-compiler/bin/deps/include/openssl/cterr.h
2026-10-02T17:28:53.5568077Z -- Up-to-date: D:/a/sindarin-compiler/sindarin-compiler/bin/deps/include/openssl/decoder.h
2026-10-02T17:28:53.5569655Z -- Up-to-date: D:/a/sindarin-compiler/sindarin-compiler/bin/deps/include/openssl/decodererr.h
2026-10-02T17:28:53.5571208Z -- Up-to-date: D:/a/sindarin-compiler/sindarin-compiler/bin/deps/include/openssl/des.h
2026-10-02T17:28:53.5582580Z -- Up-to-date: D:/a/sindarin-compiler/sindarin-compiler/bin/deps/include/openssl/dh.h
2026-10-02T17:28:53.5583551Z -- Up-to-date: D:/a/sindarin-compiler/sindarin-compiler/bin/deps/include/openssl/dherr.h
2026-10-02T17:28:53.5584533Z -- Up-to-date: D:/a/sindarin-compiler/sindarin-compiler/bin/deps/include/openssl/dsa.h
2026-10-02T17:28:53.5585427Z -- Up-to-date: D:/a/sindarin-compiler/sindarin-compiler/bin/deps/include/openssl/dsaerr.h
2026-10-02T17:28:53.5586399Z -- Up-to-date: D:/a/sindarin-compiler/sindarin-compiler/bin/deps/include/openssl/dtls1.h
2026-10-02T17:28:53.5586981Z -- Up-to-date: D:/a/sindarin-compiler/sindarin-compiler/bin/deps/include/openssl/ebcdic.h
2026-10-02T17:28:53.5587745Z -- Up-to-date: D:/a/sindarin-compiler/sindarin-compiler/bin/deps/include/openssl/ec.h
2026-10-02T17:28:53.5588596Z -- Up-to-date: D:/a/sindarin-compiler/sindarin-compiler/bin/deps/include/openssl/ecdh.h
2026-10-02T17:28:53.5589423Z -- Up-to-date: D:/a/sindarin-compiler/sindarin-compiler/bin/deps/include/openssl/ecdsa.h
2026-10-02T17:28:53.5590027Z -- Up-to-date: D:/a/sindarin-compiler/sindarin-compiler/bin/deps/include/openssl/ecerr.h
2026-10-02T17:28:53.5590763Z -- Up-to-date: D:/a/sindarin-compiler/sindarin-compiler/bin/deps/include/openssl/encoder.h
2026-10-02T17:28:53.5591825Z -- Up-to-date: D:/a/sindarin-compiler/sindarin-compiler/bin/deps/include/openssl/encodererr.h
2026-10-02T17:28:53.5592646Z -- Up-to-date: D:/a/sindarin-compiler/sindarin-compiler/bin/deps/include/openssl/engine.h
2026-10-02T17:28:53.5593457Z -- Up-to-date: D:/a/sindarin-compiler/sindarin-compiler/bin/deps/include/openssl/engineerr.h
2026-10-02T17:28:53.5594327Z -- Up-to-date: D:/a/sindarin-compiler/sindarin-compiler/bin/deps/include/openssl/err.h
2026-10-02T17:28:53.5595026Z -- Up-to-date: D:/a/sindarin-compiler/sindarin-compiler/bin/deps/include/openssl/ess.h
2026-10-02T17:28:53.5595645Z -- Up-to-date: D:/a/sindarin-compiler/sindarin-compiler/bin/deps/include/openssl/esserr.h
2026-10-02T17:28:53.5596736Z -- Up-to-date: D:/a/sindarin-compiler/sindarin-compiler/bin/deps/include/openssl/evp.h
2026-10-02T17:28:53.5597314Z -- Up-to-date: D:/a/sindarin-compiler/sindarin-compiler/bin/deps/include/openssl/evperr.h
2026-10-02T17:28:53.5598166Z -- Up-to-date: D:/a/sindarin-compiler/sindarin-compiler/bin/deps/include/openssl/e_os2.h
2026-10-02T17:28:53.5599750Z -- Up-to-date: D:/a/sindarin-compiler/sindarin-compiler/bin/deps/include/openssl/e_ostime.h
2026-10-02T17:28:53.5601326Z -- Up-to-date: D:/a/sindarin-compiler/sindarin-compiler/bin/deps/include/openssl/fipskey.h
2026-10-02T17:28:53.5602883Z -- Up-to-date: D:/a/sindarin-compiler/sindarin-compiler/bin/deps/include/openssl/fips_names.h
2026-10-02T17:28:53.5604509Z -- Up-to-date: D:/a/sindarin-compiler/sindarin-compiler/bin/deps/include/openssl/hmac.h
2026-10-02T17:28:53.5606106Z -- Up-to-date: D:/a/sindarin-compiler/sindarin-compiler/bin/deps/include/openssl/hpke.h
2026-10-02T17:28:53.5607687Z -- Up-to-date: D:/a/sindarin-compiler/sindarin-compiler/bin/deps/include/openssl/http.h
2026-10-02T17:28:53.5609320Z -- Up-to-date: D:/a/sindarin-compiler/sindarin-compiler/bin/deps/include/openssl/httperr.h
2026-10-02T17:28:53.5610883Z -- Up-to-date: D:/a/sindarin-compiler/sindarin-compiler/bin/deps/include/openssl/idea.h
2026-10-02T17:28:53.5612495Z -- Up-to-date: D:/a/sindarin-compiler/sindarin-compiler/bin/deps/include/openssl/indicator.h
2026-10-02T17:28:53.5614120Z -- Up-to-date: D:/a/sindarin-compiler/sindarin-compiler/bin/deps/include/openssl/kdf.h
2026-10-02T17:28:53.5615772Z -- Up-to-date: D:/a/sindarin-compiler/sindarin-compiler/bin/deps/include/openssl/kdferr.h
2026-10-02T17:28:53.5617390Z -- Up-to-date: D:/a/sindarin-compiler/sindarin-compiler/bin/deps/include/openssl/lhash.h
2026-10-02T17:28:53.5619016Z -- Up-to-date: D:/a/sindarin-compiler/sindarin-compiler/bin/deps/include/openssl/macros.h
2026-10-02T17:28:53.5620559Z -- Up-to-date: D:/a/sindarin-compiler/sindarin-compiler/bin/deps/include/openssl/md2.h
2026-10-02T17:28:53.5622131Z -- Up-to-date: D:/a/sindarin-compiler/sindarin-compiler/bin/deps/include/openssl/md4.h
2026-10-02T17:28:53.5623523Z -- Up-to-date: D:/a/sindarin-compiler/sindarin-compiler/bin/deps/include/openssl/md5.h
2026-10-02T17:28:53.5625098Z -- Up-to-date: D:/a/sindarin-compiler/sindarin-compiler/bin/deps/include/openssl/mdc2.h
2026-10-02T17:28:53.5626623Z -- Up-to-date: D:/a/sindarin-compiler/sindarin-compiler/bin/deps/include/openssl/ml_kem.h
2026-10-02T17:28:53.5628127Z -- Up-to-date: D:/a/sindarin-compiler/sindarin-compiler/bin/deps/include/openssl/modes.h
2026-10-02T17:28:53.5629807Z -- Up-to-date: D:/a/sindarin-compiler/sindarin-compiler/bin/deps/include/openssl/objects.h
2026-10-02T17:28:53.5631401Z -- Up-to-date: D:/a/sindarin-compiler/sindarin-compiler/bin/deps/include/openssl/objectserr.h
2026-10-02T17:28:53.5633070Z -- Up-to-date: D:/a/sindarin-compiler/sindarin-compiler/bin/deps/include/openssl/obj_mac.h
2026-10-02T17:28:53.5634533Z -- Up-to-date: D:/a/sindarin-compiler/sindarin-compiler/bin/deps/include/openssl/ocsp.h
2026-10-02T17:28:53.5636180Z -- Up-to-date: D:/a/sindarin-compiler/sindarin-compiler/bin/deps/include/openssl/ocsperr.h
2026-10-02T17:28:53.5637902Z -- Up-to-date: D:/a/sindarin-compiler/sindarin-compiler/bin/deps/include/openssl/opensslconf.h
2026-10-02T17:28:53.5639625Z -- Up-to-date: D:/a/sindarin-compiler/sindarin-compiler/bin/deps/include/openssl/opensslv.h
2026-10-02T17:28:53.5641182Z -- Up-to-date: D:/a/sindarin-compiler/sindarin-compiler/bin/deps/include/openssl/ossl_typ.h
2026-10-02T17:28:53.5642803Z -- Up-to-date: D:/a/sindarin-compiler/sindarin-compiler/bin/deps/include/openssl/params.h
2026-10-02T17:28:53.5644448Z -- Up-to-date: D:/a/sindarin-compiler/sindarin-compiler/bin/deps/include/openssl/param_build.h
2026-10-02T17:28:53.5645949Z -- Up-to-date: D:/a/sindarin-compiler/sindarin-compiler/bin/deps/include/openssl/pem.h
2026-10-02T17:28:53.5647478Z -- Up-to-date: D:/a/sindarin-compiler/sindarin-compiler/bin/deps/include/openssl/pem2.h
2026-10-02T17:28:53.5649051Z -- Up-to-date: D:/a/sindarin-compiler/sindarin-compiler/bin/deps/include/openssl/pemerr.h
2026-10-02T17:28:53.5650624Z -- Up-to-date: D:/a/sindarin-compiler/sindarin-compiler/bin/deps/include/openssl/pkcs12.h
2026-10-02T17:28:53.5652264Z -- Up-to-date: D:/a/sindarin-compiler/sindarin-compiler/bin/deps/include/openssl/pkcs12err.h
2026-10-02T17:28:53.5653844Z -- Up-to-date: D:/a/sindarin-compiler/sindarin-compiler/bin/deps/include/openssl/pkcs7.h
2026-10-02T17:28:53.5655414Z -- Up-to-date: D:/a/sindarin-compiler/sindarin-compiler/bin/deps/include/openssl/pkcs7err.h
2026-10-02T17:28:53.5657278Z -- Up-to-date: D:/a/sindarin-compiler/sindarin-compiler/bin/deps/include/openssl/proverr.h
2026-10-02T17:28:53.5658898Z -- Up-to-date: D:/a/sindarin-compiler/sindarin-compiler/bin/deps/include/openssl/provider.h
2026-10-02T17:28:53.5660494Z -- Up-to-date: D:/a/sindarin-compiler/sindarin-compiler/bin/deps/include/openssl/prov_ssl.h
2026-10-02T17:28:53.5662011Z -- Up-to-date: D:/a/sindarin-compiler/sindarin-compiler/bin/deps/include/openssl/quic.h
2026-10-02T17:28:53.5663501Z -- Up-to-date: D:/a/sindarin-compiler/sindarin-compiler/bin/deps/include/openssl/rand.h
2026-10-02T17:28:53.5665110Z -- Up-to-date: D:/a/sindarin-compiler/sindarin-compiler/bin/deps/include/openssl/randerr.h
2026-10-02T17:28:53.5666705Z -- Up-to-date: D:/a/sindarin-compiler/sindarin-compiler/bin/deps/include/openssl/rc2.h
2026-10-02T17:28:53.5668266Z -- Up-to-date: D:/a/sindarin-compiler/sindarin-compiler/bin/deps/include/openssl/rc4.h
2026-10-02T17:28:53.5669707Z -- Up-to-date: D:/a/sindarin-compiler/sindarin-compiler/bin/deps/include/openssl/rc5.h
2026-10-02T17:28:53.5671311Z -- Up-to-date: D:/a/sindarin-compiler/sindarin-compiler/bin/deps/include/openssl/ripemd.h
2026-10-02T17:28:53.5672875Z -- Up-to-date: D:/a/sindarin-compiler/sindarin-compiler/bin/deps/include/openssl/rsa.h
2026-10-02T17:28:53.5674447Z -- Up-to-date: D:/a/sindarin-compiler/sindarin-compiler/bin/deps/include/openssl/rsaerr.h
2026-10-02T17:28:53.5676281Z -- Up-to-date: D:/a/sindarin-compiler/sindarin-compiler/bin/deps/include/openssl/safestack.h
2026-10-02T17:28:53.5677658Z -- Up-to-date: D:/a/sindarin-compiler/sindarin-compiler/bin/deps/include/openssl/seed.h
2026-10-02T17:28:53.5679438Z -- Up-to-date: D:/a/sindarin-compiler/sindarin-compiler/bin/deps/include/openssl/self_test.h
2026-10-02T17:28:53.5680960Z -- Up-to-date: D:/a/sindarin-compiler/sindarin-compiler/bin/deps/include/openssl/sha.h
2026-10-02T17:28:53.5682557Z -- Up-to-date: D:/a/sindarin-compiler/sindarin-compiler/bin/deps/include/openssl/srp.h
2026-10-02T17:28:53.5683968Z -- Up-to-date: D:/a/sindarin-compiler/sindarin-compiler/bin/deps/include/openssl/srtp.h
2026-10-02T17:28:53.5685513Z -- Up-to-date: D:/a/sindarin-compiler/sindarin-compiler/bin/deps/include/openssl/ssl.h
2026-10-02T17:28:53.5687052Z -- Up-to-date: D:/a/sindarin-compiler/sindarin-compiler/bin/deps/include/openssl/ssl2.h
2026-10-02T17:28:53.5688817Z -- Up-to-date: D:/a/sindarin-compiler/sindarin-compiler/bin/deps/include/openssl/ssl3.h
2026-10-02T17:28:53.5690431Z -- Up-to-date: D:/a/sindarin-compiler/sindarin-compiler/bin/deps/include/openssl/sslerr.h
2026-10-02T17:28:53.5692047Z -- Up-to-date: D:/a/sindarin-compiler/sindarin-compiler/bin/deps/include/openssl/sslerr_legacy.h
2026-10-02T17:28:53.5693623Z -- Up-to-date: D:/a/sindarin-compiler/sindarin-compiler/bin/deps/include/openssl/stack.h
2026-10-02T17:28:53.5695162Z -- Up-to-date: D:/a/sindarin-compiler/sindarin-compiler/bin/deps/include/openssl/store.h
2026-10-02T17:28:53.5697236Z -- Up-to-date: D:/a/sindarin-compiler/sindarin-compiler/bin/deps/include/openssl/storeerr.h
2026-10-02T17:28:53.5698851Z -- Up-to-date: D:/a/sindarin-compiler/sindarin-compiler/bin/deps/include/openssl/symhacks.h
2026-10-02T17:28:53.5700374Z -- Up-to-date: D:/a/sindarin-compiler/sindarin-compiler/bin/deps/include/openssl/thread.h
2026-10-02T17:28:53.5702007Z -- Up-to-date: D:/a/sindarin-compiler/sindarin-compiler/bin/deps/include/openssl/tls1.h
2026-10-02T17:28:53.5703532Z -- Up-to-date: D:/a/sindarin-compiler/sindarin-compiler/bin/deps/include/openssl/trace.h
2026-10-02T17:28:53.5705067Z -- Up-to-date: D:/a/sindarin-compiler/sindarin-compiler/bin/deps/include/openssl/ts.h
2026-10-02T17:28:53.5706677Z -- Up-to-date: D:/a/sindarin-compiler/sindarin-compiler/bin/deps/include/openssl/tserr.h
2026-10-02T17:28:53.5708254Z -- Up-to-date: D:/a/sindarin-compiler/sindarin-compiler/bin/deps/include/openssl/txt_db.h
2026-10-02T17:28:53.5709886Z -- Up-to-date: D:/a/sindarin-compiler/sindarin-compiler/bin/deps/include/openssl/types.h
2026-10-02T17:28:53.5711449Z -- Up-to-date: D:/a/sindarin-compiler/sindarin-compiler/bin/deps/include/openssl/ui.h
2026-10-02T17:28:53.5713023Z -- Up-to-date: D:/a/sindarin-compiler/sindarin-compiler/bin/deps/include/openssl/uierr.h
2026-10-02T17:28:53.5714630Z -- Up-to-date: D:/a/sindarin-compiler/sindarin-compiler/bin/deps/include/openssl/whrlpool.h
2026-10-02T17:28:53.5716066Z -- Up-to-date: D:/a/sindarin-compiler/sindarin-compiler/bin/deps/include/openssl/x509.h
2026-10-02T17:28:53.5718119Z -- Up-to-date: D:/a/sindarin-compiler/sindarin-compiler/bin/deps/include/openssl/x509err.h
2026-10-02T17:28:53.5719173Z -- Up-to-date: D:/a/sindarin-compiler/sindarin-compiler/bin/deps/include/openssl/x509v3.h
2026-10-02T17:28:53.5720768Z -- Up-to-date: D:/a/sindarin-compiler/sindarin-compiler/bin/deps/include/openssl/x509v3err.h
2026-10-02T17:28:53.5722267Z -- Up-to-date: D:/a/sindarin-compiler/sindarin-compiler/bin/deps/include/openssl/x509_acert.h
2026-10-02T17:28:53.5723786Z -- Up-to-date: D:/a/sindarin-compiler/sindarin-compiler/bin/deps/include/openssl/x509_vfy.h
2026-10-02T17:28:53.5725603Z --   Copying libssh headers...
2026-10-02T17:28:53.5727394Z -- Up-to-date: D:/a/sindarin-compiler/sindarin-compiler/bin/deps/include/libssh
2026-10-02T17:28:53.5729604Z -- Up-to-date: D:/a/sindarin-compiler/sindarin-compiler/bin/deps/include/libssh/callbacks.h
2026-10-02T17:28:53.5731197Z -- Up-to-date: D:/a/sindarin-compiler/sindarin-compiler/bin/deps/include/libssh/legacy.h
2026-10-02T17:28:53.5732866Z -- Up-to-date: D:/a/sindarin-compiler/sindarin-compiler/bin/deps/include/libssh/libssh.h
2026-10-02T17:28:53.5734527Z -- Up-to-date: D:/a/sindarin-compiler/sindarin-compiler/bin/deps/include/libssh/libsshpp.hpp
2026-10-02T17:28:53.5736086Z -- Up-to-date: D:/a/sindarin-compiler/sindarin-compiler/bin/deps/include/libssh/libssh_version.h
2026-10-02T17:28:53.5738000Z -- Up-to-date: D:/a/sindarin-compiler/sindarin-compiler/bin/deps/include/libssh/server.h
2026-10-02T17:28:53.5739488Z -- Up-to-date: D:/a/sindarin-compiler/sindarin-compiler/bin/deps/include/libssh/sftp.h
2026-10-02T17:28:53.5741103Z -- Up-to-date: D:/a/sindarin-compiler/sindarin-compiler/bin/deps/include/libssh/sftpserver.h
2026-10-02T17:28:53.5742603Z -- Up-to-date: D:/a/sindarin-compiler/sindarin-compiler/bin/deps/include/libssh/ssh2.h
2026-10-02T17:28:53.5743332Z --   Copying libgit2 headers...
2026-10-02T17:28:53.5745311Z -- Up-to-date: D:/a/sindarin-compiler/sindarin-compiler/bin/deps/include/git2.h
2026-10-02T17:28:53.5747176Z -- Up-to-date: D:/a/sindarin-compiler/sindarin-compiler/bin/deps/include/git2
2026-10-02T17:28:53.5749610Z -- Up-to-date: D:/a/sindarin-compiler/sindarin-compiler/bin/deps/include/git2/annotated_commit.h
2026-10-02T17:28:53.5751159Z -- Up-to-date: D:/a/sindarin-compiler/sindarin-compiler/bin/deps/include/git2/apply.h
2026-10-02T17:28:53.5752674Z -- Up-to-date: D:/a/sindarin-compiler/sindarin-compiler/bin/deps/include/git2/attr.h
2026-10-02T17:28:53.5754782Z -- Up-to-date: D:/a/sindarin-compiler/sindarin-compiler/bin/deps/include/git2/blame.h
2026-10-02T17:28:53.5755966Z -- Up-to-date: D:/a/sindarin-compiler/sindarin-compiler/bin/deps/include/git2/blob.h
2026-10-02T17:28:53.5758594Z -- Up-to-date: D:/a/sindarin-compiler/sindarin-compiler/bin/deps/include/git2/branch.h
2026-10-02T17:28:53.5760180Z -- Up-to-date: D:/a/sindarin-compiler/sindarin-compiler/bin/deps/include/git2/buffer.h
2026-10-02T17:28:53.5761841Z -- Up-to-date: D:/a/sindarin-compiler/sindarin-compiler/bin/deps/include/git2/cert.h
2026-10-02T17:28:53.5763359Z -- Up-to-date: D:/a/sindarin-compiler/sindarin-compiler/bin/deps/include/git2/checkout.h
2026-10-02T17:28:53.5764954Z -- Up-to-date: D:/a/sindarin-compiler/sindarin-compiler/bin/deps/include/git2/cherrypick.h
2026-10-02T17:28:53.5766548Z -- Up-to-date: D:/a/sindarin-compiler/sindarin-compiler/bin/deps/include/git2/clone.h
2026-10-02T17:28:53.5768079Z -- Up-to-date: D:/a/sindarin-compiler/sindarin-compiler/bin/deps/include/git2/commit.h
2026-10-02T17:28:53.5769620Z -- Up-to-date: D:/a/sindarin-compiler/sindarin-compiler/bin/deps/include/git2/common.h
2026-10-02T17:28:53.5771147Z -- Up-to-date: D:/a/sindarin-compiler/sindarin-compiler/bin/deps/include/git2/config.h
2026-10-02T17:28:53.5772791Z -- Up-to-date: D:/a/sindarin-compiler/sindarin-compiler/bin/deps/include/git2/credential.h
2026-10-02T17:28:53.5774526Z -- Up-to-date: D:/a/sindarin-compiler/sindarin-compiler/bin/deps/include/git2/credential_helpers.h
2026-10-02T17:28:53.5776652Z -- Up-to-date: D:/a/sindarin-compiler/sindarin-compiler/bin/deps/include/git2/cred_helpers.h
2026-10-02T17:28:53.5778206Z -- Up-to-date: D:/a/sindarin-compiler/sindarin-compiler/bin/deps/include/git2/deprecated.h
2026-10-02T17:28:53.5779761Z -- Up-to-date: D:/a/sindarin-compiler/sindarin-compiler/bin/deps/include/git2/describe.h
2026-10-02T17:28:53.5781270Z -- Up-to-date: D:/a/sindarin-compiler/sindarin-compiler/bin/deps/include/git2/diff.h
2026-10-02T17:28:53.5782673Z -- Up-to-date: D:/a/sindarin-compiler/sindarin-compiler/bin/deps/include/git2/email.h
2026-10-02T17:28:53.5784229Z -- Up-to-date: D:/a/sindarin-compiler/sindarin-compiler/bin/deps/include/git2/errors.h
2026-10-02T17:28:53.5785840Z -- Up-to-date: D:/a/sindarin-compiler/sindarin-compiler/bin/deps/include/git2/experimental.h
2026-10-02T17:28:53.5787450Z -- Up-to-date: D:/a/sindarin-compiler/sindarin-compiler/bin/deps/include/git2/filter.h
2026-10-02T17:28:53.5789076Z -- Up-to-date: D:/a/sindarin-compiler/sindarin-compiler/bin/deps/include/git2/global.h
2026-10-02T17:28:53.5790569Z -- Up-to-date: D:/a/sindarin-compiler/sindarin-compiler/bin/deps/include/git2/graph.h
2026-10-02T17:28:53.5792094Z -- Up-to-date: D:/a/sindarin-compiler/sindarin-compiler/bin/deps/include/git2/ignore.h
2026-10-02T17:28:53.5794043Z -- Up-to-date: D:/a/sindarin-compiler/sindarin-compiler/bin/deps/include/git2/index.h
2026-10-02T17:28:53.5795421Z -- Up-to-date: D:/a/sindarin-compiler/sindarin-compiler/bin/deps/include/git2/indexer.h
2026-10-02T17:28:53.5797306Z -- Up-to-date: D:/a/sindarin-compiler/sindarin-compiler/bin/deps/include/git2/mailmap.h
2026-10-02T17:28:53.5798810Z -- Up-to-date: D:/a/sindarin-compiler/sindarin-compiler/bin/deps/include/git2/merge.h
2026-10-02T17:28:53.5800332Z -- Up-to-date: D:/a/sindarin-compiler/sindarin-compiler/bin/deps/include/git2/message.h
2026-10-02T17:28:53.5801834Z -- Up-to-date: D:/a/sindarin-compiler/sindarin-compiler/bin/deps/include/git2/net.h
2026-10-02T17:28:53.5803577Z -- Up-to-date: D:/a/sindarin-compiler/sindarin-compiler/bin/deps/include/git2/notes.h
2026-10-02T17:28:53.5805048Z -- Up-to-date: D:/a/sindarin-compiler/sindarin-compiler/bin/deps/include/git2/object.h
2026-10-02T17:28:53.5806605Z -- Up-to-date: D:/a/sindarin-compiler/sindarin-compiler/bin/deps/include/git2/odb.h
2026-10-02T17:28:53.5808182Z -- Up-to-date: D:/a/sindarin-compiler/sindarin-compiler/bin/deps/include/git2/odb_backend.h
2026-10-02T17:28:53.5809745Z -- Up-to-date: D:/a/sindarin-compiler/sindarin-compiler/bin/deps/include/git2/oid.h
2026-10-02T17:28:53.5811409Z -- Up-to-date: D:/a/sindarin-compiler/sindarin-compiler/bin/deps/include/git2/oidarray.h
2026-10-02T17:28:53.5812942Z -- Up-to-date: D:/a/sindarin-compiler/sindarin-compiler/bin/deps/include/git2/pack.h
2026-10-02T17:28:53.5814673Z -- Up-to-date: D:/a/sindarin-compiler/sindarin-compiler/bin/deps/include/git2/patch.h
2026-10-02T17:28:53.5816252Z -- Up-to-date: D:/a/sindarin-compiler/sindarin-compiler/bin/deps/include/git2/pathspec.h
2026-10-02T17:28:53.5817958Z -- Up-to-date: D:/a/sindarin-compiler/sindarin-compiler/bin/deps/include/git2/proxy.h
2026-10-02T17:28:53.5819550Z -- Up-to-date: D:/a/sindarin-compiler/sindarin-compiler/bin/deps/include/git2/rebase.h
2026-10-02T17:28:53.5821249Z -- Up-to-date: D:/a/sindarin-compiler/sindarin-compiler/bin/deps/include/git2/refdb.h
2026-10-02T17:28:53.5822763Z -- Up-to-date: D:/a/sindarin-compiler/sindarin-compiler/bin/deps/include/git2/reflog.h
2026-10-02T17:28:53.5824287Z -- Up-to-date: D:/a/sindarin-compiler/sindarin-compiler/bin/deps/include/git2/refs.h
2026-10-02T17:28:53.5825883Z -- Up-to-date: D:/a/sindarin-compiler/sindarin-compiler/bin/deps/include/git2/refspec.h
2026-10-02T17:28:53.5827902Z -- Up-to-date: D:/a/sindarin-compiler/sindarin-compiler/bin/deps/include/git2/remote.h
2026-10-02T17:28:53.5829042Z -- Up-to-date: D:/a/sindarin-compiler/sindarin-compiler/bin/deps/include/git2/repository.h
2026-10-02T17:28:53.5830822Z -- Up-to-date: D:/a/sindarin-compiler/sindarin-compiler/bin/deps/include/git2/reset.h
2026-10-02T17:28:53.5832446Z -- Up-to-date: D:/a/sindarin-compiler/sindarin-compiler/bin/deps/include/git2/revert.h
2026-10-02T17:28:53.5834132Z -- Up-to-date: D:/a/sindarin-compiler/sindarin-compiler/bin/deps/include/git2/revparse.h
2026-10-02T17:28:53.5835520Z -- Up-to-date: D:/a/sindarin-compiler/sindarin-compiler/bin/deps/include/git2/revwalk.h
2026-10-02T17:28:53.5837305Z -- Up-to-date: D:/a/sindarin-compiler/sindarin-compiler/bin/deps/include/git2/signature.h
2026-10-02T17:28:53.5838862Z -- Up-to-date: D:/a/sindarin-compiler/sindarin-compiler/bin/deps/include/git2/stash.h
2026-10-02T17:28:53.5840331Z -- Up-to-date: D:/a/sindarin-compiler/sindarin-compiler/bin/deps/include/git2/status.h
2026-10-02T17:28:53.5841860Z -- Up-to-date: D:/a/sindarin-compiler/sindarin-compiler/bin/deps/include/git2/stdint.h
2026-10-02T17:28:53.5843409Z -- Up-to-date: D:/a/sindarin-compiler/sindarin-compiler/bin/deps/include/git2/strarray.h
2026-10-02T17:28:53.5844951Z -- Up-to-date: D:/a/sindarin-compiler/sindarin-compiler/bin/deps/include/git2/submodule.h
2026-10-02T17:28:53.5846561Z -- Up-to-date: D:/a/sindarin-compiler/sindarin-compiler/bin/deps/include/git2/sys
2026-10-02T17:28:53.5848732Z -- Up-to-date: D:/a/sindarin-compiler/sindarin-compiler/bin/deps/include/git2/sys/alloc.h
2026-10-02T17:28:53.5850302Z -- Up-to-date: D:/a/sindarin-compiler/sindarin-compiler/bin/deps/include/git2/sys/commit.h
2026-10-02T17:28:53.5851866Z -- Up-to-date: D:/a/sindarin-compiler/sindarin-compiler/bin/deps/include/git2/sys/commit_graph.h
2026-10-02T17:28:53.5853369Z -- Up-to-date: D:/a/sindarin-compiler/sindarin-compiler/bin/deps/include/git2/sys/config.h
2026-10-02T17:28:53.5855030Z -- Up-to-date: D:/a/sindarin-compiler/sindarin-compiler/bin/deps/include/git2/sys/cred.h
2026-10-02T17:28:53.5856558Z -- Up-to-date: D:/a/sindarin-compiler/sindarin-compiler/bin/deps/include/git2/sys/credential.h
2026-10-02T17:28:53.5858422Z -- Up-to-date: D:/a/sindarin-compiler/sindarin-compiler/bin/deps/include/git2/sys/diff.h
2026-10-02T17:28:53.5859889Z -- Up-to-date: D:/a/sindarin-compiler/sindarin-compiler/bin/deps/include/git2/sys/email.h
2026-10-02T17:28:53.5861499Z -- Up-to-date: D:/a/sindarin-compiler/sindarin-compiler/bin/deps/include/git2/sys/errors.h
2026-10-02T17:28:53.5863024Z -- Up-to-date: D:/a/sindarin-compiler/sindarin-compiler/bin/deps/include/git2/sys/filter.h
2026-10-02T17:28:53.5864615Z -- Up-to-date: D:/a/sindarin-compiler/sindarin-compiler/bin/deps/include/git2/sys/hashsig.h
2026-10-02T17:28:53.5866144Z -- Up-to-date: D:/a/sindarin-compiler/sindarin-compiler/bin/deps/include/git2/sys/index.h
2026-10-02T17:28:53.5867773Z -- Up-to-date: D:/a/sindarin-compiler/sindarin-compiler/bin/deps/include/git2/sys/mempack.h
2026-10-02T17:28:53.5869341Z -- Up-to-date: D:/a/sindarin-compiler/sindarin-compiler/bin/deps/include/git2/sys/merge.h
2026-10-02T17:28:53.5870759Z -- Up-to-date: D:/a/sindarin-compiler/sindarin-compiler/bin/deps/include/git2/sys/midx.h
2026-10-02T17:28:53.5872375Z -- Up-to-date: D:/a/sindarin-compiler/sindarin-compiler/bin/deps/include/git2/sys/odb_backend.h
2026-10-02T17:28:53.5873905Z -- Up-to-date: D:/a/sindarin-compiler/sindarin-compiler/bin/deps/include/git2/sys/openssl.h
2026-10-02T17:28:53.5875512Z -- Up-to-date: D:/a/sindarin-compiler/sindarin-compiler/bin/deps/include/git2/sys/path.h
2026-10-02T17:28:53.5877386Z -- Up-to-date: D:/a/sindarin-compiler/sindarin-compiler/bin/deps/include/git2/sys/refdb_backend.h
2026-10-02T17:28:53.5878946Z -- Up-to-date: D:/a/sindarin-compiler/sindarin-compiler/bin/deps/include/git2/sys/refs.h
2026-10-02T17:28:53.5880487Z -- Up-to-date: D:/a/sindarin-compiler/sindarin-compiler/bin/deps/include/git2/sys/remote.h
2026-10-02T17:28:53.5882005Z -- Up-to-date: D:/a/sindarin-compiler/sindarin-compiler/bin/deps/include/git2/sys/repository.h
2026-10-02T17:28:53.5883564Z -- Up-to-date: D:/a/sindarin-compiler/sindarin-compiler/bin/deps/include/git2/sys/stream.h
2026-10-02T17:28:53.5885191Z -- Up-to-date: D:/a/sindarin-compiler/sindarin-compiler/bin/deps/include/git2/sys/transport.h
2026-10-02T17:28:53.5886698Z -- Up-to-date: D:/a/sindarin-compiler/sindarin-compiler/bin/deps/include/git2/tag.h
2026-10-02T17:28:53.5888199Z -- Up-to-date: D:/a/sindarin-compiler/sindarin-compiler/bin/deps/include/git2/trace.h
2026-10-02T17:28:53.5889710Z -- Up-to-date: D:/a/sindarin-compiler/sindarin-compiler/bin/deps/include/git2/transaction.h
2026-10-02T17:28:53.5891209Z -- Up-to-date: D:/a/sindarin-compiler/sindarin-compiler/bin/deps/include/git2/transport.h
2026-10-02T17:28:53.5892687Z -- Up-to-date: D:/a/sindarin-compiler/sindarin-compiler/bin/deps/include/git2/tree.h
2026-10-02T17:28:53.5894259Z -- Up-to-date: D:/a/sindarin-compiler/sindarin-compiler/bin/deps/include/git2/types.h
2026-10-02T17:28:53.5895723Z -- Up-to-date: D:/a/sindarin-compiler/sindarin-compiler/bin/deps/include/git2/version.h
2026-10-02T17:28:53.5897488Z -- Up-to-date: D:/a/sindarin-compiler/sindarin-compiler/bin/deps/include/git2/worktree.h
2026-10-02T17:28:53.5898688Z --   Copying curl headers...
2026-10-02T17:28:53.5900365Z -- Up-to-date: D:/a/sindarin-compiler/sindarin-compiler/bin/deps/include/curl
2026-10-02T17:28:53.5902298Z -- Up-to-date: D:/a/sindarin-compiler/sindarin-compiler/bin/deps/include/curl/curl.h
2026-10-02T17:28:53.5903898Z -- Up-to-date: D:/a/sindarin-compiler/sindarin-compiler/bin/deps/include/curl/curlver.h
2026-10-02T17:28:53.5905390Z -- Up-to-date: D:/a/sindarin-compiler/sindarin-compiler/bin/deps/include/curl/easy.h
2026-10-02T17:28:53.5906949Z -- Up-to-date: D:/a/sindarin-compiler/sindarin-compiler/bin/deps/include/curl/header.h
2026-10-02T17:28:53.5908494Z -- Up-to-date: D:/a/sindarin-compiler/sindarin-compiler/bin/deps/include/curl/mprintf.h
2026-10-02T17:28:53.5910076Z -- Up-to-date: D:/a/sindarin-compiler/sindarin-compiler/bin/deps/include/curl/multi.h
2026-10-02T17:28:53.5911587Z -- Up-to-date: D:/a/sindarin-compiler/sindarin-compiler/bin/deps/include/curl/options.h
2026-10-02T17:28:53.5912972Z -- Up-to-date: D:/a/sindarin-compiler/sindarin-compiler/bin/deps/include/curl/stdcheaders.h
2026-10-02T17:28:53.5914729Z -- Up-to-date: D:/a/sindarin-compiler/sindarin-compiler/bin/deps/include/curl/system.h
2026-10-02T17:28:53.5916426Z -- Up-to-date: D:/a/sindarin-compiler/sindarin-compiler/bin/deps/include/curl/typecheck-gcc.h
2026-10-02T17:28:53.5917859Z -- Up-to-date: D:/a/sindarin-compiler/sindarin-compiler/bin/deps/include/curl/urlapi.h
2026-10-02T17:28:53.5919451Z -- Up-to-date: D:/a/sindarin-compiler/sindarin-compiler/bin/deps/include/curl/websockets.h
2026-10-02T17:28:53.5930791Z --   Copying library: D:/a/sindarin-compiler/sindarin-compiler/.sn/sindarin-pkg-libs/libs/windows/lib/libzlib.a
2026-10-02T17:28:53.5932289Z -- Up-to-date: D:/a/sindarin-compiler/sindarin-compiler/bin/deps/lib/libzlib.a
2026-10-02T17:28:53.5933134Z --   Copying library: D:/a/sindarin-compiler/sindarin-compiler/.sn/sindarin-pkg-libs/libs/windows/lib/libzs.a
2026-10-02T17:28:53.5934755Z -- Up-to-date: D:/a/sindarin-compiler/sindarin-compiler/bin/deps/lib/libzs.a
2026-10-02T17:28:53.5936393Z --   Copying library: D:/a/sindarin-compiler/sindarin-compiler/.sn/sindarin-pkg-libs/libs/windows/lib/libyyjson.a
2026-10-02T17:28:53.5937994Z -- Up-to-date: D:/a/sindarin-compiler/sindarin-compiler/bin/deps/lib/libyyjson.a
2026-10-02T17:28:53.5938827Z --   Copying library: D:/a/sindarin-compiler/sindarin-compiler/.sn/sindarin-pkg-libs/libs/windows/lib/libxml2.a
2026-10-02T17:28:53.5940402Z -- Up-to-date: D:/a/sindarin-compiler/sindarin-compiler/bin/deps/lib/libxml2.a
2026-10-02T17:28:53.5941367Z --   Copying library: D:/a/sindarin-compiler/sindarin-compiler/.sn/sindarin-pkg-libs/libs/windows/lib/libyaml.a
2026-10-02T17:28:53.5942859Z -- Up-to-date: D:/a/sindarin-compiler/sindarin-compiler/bin/deps/lib/libyaml.a
2026-10-02T17:28:53.5943924Z --   Copying library: D:/a/sindarin-compiler/sindarin-compiler/.sn/sindarin-pkg-libs/libs/windows/lib/libcrypto.a
2026-10-02T17:28:53.5945502Z -- Up-to-date: D:/a/sindarin-compiler/sindarin-compiler/bin/deps/lib/libcrypto.a
2026-10-02T17:28:53.5946524Z --   Copying library: D:/a/sindarin-compiler/sindarin-compiler/.sn/sindarin-pkg-libs/libs/windows/lib/libssl.a
2026-10-02T17:28:53.5947970Z -- Up-to-date: D:/a/sindarin-compiler/sindarin-compiler/bin/deps/lib/libssl.a
2026-10-02T17:28:53.5949080Z --   Copying library: D:/a/sindarin-compiler/sindarin-compiler/.sn/sindarin-pkg-libs/libs/windows/lib/libssh.a
2026-10-02T17:28:53.5950580Z -- Up-to-date: D:/a/sindarin-compiler/sindarin-compiler/bin/deps/lib/libssh.a
2026-10-02T17:28:53.5951431Z --   Copying library: D:/a/sindarin-compiler/sindarin-compiler/.sn/sindarin-pkg-libs/libs/windows/lib/libssh2.a
2026-10-02T17:28:53.5952887Z -- Up-to-date: D:/a/sindarin-compiler/sindarin-compiler/bin/deps/lib/libssh2.a
2026-10-02T17:28:53.5954166Z --   Copying library: D:/a/sindarin-compiler/sindarin-compiler/.sn/sindarin-pkg-libs/libs/windows/lib/libgit2.a
2026-10-02T17:28:53.5955725Z -- Up-to-date: D:/a/sindarin-compiler/sindarin-compiler/bin/deps/lib/libgit2.a
2026-10-02T17:28:53.5956950Z --   Copying library: D:/a/sindarin-compiler/sindarin-compiler/.sn/sindarin-pkg-libs/libs/windows/lib/libhttp_parser.a
2026-10-02T17:28:53.5958214Z -- Up-to-date: D:/a/sindarin-compiler/sindarin-compiler/bin/deps/lib/libhttp_parser.a
2026-10-02T17:28:53.5959439Z --   Copying library: D:/a/sindarin-compiler/sindarin-compiler/.sn/sindarin-pkg-libs/libs/windows/lib/libpcre2-8.a
2026-10-02T17:28:53.5960643Z -- Up-to-date: D:/a/sindarin-compiler/sindarin-compiler/bin/deps/lib/libpcre2-8.a
2026-10-02T17:28:53.5961813Z --   Copying library: D:/a/sindarin-compiler/sindarin-compiler/.sn/sindarin-pkg-libs/libs/windows/lib/libssh2.a
2026-10-02T17:28:53.5962980Z -- Up-to-date: D:/a/sindarin-compiler/sindarin-compiler/bin/deps/lib/libssh2.a
2026-10-02T17:28:53.5964126Z --   Copying library: D:/a/sindarin-compiler/sindarin-compiler/.sn/sindarin-pkg-libs/libs/windows/lib/libcurl.a
2026-10-02T17:28:53.5965283Z -- Up-to-date: D:/a/sindarin-compiler/sindarin-compiler/bin/deps/lib/libcurl.a
2026-10-02T17:28:53.5967217Z --   Dependencies copied to: D:/a/sindarin-compiler/sindarin-compiler/bin/deps
2026-10-02T17:28:53.5968434Z -- Using zlib archive: D:/a/sindarin-compiler/sindarin-compiler/.sn/sindarin-pkg-libs/libs/windows/lib/libzlib.a
2026-10-02T17:28:53.5969388Z -- Found sindarin-template (handlebars)
2026-10-02T17:28:53.5978341Z -- Found libcurl - enabling auto-update feature
2026-10-02T17:28:53.5979817Z -- Found libgit2 and libyaml - enabling package manager
2026-10-02T17:28:53.6042969Z -- 
2026-10-02T17:28:53.6043380Z -- Sindarin Compiler Build Configuration:
2026-10-02T17:28:53.6044029Z --   Version:      1.0.0
2026-10-02T17:28:53.6044288Z --   Platform:     Windows
2026-10-02T17:28:53.6044570Z --   Compiler:     Clang 19.1.6
2026-10-02T17:28:53.6044792Z --   Build Type:   Release
2026-10-02T17:28:53.6044990Z --   Debug:        OFF
2026-10-02T17:28:53.6045181Z --   ASAN:         OFF
2026-10-02T17:28:53.6045447Z --   Output:       D:/a/sindarin-compiler/sindarin-compiler/bin
2026-10-02T17:28:53.6045751Z -- 
2026-10-02T17:28:53.6048184Z -- Configuring done (0.2s)
2026-10-02T17:28:53.6806943Z -- Generating done (0.1s)
2026-10-02T17:28:53.6818136Z -- Build files have been written to: D:/a/sindarin-compiler/sindarin-compiler/build
2026-10-02T17:28:53.6892754Z cmake --build build
2026-10-02T17:28:53.7456036Z [0/2] Re-checking globbed directories...
2026-10-02T17:28:53.8198685Z [1/3] Synchronizing runtime headers
2026-10-02T17:28:53.9764228Z [2/3] Staging compiler artifacts in bin
2026-10-02T17:28:54.0074245Z 
2026-10-02T17:28:54.0306936Z Build complete!
2026-10-02T17:28:54.0530511Z Compiler: bin/sn.exe
2026-10-02T17:28:54.1154878Z usage: check_rust_parity.py [-h] [--compiler COMPILER] --output OUTPUT
2026-10-02T17:28:54.1155375Z                             [--compile-timeout COMPILE_TIMEOUT]
2026-10-02T17:28:54.1155726Z                             [--run-timeout RUN_TIMEOUT]
2026-10-02T17:28:54.1156039Z                             fixtures [fixtures ...]
2026-10-02T17:28:54.1156594Z check_rust_parity.py: error: compiler does not exist: D:\a\sindarin-compiler\sindarin-compiler\bin\sn
2026-10-02T17:28:54.1220580Z make: *** [Makefile:226: test-rust-parity-core] Error 2
2026-10-02T17:28:54.1245736Z ##[endgroup]
2026-10-02T17:28:54.1293666Z ##[error]Process completed with exit code 1.
2026-10-02T17:28:54.1502096Z ##[group]Run actions/upload-artifact@v7
2026-10-02T17:28:54.1502426Z with:
2026-10-02T17:28:54.1502660Z   name: rust-runtime-diagnostics-windows-latest
2026-10-02T17:28:54.1503058Z   path: .sn/rust-runtime-diagnostics/
.sn/rust-parity-core.json

2026-10-02T17:28:54.1503421Z   if-no-files-found: ignore
2026-10-02T17:28:54.1503646Z   retention-days: 7
2026-10-02T17:28:54.1503829Z   compression-level: 6
2026-10-02T17:28:54.1504027Z   overwrite: false
2026-10-02T17:28:54.1504217Z   include-hidden-files: false
2026-10-02T17:28:54.1504429Z   archive: true
2026-10-02T17:28:54.1504589Z env:
2026-10-02T17:28:54.1504762Z   VCPKG_ROOT: C:/Users/runneradmin/vcpkg
2026-10-02T17:28:54.1504996Z ##[endgroup]
2026-10-02T17:28:54.3249863Z Multiple search paths detected. Calculating the least common ancestor of all paths
2026-10-02T17:28:54.3253564Z The least common ancestor is D:\a\sindarin-compiler\sindarin-compiler\.sn. This will be the root directory of the artifact
2026-10-02T17:28:54.3254295Z No files were found with the provided path: .sn/rust-runtime-diagnostics/
2026-10-02T17:28:54.3254734Z .sn/rust-parity-core.json. No artifacts will be uploaded.
2026-10-02T17:28:54.3593991Z Post job cleanup.
2026-10-02T17:28:54.5799214Z [command]"C:\Program Files\Git\bin\git.exe" version
2026-10-02T17:28:54.6106872Z git version 2.55.0.windows.5
2026-10-02T17:28:54.6171963Z Temporarily overriding HOME='D:\a\_temp\1cd6d654-78ed-4908-b36f-a11ba7c27796' before making global git config changes
2026-10-02T17:28:54.6173059Z Adding repository directory to the temporary git global config as a safe directory
2026-10-02T17:28:54.6182820Z [command]"C:\Program Files\Git\bin\git.exe" config --global --add safe.directory D:\a\sindarin-compiler\sindarin-compiler
2026-10-02T17:28:54.6481616Z Removing SSH command configuration
2026-10-02T17:28:54.6492171Z [command]"C:\Program Files\Git\bin\git.exe" config --local --name-only --get-regexp core\.sshCommand
2026-10-02T17:28:54.6799224Z [command]"C:\Program Files\Git\bin\git.exe" submodule foreach --recursive "sh -c \"git config --local --name-only --get-regexp 'core\.sshCommand' && git config --local --unset-all 'core.sshCommand' || :\""
2026-10-02T17:28:55.2253016Z Removing HTTP extra header
2026-10-02T17:28:55.2263940Z [command]"C:\Program Files\Git\bin\git.exe" config --local --name-only --get-regexp http\.https\:\/\/github\.com\/\.extraheader
2026-10-02T17:28:55.2567717Z [command]"C:\Program Files\Git\bin\git.exe" submodule foreach --recursive "sh -c \"git config --local --name-only --get-regexp 'http\.https\:\/\/github\.com\/\.extraheader' && git config --local --unset-all 'http.https://github.com/.extraheader' || :\""
2026-10-02T17:28:55.7995937Z Removing includeIf entries pointing to credentials config files
2026-10-02T17:28:55.8007742Z [command]"C:\Program Files\Git\bin\git.exe" config --local --name-only --get-regexp ^includeIf\.gitdir:
2026-10-02T17:28:55.8268238Z includeif.gitdir:D:/a/sindarin-compiler/sindarin-compiler/.git.path
2026-10-02T17:28:55.8269198Z includeif.gitdir:D:/a/sindarin-compiler/sindarin-compiler/.git/worktrees/*.path
2026-10-02T17:28:55.8269674Z includeif.gitdir:/github/workspace/.git.path
2026-10-02T17:28:55.8270071Z includeif.gitdir:/github/workspace/.git/worktrees/*.path
2026-10-02T17:28:55.8305042Z [command]"C:\Program Files\Git\bin\git.exe" config --local --get-all includeif.gitdir:D:/a/sindarin-compiler/sindarin-compiler/.git.path
2026-10-02T17:28:55.8555658Z D:\a\_temp\git-credentials-4b491c6c-3609-4398-a432-f18088b512df.config
2026-10-02T17:28:55.8594691Z [command]"C:\Program Files\Git\bin\git.exe" config --local --unset includeif.gitdir:D:/a/sindarin-compiler/sindarin-compiler/.git.path D\:\\a\\_temp\\git\-credentials\-4b491c6c\-3609\-4398\-a432\-f18088b512df\.config
2026-10-02T17:28:55.8938456Z [command]"C:\Program Files\Git\bin\git.exe" config --local --get-all includeif.gitdir:D:/a/sindarin-compiler/sindarin-compiler/.git/worktrees/*.path
2026-10-02T17:28:55.9190524Z D:\a\_temp\git-credentials-4b491c6c-3609-4398-a432-f18088b512df.config
2026-10-02T17:28:55.9228323Z [command]"C:\Program Files\Git\bin\git.exe" config --local --unset includeif.gitdir:D:/a/sindarin-compiler/sindarin-compiler/.git/worktrees/*.path D\:\\a\\_temp\\git\-credentials\-4b491c6c\-3609\-4398\-a432\-f18088b512df\.config
2026-10-02T17:28:55.9518482Z [command]"C:\Program Files\Git\bin\git.exe" config --local --get-all includeif.gitdir:/github/workspace/.git.path
2026-10-02T17:28:55.9771690Z /github/runner_temp/git-credentials-4b491c6c-3609-4398-a432-f18088b512df.config
2026-10-02T17:28:55.9808634Z [command]"C:\Program Files\Git\bin\git.exe" config --local --unset includeif.gitdir:/github/workspace/.git.path \/github\/runner_temp\/git\-credentials\-4b491c6c\-3609\-4398\-a432\-f18088b512df\.config
2026-10-02T17:28:56.0103458Z [command]"C:\Program Files\Git\bin\git.exe" config --local --get-all includeif.gitdir:/github/workspace/.git/worktrees/*.path
2026-10-02T17:28:56.0352920Z /github/runner_temp/git-credentials-4b491c6c-3609-4398-a432-f18088b512df.config
2026-10-02T17:28:56.0392284Z [command]"C:\Program Files\Git\bin\git.exe" config --local --unset includeif.gitdir:/github/workspace/.git/worktrees/*.path \/github\/runner_temp\/git\-credentials\-4b491c6c\-3609\-4398\-a432\-f18088b512df\.config
2026-10-02T17:28:56.0681122Z [command]"C:\Program Files\Git\bin\git.exe" submodule foreach --recursive "git config --local --show-origin --name-only --get-regexp remote.origin.url"
2026-10-02T17:28:56.6564764Z Removing credentials config 'D:\a\_temp\git-credentials-4b491c6c-3609-4398-a432-f18088b512df.config'
2026-10-02T17:28:56.6764762Z Cleaning up orphan processes
2026-10-02T17:28:56.7042895Z Terminate orphan process: pid (8036) (vctip)
