2026-10-02T17:51:44.6553467Z Current runner version: '2.337.0'
2026-10-02T17:51:44.6578483Z ##[group]Runner Image Provisioner
2026-10-02T17:51:44.6579300Z Hosted Compute Agent
2026-10-02T17:51:44.6579825Z Version: 20260901.588
2026-10-02T17:51:44.6580430Z Commit: f88ec8081b781fac6c440065ac7ff9e710ce3d0b
2026-10-02T17:51:44.6581110Z Build Date: 2026-09-01T19:56:44Z
2026-10-02T17:51:44.6581731Z Worker ID: {dd2bdf05-8fa5-4630-ac89-442ffdfdeb57}
2026-10-02T17:51:44.6582423Z Azure Region: northcentralus
2026-10-02T17:51:44.6583467Z ##[endgroup]
2026-10-02T17:51:44.6584908Z ##[group]Operating System
2026-10-02T17:51:44.6585521Z Microsoft Windows Server 2025
2026-10-02T17:51:44.6586083Z 10.0.26100
2026-10-02T17:51:44.6586658Z Datacenter
2026-10-02T17:51:44.6587123Z ##[endgroup]
2026-10-02T17:51:44.6587639Z ##[group]Runner Image
2026-10-02T17:51:44.6588200Z Image: windows-2025-vs2026
2026-10-02T17:51:44.6588742Z Version: 20260925.250.1
2026-10-02T17:51:44.6590193Z Included Software: https://github.com/actions/runner-images/blob/win25-vs2026/20260925.250/images/windows/Windows2025-VS2026-Readme.md
2026-10-02T17:51:44.6591823Z Image Release: https://github.com/actions/runner-images/releases/tag/win25-vs2026%2F20260925.250
2026-10-02T17:51:44.6592776Z ##[endgroup]
2026-10-02T17:51:44.6593925Z ##[group]GITHUB_TOKEN Permissions
2026-10-02T17:51:44.6595812Z Contents: read
2026-10-02T17:51:44.6596420Z Metadata: read
2026-10-02T17:51:44.6596970Z Packages: read
2026-10-02T17:51:44.6597504Z ##[endgroup]
2026-10-02T17:51:44.6599524Z Secret source: Actions
2026-10-02T17:51:44.6600421Z Cache mode: write
2026-10-02T17:51:44.6601051Z Prepare workflow directory
2026-10-02T17:51:44.7054225Z Prepare all required actions
2026-10-02T17:51:44.7104944Z Getting action download info
2026-10-02T17:51:44.9229795Z Download action repository 'actions/checkout@v7' (SHA:3d3c42e5aac5ba805825da76410c181273ba90b1)
2026-10-02T17:51:45.0495653Z Download action repository 'actions/upload-artifact@v7' (SHA:043fb46d1a93c77aae656e7c1c64a875d1fc6a0a)
2026-10-02T17:51:45.2913650Z Complete job name: Build (windows-latest)
2026-10-02T17:51:45.5459736Z ##[group]Run actions/checkout@v7
2026-10-02T17:51:45.5460742Z with:
2026-10-02T17:51:45.5461188Z   repository: SindarinSDK/sindarin-compiler
2026-10-02T17:51:45.5465601Z   token: ***
2026-10-02T17:51:45.5466010Z   ssh-strict: true
2026-10-02T17:51:45.5466405Z   ssh-user: git
2026-10-02T17:51:45.5466823Z   persist-credentials: true
2026-10-02T17:51:45.5467265Z   clean: true
2026-10-02T17:51:45.5467665Z   sparse-checkout-cone-mode: true
2026-10-02T17:51:45.5468156Z   fetch-depth: 1
2026-10-02T17:51:45.5468551Z   fetch-tags: false
2026-10-02T17:51:45.5468947Z   show-progress: true
2026-10-02T17:51:45.5469359Z   lfs: false
2026-10-02T17:51:45.5469741Z   submodules: false
2026-10-02T17:51:45.5470145Z   set-safe-directory: true
2026-10-02T17:51:45.5470619Z   allow-unsafe-pr-checkout: false
2026-10-02T17:51:45.5471395Z ##[endgroup]
2026-10-02T17:51:45.7504640Z Syncing repository: SindarinSDK/sindarin-compiler
2026-10-02T17:51:45.7506517Z ##[group]Getting Git version info
2026-10-02T17:51:45.7507736Z Working directory is 'D:\a\sindarin-compiler\sindarin-compiler'
2026-10-02T17:51:45.8412583Z [command]"C:\Program Files\Git\bin\git.exe" version
2026-10-02T17:51:46.6733641Z git version 2.55.0.windows.5
2026-10-02T17:51:46.6796105Z ##[endgroup]
2026-10-02T17:51:46.6813745Z Temporarily overriding HOME='D:\a\_temp\49194a44-6140-4f48-b371-aeb93b56482e' before making global git config changes
2026-10-02T17:51:46.6818036Z Adding repository directory to the temporary git global config as a safe directory
2026-10-02T17:51:46.6829546Z [command]"C:\Program Files\Git\bin\git.exe" config --global --add safe.directory D:\a\sindarin-compiler\sindarin-compiler
2026-10-02T17:51:46.7943160Z Deleting the contents of 'D:\a\sindarin-compiler\sindarin-compiler'
2026-10-02T17:51:46.7948401Z ##[group]Determining repository object format
2026-10-02T17:51:46.7951119Z ##[endgroup]
2026-10-02T17:51:46.7953360Z ##[group]Initializing the repository
2026-10-02T17:51:46.7961825Z [command]"C:\Program Files\Git\bin\git.exe" init D:\a\sindarin-compiler\sindarin-compiler
2026-10-02T17:51:46.9649090Z Initialized empty Git repository in D:/a/sindarin-compiler/sindarin-compiler/.git/
2026-10-02T17:51:46.9700359Z [command]"C:\Program Files\Git\bin\git.exe" remote add origin https://github.com/SindarinSDK/sindarin-compiler
2026-10-02T17:51:47.1029690Z ##[endgroup]
2026-10-02T17:51:47.1030242Z ##[group]Disabling automatic garbage collection
2026-10-02T17:51:47.1038810Z [command]"C:\Program Files\Git\bin\git.exe" config --local gc.auto 0
2026-10-02T17:51:47.1337453Z ##[endgroup]
2026-10-02T17:51:47.1338285Z ##[group]Setting up auth
2026-10-02T17:51:47.1338886Z Removing SSH command configuration
2026-10-02T17:51:47.1348939Z [command]"C:\Program Files\Git\bin\git.exe" config --local --name-only --get-regexp core\.sshCommand
2026-10-02T17:51:47.1666191Z [command]"C:\Program Files\Git\bin\git.exe" submodule foreach --recursive "sh -c \"git config --local --name-only --get-regexp 'core\.sshCommand' && git config --local --unset-all 'core.sshCommand' || :\""
2026-10-02T17:51:49.9684598Z Removing HTTP extra header
2026-10-02T17:51:49.9698501Z [command]"C:\Program Files\Git\bin\git.exe" config --local --name-only --get-regexp http\.https\:\/\/github\.com\/\.extraheader
2026-10-02T17:51:50.0036570Z [command]"C:\Program Files\Git\bin\git.exe" submodule foreach --recursive "sh -c \"git config --local --name-only --get-regexp 'http\.https\:\/\/github\.com\/\.extraheader' && git config --local --unset-all 'http.https://github.com/.extraheader' || :\""
2026-10-02T17:51:50.5796174Z Removing includeIf entries pointing to credentials config files
2026-10-02T17:51:50.5809513Z [command]"C:\Program Files\Git\bin\git.exe" config --local --name-only --get-regexp ^includeIf\.gitdir:
2026-10-02T17:51:50.6141985Z [command]"C:\Program Files\Git\bin\git.exe" submodule foreach --recursive "git config --local --show-origin --name-only --get-regexp remote.origin.url"
2026-10-02T17:51:51.1879744Z [command]"C:\Program Files\Git\bin\git.exe" config --file D:\a\_temp\git-credentials-cbe52ee0-8491-4949-b411-79c032c4c0b3.config http.https://github.com/.extraheader "AUTHORIZATION: basic ***"
2026-10-02T17:51:51.2220966Z [command]"C:\Program Files\Git\bin\git.exe" config --local includeIf.gitdir:D:/a/sindarin-compiler/sindarin-compiler/.git.path D:\a\_temp\git-credentials-cbe52ee0-8491-4949-b411-79c032c4c0b3.config
2026-10-02T17:51:51.2549134Z [command]"C:\Program Files\Git\bin\git.exe" config --local includeIf.gitdir:D:/a/sindarin-compiler/sindarin-compiler/.git/worktrees/*.path D:\a\_temp\git-credentials-cbe52ee0-8491-4949-b411-79c032c4c0b3.config
2026-10-02T17:51:51.2966216Z [command]"C:\Program Files\Git\bin\git.exe" config --local includeIf.gitdir:/github/workspace/.git.path /github/runner_temp/git-credentials-cbe52ee0-8491-4949-b411-79c032c4c0b3.config
2026-10-02T17:51:51.3311327Z [command]"C:\Program Files\Git\bin\git.exe" config --local includeIf.gitdir:/github/workspace/.git/worktrees/*.path /github/runner_temp/git-credentials-cbe52ee0-8491-4949-b411-79c032c4c0b3.config
2026-10-02T17:51:51.3693754Z ##[endgroup]
2026-10-02T17:51:51.3694434Z ##[group]Fetching the repository
2026-10-02T17:51:51.3696038Z [command]"C:\Program Files\Git\bin\git.exe" -c protocol.version=2 fetch --no-tags --prune --no-recurse-submodules --depth=1 origin +d50f8f1baec22f04be2084d65401392cbfc3f4a2:refs/remotes/pull/144/merge
2026-10-02T17:51:53.5632246Z From https://github.com/SindarinSDK/sindarin-compiler
2026-10-02T17:51:53.5633504Z  * [new ref]         d50f8f1baec22f04be2084d65401392cbfc3f4a2 -> pull/144/merge
2026-10-02T17:51:53.5676970Z ##[endgroup]
2026-10-02T17:51:53.5677676Z ##[group]Determining the checkout info
2026-10-02T17:51:53.5678463Z ##[endgroup]
2026-10-02T17:51:53.5692672Z [command]"C:\Program Files\Git\bin\git.exe" sparse-checkout disable
2026-10-02T17:51:53.6385220Z [command]"C:\Program Files\Git\bin\git.exe" config --local --unset-all extensions.worktreeConfig
2026-10-02T17:51:53.6711482Z ##[group]Checking out the ref
2026-10-02T17:51:53.6722477Z [command]"C:\Program Files\Git\bin\git.exe" checkout --progress --force refs/remotes/pull/144/merge
2026-10-02T17:51:54.7607403Z Updating files:  67% (4179/6213)
2026-10-02T17:51:54.7741656Z Updating files:  68% (4225/6213)
2026-10-02T17:51:54.7875948Z Updating files:  69% (4287/6213)
2026-10-02T17:51:54.8040971Z Updating files:  70% (4350/6213)
2026-10-02T17:51:54.8190285Z Updating files:  71% (4412/6213)
2026-10-02T17:51:54.8332084Z Updating files:  72% (4474/6213)
2026-10-02T17:51:54.8485872Z Updating files:  73% (4536/6213)
2026-10-02T17:51:54.8637426Z Updating files:  74% (4598/6213)
2026-10-02T17:51:54.8765707Z Updating files:  75% (4660/6213)
2026-10-02T17:51:54.8901187Z Updating files:  76% (4722/6213)
2026-10-02T17:51:54.9041556Z Updating files:  77% (4785/6213)
2026-10-02T17:51:54.9186648Z Updating files:  78% (4847/6213)
2026-10-02T17:51:54.9341124Z Updating files:  79% (4909/6213)
2026-10-02T17:51:54.9477191Z Updating files:  80% (4971/6213)
2026-10-02T17:51:54.9608787Z Updating files:  81% (5033/6213)
2026-10-02T17:51:54.9731468Z Updating files:  82% (5095/6213)
2026-10-02T17:51:54.9867582Z Updating files:  83% (5157/6213)
2026-10-02T17:51:55.0066383Z Updating files:  84% (5219/6213)
2026-10-02T17:51:55.0191002Z Updating files:  85% (5282/6213)
2026-10-02T17:51:55.0335382Z Updating files:  86% (5344/6213)
2026-10-02T17:51:55.0459801Z Updating files:  87% (5406/6213)
2026-10-02T17:51:55.0601520Z Updating files:  88% (5468/6213)
2026-10-02T17:51:55.0740156Z Updating files:  89% (5530/6213)
2026-10-02T17:51:55.0885511Z Updating files:  90% (5592/6213)
2026-10-02T17:51:55.1022675Z Updating files:  91% (5654/6213)
2026-10-02T17:51:55.1163769Z Updating files:  92% (5716/6213)
2026-10-02T17:51:55.1291882Z Updating files:  93% (5779/6213)
2026-10-02T17:51:55.1439218Z Updating files:  94% (5841/6213)
2026-10-02T17:51:55.1578635Z Updating files:  95% (5903/6213)
2026-10-02T17:51:55.1730858Z Updating files:  96% (5965/6213)
2026-10-02T17:51:55.1895648Z Updating files:  97% (6027/6213)
2026-10-02T17:51:55.2056848Z Updating files:  98% (6089/6213)
2026-10-02T17:51:55.2222200Z Updating files:  99% (6151/6213)
2026-10-02T17:51:55.2225890Z Updating files: 100% (6213/6213)
2026-10-02T17:51:55.2226806Z Updating files: 100% (6213/6213), done.
2026-10-02T17:51:55.2377005Z Note: switching to 'refs/remotes/pull/144/merge'.
2026-10-02T17:51:55.2377728Z 
2026-10-02T17:51:55.2378103Z You are in 'detached HEAD' state. You can look around, make experimental
2026-10-02T17:51:55.2378931Z changes and commit them, and you can discard any commits you make in this
2026-10-02T17:51:55.2379713Z state without impacting any branches by switching back to a branch.
2026-10-02T17:51:55.2380193Z 
2026-10-02T17:51:55.2380485Z If you want to create a new branch to retain commits you create, you may
2026-10-02T17:51:55.2381193Z do so (now or later) by using -c with the switch command. Example:
2026-10-02T17:51:55.2381650Z 
2026-10-02T17:51:55.2381799Z   git switch -c <new-branch-name>
2026-10-02T17:51:55.2381993Z 
2026-10-02T17:51:55.2382084Z Or undo this operation with:
2026-10-02T17:51:55.2382248Z 
2026-10-02T17:51:55.2382334Z   git switch -
2026-10-02T17:51:55.2382454Z 
2026-10-02T17:51:55.2382681Z Turn off this advice by setting config variable advice.detachedHead to false
2026-10-02T17:51:55.2383015Z 
2026-10-02T17:51:55.2383387Z HEAD is now at d50f8f1 Merge eb916370957241d2c6dbf151f71cb9e7d6e79faf into a03421325a4a5785eec1645633d68ff99fc00126
2026-10-02T17:51:55.2448104Z ##[endgroup]
2026-10-02T17:51:55.2792613Z [command]"C:\Program Files\Git\bin\git.exe" log -1 --format=%H
2026-10-02T17:51:55.3102976Z d50f8f1baec22f04be2084d65401392cbfc3f4a2
2026-10-02T17:51:55.3635562Z ##[group]Run # LLVM 19's ASan cannot decode the Windows 11 24H2 CRT prologue.
2026-10-02T17:51:55.3636230Z [36;1m# LLVM 19's ASan cannot decode the Windows 11 24H2 CRT prologue.[0m
2026-10-02T17:51:55.3636597Z [36;1m$version = "20260616"[0m
2026-10-02T17:51:55.3637410Z [36;1m$url = "https://github.com/mstorsjo/llvm-mingw/releases/download/$version/llvm-mingw-$version-ucrt-x86_64.zip"[0m
2026-10-02T17:51:55.3637988Z [36;1m$zipPath = "$env:TEMP\llvm-mingw.zip"[0m
2026-10-02T17:51:55.3638398Z [36;1m$extractPath = Join-Path $env:GITHUB_WORKSPACE ".sn\toolchains\llvm-mingw"[0m
2026-10-02T17:51:55.3638781Z [36;1m[0m
2026-10-02T17:51:55.3638998Z [36;1mWrite-Host "Downloading LLVM-MinGW $version..."[0m
2026-10-02T17:51:55.3639346Z [36;1mInvoke-WebRequest -Uri $url -OutFile $zipPath[0m
2026-10-02T17:51:55.3639798Z [36;1m$expectedHash = "b9b68a4d276e16fa25802aaba458e4638f64b3884c290aaccdc2d87083b6ca35"[0m
2026-10-02T17:51:55.3640453Z [36;1mif ((Get-FileHash $zipPath -Algorithm SHA256).Hash.ToLowerInvariant() -ne $expectedHash) {[0m
2026-10-02T17:51:55.3640945Z [36;1m  throw "LLVM-MinGW archive SHA-256 mismatch"[0m
2026-10-02T17:51:55.3641208Z [36;1m}[0m
2026-10-02T17:51:55.3641361Z [36;1m[0m
2026-10-02T17:51:55.3641566Z [36;1mWrite-Host "Extracting to $extractPath..."[0m
2026-10-02T17:51:55.3641968Z [36;1mExpand-Archive -Path $zipPath -DestinationPath $extractPath -Force[0m
2026-10-02T17:51:55.3642326Z [36;1m[0m
2026-10-02T17:51:55.3642635Z [36;1m$llvmDir = Get-ChildItem -Path $extractPath -Directory | Select-Object -First 1[0m
2026-10-02T17:51:55.3643079Z [36;1m$binPath = Join-Path $llvmDir.FullName "bin"[0m
2026-10-02T17:51:55.3643338Z [36;1m[0m
2026-10-02T17:51:55.3643588Z [36;1mWrite-Host "LLVM-MinGW installed at: $($llvmDir.FullName)"[0m
2026-10-02T17:51:55.3644062Z [36;1mecho "$binPath" | Out-File -FilePath $env:GITHUB_PATH -Encoding utf8 -Append[0m
2026-10-02T17:51:55.3944838Z shell: C:\Program Files\PowerShell\7\pwsh.EXE -command ". '{0}'"
2026-10-02T17:51:55.3945489Z ##[endgroup]
2026-10-02T17:51:55.9259069Z Downloading LLVM-MinGW 20260616...
2026-10-02T17:51:58.5048039Z Extracting to D:\a\sindarin-compiler\sindarin-compiler\.sn\toolchains\llvm-mingw...
2026-10-02T17:52:16.2858905Z LLVM-MinGW installed at: D:\a\sindarin-compiler\sindarin-compiler\.sn\toolchains\llvm-mingw\llvm-mingw-20260616-ucrt-x86_64
2026-10-02T17:52:16.6525200Z ##[group]Run choco install make ninja -y
2026-10-02T17:52:16.6525592Z [36;1mchoco install make ninja -y[0m
2026-10-02T17:52:16.6603816Z shell: C:\Program Files\PowerShell\7\pwsh.EXE -command ". '{0}'"
2026-10-02T17:52:16.6604174Z ##[endgroup]
2026-10-02T17:52:23.8019149Z Chocolatey v2.7.4
2026-10-02T17:52:24.2885061Z Installing the following packages:
2026-10-02T17:52:24.2891663Z make;ninja
2026-10-02T17:52:24.2896106Z By installing, you accept licenses for the packages.
2026-10-02T17:52:31.6217337Z Downloading package from source 'https://community.chocolatey.org/api/v2/'
2026-10-02T17:52:31.7586957Z 
2026-10-02T17:52:31.7587988Z Progress: Downloading make 4.4.1... %
2026-10-02T17:52:31.7588527Z Progress: Downloading make 4.4.1... 1%
2026-10-02T17:52:31.7589402Z Progress: Downloading make 4.4.1... 1%
2026-10-02T17:52:31.7591846Z Progress: Downloading make 4.4.1... 1%
2026-10-02T17:52:31.7592547Z Progress: Downloading make 4.4.1... 2%
2026-10-02T17:52:31.7596343Z Progress: Downloading make 4.4.1... 2%
2026-10-02T17:52:31.7596852Z Progress: Downloading make 4.4.1... 2%
2026-10-02T17:52:31.7597333Z Progress: Downloading make 4.4.1... 3%
2026-10-02T17:52:31.7597812Z Progress: Downloading make 4.4.1... 3%
2026-10-02T17:52:31.7598317Z Progress: Downloading make 4.4.1... 3%
2026-10-02T17:52:31.7598777Z Progress: Downloading make 4.4.1... 4%
2026-10-02T17:52:31.7599233Z Progress: Downloading make 4.4.1... 4%
2026-10-02T17:52:31.7599709Z Progress: Downloading make 4.4.1... 4%
2026-10-02T17:52:31.7600179Z Progress: Downloading make 4.4.1... 5%
2026-10-02T17:52:31.7600930Z Progress: Downloading make 4.4.1... 5%
2026-10-02T17:52:31.7601388Z Progress: Downloading make 4.4.1... 5%
2026-10-02T17:52:31.7601856Z Progress: Downloading make 4.4.1... 6%
2026-10-02T17:52:31.7602314Z Progress: Downloading make 4.4.1... 6%
2026-10-02T17:52:31.7603059Z Progress: Downloading make 4.4.1... 6%
2026-10-02T17:52:31.7603529Z Progress: Downloading make 4.4.1... 7%
2026-10-02T17:52:31.7603980Z Progress: Downloading make 4.4.1... 7%
2026-10-02T17:52:31.7604423Z Progress: Downloading make 4.4.1... 7%
2026-10-02T17:52:31.7604872Z Progress: Downloading make 4.4.1... 8%
2026-10-02T17:52:31.7605303Z Progress: Downloading make 4.4.1... 8%
2026-10-02T17:52:31.7605722Z Progress: Downloading make 4.4.1... 8%
2026-10-02T17:52:31.7606159Z Progress: Downloading make 4.4.1... 9%
2026-10-02T17:52:31.7606604Z Progress: Downloading make 4.4.1... 9%
2026-10-02T17:52:31.7607057Z Progress: Downloading make 4.4.1... 9%
2026-10-02T17:52:31.7607521Z Progress: Downloading make 4.4.1... 10%
2026-10-02T17:52:31.7608837Z Progress: Downloading make 4.4.1... 10%
2026-10-02T17:52:31.7609335Z Progress: Downloading make 4.4.1... 10%
2026-10-02T17:52:31.7609802Z Progress: Downloading make 4.4.1... 11%
2026-10-02T17:52:31.7610284Z Progress: Downloading make 4.4.1... 11%
2026-10-02T17:52:31.7611210Z Progress: Downloading make 4.4.1... 11%
2026-10-02T17:52:31.7611773Z Progress: Downloading make 4.4.1... 12%
2026-10-02T17:52:31.7612252Z Progress: Downloading make 4.4.1... 12%
2026-10-02T17:52:31.7612714Z Progress: Downloading make 4.4.1... 12%
2026-10-02T17:52:31.7613177Z Progress: Downloading make 4.4.1... 13%
2026-10-02T17:52:31.7613630Z Progress: Downloading make 4.4.1... 13%
2026-10-02T17:52:31.7614634Z Progress: Downloading make 4.4.1... 13%
2026-10-02T17:52:31.7615124Z Progress: Downloading make 4.4.1... 14%
2026-10-02T17:52:31.7615916Z Progress: Downloading make 4.4.1... 15%
2026-10-02T17:52:31.7616505Z Progress: Downloading make 4.4.1... 16%
2026-10-02T17:52:31.7616944Z Progress: Downloading make 4.4.1... 17%
2026-10-02T17:52:31.7617376Z Progress: Downloading make 4.4.1... 18%
2026-10-02T17:52:31.7617809Z Progress: Downloading make 4.4.1... 19%
2026-10-02T17:52:31.7618227Z Progress: Downloading make 4.4.1... 20%
2026-10-02T17:52:31.7618663Z Progress: Downloading make 4.4.1... 21%
2026-10-02T17:52:31.7619111Z Progress: Downloading make 4.4.1... 22%
2026-10-02T17:52:31.7622751Z Progress: Downloading make 4.4.1... 23%
2026-10-02T17:52:31.7623359Z Progress: Downloading make 4.4.1... 24%
2026-10-02T17:52:31.7623811Z Progress: Downloading make 4.4.1... 24%
2026-10-02T17:52:31.7624270Z Progress: Downloading make 4.4.1... 25%
2026-10-02T17:52:31.7624704Z Progress: Downloading make 4.4.1... 26%
2026-10-02T17:52:31.7625140Z Progress: Downloading make 4.4.1... 27%
2026-10-02T17:52:31.7625574Z Progress: Downloading make 4.4.1... 28%
2026-10-02T17:52:31.7625991Z Progress: Downloading make 4.4.1... 29%
2026-10-02T17:52:31.7626417Z Progress: Downloading make 4.4.1... 30%
2026-10-02T17:52:31.7626857Z Progress: Downloading make 4.4.1... 31%
2026-10-02T17:52:31.7627296Z Progress: Downloading make 4.4.1... 32%
2026-10-02T17:52:31.7627726Z Progress: Downloading make 4.4.1... 33%
2026-10-02T17:52:31.7628158Z Progress: Downloading make 4.4.1... 34%
2026-10-02T17:52:31.7628590Z Progress: Downloading make 4.4.1... 36%
2026-10-02T17:52:31.7629035Z Progress: Downloading make 4.4.1... 37%
2026-10-02T17:52:31.7629466Z Progress: Downloading make 4.4.1... 38%
2026-10-02T17:52:31.7629894Z Progress: Downloading make 4.4.1... 39%
2026-10-02T17:52:31.7630338Z Progress: Downloading make 4.4.1... 40%
2026-10-02T17:52:31.7630763Z Progress: Downloading make 4.4.1... 41%
2026-10-02T17:52:31.7631191Z Progress: Downloading make 4.4.1... 42%
2026-10-02T17:52:31.7631623Z Progress: Downloading make 4.4.1... 43%
2026-10-02T17:52:31.7632051Z Progress: Downloading make 4.4.1... 44%
2026-10-02T17:52:31.7632478Z Progress: Downloading make 4.4.1... 45%
2026-10-02T17:52:31.7632912Z Progress: Downloading make 4.4.1... 46%
2026-10-02T17:52:31.7633348Z Progress: Downloading make 4.4.1... 47%
2026-10-02T17:52:31.7633777Z Progress: Downloading make 4.4.1... 48%
2026-10-02T17:52:31.7634210Z Progress: Downloading make 4.4.1... 49%
2026-10-02T17:52:31.7634632Z Progress: Downloading make 4.4.1... 50%
2026-10-02T17:52:31.7635947Z Progress: Downloading make 4.4.1... 51%
2026-10-02T17:52:31.7636405Z Progress: Downloading make 4.4.1... 52%
2026-10-02T17:52:31.7636846Z Progress: Downloading make 4.4.1... 53%
2026-10-02T17:52:31.7637275Z Progress: Downloading make 4.4.1... 54%
2026-10-02T17:52:31.7637701Z Progress: Downloading make 4.4.1... 56%
2026-10-02T17:52:31.7638767Z Progress: Downloading make 4.4.1... 56%
2026-10-02T17:52:31.7639236Z Progress: Downloading make 4.4.1... 58%
2026-10-02T17:52:31.7639931Z Progress: Downloading make 4.4.1... 60%
2026-10-02T17:52:31.7640324Z Progress: Downloading make 4.4.1... 62%
2026-10-02T17:52:31.7640707Z Progress: Downloading make 4.4.1... 64%
2026-10-02T17:52:31.7642411Z Progress: Downloading make 4.4.1... 66%
2026-10-02T17:52:31.7643485Z Progress: Downloading make 4.4.1... 68%
2026-10-02T17:52:31.7646978Z Progress: Downloading make 4.4.1... 70%
2026-10-02T17:52:31.7647658Z Progress: Downloading make 4.4.1... 72%
2026-10-02T17:52:31.7648159Z Progress: Downloading make 4.4.1... 74%
2026-10-02T17:52:31.7648612Z Progress: Downloading make 4.4.1... 76%
2026-10-02T17:52:31.7649048Z Progress: Downloading make 4.4.1... 78%
2026-10-02T17:52:31.7649474Z Progress: Downloading make 4.4.1... 80%
2026-10-02T17:52:31.7649893Z Progress: Downloading make 4.4.1... 82%
2026-10-02T17:52:31.7650305Z Progress: Downloading make 4.4.1... 84%
2026-10-02T17:52:31.7650740Z Progress: Downloading make 4.4.1... 86%
2026-10-02T17:52:31.7651158Z Progress: Downloading make 4.4.1... 88%
2026-10-02T17:52:31.7651563Z Progress: Downloading make 4.4.1... 88%
2026-10-02T17:52:31.7651974Z Progress: Downloading make 4.4.1... 90%
2026-10-02T17:52:31.7652411Z Progress: Downloading make 4.4.1... 92%
2026-10-02T17:52:31.7652822Z Progress: Downloading make 4.4.1... 94%
2026-10-02T17:52:31.7653244Z Progress: Downloading make 4.4.1... 96%
2026-10-02T17:52:31.7653667Z Progress: Downloading make 4.4.1... 98%
2026-10-02T17:52:32.3293165Z Progress: Downloading make 4.4.1... 100%
2026-10-02T17:52:32.3294092Z 
2026-10-02T17:52:32.3294254Z make v4.4.1 [Approved]
2026-10-02T17:52:32.3860391Z make package files install completed. Performing other installation steps.
2026-10-02T17:52:33.7760676Z  ShimGen has successfully created a shim for make.exe
2026-10-02T17:52:33.8657632Z  The install of make was successful.
2026-10-02T17:52:33.8660576Z   Deployed to 'C:\ProgramData\chocolatey\lib\make'
2026-10-02T17:52:34.0155321Z ninja v1.13.2 already installed.
2026-10-02T17:52:34.0156035Z  Use --force to reinstall, specify a version to install, or try upgrade.
2026-10-02T17:52:34.0243114Z 
2026-10-02T17:52:34.0243487Z Chocolatey installed 1/2 packages. 
2026-10-02T17:52:34.0244182Z  See the log for details (C:\ProgramData\chocolatey\logs\chocolatey.log).
2026-10-02T17:52:34.0247020Z 
2026-10-02T17:52:34.0250427Z Warnings:
2026-10-02T17:52:34.0255887Z  - ninja - ninja v1.13.2 already installed.
2026-10-02T17:52:34.0256618Z  Use --force to reinstall, specify a version to install, or try upgrade.
2026-10-02T17:52:34.2092307Z ##[group]Run rustup toolchain install 1.93.1 --profile minimal
2026-10-02T17:52:34.2092838Z [36;1mrustup toolchain install 1.93.1 --profile minimal[0m
2026-10-02T17:52:34.2093169Z [36;1mrustup default 1.93.1[0m
2026-10-02T17:52:34.2093412Z [36;1mrustc --version --verbose[0m
2026-10-02T17:52:34.2168554Z shell: C:\Program Files\PowerShell\7\pwsh.EXE -command ". '{0}'"
2026-10-02T17:52:34.2168920Z ##[endgroup]
2026-10-02T17:52:36.0126065Z info: syncing channel updates for 1.93.1-x86_64-pc-windows-msvc
2026-10-02T17:52:37.1574391Z info: latest update on 2026-02-12 for version 1.93.1 (01f6ddf75 2026-02-11)
2026-10-02T17:52:37.1866608Z info: downloading 3 components
2026-10-02T17:52:45.9056281Z 
2026-10-02T17:52:45.9435462Z   1.93.1-x86_64-pc-windows-msvc installed - rustc 1.93.1 (01f6ddf75 2026-02-11)
2026-10-02T17:52:45.9435815Z 
2026-10-02T17:52:45.9714475Z info: using existing install for 1.93.1-x86_64-pc-windows-msvc
2026-10-02T17:52:45.9814342Z info: default toolchain set to 1.93.1-x86_64-pc-windows-msvc
2026-10-02T17:52:45.9914327Z 
2026-10-02T17:52:46.0125424Z   1.93.1-x86_64-pc-windows-msvc unchanged - rustc 1.93.1 (01f6ddf75 2026-02-11)
2026-10-02T17:52:46.0125790Z 
2026-10-02T17:52:47.5636981Z rustc 1.93.1 (01f6ddf75 2026-02-11)
2026-10-02T17:52:47.5637732Z binary: rustc
2026-10-02T17:52:47.5638154Z commit-hash: 01f6ddf7588f42ae2d7eb0a2f21d44e8e96674cf
2026-10-02T17:52:47.5638642Z commit-date: 2026-02-11
2026-10-02T17:52:47.5639003Z host: x86_64-pc-windows-msvc
2026-10-02T17:52:47.5639367Z release: 1.93.1
2026-10-02T17:52:47.5641383Z LLVM version: 21.1.8
2026-10-02T17:52:47.7247768Z ##[group]Run make setup
2026-10-02T17:52:47.7248078Z [36;1mmake setup[0m
2026-10-02T17:52:47.7263643Z shell: C:\Program Files\Git\bin\bash.EXE --noprofile --norc -e -o pipefail {0}
2026-10-02T17:52:47.7264042Z env:
2026-10-02T17:52:47.7266508Z   GH_TOKEN: ***
2026-10-02T17:52:47.7266704Z   SN_SKIP_PREREQS: 1
2026-10-02T17:52:47.7266896Z ##[endgroup]
2026-10-02T17:52:47.9125382Z Setting up build dependencies for Windows...
2026-10-02T17:52:52.1556168Z 
2026-10-02T17:52:52.1574982Z ========================================
2026-10-02T17:52:52.1583993Z     Sindarin Compiler Installer
2026-10-02T17:52:52.1592125Z ========================================
2026-10-02T17:52:52.1596560Z 
2026-10-02T17:52:52.2009770Z [*] Using prerequisites supplied by caller (SN_SKIP_PREREQS=1)
2026-10-02T17:52:52.2125550Z [*] Fetching latest version...
2026-10-02T17:52:52.8104175Z [+] Found release: v0.0.83
2026-10-02T17:52:52.8932292Z [*] Downloading sindarin-0.0.83-windows-x64.zip...
2026-10-02T17:53:06.2909948Z [+] Download complete
2026-10-02T17:53:06.3023807Z [*] Extracting to C:\Users\runneradmin\.sn...
2026-10-02T17:53:09.5309043Z [*] Flattening nested directory structure...
2026-10-02T17:53:09.5500178Z [+] Extraction complete
2026-10-02T17:53:09.5758837Z [*] Configuring PATH...
2026-10-02T17:53:09.5781639Z [*] GitHub Actions detected, registering in GITHUB_PATH...
2026-10-02T17:53:09.6093441Z [+] Added C:\Users\runneradmin\.sn\bin to GITHUB_PATH
2026-10-02T17:53:09.6099327Z 
2026-10-02T17:53:09.6109226Z [+] Sindarin compiler installed successfully!
2026-10-02T17:53:09.6114099Z 
2026-10-02T17:53:09.6123658Z   Installed to: C:\Users\runneradmin\.sn
2026-10-02T17:53:09.6132077Z   Version:      v0.0.83
2026-10-02T17:53:09.6136390Z 
2026-10-02T17:53:09.6145626Z   ============================================
2026-10-02T17:53:09.6153502Z   IMPORTANT: Please restart your terminal
2026-10-02T17:53:09.6161661Z   for PATH changes to take effect.
2026-10-02T17:53:09.6169451Z   ============================================
2026-10-02T17:53:09.6173362Z 
2026-10-02T17:53:09.6182142Z   After restarting, you can compile Sindarin programs:
2026-10-02T17:53:09.6190655Z     sn myprogram.sn -o myprogram.exe
2026-10-02T17:53:09.6195105Z 
2026-10-02T17:53:09.7430881Z Installing dependencies from sn.yaml...
2026-10-02T17:53:10.1357355Z   sindarin-pkg-libs (main) ... [1;36mdone[0m
2026-10-02T17:53:10.1357875Z     running install script...
2026-10-02T17:53:10.6592449Z sindarin-pkg-libs - native library installer
2026-10-02T17:53:10.6605846Z ========================================
2026-10-02T17:53:10.6666638Z Detected: windows (x64)
2026-10-02T17:53:10.6677314Z Package version: v0.0.18
2026-10-02T17:53:10.6773211Z Downloading sindarin-pkg-libs v0.0.18 for windows-x64...
2026-10-02T17:53:25.3592869Z Extracting to D:\a\sindarin-compiler\sindarin-compiler\.sn\sindarin-pkg-libs\libs\windows...
2026-10-02T17:53:41.0615919Z Successfully installed sindarin-pkg-libs v0.0.18 to D:\a\sindarin-compiler\sindarin-compiler\.sn\sindarin-pkg-libs\libs\windows
2026-10-02T17:53:41.0671644Z 
2026-10-02T17:53:41.0686564Z Installation complete!
2026-10-02T17:53:41.1210364Z Pre-built libraries ready!
2026-10-02T17:53:41.1467181Z Run 'make build' to build the compiler.
2026-10-02T17:53:41.1708075Z ##[group]Run $toolchainRoot = Join-Path $env:GITHUB_WORKSPACE ".sn\toolchains\llvm-mingw"
2026-10-02T17:53:41.1708981Z [36;1m$toolchainRoot = Join-Path $env:GITHUB_WORKSPACE ".sn\toolchains\llvm-mingw"[0m
2026-10-02T17:53:41.1709549Z [36;1m$toolchain = Get-ChildItem $toolchainRoot -Directory | Select-Object -First 1[0m
2026-10-02T17:53:41.1710050Z [36;1m$expected = Join-Path $toolchain.FullName "bin\clang.exe"[0m
2026-10-02T17:53:41.1710435Z [36;1m$selected = (Get-Command clang.exe).Source[0m
2026-10-02T17:53:41.1710909Z [36;1mif ($selected -ne $expected) { throw "Expected pinned clang $expected, selected $selected" }[0m
2026-10-02T17:53:41.1711357Z [36;1mclang --version[0m
2026-10-02T17:53:41.1786148Z shell: C:\Program Files\PowerShell\7\pwsh.EXE -command ". '{0}'"
2026-10-02T17:53:41.1786501Z ##[endgroup]
2026-10-02T17:53:41.6306480Z clang version 22.1.8 (https://github.com/llvm/llvm-project.git ca7933e47d3a3451d81e72ac174dcb5aa28b59d1)
2026-10-02T17:53:41.6307764Z Target: x86_64-w64-windows-gnu
2026-10-02T17:53:41.6308169Z Thread model: posix
2026-10-02T17:53:41.6308997Z InstalledDir: D:/a/sindarin-compiler/sindarin-compiler/.sn/toolchains/llvm-mingw/llvm-mingw-20260616-ucrt-x86_64/bin
2026-10-02T17:53:41.6311373Z Configuration file: D:/a/sindarin-compiler/sindarin-compiler/.sn/toolchains/llvm-mingw/llvm-mingw-20260616-ucrt-x86_64/bin/x86_64-w64-windows-gnu.cfg
2026-10-02T17:53:41.7115008Z ##[group]Run make build
2026-10-02T17:53:41.7115323Z [36;1mmake build[0m
2026-10-02T17:53:41.7131664Z shell: C:\Program Files\Git\bin\bash.EXE --noprofile --norc -e -o pipefail {0}
2026-10-02T17:53:41.7132075Z ##[endgroup]
2026-10-02T17:53:41.8632768Z Building Sindarin compiler...
2026-10-02T17:53:41.8899816Z Platform: windows
2026-10-02T17:53:41.9156890Z Generator: Ninja
2026-10-02T17:53:41.9174891Z cmake -S . -B build -G "Ninja" \
2026-10-02T17:53:41.9175395Z 	-DCMAKE_BUILD_TYPE=Release \
2026-10-02T17:53:41.9175788Z 	-DCMAKE_C_COMPILER=clang
2026-10-02T17:53:43.0686876Z -- The C compiler identification is Clang 22.1.8
2026-10-02T17:53:43.4022525Z -- Detecting C compiler ABI info
2026-10-02T17:53:43.9688076Z -- Detecting C compiler ABI info - done
2026-10-02T17:53:44.0001816Z -- Check for working C compiler: D:/a/sindarin-compiler/sindarin-compiler/.sn/toolchains/llvm-mingw/llvm-mingw-20260616-ucrt-x86_64/bin/clang.exe - skipped
2026-10-02T17:53:44.0015072Z -- Detecting C compile features
2026-10-02T17:53:44.0026793Z -- Detecting C compile features - done
2026-10-02T17:53:44.0521833Z -- Installing: D:/a/sindarin-compiler/sindarin-compiler/bin/sn.linux.cfg
2026-10-02T17:53:44.0526894Z -- Installing: D:/a/sindarin-compiler/sindarin-compiler/bin/sn.darwin.cfg
2026-10-02T17:53:44.0532446Z -- Installing: D:/a/sindarin-compiler/sindarin-compiler/bin/sn.windows.cfg
2026-10-02T17:53:44.0543555Z -- Installing: D:/a/sindarin-compiler/sindarin-compiler/bin/include/runtime/sn_arith.h
2026-10-02T17:53:44.0549229Z -- Installing: D:/a/sindarin-compiler/sindarin-compiler/bin/include/runtime/sn_array.h
2026-10-02T17:53:44.0554479Z -- Installing: D:/a/sindarin-compiler/sindarin-compiler/bin/include/runtime/sn_byte.h
2026-10-02T17:53:44.0559341Z -- Installing: D:/a/sindarin-compiler/sindarin-compiler/bin/include/runtime/sn_conv.h
2026-10-02T17:53:44.0564461Z -- Installing: D:/a/sindarin-compiler/sindarin-compiler/bin/include/runtime/sn_core.h
2026-10-02T17:53:44.0570214Z -- Installing: D:/a/sindarin-compiler/sindarin-compiler/bin/include/runtime/sn_minimal.h
2026-10-02T17:53:44.0574982Z -- Installing: D:/a/sindarin-compiler/sindarin-compiler/bin/include/runtime/sn_reflect.h
2026-10-02T17:53:44.0582270Z -- Installing: D:/a/sindarin-compiler/sindarin-compiler/bin/include/runtime/sn_serial.h
2026-10-02T17:53:44.0587908Z -- Installing: D:/a/sindarin-compiler/sindarin-compiler/bin/include/runtime/sn_string.h
2026-10-02T17:53:44.0593256Z -- Installing: D:/a/sindarin-compiler/sindarin-compiler/bin/include/runtime/sn_thread.h
2026-10-02T17:53:44.0598845Z -- Installing: D:/a/sindarin-compiler/sindarin-compiler/bin/include/minimal/sn_arith.h
2026-10-02T17:53:44.0604074Z -- Installing: D:/a/sindarin-compiler/sindarin-compiler/bin/include/minimal/sn_array.h
2026-10-02T17:53:44.0610367Z -- Installing: D:/a/sindarin-compiler/sindarin-compiler/bin/include/minimal/sn_byte.h
2026-10-02T17:53:44.0615814Z -- Installing: D:/a/sindarin-compiler/sindarin-compiler/bin/include/minimal/sn_conv.h
2026-10-02T17:53:44.0621201Z -- Installing: D:/a/sindarin-compiler/sindarin-compiler/bin/include/minimal/sn_core.h
2026-10-02T17:53:44.0627948Z -- Installing: D:/a/sindarin-compiler/sindarin-compiler/bin/include/minimal/sn_minimal.h
2026-10-02T17:53:44.0633090Z -- Installing: D:/a/sindarin-compiler/sindarin-compiler/bin/include/minimal/sn_reflect.h
2026-10-02T17:53:44.0639811Z -- Installing: D:/a/sindarin-compiler/sindarin-compiler/bin/include/minimal/sn_serial.h
2026-10-02T17:53:44.0645045Z -- Installing: D:/a/sindarin-compiler/sindarin-compiler/bin/include/minimal/sn_string.h
2026-10-02T17:53:44.0650186Z -- Installing: D:/a/sindarin-compiler/sindarin-compiler/bin/include/minimal/sn_thread.h
2026-10-02T17:53:44.0656975Z -- Installing: D:/a/sindarin-compiler/sindarin-compiler/bin/include/platform/compat_dirent.h
2026-10-02T17:53:44.0662187Z -- Installing: D:/a/sindarin-compiler/sindarin-compiler/bin/include/platform/compat_io.h
2026-10-02T17:53:44.0670090Z -- Installing: D:/a/sindarin-compiler/sindarin-compiler/bin/include/platform/compat_net.h
2026-10-02T17:53:44.0673379Z -- Installing: D:/a/sindarin-compiler/sindarin-compiler/bin/include/platform/compat_pthread.h
2026-10-02T17:53:44.0678454Z -- Installing: D:/a/sindarin-compiler/sindarin-compiler/bin/include/platform/compat_time.h
2026-10-02T17:53:44.0683535Z -- Installing: D:/a/sindarin-compiler/sindarin-compiler/bin/include/platform/compat_windows.h
2026-10-02T17:53:44.0690490Z -- Installing: D:/a/sindarin-compiler/sindarin-compiler/bin/include/platform/platform.h
2026-10-02T17:53:44.0870645Z -- Found libs submodule: D:/a/sindarin-compiler/sindarin-compiler/.sn/sindarin-pkg-libs/libs/windows
2026-10-02T17:53:44.0871282Z --   Copying zlib headers...
2026-10-02T17:53:44.0871995Z -- Installing: D:/a/sindarin-compiler/sindarin-compiler/bin/deps/include/zlib.h
2026-10-02T17:53:44.0880548Z -- Installing: D:/a/sindarin-compiler/sindarin-compiler/bin/deps/include/zconf.h
2026-10-02T17:53:44.0886177Z --   Copying yyjson headers...
2026-10-02T17:53:44.0887744Z -- Installing: D:/a/sindarin-compiler/sindarin-compiler/bin/deps/include/yyjson.h
2026-10-02T17:53:44.0898018Z --   Copying json-c headers...
2026-10-02T17:53:44.0899553Z -- Installing: D:/a/sindarin-compiler/sindarin-compiler/bin/deps/include/json-c
2026-10-02T17:53:44.0904976Z -- Installing: D:/a/sindarin-compiler/sindarin-compiler/bin/deps/include/json-c/arraylist.h
2026-10-02T17:53:44.0910303Z -- Installing: D:/a/sindarin-compiler/sindarin-compiler/bin/deps/include/json-c/debug.h
2026-10-02T17:53:44.0915153Z -- Installing: D:/a/sindarin-compiler/sindarin-compiler/bin/deps/include/json-c/json.h
2026-10-02T17:53:44.0919921Z -- Installing: D:/a/sindarin-compiler/sindarin-compiler/bin/deps/include/json-c/json_config.h
2026-10-02T17:53:44.0924634Z -- Installing: D:/a/sindarin-compiler/sindarin-compiler/bin/deps/include/json-c/json_c_version.h
2026-10-02T17:53:44.0929930Z -- Installing: D:/a/sindarin-compiler/sindarin-compiler/bin/deps/include/json-c/json_inttypes.h
2026-10-02T17:53:44.0934712Z -- Installing: D:/a/sindarin-compiler/sindarin-compiler/bin/deps/include/json-c/json_object.h
2026-10-02T17:53:44.0944710Z -- Installing: D:/a/sindarin-compiler/sindarin-compiler/bin/deps/include/json-c/json_object_iterator.h
2026-10-02T17:53:44.0950260Z -- Installing: D:/a/sindarin-compiler/sindarin-compiler/bin/deps/include/json-c/json_patch.h
2026-10-02T17:53:44.0955559Z -- Installing: D:/a/sindarin-compiler/sindarin-compiler/bin/deps/include/json-c/json_pointer.h
2026-10-02T17:53:44.0961602Z -- Installing: D:/a/sindarin-compiler/sindarin-compiler/bin/deps/include/json-c/json_tokener.h
2026-10-02T17:53:44.0967380Z -- Installing: D:/a/sindarin-compiler/sindarin-compiler/bin/deps/include/json-c/json_types.h
2026-10-02T17:53:44.0972348Z -- Installing: D:/a/sindarin-compiler/sindarin-compiler/bin/deps/include/json-c/json_util.h
2026-10-02T17:53:44.0977113Z -- Installing: D:/a/sindarin-compiler/sindarin-compiler/bin/deps/include/json-c/json_visit.h
2026-10-02T17:53:44.0981918Z -- Installing: D:/a/sindarin-compiler/sindarin-compiler/bin/deps/include/json-c/linkhash.h
2026-10-02T17:53:44.0987771Z -- Installing: D:/a/sindarin-compiler/sindarin-compiler/bin/deps/include/json-c/printbuf.h
2026-10-02T17:53:44.0992879Z --   Copying libxml2 headers...
2026-10-02T17:53:44.0994427Z -- Installing: D:/a/sindarin-compiler/sindarin-compiler/bin/deps/include/libxml
2026-10-02T17:53:44.1000388Z -- Installing: D:/a/sindarin-compiler/sindarin-compiler/bin/deps/include/libxml/c14n.h
2026-10-02T17:53:44.1005936Z -- Installing: D:/a/sindarin-compiler/sindarin-compiler/bin/deps/include/libxml/catalog.h
2026-10-02T17:53:44.1011283Z -- Installing: D:/a/sindarin-compiler/sindarin-compiler/bin/deps/include/libxml/chvalid.h
2026-10-02T17:53:44.1016454Z -- Installing: D:/a/sindarin-compiler/sindarin-compiler/bin/deps/include/libxml/debugXML.h
2026-10-02T17:53:44.1021436Z -- Installing: D:/a/sindarin-compiler/sindarin-compiler/bin/deps/include/libxml/dict.h
2026-10-02T17:53:44.1027307Z -- Installing: D:/a/sindarin-compiler/sindarin-compiler/bin/deps/include/libxml/encoding.h
2026-10-02T17:53:44.1031999Z -- Installing: D:/a/sindarin-compiler/sindarin-compiler/bin/deps/include/libxml/entities.h
2026-10-02T17:53:44.1038744Z -- Installing: D:/a/sindarin-compiler/sindarin-compiler/bin/deps/include/libxml/globals.h
2026-10-02T17:53:44.1043653Z -- Installing: D:/a/sindarin-compiler/sindarin-compiler/bin/deps/include/libxml/hash.h
2026-10-02T17:53:44.1049029Z -- Installing: D:/a/sindarin-compiler/sindarin-compiler/bin/deps/include/libxml/HTMLparser.h
2026-10-02T17:53:44.1054184Z -- Installing: D:/a/sindarin-compiler/sindarin-compiler/bin/deps/include/libxml/HTMLtree.h
2026-10-02T17:53:44.1059016Z -- Installing: D:/a/sindarin-compiler/sindarin-compiler/bin/deps/include/libxml/list.h
2026-10-02T17:53:44.1063673Z -- Installing: D:/a/sindarin-compiler/sindarin-compiler/bin/deps/include/libxml/nanoftp.h
2026-10-02T17:53:44.1070011Z -- Installing: D:/a/sindarin-compiler/sindarin-compiler/bin/deps/include/libxml/nanohttp.h
2026-10-02T17:53:44.1075157Z -- Installing: D:/a/sindarin-compiler/sindarin-compiler/bin/deps/include/libxml/parser.h
2026-10-02T17:53:44.1081177Z -- Installing: D:/a/sindarin-compiler/sindarin-compiler/bin/deps/include/libxml/parserInternals.h
2026-10-02T17:53:44.1087360Z -- Installing: D:/a/sindarin-compiler/sindarin-compiler/bin/deps/include/libxml/pattern.h
2026-10-02T17:53:44.1092273Z -- Installing: D:/a/sindarin-compiler/sindarin-compiler/bin/deps/include/libxml/relaxng.h
2026-10-02T17:53:44.1097363Z -- Installing: D:/a/sindarin-compiler/sindarin-compiler/bin/deps/include/libxml/SAX.h
2026-10-02T17:53:44.1103446Z -- Installing: D:/a/sindarin-compiler/sindarin-compiler/bin/deps/include/libxml/SAX2.h
2026-10-02T17:53:44.1108817Z -- Installing: D:/a/sindarin-compiler/sindarin-compiler/bin/deps/include/libxml/schemasInternals.h
2026-10-02T17:53:44.1114331Z -- Installing: D:/a/sindarin-compiler/sindarin-compiler/bin/deps/include/libxml/schematron.h
2026-10-02T17:53:44.1119554Z -- Installing: D:/a/sindarin-compiler/sindarin-compiler/bin/deps/include/libxml/threads.h
2026-10-02T17:53:44.1124266Z -- Installing: D:/a/sindarin-compiler/sindarin-compiler/bin/deps/include/libxml/tree.h
2026-10-02T17:53:44.1130676Z -- Installing: D:/a/sindarin-compiler/sindarin-compiler/bin/deps/include/libxml/uri.h
2026-10-02T17:53:44.1135705Z -- Installing: D:/a/sindarin-compiler/sindarin-compiler/bin/deps/include/libxml/valid.h
2026-10-02T17:53:44.1141111Z -- Installing: D:/a/sindarin-compiler/sindarin-compiler/bin/deps/include/libxml/xinclude.h
2026-10-02T17:53:44.1145804Z -- Installing: D:/a/sindarin-compiler/sindarin-compiler/bin/deps/include/libxml/xlink.h
2026-10-02T17:53:44.1151585Z -- Installing: D:/a/sindarin-compiler/sindarin-compiler/bin/deps/include/libxml/xmlautomata.h
2026-10-02T17:53:44.1156505Z -- Installing: D:/a/sindarin-compiler/sindarin-compiler/bin/deps/include/libxml/xmlerror.h
2026-10-02T17:53:44.1162339Z -- Installing: D:/a/sindarin-compiler/sindarin-compiler/bin/deps/include/libxml/xmlexports.h
2026-10-02T17:53:44.1167200Z -- Installing: D:/a/sindarin-compiler/sindarin-compiler/bin/deps/include/libxml/xmlIO.h
2026-10-02T17:53:44.1173008Z -- Installing: D:/a/sindarin-compiler/sindarin-compiler/bin/deps/include/libxml/xmlmemory.h
2026-10-02T17:53:44.1178238Z -- Installing: D:/a/sindarin-compiler/sindarin-compiler/bin/deps/include/libxml/xmlmodule.h
2026-10-02T17:53:44.1183391Z -- Installing: D:/a/sindarin-compiler/sindarin-compiler/bin/deps/include/libxml/xmlreader.h
2026-10-02T17:53:44.1192648Z -- Installing: D:/a/sindarin-compiler/sindarin-compiler/bin/deps/include/libxml/xmlregexp.h
2026-10-02T17:53:44.1198497Z -- Installing: D:/a/sindarin-compiler/sindarin-compiler/bin/deps/include/libxml/xmlsave.h
2026-10-02T17:53:44.1204333Z -- Installing: D:/a/sindarin-compiler/sindarin-compiler/bin/deps/include/libxml/xmlschemas.h
2026-10-02T17:53:44.1210791Z -- Installing: D:/a/sindarin-compiler/sindarin-compiler/bin/deps/include/libxml/xmlschemastypes.h
2026-10-02T17:53:44.1219027Z -- Installing: D:/a/sindarin-compiler/sindarin-compiler/bin/deps/include/libxml/xmlstring.h
2026-10-02T17:53:44.1224712Z -- Installing: D:/a/sindarin-compiler/sindarin-compiler/bin/deps/include/libxml/xmlunicode.h
2026-10-02T17:53:44.1230388Z -- Installing: D:/a/sindarin-compiler/sindarin-compiler/bin/deps/include/libxml/xmlversion.h
2026-10-02T17:53:44.1236089Z -- Installing: D:/a/sindarin-compiler/sindarin-compiler/bin/deps/include/libxml/xmlwriter.h
2026-10-02T17:53:44.1241964Z -- Installing: D:/a/sindarin-compiler/sindarin-compiler/bin/deps/include/libxml/xpath.h
2026-10-02T17:53:44.1248056Z -- Installing: D:/a/sindarin-compiler/sindarin-compiler/bin/deps/include/libxml/xpathInternals.h
2026-10-02T17:53:44.1254412Z -- Installing: D:/a/sindarin-compiler/sindarin-compiler/bin/deps/include/libxml/xpointer.h
2026-10-02T17:53:44.1259553Z --   Copying libyaml headers...
2026-10-02T17:53:44.1261654Z -- Installing: D:/a/sindarin-compiler/sindarin-compiler/bin/deps/include/yaml.h
2026-10-02T17:53:44.1268224Z --   Copying openssl headers...
2026-10-02T17:53:44.1270131Z -- Installing: D:/a/sindarin-compiler/sindarin-compiler/bin/deps/include/openssl
2026-10-02T17:53:44.1277902Z -- Installing: D:/a/sindarin-compiler/sindarin-compiler/bin/deps/include/openssl/aes.h
2026-10-02T17:53:44.1283616Z -- Installing: D:/a/sindarin-compiler/sindarin-compiler/bin/deps/include/openssl/asn1.h
2026-10-02T17:53:44.1289630Z -- Installing: D:/a/sindarin-compiler/sindarin-compiler/bin/deps/include/openssl/asn1err.h
2026-10-02T17:53:44.1295084Z -- Installing: D:/a/sindarin-compiler/sindarin-compiler/bin/deps/include/openssl/asn1t.h
2026-10-02T17:53:44.1301536Z -- Installing: D:/a/sindarin-compiler/sindarin-compiler/bin/deps/include/openssl/async.h
2026-10-02T17:53:44.1306351Z -- Installing: D:/a/sindarin-compiler/sindarin-compiler/bin/deps/include/openssl/asyncerr.h
2026-10-02T17:53:44.1311128Z -- Installing: D:/a/sindarin-compiler/sindarin-compiler/bin/deps/include/openssl/bio.h
2026-10-02T17:53:44.1320233Z -- Installing: D:/a/sindarin-compiler/sindarin-compiler/bin/deps/include/openssl/bioerr.h
2026-10-02T17:53:44.1325535Z -- Installing: D:/a/sindarin-compiler/sindarin-compiler/bin/deps/include/openssl/blowfish.h
2026-10-02T17:53:44.1330368Z -- Installing: D:/a/sindarin-compiler/sindarin-compiler/bin/deps/include/openssl/bn.h
2026-10-02T17:53:44.1336026Z -- Installing: D:/a/sindarin-compiler/sindarin-compiler/bin/deps/include/openssl/bnerr.h
2026-10-02T17:53:44.1341437Z -- Installing: D:/a/sindarin-compiler/sindarin-compiler/bin/deps/include/openssl/buffer.h
2026-10-02T17:53:44.1346327Z -- Installing: D:/a/sindarin-compiler/sindarin-compiler/bin/deps/include/openssl/buffererr.h
2026-10-02T17:53:44.1351013Z -- Installing: D:/a/sindarin-compiler/sindarin-compiler/bin/deps/include/openssl/byteorder.h
2026-10-02T17:53:44.1356245Z -- Installing: D:/a/sindarin-compiler/sindarin-compiler/bin/deps/include/openssl/camellia.h
2026-10-02T17:53:44.1361538Z -- Installing: D:/a/sindarin-compiler/sindarin-compiler/bin/deps/include/openssl/cast.h
2026-10-02T17:53:44.1366446Z -- Installing: D:/a/sindarin-compiler/sindarin-compiler/bin/deps/include/openssl/cmac.h
2026-10-02T17:53:44.1371355Z -- Installing: D:/a/sindarin-compiler/sindarin-compiler/bin/deps/include/openssl/cmp.h
2026-10-02T17:53:44.1377385Z -- Installing: D:/a/sindarin-compiler/sindarin-compiler/bin/deps/include/openssl/cmperr.h
2026-10-02T17:53:44.1383163Z -- Installing: D:/a/sindarin-compiler/sindarin-compiler/bin/deps/include/openssl/cmp_util.h
2026-10-02T17:53:44.1388046Z -- Installing: D:/a/sindarin-compiler/sindarin-compiler/bin/deps/include/openssl/cms.h
2026-10-02T17:53:44.1393625Z -- Installing: D:/a/sindarin-compiler/sindarin-compiler/bin/deps/include/openssl/cmserr.h
2026-10-02T17:53:44.1399052Z -- Installing: D:/a/sindarin-compiler/sindarin-compiler/bin/deps/include/openssl/comp.h
2026-10-02T17:53:44.1404603Z -- Installing: D:/a/sindarin-compiler/sindarin-compiler/bin/deps/include/openssl/comperr.h
2026-10-02T17:53:44.1409769Z -- Installing: D:/a/sindarin-compiler/sindarin-compiler/bin/deps/include/openssl/conf.h
2026-10-02T17:53:44.1415066Z -- Installing: D:/a/sindarin-compiler/sindarin-compiler/bin/deps/include/openssl/conferr.h
2026-10-02T17:53:44.1420577Z -- Installing: D:/a/sindarin-compiler/sindarin-compiler/bin/deps/include/openssl/configuration.h
2026-10-02T17:53:44.1426715Z -- Installing: D:/a/sindarin-compiler/sindarin-compiler/bin/deps/include/openssl/conftypes.h
2026-10-02T17:53:44.1431805Z -- Installing: D:/a/sindarin-compiler/sindarin-compiler/bin/deps/include/openssl/conf_api.h
2026-10-02T17:53:44.1436952Z -- Installing: D:/a/sindarin-compiler/sindarin-compiler/bin/deps/include/openssl/core.h
2026-10-02T17:53:44.1442843Z -- Installing: D:/a/sindarin-compiler/sindarin-compiler/bin/deps/include/openssl/core_dispatch.h
2026-10-02T17:53:44.1449262Z -- Installing: D:/a/sindarin-compiler/sindarin-compiler/bin/deps/include/openssl/core_names.h
2026-10-02T17:53:44.1454947Z -- Installing: D:/a/sindarin-compiler/sindarin-compiler/bin/deps/include/openssl/core_object.h
2026-10-02T17:53:44.1460968Z -- Installing: D:/a/sindarin-compiler/sindarin-compiler/bin/deps/include/openssl/crmf.h
2026-10-02T17:53:44.1466715Z -- Installing: D:/a/sindarin-compiler/sindarin-compiler/bin/deps/include/openssl/crmferr.h
2026-10-02T17:53:44.1471664Z -- Installing: D:/a/sindarin-compiler/sindarin-compiler/bin/deps/include/openssl/crypto.h
2026-10-02T17:53:44.1477733Z -- Installing: D:/a/sindarin-compiler/sindarin-compiler/bin/deps/include/openssl/cryptoerr.h
2026-10-02T17:53:44.1483006Z -- Installing: D:/a/sindarin-compiler/sindarin-compiler/bin/deps/include/openssl/cryptoerr_legacy.h
2026-10-02T17:53:44.1488947Z -- Installing: D:/a/sindarin-compiler/sindarin-compiler/bin/deps/include/openssl/ct.h
2026-10-02T17:53:44.1494535Z -- Installing: D:/a/sindarin-compiler/sindarin-compiler/bin/deps/include/openssl/cterr.h
2026-10-02T17:53:44.1502216Z -- Installing: D:/a/sindarin-compiler/sindarin-compiler/bin/deps/include/openssl/decoder.h
2026-10-02T17:53:44.1507422Z -- Installing: D:/a/sindarin-compiler/sindarin-compiler/bin/deps/include/openssl/decodererr.h
2026-10-02T17:53:44.1512271Z -- Installing: D:/a/sindarin-compiler/sindarin-compiler/bin/deps/include/openssl/des.h
2026-10-02T17:53:44.1518198Z -- Installing: D:/a/sindarin-compiler/sindarin-compiler/bin/deps/include/openssl/dh.h
2026-10-02T17:53:44.1523922Z -- Installing: D:/a/sindarin-compiler/sindarin-compiler/bin/deps/include/openssl/dherr.h
2026-10-02T17:53:44.1528757Z -- Installing: D:/a/sindarin-compiler/sindarin-compiler/bin/deps/include/openssl/dsa.h
2026-10-02T17:53:44.1534628Z -- Installing: D:/a/sindarin-compiler/sindarin-compiler/bin/deps/include/openssl/dsaerr.h
2026-10-02T17:53:44.1541008Z -- Installing: D:/a/sindarin-compiler/sindarin-compiler/bin/deps/include/openssl/dtls1.h
2026-10-02T17:53:44.1547508Z -- Installing: D:/a/sindarin-compiler/sindarin-compiler/bin/deps/include/openssl/ebcdic.h
2026-10-02T17:53:44.1552790Z -- Installing: D:/a/sindarin-compiler/sindarin-compiler/bin/deps/include/openssl/ec.h
2026-10-02T17:53:44.1559590Z -- Installing: D:/a/sindarin-compiler/sindarin-compiler/bin/deps/include/openssl/ecdh.h
2026-10-02T17:53:44.1565377Z -- Installing: D:/a/sindarin-compiler/sindarin-compiler/bin/deps/include/openssl/ecdsa.h
2026-10-02T17:53:44.1570617Z -- Installing: D:/a/sindarin-compiler/sindarin-compiler/bin/deps/include/openssl/ecerr.h
2026-10-02T17:53:44.1575977Z -- Installing: D:/a/sindarin-compiler/sindarin-compiler/bin/deps/include/openssl/encoder.h
2026-10-02T17:53:44.1584397Z -- Installing: D:/a/sindarin-compiler/sindarin-compiler/bin/deps/include/openssl/encodererr.h
2026-10-02T17:53:44.1591456Z -- Installing: D:/a/sindarin-compiler/sindarin-compiler/bin/deps/include/openssl/engine.h
2026-10-02T17:53:44.1601146Z -- Installing: D:/a/sindarin-compiler/sindarin-compiler/bin/deps/include/openssl/engineerr.h
2026-10-02T17:53:44.1608685Z -- Installing: D:/a/sindarin-compiler/sindarin-compiler/bin/deps/include/openssl/err.h
2026-10-02T17:53:44.1618898Z -- Installing: D:/a/sindarin-compiler/sindarin-compiler/bin/deps/include/openssl/ess.h
2026-10-02T17:53:44.1627060Z -- Installing: D:/a/sindarin-compiler/sindarin-compiler/bin/deps/include/openssl/esserr.h
2026-10-02T17:53:44.1635010Z -- Installing: D:/a/sindarin-compiler/sindarin-compiler/bin/deps/include/openssl/evp.h
2026-10-02T17:53:44.1642180Z -- Installing: D:/a/sindarin-compiler/sindarin-compiler/bin/deps/include/openssl/evperr.h
2026-10-02T17:53:44.1647484Z -- Installing: D:/a/sindarin-compiler/sindarin-compiler/bin/deps/include/openssl/e_os2.h
2026-10-02T17:53:44.1652757Z -- Installing: D:/a/sindarin-compiler/sindarin-compiler/bin/deps/include/openssl/e_ostime.h
2026-10-02T17:53:44.1658079Z -- Installing: D:/a/sindarin-compiler/sindarin-compiler/bin/deps/include/openssl/fipskey.h
2026-10-02T17:53:44.1663326Z -- Installing: D:/a/sindarin-compiler/sindarin-compiler/bin/deps/include/openssl/fips_names.h
2026-10-02T17:53:44.1668227Z -- Installing: D:/a/sindarin-compiler/sindarin-compiler/bin/deps/include/openssl/hmac.h
2026-10-02T17:53:44.1673099Z -- Installing: D:/a/sindarin-compiler/sindarin-compiler/bin/deps/include/openssl/hpke.h
2026-10-02T17:53:44.1678151Z -- Installing: D:/a/sindarin-compiler/sindarin-compiler/bin/deps/include/openssl/http.h
2026-10-02T17:53:44.1683860Z -- Installing: D:/a/sindarin-compiler/sindarin-compiler/bin/deps/include/openssl/httperr.h
2026-10-02T17:53:44.1688707Z -- Installing: D:/a/sindarin-compiler/sindarin-compiler/bin/deps/include/openssl/idea.h
2026-10-02T17:53:44.1693571Z -- Installing: D:/a/sindarin-compiler/sindarin-compiler/bin/deps/include/openssl/indicator.h
2026-10-02T17:53:44.1698483Z -- Installing: D:/a/sindarin-compiler/sindarin-compiler/bin/deps/include/openssl/kdf.h
2026-10-02T17:53:44.1703863Z -- Installing: D:/a/sindarin-compiler/sindarin-compiler/bin/deps/include/openssl/kdferr.h
2026-10-02T17:53:44.1708691Z -- Installing: D:/a/sindarin-compiler/sindarin-compiler/bin/deps/include/openssl/lhash.h
2026-10-02T17:53:44.1714620Z -- Installing: D:/a/sindarin-compiler/sindarin-compiler/bin/deps/include/openssl/macros.h
2026-10-02T17:53:44.1720587Z -- Installing: D:/a/sindarin-compiler/sindarin-compiler/bin/deps/include/openssl/md2.h
2026-10-02T17:53:44.1725547Z -- Installing: D:/a/sindarin-compiler/sindarin-compiler/bin/deps/include/openssl/md4.h
2026-10-02T17:53:44.1730574Z -- Installing: D:/a/sindarin-compiler/sindarin-compiler/bin/deps/include/openssl/md5.h
2026-10-02T17:53:44.1736218Z -- Installing: D:/a/sindarin-compiler/sindarin-compiler/bin/deps/include/openssl/mdc2.h
2026-10-02T17:53:44.1742638Z -- Installing: D:/a/sindarin-compiler/sindarin-compiler/bin/deps/include/openssl/ml_kem.h
2026-10-02T17:53:44.1750676Z -- Installing: D:/a/sindarin-compiler/sindarin-compiler/bin/deps/include/openssl/modes.h
2026-10-02T17:53:44.1756189Z -- Installing: D:/a/sindarin-compiler/sindarin-compiler/bin/deps/include/openssl/objects.h
2026-10-02T17:53:44.1761990Z -- Installing: D:/a/sindarin-compiler/sindarin-compiler/bin/deps/include/openssl/objectserr.h
2026-10-02T17:53:44.1766864Z -- Installing: D:/a/sindarin-compiler/sindarin-compiler/bin/deps/include/openssl/obj_mac.h
2026-10-02T17:53:44.1777854Z -- Installing: D:/a/sindarin-compiler/sindarin-compiler/bin/deps/include/openssl/ocsp.h
2026-10-02T17:53:44.1784161Z -- Installing: D:/a/sindarin-compiler/sindarin-compiler/bin/deps/include/openssl/ocsperr.h
2026-10-02T17:53:44.1789023Z -- Installing: D:/a/sindarin-compiler/sindarin-compiler/bin/deps/include/openssl/opensslconf.h
2026-10-02T17:53:44.1793815Z -- Installing: D:/a/sindarin-compiler/sindarin-compiler/bin/deps/include/openssl/opensslv.h
2026-10-02T17:53:44.1798768Z -- Installing: D:/a/sindarin-compiler/sindarin-compiler/bin/deps/include/openssl/ossl_typ.h
2026-10-02T17:53:44.1803896Z -- Installing: D:/a/sindarin-compiler/sindarin-compiler/bin/deps/include/openssl/params.h
2026-10-02T17:53:44.1809320Z -- Installing: D:/a/sindarin-compiler/sindarin-compiler/bin/deps/include/openssl/param_build.h
2026-10-02T17:53:44.1814496Z -- Installing: D:/a/sindarin-compiler/sindarin-compiler/bin/deps/include/openssl/pem.h
2026-10-02T17:53:44.1819985Z -- Installing: D:/a/sindarin-compiler/sindarin-compiler/bin/deps/include/openssl/pem2.h
2026-10-02T17:53:44.1825227Z -- Installing: D:/a/sindarin-compiler/sindarin-compiler/bin/deps/include/openssl/pemerr.h
2026-10-02T17:53:44.1830090Z -- Installing: D:/a/sindarin-compiler/sindarin-compiler/bin/deps/include/openssl/pkcs12.h
2026-10-02T17:53:44.1835814Z -- Installing: D:/a/sindarin-compiler/sindarin-compiler/bin/deps/include/openssl/pkcs12err.h
2026-10-02T17:53:44.1840577Z -- Installing: D:/a/sindarin-compiler/sindarin-compiler/bin/deps/include/openssl/pkcs7.h
2026-10-02T17:53:44.1846759Z -- Installing: D:/a/sindarin-compiler/sindarin-compiler/bin/deps/include/openssl/pkcs7err.h
2026-10-02T17:53:44.1851701Z -- Installing: D:/a/sindarin-compiler/sindarin-compiler/bin/deps/include/openssl/proverr.h
2026-10-02T17:53:44.1859152Z -- Installing: D:/a/sindarin-compiler/sindarin-compiler/bin/deps/include/openssl/provider.h
2026-10-02T17:53:44.1864521Z -- Installing: D:/a/sindarin-compiler/sindarin-compiler/bin/deps/include/openssl/prov_ssl.h
2026-10-02T17:53:44.1869365Z -- Installing: D:/a/sindarin-compiler/sindarin-compiler/bin/deps/include/openssl/quic.h
2026-10-02T17:53:44.1874104Z -- Installing: D:/a/sindarin-compiler/sindarin-compiler/bin/deps/include/openssl/rand.h
2026-10-02T17:53:44.1879186Z -- Installing: D:/a/sindarin-compiler/sindarin-compiler/bin/deps/include/openssl/randerr.h
2026-10-02T17:53:44.1884598Z -- Installing: D:/a/sindarin-compiler/sindarin-compiler/bin/deps/include/openssl/rc2.h
2026-10-02T17:53:44.1889758Z -- Installing: D:/a/sindarin-compiler/sindarin-compiler/bin/deps/include/openssl/rc4.h
2026-10-02T17:53:44.1895473Z -- Installing: D:/a/sindarin-compiler/sindarin-compiler/bin/deps/include/openssl/rc5.h
2026-10-02T17:53:44.1900378Z -- Installing: D:/a/sindarin-compiler/sindarin-compiler/bin/deps/include/openssl/ripemd.h
2026-10-02T17:53:44.1905217Z -- Installing: D:/a/sindarin-compiler/sindarin-compiler/bin/deps/include/openssl/rsa.h
2026-10-02T17:53:44.1910779Z -- Installing: D:/a/sindarin-compiler/sindarin-compiler/bin/deps/include/openssl/rsaerr.h
2026-10-02T17:53:44.1916209Z -- Installing: D:/a/sindarin-compiler/sindarin-compiler/bin/deps/include/openssl/safestack.h
2026-10-02T17:53:44.1926072Z -- Installing: D:/a/sindarin-compiler/sindarin-compiler/bin/deps/include/openssl/seed.h
2026-10-02T17:53:44.1930995Z -- Installing: D:/a/sindarin-compiler/sindarin-compiler/bin/deps/include/openssl/self_test.h
2026-10-02T17:53:44.1937000Z -- Installing: D:/a/sindarin-compiler/sindarin-compiler/bin/deps/include/openssl/sha.h
2026-10-02T17:53:44.1942928Z -- Installing: D:/a/sindarin-compiler/sindarin-compiler/bin/deps/include/openssl/srp.h
2026-10-02T17:53:44.1947578Z -- Installing: D:/a/sindarin-compiler/sindarin-compiler/bin/deps/include/openssl/srtp.h
2026-10-02T17:53:44.1952388Z -- Installing: D:/a/sindarin-compiler/sindarin-compiler/bin/deps/include/openssl/ssl.h
2026-10-02T17:53:44.1960030Z -- Installing: D:/a/sindarin-compiler/sindarin-compiler/bin/deps/include/openssl/ssl2.h
2026-10-02T17:53:44.1964736Z -- Installing: D:/a/sindarin-compiler/sindarin-compiler/bin/deps/include/openssl/ssl3.h
2026-10-02T17:53:44.1970142Z -- Installing: D:/a/sindarin-compiler/sindarin-compiler/bin/deps/include/openssl/sslerr.h
2026-10-02T17:53:44.1979132Z -- Installing: D:/a/sindarin-compiler/sindarin-compiler/bin/deps/include/openssl/sslerr_legacy.h
2026-10-02T17:53:44.1984680Z -- Installing: D:/a/sindarin-compiler/sindarin-compiler/bin/deps/include/openssl/stack.h
2026-10-02T17:53:44.1989560Z -- Installing: D:/a/sindarin-compiler/sindarin-compiler/bin/deps/include/openssl/store.h
2026-10-02T17:53:44.1994715Z -- Installing: D:/a/sindarin-compiler/sindarin-compiler/bin/deps/include/openssl/storeerr.h
2026-10-02T17:53:44.2000293Z -- Installing: D:/a/sindarin-compiler/sindarin-compiler/bin/deps/include/openssl/symhacks.h
2026-10-02T17:53:44.2005039Z -- Installing: D:/a/sindarin-compiler/sindarin-compiler/bin/deps/include/openssl/thread.h
2026-10-02T17:53:44.2010077Z -- Installing: D:/a/sindarin-compiler/sindarin-compiler/bin/deps/include/openssl/tls1.h
2026-10-02T17:53:44.2017158Z -- Installing: D:/a/sindarin-compiler/sindarin-compiler/bin/deps/include/openssl/trace.h
2026-10-02T17:53:44.2022417Z -- Installing: D:/a/sindarin-compiler/sindarin-compiler/bin/deps/include/openssl/ts.h
2026-10-02T17:53:44.2028054Z -- Installing: D:/a/sindarin-compiler/sindarin-compiler/bin/deps/include/openssl/tserr.h
2026-10-02T17:53:44.2032962Z -- Installing: D:/a/sindarin-compiler/sindarin-compiler/bin/deps/include/openssl/txt_db.h
2026-10-02T17:53:44.2038447Z -- Installing: D:/a/sindarin-compiler/sindarin-compiler/bin/deps/include/openssl/types.h
2026-10-02T17:53:44.2044010Z -- Installing: D:/a/sindarin-compiler/sindarin-compiler/bin/deps/include/openssl/ui.h
2026-10-02T17:53:44.2049859Z -- Installing: D:/a/sindarin-compiler/sindarin-compiler/bin/deps/include/openssl/uierr.h
2026-10-02T17:53:44.2055822Z -- Installing: D:/a/sindarin-compiler/sindarin-compiler/bin/deps/include/openssl/whrlpool.h
2026-10-02T17:53:44.2060765Z -- Installing: D:/a/sindarin-compiler/sindarin-compiler/bin/deps/include/openssl/x509.h
2026-10-02T17:53:44.2067164Z -- Installing: D:/a/sindarin-compiler/sindarin-compiler/bin/deps/include/openssl/x509err.h
2026-10-02T17:53:44.2072442Z -- Installing: D:/a/sindarin-compiler/sindarin-compiler/bin/deps/include/openssl/x509v3.h
2026-10-02T17:53:44.2079704Z -- Installing: D:/a/sindarin-compiler/sindarin-compiler/bin/deps/include/openssl/x509v3err.h
2026-10-02T17:53:44.2084764Z -- Installing: D:/a/sindarin-compiler/sindarin-compiler/bin/deps/include/openssl/x509_acert.h
2026-10-02T17:53:44.2090381Z -- Installing: D:/a/sindarin-compiler/sindarin-compiler/bin/deps/include/openssl/x509_vfy.h
2026-10-02T17:53:44.2099278Z --   Copying libssh headers...
2026-10-02T17:53:44.2100837Z -- Installing: D:/a/sindarin-compiler/sindarin-compiler/bin/deps/include/libssh
2026-10-02T17:53:44.2108504Z -- Installing: D:/a/sindarin-compiler/sindarin-compiler/bin/deps/include/libssh/callbacks.h
2026-10-02T17:53:44.2115052Z -- Installing: D:/a/sindarin-compiler/sindarin-compiler/bin/deps/include/libssh/legacy.h
2026-10-02T17:53:44.2120246Z -- Installing: D:/a/sindarin-compiler/sindarin-compiler/bin/deps/include/libssh/libssh.h
2026-10-02T17:53:44.2125913Z -- Installing: D:/a/sindarin-compiler/sindarin-compiler/bin/deps/include/libssh/libsshpp.hpp
2026-10-02T17:53:44.2131737Z -- Installing: D:/a/sindarin-compiler/sindarin-compiler/bin/deps/include/libssh/libssh_version.h
2026-10-02T17:53:44.2136961Z -- Installing: D:/a/sindarin-compiler/sindarin-compiler/bin/deps/include/libssh/server.h
2026-10-02T17:53:44.2142087Z -- Installing: D:/a/sindarin-compiler/sindarin-compiler/bin/deps/include/libssh/sftp.h
2026-10-02T17:53:44.2150542Z -- Installing: D:/a/sindarin-compiler/sindarin-compiler/bin/deps/include/libssh/sftpserver.h
2026-10-02T17:53:44.2155899Z -- Installing: D:/a/sindarin-compiler/sindarin-compiler/bin/deps/include/libssh/ssh2.h
2026-10-02T17:53:44.2160463Z --   Copying libgit2 headers...
2026-10-02T17:53:44.2161993Z -- Installing: D:/a/sindarin-compiler/sindarin-compiler/bin/deps/include/git2.h
2026-10-02T17:53:44.2167249Z -- Installing: D:/a/sindarin-compiler/sindarin-compiler/bin/deps/include/git2
2026-10-02T17:53:44.2173114Z -- Installing: D:/a/sindarin-compiler/sindarin-compiler/bin/deps/include/git2/annotated_commit.h
2026-10-02T17:53:44.2178374Z -- Installing: D:/a/sindarin-compiler/sindarin-compiler/bin/deps/include/git2/apply.h
2026-10-02T17:53:44.2183521Z -- Installing: D:/a/sindarin-compiler/sindarin-compiler/bin/deps/include/git2/attr.h
2026-10-02T17:53:44.2188753Z -- Installing: D:/a/sindarin-compiler/sindarin-compiler/bin/deps/include/git2/blame.h
2026-10-02T17:53:44.2194002Z -- Installing: D:/a/sindarin-compiler/sindarin-compiler/bin/deps/include/git2/blob.h
2026-10-02T17:53:44.2199865Z -- Installing: D:/a/sindarin-compiler/sindarin-compiler/bin/deps/include/git2/branch.h
2026-10-02T17:53:44.2205188Z -- Installing: D:/a/sindarin-compiler/sindarin-compiler/bin/deps/include/git2/buffer.h
2026-10-02T17:53:44.2212518Z -- Installing: D:/a/sindarin-compiler/sindarin-compiler/bin/deps/include/git2/cert.h
2026-10-02T17:53:44.2218007Z -- Installing: D:/a/sindarin-compiler/sindarin-compiler/bin/deps/include/git2/checkout.h
2026-10-02T17:53:44.2223431Z -- Installing: D:/a/sindarin-compiler/sindarin-compiler/bin/deps/include/git2/cherrypick.h
2026-10-02T17:53:44.2228813Z -- Installing: D:/a/sindarin-compiler/sindarin-compiler/bin/deps/include/git2/clone.h
2026-10-02T17:53:44.2234609Z -- Installing: D:/a/sindarin-compiler/sindarin-compiler/bin/deps/include/git2/commit.h
2026-10-02T17:53:44.2240045Z -- Installing: D:/a/sindarin-compiler/sindarin-compiler/bin/deps/include/git2/common.h
2026-10-02T17:53:44.2245495Z -- Installing: D:/a/sindarin-compiler/sindarin-compiler/bin/deps/include/git2/config.h
2026-10-02T17:53:44.2250974Z -- Installing: D:/a/sindarin-compiler/sindarin-compiler/bin/deps/include/git2/credential.h
2026-10-02T17:53:44.2256933Z -- Installing: D:/a/sindarin-compiler/sindarin-compiler/bin/deps/include/git2/credential_helpers.h
2026-10-02T17:53:44.2261739Z -- Installing: D:/a/sindarin-compiler/sindarin-compiler/bin/deps/include/git2/cred_helpers.h
2026-10-02T17:53:44.2266329Z -- Installing: D:/a/sindarin-compiler/sindarin-compiler/bin/deps/include/git2/deprecated.h
2026-10-02T17:53:44.2272099Z -- Installing: D:/a/sindarin-compiler/sindarin-compiler/bin/deps/include/git2/describe.h
2026-10-02T17:53:44.2277225Z -- Installing: D:/a/sindarin-compiler/sindarin-compiler/bin/deps/include/git2/diff.h
2026-10-02T17:53:44.2283875Z -- Installing: D:/a/sindarin-compiler/sindarin-compiler/bin/deps/include/git2/email.h
2026-10-02T17:53:44.2288785Z -- Installing: D:/a/sindarin-compiler/sindarin-compiler/bin/deps/include/git2/errors.h
2026-10-02T17:53:44.2294020Z -- Installing: D:/a/sindarin-compiler/sindarin-compiler/bin/deps/include/git2/experimental.h
2026-10-02T17:53:44.2298737Z -- Installing: D:/a/sindarin-compiler/sindarin-compiler/bin/deps/include/git2/filter.h
2026-10-02T17:53:44.2304146Z -- Installing: D:/a/sindarin-compiler/sindarin-compiler/bin/deps/include/git2/global.h
2026-10-02T17:53:44.2308943Z -- Installing: D:/a/sindarin-compiler/sindarin-compiler/bin/deps/include/git2/graph.h
2026-10-02T17:53:44.2313808Z -- Installing: D:/a/sindarin-compiler/sindarin-compiler/bin/deps/include/git2/ignore.h
2026-10-02T17:53:44.2318657Z -- Installing: D:/a/sindarin-compiler/sindarin-compiler/bin/deps/include/git2/index.h
2026-10-02T17:53:44.2324486Z -- Installing: D:/a/sindarin-compiler/sindarin-compiler/bin/deps/include/git2/indexer.h
2026-10-02T17:53:44.2329638Z -- Installing: D:/a/sindarin-compiler/sindarin-compiler/bin/deps/include/git2/mailmap.h
2026-10-02T17:53:44.2334586Z -- Installing: D:/a/sindarin-compiler/sindarin-compiler/bin/deps/include/git2/merge.h
2026-10-02T17:53:44.2340930Z -- Installing: D:/a/sindarin-compiler/sindarin-compiler/bin/deps/include/git2/message.h
2026-10-02T17:53:44.2346096Z -- Installing: D:/a/sindarin-compiler/sindarin-compiler/bin/deps/include/git2/net.h
2026-10-02T17:53:44.2353078Z -- Installing: D:/a/sindarin-compiler/sindarin-compiler/bin/deps/include/git2/notes.h
2026-10-02T17:53:44.2358802Z -- Installing: D:/a/sindarin-compiler/sindarin-compiler/bin/deps/include/git2/object.h
2026-10-02T17:53:44.2363834Z -- Installing: D:/a/sindarin-compiler/sindarin-compiler/bin/deps/include/git2/odb.h
2026-10-02T17:53:44.2370109Z -- Installing: D:/a/sindarin-compiler/sindarin-compiler/bin/deps/include/git2/odb_backend.h
2026-10-02T17:53:44.2375656Z -- Installing: D:/a/sindarin-compiler/sindarin-compiler/bin/deps/include/git2/oid.h
2026-10-02T17:53:44.2380870Z -- Installing: D:/a/sindarin-compiler/sindarin-compiler/bin/deps/include/git2/oidarray.h
2026-10-02T17:53:44.2388763Z -- Installing: D:/a/sindarin-compiler/sindarin-compiler/bin/deps/include/git2/pack.h
2026-10-02T17:53:44.2394492Z -- Installing: D:/a/sindarin-compiler/sindarin-compiler/bin/deps/include/git2/patch.h
2026-10-02T17:53:44.2400542Z -- Installing: D:/a/sindarin-compiler/sindarin-compiler/bin/deps/include/git2/pathspec.h
2026-10-02T17:53:44.2405241Z -- Installing: D:/a/sindarin-compiler/sindarin-compiler/bin/deps/include/git2/proxy.h
2026-10-02T17:53:44.2410001Z -- Installing: D:/a/sindarin-compiler/sindarin-compiler/bin/deps/include/git2/rebase.h
2026-10-02T17:53:44.2415411Z -- Installing: D:/a/sindarin-compiler/sindarin-compiler/bin/deps/include/git2/refdb.h
2026-10-02T17:53:44.2468632Z -- Installing: D:/a/sindarin-compiler/sindarin-compiler/bin/deps/include/git2/reflog.h
2026-10-02T17:53:44.2469603Z -- Installing: D:/a/sindarin-compiler/sindarin-compiler/bin/deps/include/git2/refs.h
2026-10-02T17:53:44.2470516Z -- Installing: D:/a/sindarin-compiler/sindarin-compiler/bin/deps/include/git2/refspec.h
2026-10-02T17:53:44.2471432Z -- Installing: D:/a/sindarin-compiler/sindarin-compiler/bin/deps/include/git2/remote.h
2026-10-02T17:53:44.2472354Z -- Installing: D:/a/sindarin-compiler/sindarin-compiler/bin/deps/include/git2/repository.h
2026-10-02T17:53:44.2473388Z -- Installing: D:/a/sindarin-compiler/sindarin-compiler/bin/deps/include/git2/reset.h
2026-10-02T17:53:44.2474718Z -- Installing: D:/a/sindarin-compiler/sindarin-compiler/bin/deps/include/git2/revert.h
2026-10-02T17:53:44.2475782Z -- Installing: D:/a/sindarin-compiler/sindarin-compiler/bin/deps/include/git2/revparse.h
2026-10-02T17:53:44.2476820Z -- Installing: D:/a/sindarin-compiler/sindarin-compiler/bin/deps/include/git2/revwalk.h
2026-10-02T17:53:44.2477839Z -- Installing: D:/a/sindarin-compiler/sindarin-compiler/bin/deps/include/git2/signature.h
2026-10-02T17:53:44.2478775Z -- Installing: D:/a/sindarin-compiler/sindarin-compiler/bin/deps/include/git2/stash.h
2026-10-02T17:53:44.2479361Z -- Installing: D:/a/sindarin-compiler/sindarin-compiler/bin/deps/include/git2/status.h
2026-10-02T17:53:44.2482551Z -- Installing: D:/a/sindarin-compiler/sindarin-compiler/bin/deps/include/git2/stdint.h
2026-10-02T17:53:44.2487666Z -- Installing: D:/a/sindarin-compiler/sindarin-compiler/bin/deps/include/git2/strarray.h
2026-10-02T17:53:44.2495272Z -- Installing: D:/a/sindarin-compiler/sindarin-compiler/bin/deps/include/git2/submodule.h
2026-10-02T17:53:44.2501312Z -- Installing: D:/a/sindarin-compiler/sindarin-compiler/bin/deps/include/git2/sys
2026-10-02T17:53:44.2507482Z -- Installing: D:/a/sindarin-compiler/sindarin-compiler/bin/deps/include/git2/sys/alloc.h
2026-10-02T17:53:44.2513157Z -- Installing: D:/a/sindarin-compiler/sindarin-compiler/bin/deps/include/git2/sys/commit.h
2026-10-02T17:53:44.2518347Z -- Installing: D:/a/sindarin-compiler/sindarin-compiler/bin/deps/include/git2/sys/commit_graph.h
2026-10-02T17:53:44.2523693Z -- Installing: D:/a/sindarin-compiler/sindarin-compiler/bin/deps/include/git2/sys/config.h
2026-10-02T17:53:44.2529783Z -- Installing: D:/a/sindarin-compiler/sindarin-compiler/bin/deps/include/git2/sys/cred.h
2026-10-02T17:53:44.2534913Z -- Installing: D:/a/sindarin-compiler/sindarin-compiler/bin/deps/include/git2/sys/credential.h
2026-10-02T17:53:44.2539793Z -- Installing: D:/a/sindarin-compiler/sindarin-compiler/bin/deps/include/git2/sys/diff.h
2026-10-02T17:53:44.2546632Z -- Installing: D:/a/sindarin-compiler/sindarin-compiler/bin/deps/include/git2/sys/email.h
2026-10-02T17:53:44.2551871Z -- Installing: D:/a/sindarin-compiler/sindarin-compiler/bin/deps/include/git2/sys/errors.h
2026-10-02T17:53:44.2557285Z -- Installing: D:/a/sindarin-compiler/sindarin-compiler/bin/deps/include/git2/sys/filter.h
2026-10-02T17:53:44.2562625Z -- Installing: D:/a/sindarin-compiler/sindarin-compiler/bin/deps/include/git2/sys/hashsig.h
2026-10-02T17:53:44.2567603Z -- Installing: D:/a/sindarin-compiler/sindarin-compiler/bin/deps/include/git2/sys/index.h
2026-10-02T17:53:44.2573057Z -- Installing: D:/a/sindarin-compiler/sindarin-compiler/bin/deps/include/git2/sys/mempack.h
2026-10-02T17:53:44.2578235Z -- Installing: D:/a/sindarin-compiler/sindarin-compiler/bin/deps/include/git2/sys/merge.h
2026-10-02T17:53:44.2583584Z -- Installing: D:/a/sindarin-compiler/sindarin-compiler/bin/deps/include/git2/sys/midx.h
2026-10-02T17:53:44.2588620Z -- Installing: D:/a/sindarin-compiler/sindarin-compiler/bin/deps/include/git2/sys/odb_backend.h
2026-10-02T17:53:44.2594358Z -- Installing: D:/a/sindarin-compiler/sindarin-compiler/bin/deps/include/git2/sys/openssl.h
2026-10-02T17:53:44.2599174Z -- Installing: D:/a/sindarin-compiler/sindarin-compiler/bin/deps/include/git2/sys/path.h
2026-10-02T17:53:44.2604152Z -- Installing: D:/a/sindarin-compiler/sindarin-compiler/bin/deps/include/git2/sys/refdb_backend.h
2026-10-02T17:53:44.2609563Z -- Installing: D:/a/sindarin-compiler/sindarin-compiler/bin/deps/include/git2/sys/refs.h
2026-10-02T17:53:44.2614625Z -- Installing: D:/a/sindarin-compiler/sindarin-compiler/bin/deps/include/git2/sys/remote.h
2026-10-02T17:53:44.2619608Z -- Installing: D:/a/sindarin-compiler/sindarin-compiler/bin/deps/include/git2/sys/repository.h
2026-10-02T17:53:44.2624731Z -- Installing: D:/a/sindarin-compiler/sindarin-compiler/bin/deps/include/git2/sys/stream.h
2026-10-02T17:53:44.2629972Z -- Installing: D:/a/sindarin-compiler/sindarin-compiler/bin/deps/include/git2/sys/transport.h
2026-10-02T17:53:44.2635077Z -- Installing: D:/a/sindarin-compiler/sindarin-compiler/bin/deps/include/git2/tag.h
2026-10-02T17:53:44.2639983Z -- Installing: D:/a/sindarin-compiler/sindarin-compiler/bin/deps/include/git2/trace.h
2026-10-02T17:53:44.2644588Z -- Installing: D:/a/sindarin-compiler/sindarin-compiler/bin/deps/include/git2/transaction.h
2026-10-02T17:53:44.2649042Z -- Installing: D:/a/sindarin-compiler/sindarin-compiler/bin/deps/include/git2/transport.h
2026-10-02T17:53:44.2654106Z -- Installing: D:/a/sindarin-compiler/sindarin-compiler/bin/deps/include/git2/tree.h
2026-10-02T17:53:44.2659318Z -- Installing: D:/a/sindarin-compiler/sindarin-compiler/bin/deps/include/git2/types.h
2026-10-02T17:53:44.2664163Z -- Installing: D:/a/sindarin-compiler/sindarin-compiler/bin/deps/include/git2/version.h
2026-10-02T17:53:44.2668868Z -- Installing: D:/a/sindarin-compiler/sindarin-compiler/bin/deps/include/git2/worktree.h
2026-10-02T17:53:44.2673799Z --   Copying curl headers...
2026-10-02T17:53:44.2675179Z -- Installing: D:/a/sindarin-compiler/sindarin-compiler/bin/deps/include/curl
2026-10-02T17:53:44.2680030Z -- Installing: D:/a/sindarin-compiler/sindarin-compiler/bin/deps/include/curl/curl.h
2026-10-02T17:53:44.2687088Z -- Installing: D:/a/sindarin-compiler/sindarin-compiler/bin/deps/include/curl/curlver.h
2026-10-02T17:53:44.2692127Z -- Installing: D:/a/sindarin-compiler/sindarin-compiler/bin/deps/include/curl/easy.h
2026-10-02T17:53:44.2696463Z -- Installing: D:/a/sindarin-compiler/sindarin-compiler/bin/deps/include/curl/header.h
2026-10-02T17:53:44.2700831Z -- Installing: D:/a/sindarin-compiler/sindarin-compiler/bin/deps/include/curl/mprintf.h
2026-10-02T17:53:44.2705298Z -- Installing: D:/a/sindarin-compiler/sindarin-compiler/bin/deps/include/curl/multi.h
2026-10-02T17:53:44.2710837Z -- Installing: D:/a/sindarin-compiler/sindarin-compiler/bin/deps/include/curl/options.h
2026-10-02T17:53:44.2717101Z -- Installing: D:/a/sindarin-compiler/sindarin-compiler/bin/deps/include/curl/stdcheaders.h
2026-10-02T17:53:44.2721516Z -- Installing: D:/a/sindarin-compiler/sindarin-compiler/bin/deps/include/curl/system.h
2026-10-02T17:53:44.2726705Z -- Installing: D:/a/sindarin-compiler/sindarin-compiler/bin/deps/include/curl/typecheck-gcc.h
2026-10-02T17:53:44.2732989Z -- Installing: D:/a/sindarin-compiler/sindarin-compiler/bin/deps/include/curl/urlapi.h
2026-10-02T17:53:44.2737721Z -- Installing: D:/a/sindarin-compiler/sindarin-compiler/bin/deps/include/curl/websockets.h
2026-10-02T17:53:44.2753020Z --   Copying library: D:/a/sindarin-compiler/sindarin-compiler/.sn/sindarin-pkg-libs/libs/windows/lib/libzlib.a
2026-10-02T17:53:44.2754627Z -- Installing: D:/a/sindarin-compiler/sindarin-compiler/bin/deps/lib/libzlib.a
2026-10-02T17:53:44.2762449Z --   Copying library: D:/a/sindarin-compiler/sindarin-compiler/.sn/sindarin-pkg-libs/libs/windows/lib/libzs.a
2026-10-02T17:53:44.2764203Z -- Installing: D:/a/sindarin-compiler/sindarin-compiler/bin/deps/lib/libzs.a
2026-10-02T17:53:44.2771001Z --   Copying library: D:/a/sindarin-compiler/sindarin-compiler/.sn/sindarin-pkg-libs/libs/windows/lib/libyyjson.a
2026-10-02T17:53:44.2772557Z -- Installing: D:/a/sindarin-compiler/sindarin-compiler/bin/deps/lib/libyyjson.a
2026-10-02T17:53:44.2785014Z --   Copying library: D:/a/sindarin-compiler/sindarin-compiler/.sn/sindarin-pkg-libs/libs/windows/lib/libxml2.a
2026-10-02T17:53:44.2786844Z -- Installing: D:/a/sindarin-compiler/sindarin-compiler/bin/deps/lib/libxml2.a
2026-10-02T17:53:44.2825696Z --   Copying library: D:/a/sindarin-compiler/sindarin-compiler/.sn/sindarin-pkg-libs/libs/windows/lib/libyaml.a
2026-10-02T17:53:44.2827457Z -- Installing: D:/a/sindarin-compiler/sindarin-compiler/bin/deps/lib/libyaml.a
2026-10-02T17:53:44.2834934Z --   Copying library: D:/a/sindarin-compiler/sindarin-compiler/.sn/sindarin-pkg-libs/libs/windows/lib/libcrypto.a
2026-10-02T17:53:44.2836503Z -- Installing: D:/a/sindarin-compiler/sindarin-compiler/bin/deps/lib/libcrypto.a
2026-10-02T17:53:44.3031886Z --   Copying library: D:/a/sindarin-compiler/sindarin-compiler/.sn/sindarin-pkg-libs/libs/windows/lib/libssl.a
2026-10-02T17:53:44.3032698Z -- Installing: D:/a/sindarin-compiler/sindarin-compiler/bin/deps/lib/libssl.a
2026-10-02T17:53:44.3064956Z --   Copying library: D:/a/sindarin-compiler/sindarin-compiler/.sn/sindarin-pkg-libs/libs/windows/lib/libssh.a
2026-10-02T17:53:44.3066116Z -- Installing: D:/a/sindarin-compiler/sindarin-compiler/bin/deps/lib/libssh.a
2026-10-02T17:53:44.3084496Z --   Copying library: D:/a/sindarin-compiler/sindarin-compiler/.sn/sindarin-pkg-libs/libs/windows/lib/libssh2.a
2026-10-02T17:53:44.3085554Z -- Installing: D:/a/sindarin-compiler/sindarin-compiler/bin/deps/lib/libssh2.a
2026-10-02T17:53:44.3096611Z --   Copying library: D:/a/sindarin-compiler/sindarin-compiler/.sn/sindarin-pkg-libs/libs/windows/lib/libgit2.a
2026-10-02T17:53:44.3097695Z -- Installing: D:/a/sindarin-compiler/sindarin-compiler/bin/deps/lib/libgit2.a
2026-10-02T17:53:44.3137902Z --   Copying library: D:/a/sindarin-compiler/sindarin-compiler/.sn/sindarin-pkg-libs/libs/windows/lib/libhttp_parser.a
2026-10-02T17:53:44.3139468Z -- Installing: D:/a/sindarin-compiler/sindarin-compiler/bin/deps/lib/libhttp_parser.a
2026-10-02T17:53:44.3145232Z --   Copying library: D:/a/sindarin-compiler/sindarin-compiler/.sn/sindarin-pkg-libs/libs/windows/lib/libpcre2-8.a
2026-10-02T17:53:44.3147036Z -- Installing: D:/a/sindarin-compiler/sindarin-compiler/bin/deps/lib/libpcre2-8.a
2026-10-02T17:53:44.3170551Z --   Copying library: D:/a/sindarin-compiler/sindarin-compiler/.sn/sindarin-pkg-libs/libs/windows/lib/libssh2.a
2026-10-02T17:53:44.3171575Z -- Up-to-date: D:/a/sindarin-compiler/sindarin-compiler/bin/deps/lib/libssh2.a
2026-10-02T17:53:44.3173329Z --   Copying library: D:/a/sindarin-compiler/sindarin-compiler/.sn/sindarin-pkg-libs/libs/windows/lib/libcurl.a
2026-10-02T17:53:44.3174989Z -- Installing: D:/a/sindarin-compiler/sindarin-compiler/bin/deps/lib/libcurl.a
2026-10-02T17:53:44.3198284Z --   Dependencies copied to: D:/a/sindarin-compiler/sindarin-compiler/bin/deps
2026-10-02T17:53:44.3199809Z -- Using zlib archive: D:/a/sindarin-compiler/sindarin-compiler/.sn/sindarin-pkg-libs/libs/windows/lib/libzlib.a
2026-10-02T17:53:44.3200832Z -- Found sindarin-template (handlebars)
2026-10-02T17:53:44.3211478Z -- Found libcurl - enabling auto-update feature
2026-10-02T17:53:44.3212719Z -- Found libgit2 and libyaml - enabling package manager
2026-10-02T17:53:44.3415546Z -- 
2026-10-02T17:53:44.3416468Z -- Sindarin Compiler Build Configuration:
2026-10-02T17:53:44.3417036Z --   Version:      1.0.0
2026-10-02T17:53:44.3417351Z --   Platform:     Windows
2026-10-02T17:53:44.3417651Z --   Compiler:     Clang 22.1.8
2026-10-02T17:53:44.3417920Z --   Build Type:   Release
2026-10-02T17:53:44.3418163Z --   Debug:        OFF
2026-10-02T17:53:44.3418387Z --   ASAN:         OFF
2026-10-02T17:53:44.3418918Z --   Output:       D:/a/sindarin-compiler/sindarin-compiler/bin
2026-10-02T17:53:44.3419290Z -- 
2026-10-02T17:53:44.3419681Z -- Configuring done (1.8s)
2026-10-02T17:53:44.4485578Z -- Generating done (0.1s)
2026-10-02T17:53:44.4497616Z -- Build files have been written to: D:/a/sindarin-compiler/sindarin-compiler/build
2026-10-02T17:53:44.4683380Z cmake --build build
2026-10-02T17:53:44.5291588Z [0/2] Re-checking globbed directories...
2026-10-02T17:53:44.7130330Z [1/232] Building C object CMakeFiles/sn_fake_rustc.dir/tests/fixtures/fake_rustc.c.obj
2026-10-02T17:53:44.7259207Z [2/232] Building C object CMakeFiles/sn_runtime_min.dir/src/runtime/sn_byte.c.obj
2026-10-02T17:53:44.7424426Z [3/232] Synchronizing runtime headers
2026-10-02T17:53:44.8324281Z [4/232] Building C object CMakeFiles/sn_runtime_min.dir/src/runtime/sn_array.c.obj
2026-10-02T17:53:44.8384160Z [5/232] Building C object CMakeFiles/sn_runtime_min.dir/src/runtime/sn_string.c.obj
2026-10-02T17:53:44.9129917Z [6/232] Building C object CMakeFiles/sn.dir/src/arena.c.obj
2026-10-02T17:53:44.9313450Z [7/232] Copying templates to bin/templates
2026-10-02T17:53:44.9480899Z [8/232] Building C object CMakeFiles/sn.dir/src/file.c.obj
2026-10-02T17:53:45.0156553Z [9/232] Building C object CMakeFiles/sn.dir/src/token.c.obj
2026-10-02T17:53:45.0221042Z [10/232] Building C object CMakeFiles/sn.dir/src/debug.c.obj
2026-10-02T17:53:45.0346581Z [11/232] Linking C executable bin\sn_fake_rustc.exe
2026-10-02T17:53:45.1808618Z [12/232] Building C object CMakeFiles/sn.dir/src/diagnostic.c.obj
2026-10-02T17:53:45.1885066Z [13/232] Building C object CMakeFiles/sn.dir/src/lexer/lexer_util.c.obj
2026-10-02T17:53:45.1934223Z [14/232] Building C object CMakeFiles/sn.dir/src/compiler.c.obj
2026-10-02T17:53:45.2551255Z [15/232] Building C object CMakeFiles/sn.dir/src/lexer.c.obj
2026-10-02T17:53:45.3485964Z [16/232] Building C object CMakeFiles/sn.dir/src/ast.c.obj
2026-10-02T17:53:45.4330041Z [17/232] Building C object CMakeFiles/sn.dir/src/ast/ast_type.c.obj
2026-10-02T17:53:45.4398180Z [18/232] Building C object CMakeFiles/sn.dir/src/lexer/lexer_scan.c.obj
2026-10-02T17:53:45.4918296Z [19/232] Building C object CMakeFiles/sn.dir/src/ast/ast_expr.c.obj
2026-10-02T17:53:45.6026008Z [20/232] Building C object CMakeFiles/sn.dir/src/ast/ast_stmt.c.obj
2026-10-02T17:53:45.6716968Z [21/232] Building C object CMakeFiles/sn.dir/src/main.c.obj
2026-10-02T17:53:45.7955424Z [22/232] Building C object CMakeFiles/sn.dir/src/parser/util/parser_util.c.obj
2026-10-02T17:53:45.8291440Z [23/232] Building C object CMakeFiles/sn.dir/src/ast/ast_print.c.obj
2026-10-02T17:53:45.8761244Z [24/232] Building C object CMakeFiles/sn.dir/src/parser.c.obj
2026-10-02T17:53:45.9191672Z [25/232] Building C object CMakeFiles/sn.dir/src/parser/expr/parser_expr_interpol.c.obj
2026-10-02T17:53:45.9434416Z [26/232] Building C object CMakeFiles/sn.dir/src/parser/expr/parser_expr.c.obj
2026-10-02T17:53:45.9589449Z [27/232] Building C object CMakeFiles/sn.dir/src/parser/expr/parser_expr_match.c.obj
2026-10-02T17:53:45.9990085Z [28/232] Building C object CMakeFiles/sn.dir/src/parser/expr/parser_expr_struct.c.obj
2026-10-02T17:53:46.0940786Z [29/232] Building C object CMakeFiles/sn.dir/src/parser/expr/parser_expr_lambda.c.obj
2026-10-02T17:53:46.1394672Z [30/232] Building C object CMakeFiles/sn.dir/src/parser/stmt/parser_stmt_control.c.obj
2026-10-02T17:53:46.1489522Z [31/232] Building C object CMakeFiles/sn.dir/src/parser/stmt/parser_stmt.c.obj
2026-10-02T17:53:46.1524915Z [32/232] Building C object CMakeFiles/sn.dir/src/symbol_table.c.obj
2026-10-02T17:53:46.3211231Z [33/232] Building C object CMakeFiles/sn.dir/src/type_checker.c.obj
2026-10-02T17:53:46.3275335Z [34/232] Building C object CMakeFiles/sn.dir/src/symbol_table/symbol_table_thread.c.obj
2026-10-02T17:53:46.3425995Z [35/232] Building C object CMakeFiles/sn.dir/src/parser/stmt/parser_stmt_decl.c.obj
2026-10-02T17:53:46.4297209Z [36/232] Building C object CMakeFiles/sn.dir/src/symbol_table/symbol_table_core.c.obj
2026-10-02T17:53:46.4510685Z [37/232] Building C object CMakeFiles/sn.dir/src/symbol_table/symbol_table_namespace.c.obj
2026-10-02T17:53:46.5140876Z [38/232] Building C object CMakeFiles/sn.dir/src/type_checker/util/type_checker_util.c.obj
2026-10-02T17:53:46.5223677Z [39/232] Building C object CMakeFiles/sn.dir/src/type_checker/util/type_checker_util_escape.c.obj
2026-10-02T17:53:46.6094508Z [40/232] Building C object CMakeFiles/sn.dir/src/formatter.c.obj
2026-10-02T17:53:46.6303416Z [41/232] Building C object CMakeFiles/sn.dir/src/type_checker/util/type_checker_util_layout.c.obj
2026-10-02T17:53:46.6447144Z [42/232] Building C object CMakeFiles/sn.dir/src/type_checker/util/type_checker_util_suggest.c.obj
2026-10-02T17:53:46.6490945Z [43/232] Building C object CMakeFiles/sn.dir/src/type_checker/expr/type_checker_expr.c.obj
2026-10-02T17:53:46.6676041Z [44/232] Building C object CMakeFiles/sn.dir/src/type_checker/util/type_checker_util_struct.c.obj
2026-10-02T17:53:46.7074803Z [45/232] Building C object CMakeFiles/sn.dir/src/type_checker/type_checker_generics.c.obj
2026-10-02T17:53:46.8098076Z [46/232] Building C object CMakeFiles/sn.dir/src/type_checker/expr/type_checker_expr_thread.c.obj
2026-10-02T17:53:46.8224635Z [47/232] Building C object CMakeFiles/sn.dir/src/type_checker/expr/type_checker_expr_basic.c.obj
2026-10-02T17:53:46.8245156Z [48/232] Building C object CMakeFiles/sn.dir/src/type_checker/expr/type_checker_expr_assign.c.obj
2026-10-02T17:53:46.8264405Z [49/232] Building C object CMakeFiles/sn.dir/src/type_checker/expr/type_checker_expr_ops.c.obj
2026-10-02T17:53:46.8316027Z [50/232] Building C object CMakeFiles/sn.dir/src/type_checker/expr/type_checker_expr_member.c.obj
2026-10-02T17:53:46.9621370Z [51/232] Building C object CMakeFiles/sn.dir/src/type_checker/expr/type_checker_expr_cast.c.obj
2026-10-02T17:53:46.9702336Z [52/232] Building C object CMakeFiles/sn.dir/src/type_checker/expr/type_checker_expr_misc.c.obj
2026-10-02T17:53:46.9736314Z [53/232] Building C object CMakeFiles/sn.dir/src/type_checker/expr/type_checker_expr_access.c.obj
2026-10-02T17:53:47.0040579Z [54/232] Building C object CMakeFiles/sn.dir/src/type_checker/expr/type_checker_expr_array.c.obj
2026-10-02T17:53:47.0109950Z [55/232] Building C object CMakeFiles/sn.dir/src/type_checker/expr/type_checker_expr_struct.c.obj
2026-10-02T17:53:47.0412764Z [56/232] Building C object CMakeFiles/sn.dir/src/type_checker/expr/call/type_checker_expr_call.c.obj
2026-10-02T17:53:47.1281587Z [57/232] Building C object CMakeFiles/sn.dir/src/type_checker/expr/type_checker_expr_lambda.c.obj
2026-10-02T17:53:47.1339946Z [58/232] Building C object CMakeFiles/sn.dir/src/type_checker/expr/call/type_checker_expr_call_char.c.obj
2026-10-02T17:53:47.1372974Z [59/232] Building C object CMakeFiles/sn.dir/src/type_checker/expr/call/type_checker_expr_call_array.c.obj
2026-10-02T17:53:47.1654066Z [60/232] Building C object CMakeFiles/sn.dir/src/type_checker/expr/call/type_checker_expr_call_int.c.obj
2026-10-02T17:53:47.2005488Z [61/232] Building C object CMakeFiles/sn.dir/src/type_checker/expr/call/type_checker_expr_call_core.c.obj
2026-10-02T17:53:47.2030795Z [62/232] Building C object CMakeFiles/sn.dir/src/type_checker/expr/call/type_checker_expr_call_long.c.obj
2026-10-02T17:53:47.2547948Z [63/232] Building C object CMakeFiles/sn.dir/src/type_checker/expr/call/type_checker_expr_call_uint.c.obj
2026-10-02T17:53:47.2755206Z [64/232] Building C object CMakeFiles/sn.dir/src/type_checker/expr/call/type_checker_expr_call_byte.c.obj
2026-10-02T17:53:47.2839312Z [65/232] Building C object CMakeFiles/sn.dir/src/type_checker/expr/call/type_checker_expr_call_double.c.obj
2026-10-02T17:53:47.3555149Z [66/232] Building C object CMakeFiles/sn.dir/src/type_checker/expr/call/type_checker_expr_call_bool.c.obj
2026-10-02T17:53:47.3846259Z [67/232] Building C object CMakeFiles/sn.dir/src/type_checker/expr/call/type_checker_expr_call_string.c.obj
2026-10-02T17:53:47.3876049Z [68/232] Building C object CMakeFiles/sn.dir/src/type_checker/stmt/type_checker_stmt.c.obj
2026-10-02T17:53:47.4452675Z [69/232] Building C object CMakeFiles/sn.dir/src/type_checker/stmt/type_checker_stmt_var.c.obj
2026-10-02T17:53:47.4496376Z [70/232] Building C object CMakeFiles/sn.dir/src/type_checker/stmt/type_checker_stmt_var_util.c.obj
2026-10-02T17:53:47.4523374Z [71/232] Building C object CMakeFiles/sn.dir/src/type_checker/stmt/type_checker_stmt_func.c.obj
2026-10-02T17:53:47.5625973Z [72/232] Building C object CMakeFiles/sn.dir/src/type_checker/stmt/type_checker_stmt_interface.c.obj
2026-10-02T17:53:47.5701632Z [73/232] Building C object CMakeFiles/sn.dir/src/type_checker/stmt/type_checker_stmt_control.c.obj
2026-10-02T17:53:47.5730826Z [74/232] Building C object CMakeFiles/sn.dir/src/type_checker/stmt/type_checker_stmt_struct.c.obj
2026-10-02T17:53:47.6159305Z [75/232] Building C object CMakeFiles/sn.dir/src/type_checker/stmt/type_checker_stmt_import_ns.c.obj
2026-10-02T17:53:47.6498142Z [76/232] Building C object CMakeFiles/sn.dir/src/type_checker/stmt/type_checker_stmt_import.c.obj
2026-10-02T17:53:47.6855767Z [77/232] Building C object CMakeFiles/sn.dir/src/type_checker/stmt/type_checker_stmt_import_ns_util.c.obj
2026-10-02T17:53:47.7159044Z [78/232] Building C object CMakeFiles/sn.dir/src/optimizer/optimizer_tail_call.c.obj
2026-10-02T17:53:47.7530721Z [79/232] Building C object CMakeFiles/sn.dir/src/optimizer.c.obj
2026-10-02T17:53:47.7612185Z [80/232] Building C object CMakeFiles/sn.dir/src/optimizer/optimizer_string.c.obj
2026-10-02T17:53:47.8037235Z [81/232] Building C object CMakeFiles/sn.dir/src/optimizer/optimizer_util.c.obj
2026-10-02T17:53:47.9461376Z [82/232] Building C object CMakeFiles/sn.dir/src/cgen/gen_model_type.c.obj
2026-10-02T17:53:47.9575599Z [83/232] Building C object CMakeFiles/sn.dir/src/cgen/gen_model.c.obj
2026-10-02T17:53:47.9642131Z [84/232] Building C object CMakeFiles/sn.dir/src/cgen/gen_model_stmt.c.obj
2026-10-02T17:53:47.9791898Z [85/232] Building C object CMakeFiles/sn.dir/src/cgen/gen_model_chain_flatten.c.obj
2026-10-02T17:53:48.1563829Z [86/232] Building C object CMakeFiles/sn.dir/src/cgen/gen_model_render_common.c.obj
2026-10-02T17:53:48.1633679Z [87/232] Building C object CMakeFiles/sn.dir/src/cgen/gen_model_struct.c.obj
2026-10-02T17:53:48.1803810Z [88/232] Building C object CMakeFiles/sn.dir/src/cgen/gen_model_render_modular.c.obj
2026-10-02T17:53:48.1861665Z [89/232] Building C object CMakeFiles/sn.dir/src/cgen/gen_model_func.c.obj
2026-10-02T17:53:48.1955451Z [90/232] Building C object CMakeFiles/sn.dir/src/cgen/gen_model_split.c.obj
2026-10-02T17:53:48.3045088Z [91/232] Building C object CMakeFiles/sn.dir/src/cgen/ownership.c.obj
2026-10-02T17:53:48.3174586Z [92/232] Building C object CMakeFiles/sn.dir/src/cgen/c/gen_model_render_min_c.c.obj
2026-10-02T17:53:48.5007073Z [93/232] Building C object CMakeFiles/sn.dir/src/cgen/gen_model_expr.c.obj
2026-10-02T17:53:48.5381552Z [94/232] Building C object CMakeFiles/sn.dir/src/target/target.c.obj
2026-10-02T17:53:48.8470534Z [95/232] Building C object CMakeFiles/sn.dir/src/target/rust/rust_render.c.obj
2026-10-02T17:53:49.3299752Z [96/232] Building C object CMakeFiles/sn.dir/src/gcc_backend_config.c.obj
2026-10-02T17:53:49.3584115Z [97/232] Building C object CMakeFiles/sn.dir/src/gcc_backend_pkgconfig.c.obj
2026-10-02T17:53:49.3836234Z [98/232] Building C object CMakeFiles/sn.dir/src/target/rust/rust_native_plan.c.obj
2026-10-02T17:53:49.4724569Z [99/232] Building C object CMakeFiles/sn.dir/src/gcc_backend.c.obj
2026-10-02T17:53:49.5774161Z [100/232] Building C object CMakeFiles/sn.dir/src/target/rust/rust_native_render.c.obj
2026-10-02T17:53:49.6338720Z [101/232] Building C object CMakeFiles/sn.dir/src/target/rust/rust_native_build.c.obj
2026-10-02T17:53:49.6831357Z [102/232] Building C object CMakeFiles/sn.dir/src/target/rust/projection/rust_model.c.obj
2026-10-02T17:53:49.8877384Z [103/232] Building C object CMakeFiles/sn.dir/src/target/rust/projection/rust_model_stmt.c.obj
2026-10-02T17:53:49.9113110Z [104/232] Building C object CMakeFiles/sn.dir/src/target/rust/cc_sidecar.c.obj
2026-10-02T17:53:49.9407777Z [105/232] Building C object CMakeFiles/sn.dir/src/target/rust/projection/rust_model_struct.c.obj
2026-10-02T17:53:49.9748679Z [106/232] Building C object CMakeFiles/sn.dir/src/target/rust/projection/rust_model_func.c.obj
2026-10-02T17:53:50.1104817Z [107/232] Building C object CMakeFiles/sn.dir/src/target/rust/projection/rust_ownership.c.obj
2026-10-02T17:53:50.1292665Z [108/232] Building C object CMakeFiles/sn.dir/src/target/rust/projection/rust_model_type.c.obj
2026-10-02T17:53:50.1731765Z [109/232] Building C object CMakeFiles/sn.dir/src/target/rust/projection/rust_model_expr.c.obj
2026-10-02T17:53:50.1805769Z [110/232] Building C object CMakeFiles/sn.dir/src/runtime/sn_array.c.obj
2026-10-02T17:53:50.2665526Z [111/232] Building C object CMakeFiles/sn.dir/src/runtime/sn_string.c.obj
2026-10-02T17:53:50.2770236Z [112/232] Building C object CMakeFiles/sn.dir/src/runtime/sn_byte.c.obj
2026-10-02T17:53:50.2810660Z [113/232] Building C object CMakeFiles/sn.dir/src/target/rust/rust_target.c.obj
2026-10-02T17:53:50.3847537Z [114/232] Building C object CMakeFiles/sn.dir/src/package/package_yaml.c.obj
2026-10-02T17:53:50.4142036Z [115/232] Building C object CMakeFiles/sn.dir/src/package.c.obj
2026-10-02T17:53:50.4310640Z [116/232] Building C object CMakeFiles/tests.dir/src/arena.c.obj
2026-10-02T17:53:50.5510639Z [117/232] Building C object CMakeFiles/tests.dir/src/file.c.obj
2026-10-02T17:53:50.5899108Z [118/232] Building C object CMakeFiles/tests.dir/src/token.c.obj
2026-10-02T17:53:50.6064334Z [119/232] Building C object CMakeFiles/tests.dir/src/debug.c.obj
2026-10-02T17:53:50.8177500Z [120/232] Building C object CMakeFiles/tests.dir/src/diagnostic.c.obj
2026-10-02T17:53:50.8208731Z [121/232] Building C object CMakeFiles/tests.dir/src/compiler.c.obj
2026-10-02T17:53:51.0286083Z [122/232] Building C object CMakeFiles/tests.dir/src/lexer/lexer_util.c.obj
2026-10-02T17:53:51.0628432Z [123/232] Building C object CMakeFiles/tests.dir/src/lexer.c.obj
2026-10-02T17:53:51.1023845Z [124/232] Building C object CMakeFiles/sn.dir/src/package/package_git.c.obj
2026-10-02T17:53:51.2831845Z [125/232] Building C object CMakeFiles/tests.dir/src/ast.c.obj
2026-10-02T17:53:51.3412107Z [126/232] Building C object CMakeFiles/tests.dir/src/lexer/lexer_scan.c.obj
2026-10-02T17:53:51.4177906Z [127/232] Building C object CMakeFiles/tests.dir/src/ast/ast_type.c.obj
2026-10-02T17:53:51.5600621Z [128/232] Building C object CMakeFiles/tests.dir/src/ast/ast_stmt.c.obj
2026-10-02T17:53:51.5664914Z [129/232] Building C object CMakeFiles/tests.dir/src/ast/ast_expr.c.obj
2026-10-02T17:53:51.5780107Z [130/232] Building C object CMakeFiles/sn.dir/src/package/lfs/package_lfs.c.obj
2026-10-02T17:53:51.8377788Z [131/232] Building C object CMakeFiles/tests.dir/src/ast/ast_print.c.obj
2026-10-02T17:53:51.8657062Z [132/232] Building C object CMakeFiles/tests.dir/src/parser/util/parser_util.c.obj
2026-10-02T17:53:51.8702891Z [133/232] Building C object CMakeFiles/tests.dir/src/parser/expr/parser_expr.c.obj
2026-10-02T17:53:52.0080555Z [134/232] Building C object CMakeFiles/tests.dir/src/parser.c.obj
2026-10-02T17:53:52.0288412Z [135/232] Building C object CMakeFiles/tests.dir/src/parser/expr/parser_expr_interpol.c.obj
2026-10-02T17:53:52.0519411Z [136/232] Building C object CMakeFiles/tests.dir/src/parser/expr/parser_expr_struct.c.obj
2026-10-02T17:53:52.0713426Z [137/232] Building C object CMakeFiles/tests.dir/src/parser/expr/parser_expr_match.c.obj
2026-10-02T17:53:52.1957348Z [138/232] Building C object CMakeFiles/tests.dir/src/parser/expr/parser_expr_lambda.c.obj
2026-10-02T17:53:52.2049560Z [139/232] Building C object CMakeFiles/tests.dir/src/formatter.c.obj
2026-10-02T17:53:52.2147938Z [140/232] Building C object CMakeFiles/tests.dir/src/parser/stmt/parser_stmt_control.c.obj
2026-10-02T17:53:52.2690859Z [141/232] Building C object CMakeFiles/tests.dir/src/parser/stmt/parser_stmt.c.obj
2026-10-02T17:53:52.3894721Z [142/232] Building C object CMakeFiles/tests.dir/src/symbol_table.c.obj
2026-10-02T17:53:52.4090263Z [143/232] Building C object CMakeFiles/tests.dir/src/parser/stmt/parser_stmt_decl.c.obj
2026-10-02T17:53:52.4363238Z [144/232] Building C object CMakeFiles/tests.dir/src/symbol_table/symbol_table_core.c.obj
2026-10-02T17:53:52.4991975Z [145/232] Building C object CMakeFiles/tests.dir/src/symbol_table/symbol_table_namespace.c.obj
2026-10-02T17:53:52.5360663Z [146/232] Building C object CMakeFiles/tests.dir/src/symbol_table/symbol_table_thread.c.obj
2026-10-02T17:53:52.5802735Z [147/232] Building C object CMakeFiles/tests.dir/src/type_checker.c.obj
2026-10-02T17:53:52.6612965Z [148/232] Building C object CMakeFiles/tests.dir/src/type_checker/util/type_checker_util.c.obj
2026-10-02T17:53:52.6877085Z [149/232] Building C object CMakeFiles/tests.dir/src/type_checker/util/type_checker_util_escape.c.obj
2026-10-02T17:53:52.7444301Z [150/232] Building C object CMakeFiles/tests.dir/src/type_checker/util/type_checker_util_suggest.c.obj
2026-10-02T17:53:52.7589240Z [151/232] Building C object CMakeFiles/tests.dir/src/type_checker/type_checker_generics.c.obj
2026-10-02T17:53:52.7983791Z [152/232] Building C object CMakeFiles/tests.dir/src/type_checker/util/type_checker_util_struct.c.obj
2026-10-02T17:53:52.8574847Z [153/232] Building C object CMakeFiles/tests.dir/src/type_checker/util/type_checker_util_layout.c.obj
2026-10-02T17:53:52.8988424Z [154/232] Building C object CMakeFiles/tests.dir/src/type_checker/expr/type_checker_expr.c.obj
2026-10-02T17:53:52.9694009Z [155/232] Building C object CMakeFiles/tests.dir/src/type_checker/expr/type_checker_expr_assign.c.obj
2026-10-02T17:53:52.9736117Z [156/232] Building C object CMakeFiles/tests.dir/src/type_checker/expr/type_checker_expr_ops.c.obj
2026-10-02T17:53:53.0291420Z [157/232] Building C object CMakeFiles/tests.dir/src/type_checker/expr/type_checker_expr_thread.c.obj
2026-10-02T17:53:53.0390045Z [158/232] Building C object CMakeFiles/tests.dir/src/type_checker/expr/type_checker_expr_member.c.obj
2026-10-02T17:53:53.0438640Z [159/232] Building C object CMakeFiles/tests.dir/src/type_checker/expr/type_checker_expr_basic.c.obj
2026-10-02T17:53:53.1364880Z [160/232] Building C object CMakeFiles/tests.dir/src/type_checker/expr/type_checker_expr_cast.c.obj
2026-10-02T17:53:53.1817344Z [161/232] Building C object CMakeFiles/tests.dir/src/type_checker/expr/type_checker_expr_misc.c.obj
2026-10-02T17:53:53.1858694Z [162/232] Building C object CMakeFiles/tests.dir/src/type_checker/expr/type_checker_expr_access.c.obj
2026-10-02T17:53:53.1900831Z [163/232] Building C object CMakeFiles/tests.dir/src/type_checker/expr/type_checker_expr_array.c.obj
2026-10-02T17:53:53.1957305Z [164/232] Building C object CMakeFiles/tests.dir/src/type_checker/expr/type_checker_expr_struct.c.obj
2026-10-02T17:53:53.2973194Z [165/232] Building C object CMakeFiles/tests.dir/src/type_checker/expr/call/type_checker_expr_call.c.obj
2026-10-02T17:53:53.3468649Z [166/232] Building C object CMakeFiles/tests.dir/src/type_checker/expr/call/type_checker_expr_call_char.c.obj
2026-10-02T17:53:53.3503977Z [167/232] Building C object CMakeFiles/tests.dir/src/type_checker/expr/call/type_checker_expr_call_array.c.obj
2026-10-02T17:53:53.3680436Z [168/232] Building C object CMakeFiles/tests.dir/src/type_checker/expr/type_checker_expr_lambda.c.obj
2026-10-02T17:53:53.4229154Z [169/232] Building C object CMakeFiles/tests.dir/src/type_checker/expr/call/type_checker_expr_call_core.c.obj
2026-10-02T17:53:53.4798876Z [170/232] Building C object CMakeFiles/tests.dir/src/type_checker/expr/call/type_checker_expr_call_int.c.obj
2026-10-02T17:53:53.4840492Z [171/232] Building C object CMakeFiles/tests.dir/src/type_checker/expr/call/type_checker_expr_call_long.c.obj
2026-10-02T17:53:53.4861627Z [172/232] Building C object CMakeFiles/tests.dir/src/type_checker/expr/call/type_checker_expr_call_double.c.obj
2026-10-02T17:53:53.5089303Z [173/232] Building C object CMakeFiles/tests.dir/src/type_checker/expr/call/type_checker_expr_call_uint.c.obj
2026-10-02T17:53:53.6255852Z [174/232] Building C object CMakeFiles/tests.dir/src/type_checker/expr/call/type_checker_expr_call_byte.c.obj
2026-10-02T17:53:53.6310926Z [175/232] Building C object CMakeFiles/tests.dir/src/type_checker/expr/call/type_checker_expr_call_bool.c.obj
2026-10-02T17:53:53.6392663Z [176/232] Building C object CMakeFiles/tests.dir/src/type_checker/expr/call/type_checker_expr_call_string.c.obj
2026-10-02T17:53:53.6501608Z [177/232] Building C object CMakeFiles/tests.dir/src/type_checker/stmt/type_checker_stmt.c.obj
2026-10-02T17:53:53.7650722Z [178/232] Building C object CMakeFiles/tests.dir/src/type_checker/stmt/type_checker_stmt_var.c.obj
2026-10-02T17:53:53.7680413Z [179/232] Building C object CMakeFiles/tests.dir/src/type_checker/stmt/type_checker_stmt_var_util.c.obj
2026-10-02T17:53:53.7716537Z [180/232] Building C object CMakeFiles/tests.dir/src/type_checker/stmt/type_checker_stmt_control.c.obj
2026-10-02T17:53:53.7773271Z [181/232] Building C object CMakeFiles/tests.dir/src/type_checker/stmt/type_checker_stmt_func.c.obj
2026-10-02T17:53:53.9120082Z [182/232] Building C object CMakeFiles/tests.dir/src/type_checker/stmt/type_checker_stmt_struct.c.obj
2026-10-02T17:53:53.9217994Z [183/232] Building C object CMakeFiles/tests.dir/src/type_checker/stmt/type_checker_stmt_import.c.obj
2026-10-02T17:53:53.9362607Z [184/232] Building C object CMakeFiles/tests.dir/src/type_checker/stmt/type_checker_stmt_interface.c.obj
2026-10-02T17:53:53.9483790Z [185/232] Building C object CMakeFiles/tests.dir/src/type_checker/stmt/type_checker_stmt_import_ns.c.obj
2026-10-02T17:53:53.9633246Z [186/232] Building C object CMakeFiles/tests.dir/src/type_checker/stmt/type_checker_stmt_import_ns_util.c.obj
2026-10-02T17:53:54.1001221Z [187/232] Building C object CMakeFiles/tests.dir/src/optimizer/optimizer_tail_call.c.obj
2026-10-02T17:53:54.1095585Z [188/232] Building C object CMakeFiles/tests.dir/src/optimizer.c.obj
2026-10-02T17:53:54.1162010Z [189/232] Building C object CMakeFiles/tests.dir/src/optimizer/optimizer_string.c.obj
2026-10-02T17:53:54.1426276Z [190/232] Building C object CMakeFiles/tests.dir/src/optimizer/optimizer_util.c.obj
2026-10-02T17:53:54.3042661Z [191/232] Building C object CMakeFiles/tests.dir/src/cgen/gen_model.c.obj
2026-10-02T17:53:54.3101343Z [192/232] Building C object CMakeFiles/tests.dir/src/cgen/gen_model_type.c.obj
2026-10-02T17:53:54.3855188Z [193/232] Building C object CMakeFiles/tests.dir/src/cgen/gen_model_stmt.c.obj
2026-10-02T17:53:54.4532603Z [194/232] Building C object CMakeFiles/tests.dir/src/cgen/gen_model_chain_flatten.c.obj
2026-10-02T17:53:54.5581118Z [195/232] Building C object CMakeFiles/tests.dir/src/cgen/gen_model_struct.c.obj
2026-10-02T17:53:54.5775516Z [196/232] Building C object CMakeFiles/tests.dir/src/cgen/gen_model_render_common.c.obj
2026-10-02T17:53:54.5827541Z [197/232] Building C object CMakeFiles/tests.dir/src/cgen/gen_model_func.c.obj
2026-10-02T17:53:54.7089525Z [198/232] Building C object CMakeFiles/tests.dir/src/cgen/gen_model_expr.c.obj
2026-10-02T17:53:54.7117650Z [199/232] Building C object CMakeFiles/tests.dir/src/cgen/ownership.c.obj
2026-10-02T17:53:54.7281158Z [200/232] Building C object CMakeFiles/tests.dir/src/cgen/gen_model_render_modular.c.obj
2026-10-02T17:53:54.7498109Z [201/232] Building C object CMakeFiles/tests.dir/src/cgen/c/gen_model_render_min_c.c.obj
2026-10-02T17:53:54.7661285Z [202/232] Building C object CMakeFiles/tests.dir/src/cgen/gen_model_split.c.obj
2026-10-02T17:53:55.0937370Z [203/232] Building C object CMakeFiles/tests.dir/src/target/target.c.obj
2026-10-02T17:53:55.4671844Z [204/232] Building C object CMakeFiles/tests.dir/src/target/rust/rust_render.c.obj
2026-10-02T17:53:55.9031235Z [205/232] Building C object CMakeFiles/tests.dir/src/gcc_backend.c.obj
2026-10-02T17:53:55.9060983Z [206/232] Building C object CMakeFiles/tests.dir/src/gcc_backend_config.c.obj
2026-10-02T17:53:55.9315662Z [207/232] Building C object CMakeFiles/tests.dir/src/gcc_backend_pkgconfig.c.obj
2026-10-02T17:53:56.1629557Z [208/232] Building C object CMakeFiles/tests.dir/src/target/rust/rust_native_render.c.obj
2026-10-02T17:53:56.2072447Z [209/232] Building C object CMakeFiles/tests.dir/src/target/rust/rust_native_build.c.obj
2026-10-02T17:53:56.3462268Z [210/232] Building C object CMakeFiles/tests.dir/src/target/rust/rust_native_plan.c.obj
2026-10-02T17:53:56.6304011Z [211/232] Building C object CMakeFiles/tests.dir/src/target/rust/projection/rust_model.c.obj
2026-10-02T17:53:56.6639655Z [212/232] Building C object CMakeFiles/tests.dir/src/target/rust/projection/rust_model_stmt.c.obj
2026-10-02T17:53:56.7934266Z [213/232] Building C object CMakeFiles/tests.dir/src/target/rust/cc_sidecar.c.obj
2026-10-02T17:53:56.8456927Z [214/232] Building C object CMakeFiles/tests.dir/src/target/rust/rust_target.c.obj
2026-10-02T17:53:56.9495454Z [215/232] Building C object CMakeFiles/tests.dir/src/target/rust/projection/rust_model_expr.c.obj
2026-10-02T17:53:56.9589068Z [216/232] Building C object CMakeFiles/tests.dir/src/target/rust/projection/rust_model_struct.c.obj
2026-10-02T17:53:56.9802567Z [217/232] Building C object CMakeFiles/tests.dir/src/target/rust/projection/rust_model_func.c.obj
2026-10-02T17:53:57.0314927Z [218/232] Building C object CMakeFiles/tests.dir/src/target/rust/projection/rust_model_type.c.obj
2026-10-02T17:53:57.0522361Z [219/232] Building C object CMakeFiles/tests.dir/src/target/rust/projection/rust_ownership.c.obj
2026-10-02T17:53:57.1530429Z [220/232] Building C object CMakeFiles/tests.dir/src/runtime/sn_string.c.obj
2026-10-02T17:53:57.1569111Z [221/232] Building C object CMakeFiles/tests.dir/src/runtime/sn_array.c.obj
2026-10-02T17:53:57.1717663Z [222/232] Building C object CMakeFiles/tests.dir/src/runtime/sn_byte.c.obj
2026-10-02T17:53:57.2554120Z [223/232] Building C object CMakeFiles/tests.dir/src/package/package_yaml.c.obj
2026-10-02T17:53:57.2741799Z [224/232] Building C object CMakeFiles/tests.dir/src/package.c.obj
2026-10-02T17:53:57.4995211Z [225/232] Linking C static library bin\lib\clang\libsn_runtime_min.a
2026-10-02T17:53:57.8861924Z [226/232] Building C object CMakeFiles/tests.dir/src/package/package_git.c.obj
2026-10-02T17:53:58.0456546Z [227/232] Building C object CMakeFiles/tests.dir/src/package/lfs/package_lfs.c.obj
2026-10-02T17:53:58.7893916Z [228/232] Building C object CMakeFiles/tests.dir/tests/unit/_all_.c.obj
2026-10-02T17:54:03.9951421Z [229/232] Linking C executable bin\sn.exe
2026-10-02T17:54:08.5541053Z [230/232] Linking C executable bin\tests.exe
2026-10-02T17:54:08.7217661Z [231/232] Staging compiler artifacts in bin
2026-10-02T17:54:08.7559338Z 
2026-10-02T17:54:08.7833987Z Build complete!
2026-10-02T17:54:08.8086849Z Compiler: bin/sn.exe
2026-10-02T17:54:08.8339012Z ##[group]Run echo "Checking for compiler executable..."
2026-10-02T17:54:08.8339510Z [36;1mecho "Checking for compiler executable..."[0m
2026-10-02T17:54:08.8340057Z [36;1mif [ ! -f "bin/sn.exe" ]; then[0m
2026-10-02T17:54:08.8340346Z [36;1m  echo "ERROR: bin/sn.exe not found"[0m
2026-10-02T17:54:08.8340606Z [36;1m  exit 1[0m
2026-10-02T17:54:08.8340772Z [36;1mfi[0m
2026-10-02T17:54:08.8340954Z [36;1mecho "Found: bin/sn.exe"[0m
2026-10-02T17:54:08.8341170Z [36;1m[0m
2026-10-02T17:54:08.8341368Z [36;1mecho "Checking for test executable..."[0m
2026-10-02T17:54:08.8341664Z [36;1mif [ ! -f "bin/tests.exe" ]; then[0m
2026-10-02T17:54:08.8341956Z [36;1m  echo "ERROR: bin/tests.exe not found"[0m
2026-10-02T17:54:08.8342209Z [36;1m  exit 1[0m
2026-10-02T17:54:08.8342370Z [36;1mfi[0m
2026-10-02T17:54:08.8342539Z [36;1mecho "Found: bin/tests.exe"[0m
2026-10-02T17:54:08.8342758Z [36;1m[0m
2026-10-02T17:54:08.8342981Z [36;1mecho "Checking for runtime library..."[0m
2026-10-02T17:54:08.8343317Z [36;1mif [ ! -f "bin/lib/clang/libsn_runtime_min.a" ]; then[0m
2026-10-02T17:54:08.8343707Z [36;1m  echo "ERROR: bin/lib/clang/libsn_runtime_min.a not found"[0m
2026-10-02T17:54:08.8344021Z [36;1m  exit 1[0m
2026-10-02T17:54:08.8344182Z [36;1mfi[0m
2026-10-02T17:54:08.8344397Z [36;1mecho "Found: bin/lib/clang/libsn_runtime_min.a"[0m
2026-10-02T17:54:08.8344672Z [36;1m[0m
2026-10-02T17:54:08.8344826Z [36;1mecho ""[0m
2026-10-02T17:54:08.8345062Z [36;1mecho "Build outputs verified successfully!"[0m
2026-10-02T17:54:08.8362033Z shell: C:\Program Files\Git\bin\bash.EXE --noprofile --norc -e -o pipefail {0}
2026-10-02T17:54:08.8362432Z ##[endgroup]
2026-10-02T17:54:08.8744401Z Checking for compiler executable...
2026-10-02T17:54:08.8756224Z Found: bin/sn.exe
2026-10-02T17:54:08.8757656Z Checking for test executable...
2026-10-02T17:54:08.8764772Z Found: bin/tests.exe
2026-10-02T17:54:08.8765774Z Checking for runtime library...
2026-10-02T17:54:08.8766292Z Found: bin/lib/clang/libsn_runtime_min.a
2026-10-02T17:54:08.8767367Z 
2026-10-02T17:54:08.8767757Z Build outputs verified successfully!
2026-10-02T17:54:08.8950908Z ##[group]Run bin/sn.exe --format --check
2026-10-02T17:54:08.8951283Z [36;1mbin/sn.exe --format --check[0m
2026-10-02T17:54:08.8967279Z shell: C:\Program Files\Git\bin\bash.EXE --noprofile --norc -e -o pipefail {0}
2026-10-02T17:54:08.8967940Z ##[endgroup]
2026-10-02T17:54:09.0957207Z All files already formatted.
2026-10-02T17:54:09.1195041Z ##[group]Run make test ARENA_SANITIZE=
2026-10-02T17:54:09.1195416Z [36;1mmake test ARENA_SANITIZE=[0m
2026-10-02T17:54:09.1211161Z shell: C:\Program Files\Git\bin\bash.EXE --noprofile --norc -e -o pipefail {0}
2026-10-02T17:54:09.1211558Z env:
2026-10-02T17:54:09.1211724Z   SN_CC: clang
2026-10-02T17:54:09.1212077Z   SN_CFLAGS: --target=x86_64-w64-mingw32 -fuse-ld=lld -rtlib=compiler-rt -unwindlib=none
2026-10-02T17:54:09.1212513Z   SN_RELEASE_CFLAGS: -O3 -fwrapv
2026-10-02T17:54:09.1212749Z   SN_EXCLUDE_TESTS: 
2026-10-02T17:54:09.1212935Z ##[endgroup]
2026-10-02T17:54:09.2576281Z Building Sindarin compiler...
2026-10-02T17:54:09.2827014Z Platform: windows
2026-10-02T17:54:09.3168761Z Generator: Ninja
2026-10-02T17:54:09.3193083Z cmake -S . -B build -G "Ninja" \
2026-10-02T17:54:09.3194111Z 	-DCMAKE_BUILD_TYPE=Release \
2026-10-02T17:54:09.3194522Z 	-DCMAKE_C_COMPILER=clang
2026-10-02T17:54:09.5239508Z -- Up-to-date: D:/a/sindarin-compiler/sindarin-compiler/bin/sn.linux.cfg
2026-10-02T17:54:09.5241156Z -- Up-to-date: D:/a/sindarin-compiler/sindarin-compiler/bin/sn.darwin.cfg
2026-10-02T17:54:09.5243176Z -- Up-to-date: D:/a/sindarin-compiler/sindarin-compiler/bin/sn.windows.cfg
2026-10-02T17:54:09.5265756Z -- Installing: D:/a/sindarin-compiler/sindarin-compiler/bin/include/runtime/sn_arith.h
2026-10-02T17:54:09.5271681Z -- Installing: D:/a/sindarin-compiler/sindarin-compiler/bin/include/runtime/sn_array.h
2026-10-02T17:54:09.5277540Z -- Installing: D:/a/sindarin-compiler/sindarin-compiler/bin/include/runtime/sn_byte.h
2026-10-02T17:54:09.5282454Z -- Installing: D:/a/sindarin-compiler/sindarin-compiler/bin/include/runtime/sn_conv.h
2026-10-02T17:54:09.5288434Z -- Installing: D:/a/sindarin-compiler/sindarin-compiler/bin/include/runtime/sn_core.h
2026-10-02T17:54:09.5293573Z -- Installing: D:/a/sindarin-compiler/sindarin-compiler/bin/include/runtime/sn_minimal.h
2026-10-02T17:54:09.5298649Z -- Installing: D:/a/sindarin-compiler/sindarin-compiler/bin/include/runtime/sn_reflect.h
2026-10-02T17:54:09.5303505Z -- Installing: D:/a/sindarin-compiler/sindarin-compiler/bin/include/runtime/sn_serial.h
2026-10-02T17:54:09.5310663Z -- Installing: D:/a/sindarin-compiler/sindarin-compiler/bin/include/runtime/sn_string.h
2026-10-02T17:54:09.5316505Z -- Installing: D:/a/sindarin-compiler/sindarin-compiler/bin/include/runtime/sn_thread.h
2026-10-02T17:54:09.5322685Z -- Installing: D:/a/sindarin-compiler/sindarin-compiler/bin/include/minimal/sn_arith.h
2026-10-02T17:54:09.5328319Z -- Installing: D:/a/sindarin-compiler/sindarin-compiler/bin/include/minimal/sn_array.h
2026-10-02T17:54:09.5333557Z -- Installing: D:/a/sindarin-compiler/sindarin-compiler/bin/include/minimal/sn_byte.h
2026-10-02T17:54:09.5338499Z -- Installing: D:/a/sindarin-compiler/sindarin-compiler/bin/include/minimal/sn_conv.h
2026-10-02T17:54:09.5344462Z -- Installing: D:/a/sindarin-compiler/sindarin-compiler/bin/include/minimal/sn_core.h
2026-10-02T17:54:09.5349883Z -- Installing: D:/a/sindarin-compiler/sindarin-compiler/bin/include/minimal/sn_minimal.h
2026-10-02T17:54:09.5355284Z -- Installing: D:/a/sindarin-compiler/sindarin-compiler/bin/include/minimal/sn_reflect.h
2026-10-02T17:54:09.5360415Z -- Installing: D:/a/sindarin-compiler/sindarin-compiler/bin/include/minimal/sn_serial.h
2026-10-02T17:54:09.5368507Z -- Installing: D:/a/sindarin-compiler/sindarin-compiler/bin/include/minimal/sn_string.h
2026-10-02T17:54:09.5376182Z -- Installing: D:/a/sindarin-compiler/sindarin-compiler/bin/include/minimal/sn_thread.h
2026-10-02T17:54:09.5388321Z -- Up-to-date: D:/a/sindarin-compiler/sindarin-compiler/bin/include/platform/compat_dirent.h
2026-10-02T17:54:09.5389746Z -- Up-to-date: D:/a/sindarin-compiler/sindarin-compiler/bin/include/platform/compat_io.h
2026-10-02T17:54:09.5391581Z -- Up-to-date: D:/a/sindarin-compiler/sindarin-compiler/bin/include/platform/compat_net.h
2026-10-02T17:54:09.5393769Z -- Up-to-date: D:/a/sindarin-compiler/sindarin-compiler/bin/include/platform/compat_pthread.h
2026-10-02T17:54:09.5398849Z -- Up-to-date: D:/a/sindarin-compiler/sindarin-compiler/bin/include/platform/compat_time.h
2026-10-02T17:54:09.5400046Z -- Up-to-date: D:/a/sindarin-compiler/sindarin-compiler/bin/include/platform/compat_windows.h
2026-10-02T17:54:09.5401045Z -- Up-to-date: D:/a/sindarin-compiler/sindarin-compiler/bin/include/platform/platform.h
2026-10-02T17:54:09.5437410Z -- Found libs submodule: D:/a/sindarin-compiler/sindarin-compiler/.sn/sindarin-pkg-libs/libs/windows
2026-10-02T17:54:09.5437937Z --   Copying zlib headers...
2026-10-02T17:54:09.5439220Z -- Up-to-date: D:/a/sindarin-compiler/sindarin-compiler/bin/deps/include/zlib.h
2026-10-02T17:54:09.5441124Z -- Up-to-date: D:/a/sindarin-compiler/sindarin-compiler/bin/deps/include/zconf.h
2026-10-02T17:54:09.5441595Z --   Copying yyjson headers...
2026-10-02T17:54:09.5443930Z -- Up-to-date: D:/a/sindarin-compiler/sindarin-compiler/bin/deps/include/yyjson.h
2026-10-02T17:54:09.5445075Z --   Copying json-c headers...
2026-10-02T17:54:09.5445873Z -- Up-to-date: D:/a/sindarin-compiler/sindarin-compiler/bin/deps/include/json-c
2026-10-02T17:54:09.5448407Z -- Up-to-date: D:/a/sindarin-compiler/sindarin-compiler/bin/deps/include/json-c/arraylist.h
2026-10-02T17:54:09.5449959Z -- Up-to-date: D:/a/sindarin-compiler/sindarin-compiler/bin/deps/include/json-c/debug.h
2026-10-02T17:54:09.5451584Z -- Up-to-date: D:/a/sindarin-compiler/sindarin-compiler/bin/deps/include/json-c/json.h
2026-10-02T17:54:09.5453357Z -- Up-to-date: D:/a/sindarin-compiler/sindarin-compiler/bin/deps/include/json-c/json_config.h
2026-10-02T17:54:09.5455042Z -- Up-to-date: D:/a/sindarin-compiler/sindarin-compiler/bin/deps/include/json-c/json_c_version.h
2026-10-02T17:54:09.5456517Z -- Up-to-date: D:/a/sindarin-compiler/sindarin-compiler/bin/deps/include/json-c/json_inttypes.h
2026-10-02T17:54:09.5458148Z -- Up-to-date: D:/a/sindarin-compiler/sindarin-compiler/bin/deps/include/json-c/json_object.h
2026-10-02T17:54:09.5459744Z -- Up-to-date: D:/a/sindarin-compiler/sindarin-compiler/bin/deps/include/json-c/json_object_iterator.h
2026-10-02T17:54:09.5461512Z -- Up-to-date: D:/a/sindarin-compiler/sindarin-compiler/bin/deps/include/json-c/json_patch.h
2026-10-02T17:54:09.5463521Z -- Up-to-date: D:/a/sindarin-compiler/sindarin-compiler/bin/deps/include/json-c/json_pointer.h
2026-10-02T17:54:09.5464981Z -- Up-to-date: D:/a/sindarin-compiler/sindarin-compiler/bin/deps/include/json-c/json_tokener.h
2026-10-02T17:54:09.5466549Z -- Up-to-date: D:/a/sindarin-compiler/sindarin-compiler/bin/deps/include/json-c/json_types.h
2026-10-02T17:54:09.5468136Z -- Up-to-date: D:/a/sindarin-compiler/sindarin-compiler/bin/deps/include/json-c/json_util.h
2026-10-02T17:54:09.5469812Z -- Up-to-date: D:/a/sindarin-compiler/sindarin-compiler/bin/deps/include/json-c/json_visit.h
2026-10-02T17:54:09.5471380Z -- Up-to-date: D:/a/sindarin-compiler/sindarin-compiler/bin/deps/include/json-c/linkhash.h
2026-10-02T17:54:09.5472998Z -- Up-to-date: D:/a/sindarin-compiler/sindarin-compiler/bin/deps/include/json-c/printbuf.h
2026-10-02T17:54:09.5473762Z --   Copying libxml2 headers...
2026-10-02T17:54:09.5475506Z -- Up-to-date: D:/a/sindarin-compiler/sindarin-compiler/bin/deps/include/libxml
2026-10-02T17:54:09.5478202Z -- Up-to-date: D:/a/sindarin-compiler/sindarin-compiler/bin/deps/include/libxml/c14n.h
2026-10-02T17:54:09.5479733Z -- Up-to-date: D:/a/sindarin-compiler/sindarin-compiler/bin/deps/include/libxml/catalog.h
2026-10-02T17:54:09.5481380Z -- Up-to-date: D:/a/sindarin-compiler/sindarin-compiler/bin/deps/include/libxml/chvalid.h
2026-10-02T17:54:09.5483442Z -- Up-to-date: D:/a/sindarin-compiler/sindarin-compiler/bin/deps/include/libxml/debugXML.h
2026-10-02T17:54:09.5484549Z -- Up-to-date: D:/a/sindarin-compiler/sindarin-compiler/bin/deps/include/libxml/dict.h
2026-10-02T17:54:09.5486354Z -- Up-to-date: D:/a/sindarin-compiler/sindarin-compiler/bin/deps/include/libxml/encoding.h
2026-10-02T17:54:09.5488228Z -- Up-to-date: D:/a/sindarin-compiler/sindarin-compiler/bin/deps/include/libxml/entities.h
2026-10-02T17:54:09.5490862Z -- Up-to-date: D:/a/sindarin-compiler/sindarin-compiler/bin/deps/include/libxml/globals.h
2026-10-02T17:54:09.5491926Z -- Up-to-date: D:/a/sindarin-compiler/sindarin-compiler/bin/deps/include/libxml/hash.h
2026-10-02T17:54:09.5493894Z -- Up-to-date: D:/a/sindarin-compiler/sindarin-compiler/bin/deps/include/libxml/HTMLparser.h
2026-10-02T17:54:09.5495510Z -- Up-to-date: D:/a/sindarin-compiler/sindarin-compiler/bin/deps/include/libxml/HTMLtree.h
2026-10-02T17:54:09.5497119Z -- Up-to-date: D:/a/sindarin-compiler/sindarin-compiler/bin/deps/include/libxml/list.h
2026-10-02T17:54:09.5498753Z -- Up-to-date: D:/a/sindarin-compiler/sindarin-compiler/bin/deps/include/libxml/nanoftp.h
2026-10-02T17:54:09.5500361Z -- Up-to-date: D:/a/sindarin-compiler/sindarin-compiler/bin/deps/include/libxml/nanohttp.h
2026-10-02T17:54:09.5502493Z -- Up-to-date: D:/a/sindarin-compiler/sindarin-compiler/bin/deps/include/libxml/parser.h
2026-10-02T17:54:09.5504023Z -- Up-to-date: D:/a/sindarin-compiler/sindarin-compiler/bin/deps/include/libxml/parserInternals.h
2026-10-02T17:54:09.5505726Z -- Up-to-date: D:/a/sindarin-compiler/sindarin-compiler/bin/deps/include/libxml/pattern.h
2026-10-02T17:54:09.5507687Z -- Up-to-date: D:/a/sindarin-compiler/sindarin-compiler/bin/deps/include/libxml/relaxng.h
2026-10-02T17:54:09.5509751Z -- Up-to-date: D:/a/sindarin-compiler/sindarin-compiler/bin/deps/include/libxml/SAX.h
2026-10-02T17:54:09.5511978Z -- Up-to-date: D:/a/sindarin-compiler/sindarin-compiler/bin/deps/include/libxml/SAX2.h
2026-10-02T17:54:09.5514317Z -- Up-to-date: D:/a/sindarin-compiler/sindarin-compiler/bin/deps/include/libxml/schemasInternals.h
2026-10-02T17:54:09.5516302Z -- Up-to-date: D:/a/sindarin-compiler/sindarin-compiler/bin/deps/include/libxml/schematron.h
2026-10-02T17:54:09.5517894Z -- Up-to-date: D:/a/sindarin-compiler/sindarin-compiler/bin/deps/include/libxml/threads.h
2026-10-02T17:54:09.5519514Z -- Up-to-date: D:/a/sindarin-compiler/sindarin-compiler/bin/deps/include/libxml/tree.h
2026-10-02T17:54:09.5521064Z -- Up-to-date: D:/a/sindarin-compiler/sindarin-compiler/bin/deps/include/libxml/uri.h
2026-10-02T17:54:09.5523240Z -- Up-to-date: D:/a/sindarin-compiler/sindarin-compiler/bin/deps/include/libxml/valid.h
2026-10-02T17:54:09.5524900Z -- Up-to-date: D:/a/sindarin-compiler/sindarin-compiler/bin/deps/include/libxml/xinclude.h
2026-10-02T17:54:09.5526507Z -- Up-to-date: D:/a/sindarin-compiler/sindarin-compiler/bin/deps/include/libxml/xlink.h
2026-10-02T17:54:09.5528103Z -- Up-to-date: D:/a/sindarin-compiler/sindarin-compiler/bin/deps/include/libxml/xmlautomata.h
2026-10-02T17:54:09.5529629Z -- Up-to-date: D:/a/sindarin-compiler/sindarin-compiler/bin/deps/include/libxml/xmlerror.h
2026-10-02T17:54:09.5531221Z -- Up-to-date: D:/a/sindarin-compiler/sindarin-compiler/bin/deps/include/libxml/xmlexports.h
2026-10-02T17:54:09.5532784Z -- Up-to-date: D:/a/sindarin-compiler/sindarin-compiler/bin/deps/include/libxml/xmlIO.h
2026-10-02T17:54:09.5534469Z -- Up-to-date: D:/a/sindarin-compiler/sindarin-compiler/bin/deps/include/libxml/xmlmemory.h
2026-10-02T17:54:09.5536075Z -- Up-to-date: D:/a/sindarin-compiler/sindarin-compiler/bin/deps/include/libxml/xmlmodule.h
2026-10-02T17:54:09.5537686Z -- Up-to-date: D:/a/sindarin-compiler/sindarin-compiler/bin/deps/include/libxml/xmlreader.h
2026-10-02T17:54:09.5539226Z -- Up-to-date: D:/a/sindarin-compiler/sindarin-compiler/bin/deps/include/libxml/xmlregexp.h
2026-10-02T17:54:09.5540776Z -- Up-to-date: D:/a/sindarin-compiler/sindarin-compiler/bin/deps/include/libxml/xmlsave.h
2026-10-02T17:54:09.5542523Z -- Up-to-date: D:/a/sindarin-compiler/sindarin-compiler/bin/deps/include/libxml/xmlschemas.h
2026-10-02T17:54:09.5544340Z -- Up-to-date: D:/a/sindarin-compiler/sindarin-compiler/bin/deps/include/libxml/xmlschemastypes.h
2026-10-02T17:54:09.5545978Z -- Up-to-date: D:/a/sindarin-compiler/sindarin-compiler/bin/deps/include/libxml/xmlstring.h
2026-10-02T17:54:09.5547739Z -- Up-to-date: D:/a/sindarin-compiler/sindarin-compiler/bin/deps/include/libxml/xmlunicode.h
2026-10-02T17:54:09.5549216Z -- Up-to-date: D:/a/sindarin-compiler/sindarin-compiler/bin/deps/include/libxml/xmlversion.h
2026-10-02T17:54:09.5550846Z -- Up-to-date: D:/a/sindarin-compiler/sindarin-compiler/bin/deps/include/libxml/xmlwriter.h
2026-10-02T17:54:09.5552303Z -- Up-to-date: D:/a/sindarin-compiler/sindarin-compiler/bin/deps/include/libxml/xpath.h
2026-10-02T17:54:09.5553994Z -- Up-to-date: D:/a/sindarin-compiler/sindarin-compiler/bin/deps/include/libxml/xpathInternals.h
2026-10-02T17:54:09.5555564Z -- Up-to-date: D:/a/sindarin-compiler/sindarin-compiler/bin/deps/include/libxml/xpointer.h
2026-10-02T17:54:09.5556813Z --   Copying libyaml headers...
2026-10-02T17:54:09.5558575Z -- Up-to-date: D:/a/sindarin-compiler/sindarin-compiler/bin/deps/include/yaml.h
2026-10-02T17:54:09.5559044Z --   Copying openssl headers...
2026-10-02T17:54:09.5560939Z -- Up-to-date: D:/a/sindarin-compiler/sindarin-compiler/bin/deps/include/openssl
2026-10-02T17:54:09.5565127Z -- Up-to-date: D:/a/sindarin-compiler/sindarin-compiler/bin/deps/include/openssl/aes.h
2026-10-02T17:54:09.5566695Z -- Up-to-date: D:/a/sindarin-compiler/sindarin-compiler/bin/deps/include/openssl/asn1.h
2026-10-02T17:54:09.5568329Z -- Up-to-date: D:/a/sindarin-compiler/sindarin-compiler/bin/deps/include/openssl/asn1err.h
2026-10-02T17:54:09.5569977Z -- Up-to-date: D:/a/sindarin-compiler/sindarin-compiler/bin/deps/include/openssl/asn1t.h
2026-10-02T17:54:09.5571567Z -- Up-to-date: D:/a/sindarin-compiler/sindarin-compiler/bin/deps/include/openssl/async.h
2026-10-02T17:54:09.5573147Z -- Up-to-date: D:/a/sindarin-compiler/sindarin-compiler/bin/deps/include/openssl/asyncerr.h
2026-10-02T17:54:09.5574761Z -- Up-to-date: D:/a/sindarin-compiler/sindarin-compiler/bin/deps/include/openssl/bio.h
2026-10-02T17:54:09.5576319Z -- Up-to-date: D:/a/sindarin-compiler/sindarin-compiler/bin/deps/include/openssl/bioerr.h
2026-10-02T17:54:09.5577912Z -- Up-to-date: D:/a/sindarin-compiler/sindarin-compiler/bin/deps/include/openssl/blowfish.h
2026-10-02T17:54:09.5579435Z -- Up-to-date: D:/a/sindarin-compiler/sindarin-compiler/bin/deps/include/openssl/bn.h
2026-10-02T17:54:09.5581020Z -- Up-to-date: D:/a/sindarin-compiler/sindarin-compiler/bin/deps/include/openssl/bnerr.h
2026-10-02T17:54:09.5582793Z -- Up-to-date: D:/a/sindarin-compiler/sindarin-compiler/bin/deps/include/openssl/buffer.h
2026-10-02T17:54:09.5584467Z -- Up-to-date: D:/a/sindarin-compiler/sindarin-compiler/bin/deps/include/openssl/buffererr.h
2026-10-02T17:54:09.5586086Z -- Up-to-date: D:/a/sindarin-compiler/sindarin-compiler/bin/deps/include/openssl/byteorder.h
2026-10-02T17:54:09.5587699Z -- Up-to-date: D:/a/sindarin-compiler/sindarin-compiler/bin/deps/include/openssl/camellia.h
2026-10-02T17:54:09.5589327Z -- Up-to-date: D:/a/sindarin-compiler/sindarin-compiler/bin/deps/include/openssl/cast.h
2026-10-02T17:54:09.5590818Z -- Up-to-date: D:/a/sindarin-compiler/sindarin-compiler/bin/deps/include/openssl/cmac.h
2026-10-02T17:54:09.5592304Z -- Up-to-date: D:/a/sindarin-compiler/sindarin-compiler/bin/deps/include/openssl/cmp.h
2026-10-02T17:54:09.5593878Z -- Up-to-date: D:/a/sindarin-compiler/sindarin-compiler/bin/deps/include/openssl/cmperr.h
2026-10-02T17:54:09.5595462Z -- Up-to-date: D:/a/sindarin-compiler/sindarin-compiler/bin/deps/include/openssl/cmp_util.h
2026-10-02T17:54:09.5597044Z -- Up-to-date: D:/a/sindarin-compiler/sindarin-compiler/bin/deps/include/openssl/cms.h
2026-10-02T17:54:09.5598583Z -- Up-to-date: D:/a/sindarin-compiler/sindarin-compiler/bin/deps/include/openssl/cmserr.h
2026-10-02T17:54:09.5600194Z -- Up-to-date: D:/a/sindarin-compiler/sindarin-compiler/bin/deps/include/openssl/comp.h
2026-10-02T17:54:09.5601714Z -- Up-to-date: D:/a/sindarin-compiler/sindarin-compiler/bin/deps/include/openssl/comperr.h
2026-10-02T17:54:09.5603679Z -- Up-to-date: D:/a/sindarin-compiler/sindarin-compiler/bin/deps/include/openssl/conf.h
2026-10-02T17:54:09.5605194Z -- Up-to-date: D:/a/sindarin-compiler/sindarin-compiler/bin/deps/include/openssl/conferr.h
2026-10-02T17:54:09.5606960Z -- Up-to-date: D:/a/sindarin-compiler/sindarin-compiler/bin/deps/include/openssl/configuration.h
2026-10-02T17:54:09.5608502Z -- Up-to-date: D:/a/sindarin-compiler/sindarin-compiler/bin/deps/include/openssl/conftypes.h
2026-10-02T17:54:09.5610084Z -- Up-to-date: D:/a/sindarin-compiler/sindarin-compiler/bin/deps/include/openssl/conf_api.h
2026-10-02T17:54:09.5611609Z -- Up-to-date: D:/a/sindarin-compiler/sindarin-compiler/bin/deps/include/openssl/core.h
2026-10-02T17:54:09.5613180Z -- Up-to-date: D:/a/sindarin-compiler/sindarin-compiler/bin/deps/include/openssl/core_dispatch.h
2026-10-02T17:54:09.5614745Z -- Up-to-date: D:/a/sindarin-compiler/sindarin-compiler/bin/deps/include/openssl/core_names.h
2026-10-02T17:54:09.5616395Z -- Up-to-date: D:/a/sindarin-compiler/sindarin-compiler/bin/deps/include/openssl/core_object.h
2026-10-02T17:54:09.5618043Z -- Up-to-date: D:/a/sindarin-compiler/sindarin-compiler/bin/deps/include/openssl/crmf.h
2026-10-02T17:54:09.5619804Z -- Up-to-date: D:/a/sindarin-compiler/sindarin-compiler/bin/deps/include/openssl/crmferr.h
2026-10-02T17:54:09.5621905Z -- Up-to-date: D:/a/sindarin-compiler/sindarin-compiler/bin/deps/include/openssl/crypto.h
2026-10-02T17:54:09.5623387Z -- Up-to-date: D:/a/sindarin-compiler/sindarin-compiler/bin/deps/include/openssl/cryptoerr.h
2026-10-02T17:54:09.5625059Z -- Up-to-date: D:/a/sindarin-compiler/sindarin-compiler/bin/deps/include/openssl/cryptoerr_legacy.h
2026-10-02T17:54:09.5626681Z -- Up-to-date: D:/a/sindarin-compiler/sindarin-compiler/bin/deps/include/openssl/ct.h
2026-10-02T17:54:09.5628219Z -- Up-to-date: D:/a/sindarin-compiler/sindarin-compiler/bin/deps/include/openssl/cterr.h
2026-10-02T17:54:09.5630036Z -- Up-to-date: D:/a/sindarin-compiler/sindarin-compiler/bin/deps/include/openssl/decoder.h
2026-10-02T17:54:09.5632594Z -- Up-to-date: D:/a/sindarin-compiler/sindarin-compiler/bin/deps/include/openssl/decodererr.h
2026-10-02T17:54:09.5633520Z -- Up-to-date: D:/a/sindarin-compiler/sindarin-compiler/bin/deps/include/openssl/des.h
2026-10-02T17:54:09.5634985Z -- Up-to-date: D:/a/sindarin-compiler/sindarin-compiler/bin/deps/include/openssl/dh.h
2026-10-02T17:54:09.5636128Z -- Up-to-date: D:/a/sindarin-compiler/sindarin-compiler/bin/deps/include/openssl/dherr.h
2026-10-02T17:54:09.5637990Z -- Up-to-date: D:/a/sindarin-compiler/sindarin-compiler/bin/deps/include/openssl/dsa.h
2026-10-02T17:54:09.5639955Z -- Up-to-date: D:/a/sindarin-compiler/sindarin-compiler/bin/deps/include/openssl/dsaerr.h
2026-10-02T17:54:09.5641906Z -- Up-to-date: D:/a/sindarin-compiler/sindarin-compiler/bin/deps/include/openssl/dtls1.h
2026-10-02T17:54:09.5643327Z -- Up-to-date: D:/a/sindarin-compiler/sindarin-compiler/bin/deps/include/openssl/ebcdic.h
2026-10-02T17:54:09.5644961Z -- Up-to-date: D:/a/sindarin-compiler/sindarin-compiler/bin/deps/include/openssl/ec.h
2026-10-02T17:54:09.5646502Z -- Up-to-date: D:/a/sindarin-compiler/sindarin-compiler/bin/deps/include/openssl/ecdh.h
2026-10-02T17:54:09.5648096Z -- Up-to-date: D:/a/sindarin-compiler/sindarin-compiler/bin/deps/include/openssl/ecdsa.h
2026-10-02T17:54:09.5649728Z -- Up-to-date: D:/a/sindarin-compiler/sindarin-compiler/bin/deps/include/openssl/ecerr.h
2026-10-02T17:54:09.5651296Z -- Up-to-date: D:/a/sindarin-compiler/sindarin-compiler/bin/deps/include/openssl/encoder.h
2026-10-02T17:54:09.5653054Z -- Up-to-date: D:/a/sindarin-compiler/sindarin-compiler/bin/deps/include/openssl/encodererr.h
2026-10-02T17:54:09.5654846Z -- Up-to-date: D:/a/sindarin-compiler/sindarin-compiler/bin/deps/include/openssl/engine.h
2026-10-02T17:54:09.5656514Z -- Up-to-date: D:/a/sindarin-compiler/sindarin-compiler/bin/deps/include/openssl/engineerr.h
2026-10-02T17:54:09.5658179Z -- Up-to-date: D:/a/sindarin-compiler/sindarin-compiler/bin/deps/include/openssl/err.h
2026-10-02T17:54:09.5659867Z -- Up-to-date: D:/a/sindarin-compiler/sindarin-compiler/bin/deps/include/openssl/ess.h
2026-10-02T17:54:09.5661821Z -- Up-to-date: D:/a/sindarin-compiler/sindarin-compiler/bin/deps/include/openssl/esserr.h
2026-10-02T17:54:09.5664254Z -- Up-to-date: D:/a/sindarin-compiler/sindarin-compiler/bin/deps/include/openssl/evp.h
2026-10-02T17:54:09.5665254Z -- Up-to-date: D:/a/sindarin-compiler/sindarin-compiler/bin/deps/include/openssl/evperr.h
2026-10-02T17:54:09.5666827Z -- Up-to-date: D:/a/sindarin-compiler/sindarin-compiler/bin/deps/include/openssl/e_os2.h
2026-10-02T17:54:09.5668434Z -- Up-to-date: D:/a/sindarin-compiler/sindarin-compiler/bin/deps/include/openssl/e_ostime.h
2026-10-02T17:54:09.5669993Z -- Up-to-date: D:/a/sindarin-compiler/sindarin-compiler/bin/deps/include/openssl/fipskey.h
2026-10-02T17:54:09.5671548Z -- Up-to-date: D:/a/sindarin-compiler/sindarin-compiler/bin/deps/include/openssl/fips_names.h
2026-10-02T17:54:09.5673173Z -- Up-to-date: D:/a/sindarin-compiler/sindarin-compiler/bin/deps/include/openssl/hmac.h
2026-10-02T17:54:09.5674758Z -- Up-to-date: D:/a/sindarin-compiler/sindarin-compiler/bin/deps/include/openssl/hpke.h
2026-10-02T17:54:09.5676536Z -- Up-to-date: D:/a/sindarin-compiler/sindarin-compiler/bin/deps/include/openssl/http.h
2026-10-02T17:54:09.5679533Z -- Up-to-date: D:/a/sindarin-compiler/sindarin-compiler/bin/deps/include/openssl/httperr.h
2026-10-02T17:54:09.5682270Z -- Up-to-date: D:/a/sindarin-compiler/sindarin-compiler/bin/deps/include/openssl/idea.h
2026-10-02T17:54:09.5683889Z -- Up-to-date: D:/a/sindarin-compiler/sindarin-compiler/bin/deps/include/openssl/indicator.h
2026-10-02T17:54:09.5685616Z -- Up-to-date: D:/a/sindarin-compiler/sindarin-compiler/bin/deps/include/openssl/kdf.h
2026-10-02T17:54:09.5687169Z -- Up-to-date: D:/a/sindarin-compiler/sindarin-compiler/bin/deps/include/openssl/kdferr.h
2026-10-02T17:54:09.5688852Z -- Up-to-date: D:/a/sindarin-compiler/sindarin-compiler/bin/deps/include/openssl/lhash.h
2026-10-02T17:54:09.5690488Z -- Up-to-date: D:/a/sindarin-compiler/sindarin-compiler/bin/deps/include/openssl/macros.h
2026-10-02T17:54:09.5692049Z -- Up-to-date: D:/a/sindarin-compiler/sindarin-compiler/bin/deps/include/openssl/md2.h
2026-10-02T17:54:09.5693573Z -- Up-to-date: D:/a/sindarin-compiler/sindarin-compiler/bin/deps/include/openssl/md4.h
2026-10-02T17:54:09.5695119Z -- Up-to-date: D:/a/sindarin-compiler/sindarin-compiler/bin/deps/include/openssl/md5.h
2026-10-02T17:54:09.5696660Z -- Up-to-date: D:/a/sindarin-compiler/sindarin-compiler/bin/deps/include/openssl/mdc2.h
2026-10-02T17:54:09.5698227Z -- Up-to-date: D:/a/sindarin-compiler/sindarin-compiler/bin/deps/include/openssl/ml_kem.h
2026-10-02T17:54:09.5699744Z -- Up-to-date: D:/a/sindarin-compiler/sindarin-compiler/bin/deps/include/openssl/modes.h
2026-10-02T17:54:09.5701329Z -- Up-to-date: D:/a/sindarin-compiler/sindarin-compiler/bin/deps/include/openssl/objects.h
2026-10-02T17:54:09.5703355Z -- Up-to-date: D:/a/sindarin-compiler/sindarin-compiler/bin/deps/include/openssl/objectserr.h
2026-10-02T17:54:09.5704982Z -- Up-to-date: D:/a/sindarin-compiler/sindarin-compiler/bin/deps/include/openssl/obj_mac.h
2026-10-02T17:54:09.5706498Z -- Up-to-date: D:/a/sindarin-compiler/sindarin-compiler/bin/deps/include/openssl/ocsp.h
2026-10-02T17:54:09.5708062Z -- Up-to-date: D:/a/sindarin-compiler/sindarin-compiler/bin/deps/include/openssl/ocsperr.h
2026-10-02T17:54:09.5709696Z -- Up-to-date: D:/a/sindarin-compiler/sindarin-compiler/bin/deps/include/openssl/opensslconf.h
2026-10-02T17:54:09.5711273Z -- Up-to-date: D:/a/sindarin-compiler/sindarin-compiler/bin/deps/include/openssl/opensslv.h
2026-10-02T17:54:09.5712818Z -- Up-to-date: D:/a/sindarin-compiler/sindarin-compiler/bin/deps/include/openssl/ossl_typ.h
2026-10-02T17:54:09.5714364Z -- Up-to-date: D:/a/sindarin-compiler/sindarin-compiler/bin/deps/include/openssl/params.h
2026-10-02T17:54:09.5715904Z -- Up-to-date: D:/a/sindarin-compiler/sindarin-compiler/bin/deps/include/openssl/param_build.h
2026-10-02T17:54:09.5717453Z -- Up-to-date: D:/a/sindarin-compiler/sindarin-compiler/bin/deps/include/openssl/pem.h
2026-10-02T17:54:09.5719011Z -- Up-to-date: D:/a/sindarin-compiler/sindarin-compiler/bin/deps/include/openssl/pem2.h
2026-10-02T17:54:09.5720885Z -- Up-to-date: D:/a/sindarin-compiler/sindarin-compiler/bin/deps/include/openssl/pemerr.h
2026-10-02T17:54:09.5722380Z -- Up-to-date: D:/a/sindarin-compiler/sindarin-compiler/bin/deps/include/openssl/pkcs12.h
2026-10-02T17:54:09.5724084Z -- Up-to-date: D:/a/sindarin-compiler/sindarin-compiler/bin/deps/include/openssl/pkcs12err.h
2026-10-02T17:54:09.5725664Z -- Up-to-date: D:/a/sindarin-compiler/sindarin-compiler/bin/deps/include/openssl/pkcs7.h
2026-10-02T17:54:09.5727200Z -- Up-to-date: D:/a/sindarin-compiler/sindarin-compiler/bin/deps/include/openssl/pkcs7err.h
2026-10-02T17:54:09.5728917Z -- Up-to-date: D:/a/sindarin-compiler/sindarin-compiler/bin/deps/include/openssl/proverr.h
2026-10-02T17:54:09.5730537Z -- Up-to-date: D:/a/sindarin-compiler/sindarin-compiler/bin/deps/include/openssl/provider.h
2026-10-02T17:54:09.5732101Z -- Up-to-date: D:/a/sindarin-compiler/sindarin-compiler/bin/deps/include/openssl/prov_ssl.h
2026-10-02T17:54:09.5733683Z -- Up-to-date: D:/a/sindarin-compiler/sindarin-compiler/bin/deps/include/openssl/quic.h
2026-10-02T17:54:09.5735201Z -- Up-to-date: D:/a/sindarin-compiler/sindarin-compiler/bin/deps/include/openssl/rand.h
2026-10-02T17:54:09.5736692Z -- Up-to-date: D:/a/sindarin-compiler/sindarin-compiler/bin/deps/include/openssl/randerr.h
2026-10-02T17:54:09.5738195Z -- Up-to-date: D:/a/sindarin-compiler/sindarin-compiler/bin/deps/include/openssl/rc2.h
2026-10-02T17:54:09.5739788Z -- Up-to-date: D:/a/sindarin-compiler/sindarin-compiler/bin/deps/include/openssl/rc4.h
2026-10-02T17:54:09.5741184Z -- Up-to-date: D:/a/sindarin-compiler/sindarin-compiler/bin/deps/include/openssl/rc5.h
2026-10-02T17:54:09.5743701Z -- Up-to-date: D:/a/sindarin-compiler/sindarin-compiler/bin/deps/include/openssl/ripemd.h
2026-10-02T17:54:09.5745154Z -- Up-to-date: D:/a/sindarin-compiler/sindarin-compiler/bin/deps/include/openssl/rsa.h
2026-10-02T17:54:09.5746909Z -- Up-to-date: D:/a/sindarin-compiler/sindarin-compiler/bin/deps/include/openssl/rsaerr.h
2026-10-02T17:54:09.5748499Z -- Up-to-date: D:/a/sindarin-compiler/sindarin-compiler/bin/deps/include/openssl/safestack.h
2026-10-02T17:54:09.5750063Z -- Up-to-date: D:/a/sindarin-compiler/sindarin-compiler/bin/deps/include/openssl/seed.h
2026-10-02T17:54:09.5751706Z -- Up-to-date: D:/a/sindarin-compiler/sindarin-compiler/bin/deps/include/openssl/self_test.h
2026-10-02T17:54:09.5753355Z -- Up-to-date: D:/a/sindarin-compiler/sindarin-compiler/bin/deps/include/openssl/sha.h
2026-10-02T17:54:09.5755010Z -- Up-to-date: D:/a/sindarin-compiler/sindarin-compiler/bin/deps/include/openssl/srp.h
2026-10-02T17:54:09.5756541Z -- Up-to-date: D:/a/sindarin-compiler/sindarin-compiler/bin/deps/include/openssl/srtp.h
2026-10-02T17:54:09.5758098Z -- Up-to-date: D:/a/sindarin-compiler/sindarin-compiler/bin/deps/include/openssl/ssl.h
2026-10-02T17:54:09.5759619Z -- Up-to-date: D:/a/sindarin-compiler/sindarin-compiler/bin/deps/include/openssl/ssl2.h
2026-10-02T17:54:09.5762461Z -- Up-to-date: D:/a/sindarin-compiler/sindarin-compiler/bin/deps/include/openssl/ssl3.h
2026-10-02T17:54:09.5763565Z -- Up-to-date: D:/a/sindarin-compiler/sindarin-compiler/bin/deps/include/openssl/sslerr.h
2026-10-02T17:54:09.5765465Z -- Up-to-date: D:/a/sindarin-compiler/sindarin-compiler/bin/deps/include/openssl/sslerr_legacy.h
2026-10-02T17:54:09.5767917Z -- Up-to-date: D:/a/sindarin-compiler/sindarin-compiler/bin/deps/include/openssl/stack.h
2026-10-02T17:54:09.5769302Z -- Up-to-date: D:/a/sindarin-compiler/sindarin-compiler/bin/deps/include/openssl/store.h
2026-10-02T17:54:09.5770737Z -- Up-to-date: D:/a/sindarin-compiler/sindarin-compiler/bin/deps/include/openssl/storeerr.h
2026-10-02T17:54:09.5773294Z -- Up-to-date: D:/a/sindarin-compiler/sindarin-compiler/bin/deps/include/openssl/symhacks.h
2026-10-02T17:54:09.5775883Z -- Up-to-date: D:/a/sindarin-compiler/sindarin-compiler/bin/deps/include/openssl/thread.h
2026-10-02T17:54:09.5780438Z -- Up-to-date: D:/a/sindarin-compiler/sindarin-compiler/bin/deps/include/openssl/tls1.h
2026-10-02T17:54:09.5783218Z -- Up-to-date: D:/a/sindarin-compiler/sindarin-compiler/bin/deps/include/openssl/trace.h
2026-10-02T17:54:09.5785129Z -- Up-to-date: D:/a/sindarin-compiler/sindarin-compiler/bin/deps/include/openssl/ts.h
2026-10-02T17:54:09.5786914Z -- Up-to-date: D:/a/sindarin-compiler/sindarin-compiler/bin/deps/include/openssl/tserr.h
2026-10-02T17:54:09.5788652Z -- Up-to-date: D:/a/sindarin-compiler/sindarin-compiler/bin/deps/include/openssl/txt_db.h
2026-10-02T17:54:09.5790376Z -- Up-to-date: D:/a/sindarin-compiler/sindarin-compiler/bin/deps/include/openssl/types.h
2026-10-02T17:54:09.5792073Z -- Up-to-date: D:/a/sindarin-compiler/sindarin-compiler/bin/deps/include/openssl/ui.h
2026-10-02T17:54:09.5793831Z -- Up-to-date: D:/a/sindarin-compiler/sindarin-compiler/bin/deps/include/openssl/uierr.h
2026-10-02T17:54:09.5795525Z -- Up-to-date: D:/a/sindarin-compiler/sindarin-compiler/bin/deps/include/openssl/whrlpool.h
2026-10-02T17:54:09.5797244Z -- Up-to-date: D:/a/sindarin-compiler/sindarin-compiler/bin/deps/include/openssl/x509.h
2026-10-02T17:54:09.5798946Z -- Up-to-date: D:/a/sindarin-compiler/sindarin-compiler/bin/deps/include/openssl/x509err.h
2026-10-02T17:54:09.5801652Z -- Up-to-date: D:/a/sindarin-compiler/sindarin-compiler/bin/deps/include/openssl/x509v3.h
2026-10-02T17:54:09.5803438Z -- Up-to-date: D:/a/sindarin-compiler/sindarin-compiler/bin/deps/include/openssl/x509v3err.h
2026-10-02T17:54:09.5804805Z -- Up-to-date: D:/a/sindarin-compiler/sindarin-compiler/bin/deps/include/openssl/x509_acert.h
2026-10-02T17:54:09.5806687Z -- Up-to-date: D:/a/sindarin-compiler/sindarin-compiler/bin/deps/include/openssl/x509_vfy.h
2026-10-02T17:54:09.5809298Z --   Copying libssh headers...
2026-10-02T17:54:09.5811006Z -- Up-to-date: D:/a/sindarin-compiler/sindarin-compiler/bin/deps/include/libssh
2026-10-02T17:54:09.5813657Z -- Up-to-date: D:/a/sindarin-compiler/sindarin-compiler/bin/deps/include/libssh/callbacks.h
2026-10-02T17:54:09.5815425Z -- Up-to-date: D:/a/sindarin-compiler/sindarin-compiler/bin/deps/include/libssh/legacy.h
2026-10-02T17:54:09.5817189Z -- Up-to-date: D:/a/sindarin-compiler/sindarin-compiler/bin/deps/include/libssh/libssh.h
2026-10-02T17:54:09.5818874Z -- Up-to-date: D:/a/sindarin-compiler/sindarin-compiler/bin/deps/include/libssh/libsshpp.hpp
2026-10-02T17:54:09.5821014Z -- Up-to-date: D:/a/sindarin-compiler/sindarin-compiler/bin/deps/include/libssh/libssh_version.h
2026-10-02T17:54:09.5822263Z -- Up-to-date: D:/a/sindarin-compiler/sindarin-compiler/bin/deps/include/libssh/server.h
2026-10-02T17:54:09.5824113Z -- Up-to-date: D:/a/sindarin-compiler/sindarin-compiler/bin/deps/include/libssh/sftp.h
2026-10-02T17:54:09.5826107Z -- Up-to-date: D:/a/sindarin-compiler/sindarin-compiler/bin/deps/include/libssh/sftpserver.h
2026-10-02T17:54:09.5827619Z -- Up-to-date: D:/a/sindarin-compiler/sindarin-compiler/bin/deps/include/libssh/ssh2.h
2026-10-02T17:54:09.5828593Z --   Copying libgit2 headers...
2026-10-02T17:54:09.5830974Z -- Up-to-date: D:/a/sindarin-compiler/sindarin-compiler/bin/deps/include/git2.h
2026-10-02T17:54:09.5832885Z -- Up-to-date: D:/a/sindarin-compiler/sindarin-compiler/bin/deps/include/git2
2026-10-02T17:54:09.5835966Z -- Up-to-date: D:/a/sindarin-compiler/sindarin-compiler/bin/deps/include/git2/annotated_commit.h
2026-10-02T17:54:09.5837298Z -- Up-to-date: D:/a/sindarin-compiler/sindarin-compiler/bin/deps/include/git2/apply.h
2026-10-02T17:54:09.5839140Z -- Up-to-date: D:/a/sindarin-compiler/sindarin-compiler/bin/deps/include/git2/attr.h
2026-10-02T17:54:09.5841070Z -- Up-to-date: D:/a/sindarin-compiler/sindarin-compiler/bin/deps/include/git2/blame.h
2026-10-02T17:54:09.5842827Z -- Up-to-date: D:/a/sindarin-compiler/sindarin-compiler/bin/deps/include/git2/blob.h
2026-10-02T17:54:09.5844501Z -- Up-to-date: D:/a/sindarin-compiler/sindarin-compiler/bin/deps/include/git2/branch.h
2026-10-02T17:54:09.5846143Z -- Up-to-date: D:/a/sindarin-compiler/sindarin-compiler/bin/deps/include/git2/buffer.h
2026-10-02T17:54:09.5847798Z -- Up-to-date: D:/a/sindarin-compiler/sindarin-compiler/bin/deps/include/git2/cert.h
2026-10-02T17:54:09.5849774Z -- Up-to-date: D:/a/sindarin-compiler/sindarin-compiler/bin/deps/include/git2/checkout.h
2026-10-02T17:54:09.5850786Z -- Up-to-date: D:/a/sindarin-compiler/sindarin-compiler/bin/deps/include/git2/cherrypick.h
2026-10-02T17:54:09.5852688Z -- Up-to-date: D:/a/sindarin-compiler/sindarin-compiler/bin/deps/include/git2/clone.h
2026-10-02T17:54:09.5854290Z -- Up-to-date: D:/a/sindarin-compiler/sindarin-compiler/bin/deps/include/git2/commit.h
2026-10-02T17:54:09.5855982Z -- Up-to-date: D:/a/sindarin-compiler/sindarin-compiler/bin/deps/include/git2/common.h
2026-10-02T17:54:09.5857665Z -- Up-to-date: D:/a/sindarin-compiler/sindarin-compiler/bin/deps/include/git2/config.h
2026-10-02T17:54:09.5859374Z -- Up-to-date: D:/a/sindarin-compiler/sindarin-compiler/bin/deps/include/git2/credential.h
2026-10-02T17:54:09.5861284Z -- Up-to-date: D:/a/sindarin-compiler/sindarin-compiler/bin/deps/include/git2/credential_helpers.h
2026-10-02T17:54:09.5862626Z -- Up-to-date: D:/a/sindarin-compiler/sindarin-compiler/bin/deps/include/git2/cred_helpers.h
2026-10-02T17:54:09.5864365Z -- Up-to-date: D:/a/sindarin-compiler/sindarin-compiler/bin/deps/include/git2/deprecated.h
2026-10-02T17:54:09.5865819Z -- Up-to-date: D:/a/sindarin-compiler/sindarin-compiler/bin/deps/include/git2/describe.h
2026-10-02T17:54:09.5867746Z -- Up-to-date: D:/a/sindarin-compiler/sindarin-compiler/bin/deps/include/git2/diff.h
2026-10-02T17:54:09.5869404Z -- Up-to-date: D:/a/sindarin-compiler/sindarin-compiler/bin/deps/include/git2/email.h
2026-10-02T17:54:09.5870697Z -- Up-to-date: D:/a/sindarin-compiler/sindarin-compiler/bin/deps/include/git2/errors.h
2026-10-02T17:54:09.5872671Z -- Up-to-date: D:/a/sindarin-compiler/sindarin-compiler/bin/deps/include/git2/experimental.h
2026-10-02T17:54:09.5874087Z -- Up-to-date: D:/a/sindarin-compiler/sindarin-compiler/bin/deps/include/git2/filter.h
2026-10-02T17:54:09.5875861Z -- Up-to-date: D:/a/sindarin-compiler/sindarin-compiler/bin/deps/include/git2/global.h
2026-10-02T17:54:09.5877582Z -- Up-to-date: D:/a/sindarin-compiler/sindarin-compiler/bin/deps/include/git2/graph.h
2026-10-02T17:54:09.5879207Z -- Up-to-date: D:/a/sindarin-compiler/sindarin-compiler/bin/deps/include/git2/ignore.h
2026-10-02T17:54:09.5881646Z -- Up-to-date: D:/a/sindarin-compiler/sindarin-compiler/bin/deps/include/git2/index.h
2026-10-02T17:54:09.5882873Z -- Up-to-date: D:/a/sindarin-compiler/sindarin-compiler/bin/deps/include/git2/indexer.h
2026-10-02T17:54:09.5884670Z -- Up-to-date: D:/a/sindarin-compiler/sindarin-compiler/bin/deps/include/git2/mailmap.h
2026-10-02T17:54:09.5885966Z -- Up-to-date: D:/a/sindarin-compiler/sindarin-compiler/bin/deps/include/git2/merge.h
2026-10-02T17:54:09.5887765Z -- Up-to-date: D:/a/sindarin-compiler/sindarin-compiler/bin/deps/include/git2/message.h
2026-10-02T17:54:09.5889462Z -- Up-to-date: D:/a/sindarin-compiler/sindarin-compiler/bin/deps/include/git2/net.h
2026-10-02T17:54:09.5891159Z -- Up-to-date: D:/a/sindarin-compiler/sindarin-compiler/bin/deps/include/git2/notes.h
2026-10-02T17:54:09.5892801Z -- Up-to-date: D:/a/sindarin-compiler/sindarin-compiler/bin/deps/include/git2/object.h
2026-10-02T17:54:09.5894376Z -- Up-to-date: D:/a/sindarin-compiler/sindarin-compiler/bin/deps/include/git2/odb.h
2026-10-02T17:54:09.5896088Z -- Up-to-date: D:/a/sindarin-compiler/sindarin-compiler/bin/deps/include/git2/odb_backend.h
2026-10-02T17:54:09.5897393Z -- Up-to-date: D:/a/sindarin-compiler/sindarin-compiler/bin/deps/include/git2/oid.h
2026-10-02T17:54:09.5899200Z -- Up-to-date: D:/a/sindarin-compiler/sindarin-compiler/bin/deps/include/git2/oidarray.h
2026-10-02T17:54:09.5900391Z -- Up-to-date: D:/a/sindarin-compiler/sindarin-compiler/bin/deps/include/git2/pack.h
2026-10-02T17:54:09.5903059Z -- Up-to-date: D:/a/sindarin-compiler/sindarin-compiler/bin/deps/include/git2/patch.h
2026-10-02T17:54:09.5904727Z -- Up-to-date: D:/a/sindarin-compiler/sindarin-compiler/bin/deps/include/git2/pathspec.h
2026-10-02T17:54:09.5907006Z -- Up-to-date: D:/a/sindarin-compiler/sindarin-compiler/bin/deps/include/git2/proxy.h
2026-10-02T17:54:09.5908145Z -- Up-to-date: D:/a/sindarin-compiler/sindarin-compiler/bin/deps/include/git2/rebase.h
2026-10-02T17:54:09.5909598Z -- Up-to-date: D:/a/sindarin-compiler/sindarin-compiler/bin/deps/include/git2/refdb.h
2026-10-02T17:54:09.5911010Z -- Up-to-date: D:/a/sindarin-compiler/sindarin-compiler/bin/deps/include/git2/reflog.h
2026-10-02T17:54:09.5912518Z -- Up-to-date: D:/a/sindarin-compiler/sindarin-compiler/bin/deps/include/git2/refs.h
2026-10-02T17:54:09.5914074Z -- Up-to-date: D:/a/sindarin-compiler/sindarin-compiler/bin/deps/include/git2/refspec.h
2026-10-02T17:54:09.5915631Z -- Up-to-date: D:/a/sindarin-compiler/sindarin-compiler/bin/deps/include/git2/remote.h
2026-10-02T17:54:09.5917210Z -- Up-to-date: D:/a/sindarin-compiler/sindarin-compiler/bin/deps/include/git2/repository.h
2026-10-02T17:54:09.5918786Z -- Up-to-date: D:/a/sindarin-compiler/sindarin-compiler/bin/deps/include/git2/reset.h
2026-10-02T17:54:09.5920564Z -- Up-to-date: D:/a/sindarin-compiler/sindarin-compiler/bin/deps/include/git2/revert.h
2026-10-02T17:54:09.5922236Z -- Up-to-date: D:/a/sindarin-compiler/sindarin-compiler/bin/deps/include/git2/revparse.h
2026-10-02T17:54:09.5923851Z -- Up-to-date: D:/a/sindarin-compiler/sindarin-compiler/bin/deps/include/git2/revwalk.h
2026-10-02T17:54:09.5925410Z -- Up-to-date: D:/a/sindarin-compiler/sindarin-compiler/bin/deps/include/git2/signature.h
2026-10-02T17:54:09.5926948Z -- Up-to-date: D:/a/sindarin-compiler/sindarin-compiler/bin/deps/include/git2/stash.h
2026-10-02T17:54:09.5928500Z -- Up-to-date: D:/a/sindarin-compiler/sindarin-compiler/bin/deps/include/git2/status.h
2026-10-02T17:54:09.5930333Z -- Up-to-date: D:/a/sindarin-compiler/sindarin-compiler/bin/deps/include/git2/stdint.h
2026-10-02T17:54:09.5931820Z -- Up-to-date: D:/a/sindarin-compiler/sindarin-compiler/bin/deps/include/git2/strarray.h
2026-10-02T17:54:09.5933428Z -- Up-to-date: D:/a/sindarin-compiler/sindarin-compiler/bin/deps/include/git2/submodule.h
2026-10-02T17:54:09.5934982Z -- Up-to-date: D:/a/sindarin-compiler/sindarin-compiler/bin/deps/include/git2/sys
2026-10-02T17:54:09.5937312Z -- Up-to-date: D:/a/sindarin-compiler/sindarin-compiler/bin/deps/include/git2/sys/alloc.h
2026-10-02T17:54:09.5938846Z -- Up-to-date: D:/a/sindarin-compiler/sindarin-compiler/bin/deps/include/git2/sys/commit.h
2026-10-02T17:54:09.5941836Z -- Up-to-date: D:/a/sindarin-compiler/sindarin-compiler/bin/deps/include/git2/sys/commit_graph.h
2026-10-02T17:54:09.5943796Z -- Up-to-date: D:/a/sindarin-compiler/sindarin-compiler/bin/deps/include/git2/sys/config.h
2026-10-02T17:54:09.5944921Z -- Up-to-date: D:/a/sindarin-compiler/sindarin-compiler/bin/deps/include/git2/sys/cred.h
2026-10-02T17:54:09.5947009Z -- Up-to-date: D:/a/sindarin-compiler/sindarin-compiler/bin/deps/include/git2/sys/credential.h
2026-10-02T17:54:09.5948289Z -- Up-to-date: D:/a/sindarin-compiler/sindarin-compiler/bin/deps/include/git2/sys/diff.h
2026-10-02T17:54:09.5950093Z -- Up-to-date: D:/a/sindarin-compiler/sindarin-compiler/bin/deps/include/git2/sys/email.h
2026-10-02T17:54:09.5951734Z -- Up-to-date: D:/a/sindarin-compiler/sindarin-compiler/bin/deps/include/git2/sys/errors.h
2026-10-02T17:54:09.5953343Z -- Up-to-date: D:/a/sindarin-compiler/sindarin-compiler/bin/deps/include/git2/sys/filter.h
2026-10-02T17:54:09.5955136Z -- Up-to-date: D:/a/sindarin-compiler/sindarin-compiler/bin/deps/include/git2/sys/hashsig.h
2026-10-02T17:54:09.5956889Z -- Up-to-date: D:/a/sindarin-compiler/sindarin-compiler/bin/deps/include/git2/sys/index.h
2026-10-02T17:54:09.5958877Z -- Up-to-date: D:/a/sindarin-compiler/sindarin-compiler/bin/deps/include/git2/sys/mempack.h
2026-10-02T17:54:09.5960901Z -- Up-to-date: D:/a/sindarin-compiler/sindarin-compiler/bin/deps/include/git2/sys/merge.h
2026-10-02T17:54:09.5962476Z -- Up-to-date: D:/a/sindarin-compiler/sindarin-compiler/bin/deps/include/git2/sys/midx.h
2026-10-02T17:54:09.5964087Z -- Up-to-date: D:/a/sindarin-compiler/sindarin-compiler/bin/deps/include/git2/sys/odb_backend.h
2026-10-02T17:54:09.5965809Z -- Up-to-date: D:/a/sindarin-compiler/sindarin-compiler/bin/deps/include/git2/sys/openssl.h
2026-10-02T17:54:09.5967287Z -- Up-to-date: D:/a/sindarin-compiler/sindarin-compiler/bin/deps/include/git2/sys/path.h
2026-10-02T17:54:09.5968851Z -- Up-to-date: D:/a/sindarin-compiler/sindarin-compiler/bin/deps/include/git2/sys/refdb_backend.h
2026-10-02T17:54:09.5970524Z -- Up-to-date: D:/a/sindarin-compiler/sindarin-compiler/bin/deps/include/git2/sys/refs.h
2026-10-02T17:54:09.5972111Z -- Up-to-date: D:/a/sindarin-compiler/sindarin-compiler/bin/deps/include/git2/sys/remote.h
2026-10-02T17:54:09.5973642Z -- Up-to-date: D:/a/sindarin-compiler/sindarin-compiler/bin/deps/include/git2/sys/repository.h
2026-10-02T17:54:09.5975203Z -- Up-to-date: D:/a/sindarin-compiler/sindarin-compiler/bin/deps/include/git2/sys/stream.h
2026-10-02T17:54:09.5976864Z -- Up-to-date: D:/a/sindarin-compiler/sindarin-compiler/bin/deps/include/git2/sys/transport.h
2026-10-02T17:54:09.5978552Z -- Up-to-date: D:/a/sindarin-compiler/sindarin-compiler/bin/deps/include/git2/tag.h
2026-10-02T17:54:09.5980330Z -- Up-to-date: D:/a/sindarin-compiler/sindarin-compiler/bin/deps/include/git2/trace.h
2026-10-02T17:54:09.5981803Z -- Up-to-date: D:/a/sindarin-compiler/sindarin-compiler/bin/deps/include/git2/transaction.h
2026-10-02T17:54:09.5983407Z -- Up-to-date: D:/a/sindarin-compiler/sindarin-compiler/bin/deps/include/git2/transport.h
2026-10-02T17:54:09.5984875Z -- Up-to-date: D:/a/sindarin-compiler/sindarin-compiler/bin/deps/include/git2/tree.h
2026-10-02T17:54:09.5986559Z -- Up-to-date: D:/a/sindarin-compiler/sindarin-compiler/bin/deps/include/git2/types.h
2026-10-02T17:54:09.5988202Z -- Up-to-date: D:/a/sindarin-compiler/sindarin-compiler/bin/deps/include/git2/version.h
2026-10-02T17:54:09.5989771Z -- Up-to-date: D:/a/sindarin-compiler/sindarin-compiler/bin/deps/include/git2/worktree.h
2026-10-02T17:54:09.5991292Z --   Copying curl headers...
2026-10-02T17:54:09.5993001Z -- Up-to-date: D:/a/sindarin-compiler/sindarin-compiler/bin/deps/include/curl
2026-10-02T17:54:09.5994955Z -- Up-to-date: D:/a/sindarin-compiler/sindarin-compiler/bin/deps/include/curl/curl.h
2026-10-02T17:54:09.5996483Z -- Up-to-date: D:/a/sindarin-compiler/sindarin-compiler/bin/deps/include/curl/curlver.h
2026-10-02T17:54:09.5998158Z -- Up-to-date: D:/a/sindarin-compiler/sindarin-compiler/bin/deps/include/curl/easy.h
2026-10-02T17:54:09.5999861Z -- Up-to-date: D:/a/sindarin-compiler/sindarin-compiler/bin/deps/include/curl/header.h
2026-10-02T17:54:09.6001497Z -- Up-to-date: D:/a/sindarin-compiler/sindarin-compiler/bin/deps/include/curl/mprintf.h
2026-10-02T17:54:09.6003063Z -- Up-to-date: D:/a/sindarin-compiler/sindarin-compiler/bin/deps/include/curl/multi.h
2026-10-02T17:54:09.6004581Z -- Up-to-date: D:/a/sindarin-compiler/sindarin-compiler/bin/deps/include/curl/options.h
2026-10-02T17:54:09.6006444Z -- Up-to-date: D:/a/sindarin-compiler/sindarin-compiler/bin/deps/include/curl/stdcheaders.h
2026-10-02T17:54:09.6007977Z -- Up-to-date: D:/a/sindarin-compiler/sindarin-compiler/bin/deps/include/curl/system.h
2026-10-02T17:54:09.6009551Z -- Up-to-date: D:/a/sindarin-compiler/sindarin-compiler/bin/deps/include/curl/typecheck-gcc.h
2026-10-02T17:54:09.6011087Z -- Up-to-date: D:/a/sindarin-compiler/sindarin-compiler/bin/deps/include/curl/urlapi.h
2026-10-02T17:54:09.6012860Z -- Up-to-date: D:/a/sindarin-compiler/sindarin-compiler/bin/deps/include/curl/websockets.h
2026-10-02T17:54:09.6024632Z --   Copying library: D:/a/sindarin-compiler/sindarin-compiler/.sn/sindarin-pkg-libs/libs/windows/lib/libzlib.a
2026-10-02T17:54:09.6026105Z -- Up-to-date: D:/a/sindarin-compiler/sindarin-compiler/bin/deps/lib/libzlib.a
2026-10-02T17:54:09.6026981Z --   Copying library: D:/a/sindarin-compiler/sindarin-compiler/.sn/sindarin-pkg-libs/libs/windows/lib/libzs.a
2026-10-02T17:54:09.6028649Z -- Up-to-date: D:/a/sindarin-compiler/sindarin-compiler/bin/deps/lib/libzs.a
2026-10-02T17:54:09.6029657Z --   Copying library: D:/a/sindarin-compiler/sindarin-compiler/.sn/sindarin-pkg-libs/libs/windows/lib/libyyjson.a
2026-10-02T17:54:09.6031171Z -- Up-to-date: D:/a/sindarin-compiler/sindarin-compiler/bin/deps/lib/libyyjson.a
2026-10-02T17:54:09.6032031Z --   Copying library: D:/a/sindarin-compiler/sindarin-compiler/.sn/sindarin-pkg-libs/libs/windows/lib/libxml2.a
2026-10-02T17:54:09.6033599Z -- Up-to-date: D:/a/sindarin-compiler/sindarin-compiler/bin/deps/lib/libxml2.a
2026-10-02T17:54:09.6034442Z --   Copying library: D:/a/sindarin-compiler/sindarin-compiler/.sn/sindarin-pkg-libs/libs/windows/lib/libyaml.a
2026-10-02T17:54:09.6036064Z -- Up-to-date: D:/a/sindarin-compiler/sindarin-compiler/bin/deps/lib/libyaml.a
2026-10-02T17:54:09.6036910Z --   Copying library: D:/a/sindarin-compiler/sindarin-compiler/.sn/sindarin-pkg-libs/libs/windows/lib/libcrypto.a
2026-10-02T17:54:09.6038656Z -- Up-to-date: D:/a/sindarin-compiler/sindarin-compiler/bin/deps/lib/libcrypto.a
2026-10-02T17:54:09.6039654Z --   Copying library: D:/a/sindarin-compiler/sindarin-compiler/.sn/sindarin-pkg-libs/libs/windows/lib/libssl.a
2026-10-02T17:54:09.6041403Z -- Up-to-date: D:/a/sindarin-compiler/sindarin-compiler/bin/deps/lib/libssl.a
2026-10-02T17:54:09.6042526Z --   Copying library: D:/a/sindarin-compiler/sindarin-compiler/.sn/sindarin-pkg-libs/libs/windows/lib/libssh.a
2026-10-02T17:54:09.6043999Z -- Up-to-date: D:/a/sindarin-compiler/sindarin-compiler/bin/deps/lib/libssh.a
2026-10-02T17:54:09.6044856Z --   Copying library: D:/a/sindarin-compiler/sindarin-compiler/.sn/sindarin-pkg-libs/libs/windows/lib/libssh2.a
2026-10-02T17:54:09.6046858Z -- Up-to-date: D:/a/sindarin-compiler/sindarin-compiler/bin/deps/lib/libssh2.a
2026-10-02T17:54:09.6047844Z --   Copying library: D:/a/sindarin-compiler/sindarin-compiler/.sn/sindarin-pkg-libs/libs/windows/lib/libgit2.a
2026-10-02T17:54:09.6048636Z -- Up-to-date: D:/a/sindarin-compiler/sindarin-compiler/bin/deps/lib/libgit2.a
2026-10-02T17:54:09.6049857Z --   Copying library: D:/a/sindarin-compiler/sindarin-compiler/.sn/sindarin-pkg-libs/libs/windows/lib/libhttp_parser.a
2026-10-02T17:54:09.6051399Z -- Up-to-date: D:/a/sindarin-compiler/sindarin-compiler/bin/deps/lib/libhttp_parser.a
2026-10-02T17:54:09.6052284Z --   Copying library: D:/a/sindarin-compiler/sindarin-compiler/.sn/sindarin-pkg-libs/libs/windows/lib/libpcre2-8.a
2026-10-02T17:54:09.6053886Z -- Up-to-date: D:/a/sindarin-compiler/sindarin-compiler/bin/deps/lib/libpcre2-8.a
2026-10-02T17:54:09.6055178Z --   Copying library: D:/a/sindarin-compiler/sindarin-compiler/.sn/sindarin-pkg-libs/libs/windows/lib/libssh2.a
2026-10-02T17:54:09.6056275Z -- Up-to-date: D:/a/sindarin-compiler/sindarin-compiler/bin/deps/lib/libssh2.a
2026-10-02T17:54:09.6057635Z --   Copying library: D:/a/sindarin-compiler/sindarin-compiler/.sn/sindarin-pkg-libs/libs/windows/lib/libcurl.a
2026-10-02T17:54:09.6059000Z -- Up-to-date: D:/a/sindarin-compiler/sindarin-compiler/bin/deps/lib/libcurl.a
2026-10-02T17:54:09.6060175Z --   Dependencies copied to: D:/a/sindarin-compiler/sindarin-compiler/bin/deps
2026-10-02T17:54:09.6061191Z -- Using zlib archive: D:/a/sindarin-compiler/sindarin-compiler/.sn/sindarin-pkg-libs/libs/windows/lib/libzlib.a
2026-10-02T17:54:09.6062119Z -- Found sindarin-template (handlebars)
2026-10-02T17:54:09.6072063Z -- Found libcurl - enabling auto-update feature
2026-10-02T17:54:09.6073568Z -- Found libgit2 and libyaml - enabling package manager
2026-10-02T17:54:09.6139117Z -- 
2026-10-02T17:54:09.6139877Z -- Sindarin Compiler Build Configuration:
2026-10-02T17:54:09.6140323Z --   Version:      1.0.0
2026-10-02T17:54:09.6140593Z --   Platform:     Windows
2026-10-02T17:54:09.6140866Z --   Compiler:     Clang 22.1.8
2026-10-02T17:54:09.6141167Z --   Build Type:   Release
2026-10-02T17:54:09.6141419Z --   Debug:        OFF
2026-10-02T17:54:09.6141644Z --   ASAN:         OFF
2026-10-02T17:54:09.6141972Z --   Output:       D:/a/sindarin-compiler/sindarin-compiler/bin
2026-10-02T17:54:09.6142349Z -- 
2026-10-02T17:54:09.6144188Z -- Configuring done (0.2s)
2026-10-02T17:54:09.6916117Z -- Generating done (0.1s)
2026-10-02T17:54:09.6927214Z -- Build files have been written to: D:/a/sindarin-compiler/sindarin-compiler/build
2026-10-02T17:54:09.7001142Z cmake --build build
2026-10-02T17:54:09.7629482Z [0/2] Re-checking globbed directories...
2026-10-02T17:54:09.8555240Z [1/3] Synchronizing runtime headers
2026-10-02T17:54:10.0142974Z [2/3] Staging compiler artifacts in bin
2026-10-02T17:54:10.0455267Z 
2026-10-02T17:54:10.0693820Z Build complete!
2026-10-02T17:54:10.0941315Z Compiler: bin/sn.exe
2026-10-02T17:54:10.1203801Z Running all tests...
2026-10-02T17:54:10.1221972Z python scripts/run_tests.py all --verbose
2026-10-02T17:54:11.8797313Z Compiler: D:\a\sindarin-compiler\sindarin-compiler\bin\sn.exe
2026-10-02T17:54:11.8797688Z Platform: Windows
2026-10-02T17:54:11.8798023Z Parallel: 4 workers
2026-10-02T17:54:11.8798192Z 
2026-10-02T17:54:11.8798263Z Unit Tests
2026-10-02T17:54:11.8798478Z ============================================================
2026-10-02T17:54:11.8798819Z   inline_pointer_passing_allowed                     
2026-10-02T17:54:11.8799737Z Error: No source file specified
2026-10-02T17:54:11.8800419Z [ERROR] D:/a/sindarin-compiler/sindarin-compiler/src/compiler.c:312: Unknown option: --unknown-option
2026-10-02T17:54:11.8800921Z Invalid log level: 99 (must be 0-4)
2026-10-02T17:54:11.8801350Z [ERROR] D:/a/sindarin-compiler/sindarin-compiler/src/compiler.c:312: Unknown option: --no-opt
2026-10-02T17:54:11.8801726Z 
2026-10-02T17:54:11.8802122Z [1;31merror[0m: test error 1
2026-10-02T17:54:11.8802271Z 
2026-10-02T17:54:11.8802275Z 
2026-10-02T17:54:11.8802393Z [1;31merror[0m: test error 2
2026-10-02T17:54:11.8802813Z 
2026-10-02T17:54:11.8802817Z 
2026-10-02T17:54:11.8802947Z [1;33mwarning[0m: test warning
2026-10-02T17:54:11.8803213Z   [1;34m-->[0m test.sn:1:1
2026-10-02T17:54:11.8803412Z       var x = 1
2026-10-02T17:54:11.8803617Z       [1;33m^[0m
2026-10-02T17:54:11.8803728Z 
2026-10-02T17:54:11.8803731Z 
2026-10-02T17:54:11.8803835Z [1;31merror[0m: error 1
2026-10-02T17:54:11.8803964Z 
2026-10-02T17:54:11.8803967Z 
2026-10-02T17:54:11.8804069Z [1;31merror[0m: error 2
2026-10-02T17:54:11.8804192Z 
2026-10-02T17:54:11.8804195Z 
2026-10-02T17:54:11.8804295Z [1;31merror[0m: error 3
2026-10-02T17:54:11.8804411Z 
2026-10-02T17:54:11.8804414Z 
2026-10-02T17:54:11.8804515Z [1;31merror[0m: an error
2026-10-02T17:54:11.8804638Z 
2026-10-02T17:54:11.8804641Z 
2026-10-02T17:54:11.8804739Z [1;31merror[0m: error
2026-10-02T17:54:11.8804860Z 
2026-10-02T17:54:11.8804863Z 
2026-10-02T17:54:11.8804966Z [1;33mwarning[0m: warning 1
2026-10-02T17:54:11.8805202Z   [1;34m-->[0m test.sn:1:1
2026-10-02T17:54:11.8805398Z       source
2026-10-02T17:54:11.8805576Z       [1;33m^[0m
2026-10-02T17:54:11.8805681Z 
2026-10-02T17:54:11.8805684Z 
2026-10-02T17:54:11.8805790Z [1;33mwarning[0m: warning 2
2026-10-02T17:54:11.8806020Z   [1;34m-->[0m test.sn:1:1
2026-10-02T17:54:11.8806210Z       source
2026-10-02T17:54:11.8806383Z       [1;33m^[0m
2026-10-02T17:54:11.8806482Z 
2026-10-02T17:54:11.8806485Z 
2026-10-02T17:54:11.8806590Z [1;33mwarning[0m: warning
2026-10-02T17:54:11.8806812Z   [1;34m-->[0m test.sn:1:1
2026-10-02T17:54:11.8806993Z       source
2026-10-02T17:54:11.8807164Z       [1;33m^[0m
2026-10-02T17:54:11.8807265Z 
2026-10-02T17:54:11.8807268Z 
2026-10-02T17:54:11.8807391Z [1;31merror[0m: simple error message
2026-10-02T17:54:11.8807558Z 
2026-10-02T17:54:11.8807561Z 
2026-10-02T17:54:11.8807732Z [1;31merror[0m: error: undefined variable at line 10
2026-10-02T17:54:11.8807956Z 
2026-10-02T17:54:11.8807960Z 
2026-10-02T17:54:11.8808080Z [1;31merror[0m: undefined identifier
2026-10-02T17:54:11.8808347Z   [1;34m-->[0m test.sn:1:9
2026-10-02T17:54:11.8808543Z       var x = undefined
2026-10-02T17:54:11.8808766Z               [1;31m^^^^^^^^^[0m
2026-10-02T17:54:11.8808913Z 
2026-10-02T17:54:11.8808916Z 
2026-10-02T17:54:11.8809031Z [1;31merror[0m: error with null token
2026-10-02T17:54:11.8809198Z 
2026-10-02T17:54:11.8809347Z 
2026-10-02T17:54:11.8809605Z [1;31merror[0m: unknown function 'pritn' (did you mean 'print'?)
2026-10-02T17:54:11.8809969Z   [1;34m-->[0m test.sn:1:9
2026-10-02T17:54:11.8810166Z       var x = pritn()
2026-10-02T17:54:11.8810377Z               [1;31m^^^^^[0m
2026-10-02T17:54:11.8810504Z 
2026-10-02T17:54:11.8810507Z 
2026-10-02T17:54:11.8810624Z [1;31merror[0m: unknown identifier
2026-10-02T17:54:11.8810881Z   [1;34m-->[0m test.sn:1:9
2026-10-02T17:54:11.8811080Z       var x = unknown
2026-10-02T17:54:11.8811291Z               [1;31m^^^^^^^[0m
2026-10-02T17:54:11.8811434Z 
2026-10-02T17:54:11.8811442Z 
2026-10-02T17:54:11.8811560Z [1;33mwarning[0m: unused variable 'x'
2026-10-02T17:54:11.8811824Z   [1;34m-->[0m test.sn:1:5
2026-10-02T17:54:11.8812019Z       var x = 42
2026-10-02T17:54:11.8812214Z           [1;33m^[0m
2026-10-02T17:54:11.8812325Z 
2026-10-02T17:54:11.8812328Z 
2026-10-02T17:54:11.8812455Z [1;33mwarning[0m: warning with null token
2026-10-02T17:54:11.8812635Z 
2026-10-02T17:54:11.8812638Z 
2026-10-02T17:54:11.8812754Z [1;36mnote[0m: function defined here
2026-10-02T17:54:11.8813009Z   [1;34m-->[0m test.sn:1:4
2026-10-02T17:54:11.8813197Z       fn foo() {}
2026-10-02T17:54:11.8813392Z          [1;36m^^^[0m
2026-10-02T17:54:11.8813509Z 
2026-10-02T17:54:11.8813512Z 
2026-10-02T17:54:11.8813623Z [1;36mnote[0m: note with null token
2026-10-02T17:54:11.8813784Z 
2026-10-02T17:54:11.8813787Z 
2026-10-02T17:54:11.8813901Z [1;31merror[0m: unexpected token
2026-10-02T17:54:11.8814144Z   [1;34m-->[0m test.sn:1:5
2026-10-02T17:54:11.8814331Z       var x = 42
2026-10-02T17:54:11.8814607Z           [1;31m^[0m
2026-10-02T17:54:11.8814714Z 
2026-10-02T17:54:11.8814724Z 
2026-10-02T17:54:11.8814841Z [1;31merror[0m: error without filename
2026-10-02T17:54:11.8815229Z 
2026-10-02T17:54:11.8815232Z 
2026-10-02T17:54:11.8815401Z [1;31merror[0m: error at unknown location
2026-10-02T17:54:11.8815880Z   [1;34m-->[0m test.sn
2026-10-02T17:54:11.8816019Z 
2026-10-02T17:54:11.8816022Z 
2026-10-02T17:54:11.8816159Z [1;31merror[0m: error at large line number
2026-10-02T17:54:11.8816447Z   [1;34m-->[0m test.sn:9999:1
2026-10-02T17:54:11.8816583Z 
2026-10-02T17:54:11.8816587Z 
2026-10-02T17:54:11.8816693Z [1;31merror[0m: error message
2026-10-02T17:54:11.8816925Z   [1;34m-->[0m test.sn:1:1
2026-10-02T17:54:11.8817112Z       source
2026-10-02T17:54:11.8817289Z       [1;31m^[0m
2026-10-02T17:54:11.8817394Z 
2026-10-02T17:54:11.8817398Z 
2026-10-02T17:54:11.8817507Z [1;33mwarning[0m: warning message
2026-10-02T17:54:11.8817759Z   [1;34m-->[0m test.sn:1:1
2026-10-02T17:54:11.8817956Z       source
2026-10-02T17:54:11.8818141Z       [1;33m^[0m
2026-10-02T17:54:11.8818245Z 
2026-10-02T17:54:11.8818248Z 
2026-10-02T17:54:11.8818354Z [1;36mnote[0m: note message
2026-10-02T17:54:11.8818584Z   [1;34m-->[0m test.sn:1:1
2026-10-02T17:54:11.8818783Z       source
2026-10-02T17:54:11.8827309Z       [1;36m^[0m
2026-10-02T17:54:11.8827433Z 
2026-10-02T17:54:11.8827436Z 
2026-10-02T17:54:11.8827559Z [1;31merror[0m: invalid level
2026-10-02T17:54:11.8827815Z   [1;34m-->[0m test.sn:1:1
2026-10-02T17:54:11.8828014Z       source
2026-10-02T17:54:11.8828201Z       [1;31m^[0m
2026-10-02T17:54:11.8828307Z 
2026-10-02T17:54:11.8828411Z   Parsing... [1;36mdone[0m
2026-10-02T17:54:11.8828659Z   Type checking... [1;36mdone[0m
2026-10-02T17:54:11.8828931Z   Code generation... [1;36mdone[0m
2026-10-02T17:54:11.8829195Z   Linking... [1;36mdone[0m
2026-10-02T17:54:11.8829436Z   Parsing... [1;31mfailed[0m
2026-10-02T17:54:11.8829586Z 
2026-10-02T17:54:11.8829707Z   Parsing... [1;36mdone[0m (0.50s)
2026-10-02T17:54:11.8829968Z [1mCompiling[0m test.sn...
2026-10-02T17:54:11.8830223Z [1;36mDone[0m: output.exe (12.1 KB)
2026-10-02T17:54:11.8830498Z [1;36mDone[0m: output.exe (10.0 MB)
2026-10-02T17:54:11.8830767Z [1;36mDone[0m: output.exe (100 bytes)
2026-10-02T17:54:11.8830937Z 
2026-10-02T17:54:11.8831245Z [1;36mDone[0m: output.exe (100.0 KB) in 0.50s
2026-10-02T17:54:11.8831563Z [1;31mCompilation failed[0m
2026-10-02T17:54:11.8831713Z 
2026-10-02T17:54:11.8831812Z [1;31merror[0m: error 1
2026-10-02T17:54:11.8831940Z 
2026-10-02T17:54:11.8831943Z 
2026-10-02T17:54:11.8832033Z [1;31merror[0m: error 2
2026-10-02T17:54:11.8832157Z 
2026-10-02T17:54:11.8832276Z [1;31mCompilation failed[0m: 2 errors
2026-10-02T17:54:11.8832438Z 
2026-10-02T17:54:11.8832537Z [1;31merror[0m: error 0
2026-10-02T17:54:11.8832653Z 
2026-10-02T17:54:11.8832656Z 
2026-10-02T17:54:11.8832750Z [1;31merror[0m: error 1
2026-10-02T17:54:11.8832872Z 
2026-10-02T17:54:11.8832881Z 
2026-10-02T17:54:11.8832973Z [1;31merror[0m: error 2
2026-10-02T17:54:11.8833095Z 
2026-10-02T17:54:11.8833098Z 
2026-10-02T17:54:11.8833190Z [1;31merror[0m: error 3
2026-10-02T17:54:11.8833314Z 
2026-10-02T17:54:11.8833317Z 
2026-10-02T17:54:11.8833408Z [1;31merror[0m: error 4
2026-10-02T17:54:11.8833531Z 
2026-10-02T17:54:11.8833535Z 
2026-10-02T17:54:11.8833629Z [1;31merror[0m: error 5
2026-10-02T17:54:11.8833742Z 
2026-10-02T17:54:11.8833745Z 
2026-10-02T17:54:11.8833840Z [1;31merror[0m: error 6
2026-10-02T17:54:11.8833953Z 
2026-10-02T17:54:11.8833956Z 
2026-10-02T17:54:11.8834050Z [1;31merror[0m: error 7
2026-10-02T17:54:11.8834170Z 
2026-10-02T17:54:11.8834173Z 
2026-10-02T17:54:11.8834264Z [1;31merror[0m: error 8
2026-10-02T17:54:11.8834385Z 
2026-10-02T17:54:11.8834388Z 
2026-10-02T17:54:11.8834478Z [1;31merror[0m: error 9
2026-10-02T17:54:11.8834598Z 
2026-10-02T17:54:11.8834600Z 
2026-10-02T17:54:11.8834790Z [1;31merror[0m: error 10
2026-10-02T17:54:11.8834921Z 
2026-10-02T17:54:11.8834924Z 
2026-10-02T17:54:11.8835023Z [1;31merror[0m: error 11
2026-10-02T17:54:11.8835359Z 
2026-10-02T17:54:11.8835362Z 
2026-10-02T17:54:11.8835473Z [1;31merror[0m: error 12
2026-10-02T17:54:11.8835613Z 
2026-10-02T17:54:11.8835619Z 
2026-10-02T17:54:11.8835853Z [1;31merror[0m: error 13
2026-10-02T17:54:11.8836066Z 
2026-10-02T17:54:11.8836070Z 
2026-10-02T17:54:11.8836176Z [1;31merror[0m: error 14
2026-10-02T17:54:11.8836305Z 
2026-10-02T17:54:11.8836308Z 
2026-10-02T17:54:11.8836402Z [1;31merror[0m: error 15
2026-10-02T17:54:11.8836529Z 
2026-10-02T17:54:11.8836532Z 
2026-10-02T17:54:11.8836634Z [1;31merror[0m: error 16
2026-10-02T17:54:11.8836758Z 
2026-10-02T17:54:11.8836761Z 
2026-10-02T17:54:11.8836860Z [1;31merror[0m: error 17
2026-10-02T17:54:11.8836981Z 
2026-10-02T17:54:11.8836983Z 
2026-10-02T17:54:11.8837083Z [1;31merror[0m: error 18
2026-10-02T17:54:11.8837206Z 
2026-10-02T17:54:11.8837209Z 
2026-10-02T17:54:11.8837307Z [1;31merror[0m: error 19
2026-10-02T17:54:11.8837433Z 
2026-10-02T17:54:11.8837436Z 
2026-10-02T17:54:11.8837528Z [1;31merror[0m: error 20
2026-10-02T17:54:11.8837652Z 
2026-10-02T17:54:11.8837654Z 
2026-10-02T17:54:11.8837748Z [1;31merror[0m: error 21
2026-10-02T17:54:11.8837872Z 
2026-10-02T17:54:11.8837879Z 
2026-10-02T17:54:11.8837978Z [1;31merror[0m: error 22
2026-10-02T17:54:11.8838106Z 
2026-10-02T17:54:11.8838110Z 
2026-10-02T17:54:11.8838205Z [1;31merror[0m: error 23
2026-10-02T17:54:11.8838330Z 
2026-10-02T17:54:11.8838333Z 
2026-10-02T17:54:11.8838429Z [1;31merror[0m: error 24
2026-10-02T17:54:11.8838558Z 
2026-10-02T17:54:11.8838561Z 
2026-10-02T17:54:11.8838663Z [1;31merror[0m: error 25
2026-10-02T17:54:11.8838783Z 
2026-10-02T17:54:11.8838786Z 
2026-10-02T17:54:11.8838884Z [1;31merror[0m: error 26
2026-10-02T17:54:11.8839004Z 
2026-10-02T17:54:11.8839007Z 
2026-10-02T17:54:11.8839106Z [1;31merror[0m: error 27
2026-10-02T17:54:11.8839237Z 
2026-10-02T17:54:11.8839240Z 
2026-10-02T17:54:11.8839334Z [1;31merror[0m: error 28
2026-10-02T17:54:11.8839459Z 
2026-10-02T17:54:11.8839462Z 
2026-10-02T17:54:11.8839553Z [1;31merror[0m: error 29
2026-10-02T17:54:11.8839682Z 
2026-10-02T17:54:11.8839685Z 
2026-10-02T17:54:11.8839776Z [1;31merror[0m: error 30
2026-10-02T17:54:11.8840018Z 
2026-10-02T17:54:11.8840022Z 
2026-10-02T17:54:11.8840132Z [1;31merror[0m: error 31
2026-10-02T17:54:11.8840254Z 
2026-10-02T17:54:11.8840257Z 
2026-10-02T17:54:11.8840355Z [1;31merror[0m: error 32
2026-10-02T17:54:11.8840473Z 
2026-10-02T17:54:11.8840476Z 
2026-10-02T17:54:11.8840572Z [1;31merror[0m: error 33
2026-10-02T17:54:11.8840694Z 
2026-10-02T17:54:11.8840697Z 
2026-10-02T17:54:11.8840789Z [1;31merror[0m: error 34
2026-10-02T17:54:11.8840911Z 
2026-10-02T17:54:11.8840914Z 
2026-10-02T17:54:11.8841003Z [1;31merror[0m: error 35
2026-10-02T17:54:11.8841129Z 
2026-10-02T17:54:11.8841136Z 
2026-10-02T17:54:11.8841231Z [1;31merror[0m: error 36
2026-10-02T17:54:11.8841351Z 
2026-10-02T17:54:11.8841354Z 
2026-10-02T17:54:11.8841450Z [1;31merror[0m: error 37
2026-10-02T17:54:11.8841570Z 
2026-10-02T17:54:11.8841572Z 
2026-10-02T17:54:11.8841670Z [1;31merror[0m: error 38
2026-10-02T17:54:11.8841789Z 
2026-10-02T17:54:11.8841792Z 
2026-10-02T17:54:11.8841890Z [1;31merror[0m: error 39
2026-10-02T17:54:11.8842019Z 
2026-10-02T17:54:11.8842022Z 
2026-10-02T17:54:11.8842113Z [1;31merror[0m: error 40
2026-10-02T17:54:11.8842238Z 
2026-10-02T17:54:11.8842240Z 
2026-10-02T17:54:11.8842332Z [1;31merror[0m: error 41
2026-10-02T17:54:11.8842454Z 
2026-10-02T17:54:11.8842457Z 
2026-10-02T17:54:11.8842549Z [1;31merror[0m: error 42
2026-10-02T17:54:11.8842664Z 
2026-10-02T17:54:11.8842667Z 
2026-10-02T17:54:11.8842766Z [1;31merror[0m: error 43
2026-10-02T17:54:11.8842885Z 
2026-10-02T17:54:11.8842887Z 
2026-10-02T17:54:11.8842984Z [1;31merror[0m: error 44
2026-10-02T17:54:11.8843186Z 
2026-10-02T17:54:11.8843191Z 
2026-10-02T17:54:11.8843293Z [1;31merror[0m: error 45
2026-10-02T17:54:11.8843412Z 
2026-10-02T17:54:11.8843415Z 
2026-10-02T17:54:11.8843513Z [1;31merror[0m: error 46
2026-10-02T17:54:11.8843631Z 
2026-10-02T17:54:11.8843634Z 
2026-10-02T17:54:11.8843732Z [1;31merror[0m: error 47
2026-10-02T17:54:11.8843850Z 
2026-10-02T17:54:11.8843862Z 
2026-10-02T17:54:11.8843955Z [1;31merror[0m: error 48
2026-10-02T17:54:11.8844078Z 
2026-10-02T17:54:11.8844082Z 
2026-10-02T17:54:11.8844174Z [1;31merror[0m: error 49
2026-10-02T17:54:11.8844298Z 
2026-10-02T17:54:11.8844301Z 
2026-10-02T17:54:11.8844392Z [1;31merror[0m: error 50
2026-10-02T17:54:11.8844516Z 
2026-10-02T17:54:11.8844518Z 
2026-10-02T17:54:11.8844614Z [1;31merror[0m: error 51
2026-10-02T17:54:11.8844732Z 
2026-10-02T17:54:11.8844735Z 
2026-10-02T17:54:11.8844831Z [1;31merror[0m: error 52
2026-10-02T17:54:11.8844949Z 
2026-10-02T17:54:11.8844952Z 
2026-10-02T17:54:11.8845055Z [1;31merror[0m: error 53
2026-10-02T17:54:11.8845174Z 
2026-10-02T17:54:11.8845184Z 
2026-10-02T17:54:11.8845275Z [1;31merror[0m: error 54
2026-10-02T17:54:11.8845397Z 
2026-10-02T17:54:11.8845400Z 
2026-10-02T17:54:11.8845490Z [1;31merror[0m: error 55
2026-10-02T17:54:11.8845613Z 
2026-10-02T17:54:11.8845616Z 
2026-10-02T17:54:11.8845709Z [1;31merror[0m: error 56
2026-10-02T17:54:11.8845832Z 
2026-10-02T17:54:11.8845835Z 
2026-10-02T17:54:11.8845930Z [1;31merror[0m: error 57
2026-10-02T17:54:11.8846047Z 
2026-10-02T17:54:11.8846050Z 
2026-10-02T17:54:11.8846144Z [1;31merror[0m: error 58
2026-10-02T17:54:11.8846261Z 
2026-10-02T17:54:11.8846265Z 
2026-10-02T17:54:11.8846360Z [1;31merror[0m: error 59
2026-10-02T17:54:11.8846482Z 
2026-10-02T17:54:11.8846485Z 
2026-10-02T17:54:11.8846577Z [1;31merror[0m: error 60
2026-10-02T17:54:11.8846701Z 
2026-10-02T17:54:11.8846704Z 
2026-10-02T17:54:11.8846794Z [1;31merror[0m: error 61
2026-10-02T17:54:11.8846918Z 
2026-10-02T17:54:11.8846925Z 
2026-10-02T17:54:11.8847016Z [1;31merror[0m: error 62
2026-10-02T17:54:11.8847141Z 
2026-10-02T17:54:11.8847145Z 
2026-10-02T17:54:11.8847241Z [1;31merror[0m: error 63
2026-10-02T17:54:11.8847359Z 
2026-10-02T17:54:11.8847362Z 
2026-10-02T17:54:11.8847458Z [1;31merror[0m: error 64
2026-10-02T17:54:11.8847576Z 
2026-10-02T17:54:11.8847659Z 
2026-10-02T17:54:11.8847763Z [1;31merror[0m: error 65
2026-10-02T17:54:11.8847887Z 
2026-10-02T17:54:11.8847890Z 
2026-10-02T17:54:11.8847980Z [1;31merror[0m: error 66
2026-10-02T17:54:11.8848102Z 
2026-10-02T17:54:11.8848105Z 
2026-10-02T17:54:11.8848196Z [1;31merror[0m: error 67
2026-10-02T17:54:11.8848321Z 
2026-10-02T17:54:11.8848324Z 
2026-10-02T17:54:11.8848419Z [1;31merror[0m: error 68
2026-10-02T17:54:11.8848536Z 
2026-10-02T17:54:11.8848539Z 
2026-10-02T17:54:11.8848632Z [1;31merror[0m: error 69
2026-10-02T17:54:11.8848750Z 
2026-10-02T17:54:11.8848753Z 
2026-10-02T17:54:11.8848847Z [1;31merror[0m: error 70
2026-10-02T17:54:11.8848971Z 
2026-10-02T17:54:11.8848974Z 
2026-10-02T17:54:11.8849072Z [1;31merror[0m: error 71
2026-10-02T17:54:11.8849195Z 
2026-10-02T17:54:11.8849199Z 
2026-10-02T17:54:11.8849290Z [1;31merror[0m: error 72
2026-10-02T17:54:11.8849415Z 
2026-10-02T17:54:11.8849418Z 
2026-10-02T17:54:11.8849509Z [1;31merror[0m: error 73
2026-10-02T17:54:11.8849636Z 
2026-10-02T17:54:11.8849639Z 
2026-10-02T17:54:11.8849736Z [1;31merror[0m: error 74
2026-10-02T17:54:11.8849855Z 
2026-10-02T17:54:11.8849858Z 
2026-10-02T17:54:11.8849954Z [1;31merror[0m: error 75
2026-10-02T17:54:11.8850071Z 
2026-10-02T17:54:11.8850074Z 
2026-10-02T17:54:11.8850172Z [1;31merror[0m: error 76
2026-10-02T17:54:11.8850292Z 
2026-10-02T17:54:11.8850300Z 
2026-10-02T17:54:11.8850393Z [1;31merror[0m: error 77
2026-10-02T17:54:11.8850519Z 
2026-10-02T17:54:11.8850522Z 
2026-10-02T17:54:11.8850614Z [1;31merror[0m: error 78
2026-10-02T17:54:11.8850737Z 
2026-10-02T17:54:11.8850824Z 
2026-10-02T17:54:11.8850919Z [1;31merror[0m: error 79
2026-10-02T17:54:11.8851046Z 
2026-10-02T17:54:11.8851049Z 
2026-10-02T17:54:11.8851148Z [1;31merror[0m: error 80
2026-10-02T17:54:11.8851268Z 
2026-10-02T17:54:11.8851271Z 
2026-10-02T17:54:11.8851368Z [1;31merror[0m: error 81
2026-10-02T17:54:11.8851487Z 
2026-10-02T17:54:11.8851490Z 
2026-10-02T17:54:11.8851594Z [1;31merror[0m: error 82
2026-10-02T17:54:11.8851718Z 
2026-10-02T17:54:11.8851721Z 
2026-10-02T17:54:11.8851815Z [1;31merror[0m: error 83
2026-10-02T17:54:11.8851938Z 
2026-10-02T17:54:11.8851941Z 
2026-10-02T17:54:11.8852033Z [1;31merror[0m: error 84
2026-10-02T17:54:11.8852157Z 
2026-10-02T17:54:11.8852160Z 
2026-10-02T17:54:11.8852257Z [1;31merror[0m: error 85
2026-10-02T17:54:11.8852381Z 
2026-10-02T17:54:11.8852384Z 
2026-10-02T17:54:11.8852484Z [1;31merror[0m: error 86
2026-10-02T17:54:11.8852602Z 
2026-10-02T17:54:11.8852605Z 
2026-10-02T17:54:11.8852698Z [1;31merror[0m: error 87
2026-10-02T17:54:11.8852821Z 
2026-10-02T17:54:11.8852824Z 
2026-10-02T17:54:11.8852919Z [1;31merror[0m: error 88
2026-10-02T17:54:11.8853041Z 
2026-10-02T17:54:11.8853044Z 
2026-10-02T17:54:11.8853136Z [1;31merror[0m: error 89
2026-10-02T17:54:11.8853259Z 
2026-10-02T17:54:11.8853262Z 
2026-10-02T17:54:11.8853351Z [1;31merror[0m: error 90
2026-10-02T17:54:11.8853477Z 
2026-10-02T17:54:11.8853483Z 
2026-10-02T17:54:11.8853573Z [1;31merror[0m: error 91
2026-10-02T17:54:11.8853694Z 
2026-10-02T17:54:11.8853697Z 
2026-10-02T17:54:11.8853794Z [1;31merror[0m: error 92
2026-10-02T17:54:11.8853911Z 
2026-10-02T17:54:11.8853914Z 
2026-10-02T17:54:11.8854009Z [1;31merror[0m: error 93
2026-10-02T17:54:11.8854126Z 
2026-10-02T17:54:11.8854129Z 
2026-10-02T17:54:11.8854226Z [1;31merror[0m: error 94
2026-10-02T17:54:11.8854349Z 
2026-10-02T17:54:11.8854352Z 
2026-10-02T17:54:11.8854442Z [1;31merror[0m: error 95
2026-10-02T17:54:11.8854566Z 
2026-10-02T17:54:11.8854569Z 
2026-10-02T17:54:11.8854662Z [1;31merror[0m: error 96
2026-10-02T17:54:11.8854783Z 
2026-10-02T17:54:11.8854786Z 
2026-10-02T17:54:11.8854882Z [1;31merror[0m: error 97
2026-10-02T17:54:11.8855000Z 
2026-10-02T17:54:11.8855003Z 
2026-10-02T17:54:11.8855098Z [1;31merror[0m: error 98
2026-10-02T17:54:11.8855402Z 
2026-10-02T17:54:11.8855407Z 
2026-10-02T17:54:11.8857021Z [1;31merror[0m: error 99
2026-10-02T17:54:11.8857224Z 
2026-10-02T17:54:11.8857228Z 
2026-10-02T17:54:11.8857399Z [1;33mwarning[0m: warning 0
2026-10-02T17:54:11.8857667Z   [1;34m-->[0m test.sn:1:1
2026-10-02T17:54:11.8857866Z       source
2026-10-02T17:54:11.8858054Z       [1;33m^[0m
2026-10-02T17:54:11.8858168Z 
2026-10-02T17:54:11.8858171Z 
2026-10-02T17:54:11.8858278Z [1;33mwarning[0m: warning 1
2026-10-02T17:54:11.8858520Z   [1;34m-->[0m test.sn:1:1
2026-10-02T17:54:11.8858706Z       source
2026-10-02T17:54:11.8858885Z       [1;33m^[0m
2026-10-02T17:54:11.8858984Z 
2026-10-02T17:54:11.8858988Z 
2026-10-02T17:54:11.8859102Z [1;33mwarning[0m: warning 2
2026-10-02T17:54:11.8859329Z   [1;34m-->[0m test.sn:1:1
2026-10-02T17:54:11.8859517Z       source
2026-10-02T17:54:11.8859689Z       [1;33m^[0m
2026-10-02T17:54:11.8859790Z 
2026-10-02T17:54:11.8859793Z 
2026-10-02T17:54:11.8859889Z [1;33mwarning[0m: warning 3
2026-10-02T17:54:11.8860115Z   [1;34m-->[0m test.sn:1:1
2026-10-02T17:54:11.8860304Z       source
2026-10-02T17:54:11.8860484Z       [1;33m^[0m
2026-10-02T17:54:11.8860581Z 
2026-10-02T17:54:11.8860585Z 
2026-10-02T17:54:11.8860687Z [1;33mwarning[0m: warning 4
2026-10-02T17:54:11.8860913Z   [1;34m-->[0m test.sn:1:1
2026-10-02T17:54:11.8861097Z       source
2026-10-02T17:54:11.8861269Z       [1;33m^[0m
2026-10-02T17:54:11.8861368Z 
2026-10-02T17:54:11.8861371Z 
2026-10-02T17:54:11.8861468Z [1;33mwarning[0m: warning 5
2026-10-02T17:54:11.8861695Z   [1;34m-->[0m test.sn:1:1
2026-10-02T17:54:11.8861883Z       source
2026-10-02T17:54:11.8862055Z       [1;33m^[0m
2026-10-02T17:54:11.8862263Z 
2026-10-02T17:54:11.8862266Z 
2026-10-02T17:54:11.8862378Z [1;33mwarning[0m: warning 6
2026-10-02T17:54:11.8862605Z   [1;34m-->[0m test.sn:1:1
2026-10-02T17:54:11.8862790Z       source
2026-10-02T17:54:11.8862961Z       [1;33m^[0m
2026-10-02T17:54:11.8863057Z 
2026-10-02T17:54:11.8863059Z 
2026-10-02T17:54:11.8863163Z [1;33mwarning[0m: warning 7
2026-10-02T17:54:11.8863393Z   [1;34m-->[0m test.sn:1:1
2026-10-02T17:54:11.8863575Z       source
2026-10-02T17:54:11.8863743Z       [1;33m^[0m
2026-10-02T17:54:11.8863842Z 
2026-10-02T17:54:11.8863845Z 
2026-10-02T17:54:11.8863944Z [1;33mwarning[0m: warning 8
2026-10-02T17:54:11.8864173Z   [1;34m-->[0m test.sn:1:1
2026-10-02T17:54:11.8864357Z       source
2026-10-02T17:54:11.8864527Z       [1;33m^[0m
2026-10-02T17:54:11.8864623Z 
2026-10-02T17:54:11.8864626Z 
2026-10-02T17:54:11.8864730Z [1;33mwarning[0m: warning 9
2026-10-02T17:54:11.8864952Z   [1;34m-->[0m test.sn:1:1
2026-10-02T17:54:11.8865134Z       source
2026-10-02T17:54:11.8865307Z       [1;33m^[0m
2026-10-02T17:54:11.8865412Z 
2026-10-02T17:54:11.8865416Z 
2026-10-02T17:54:11.8865522Z [1;33mwarning[0m: warning 10
2026-10-02T17:54:11.8865754Z   [1;34m-->[0m test.sn:1:1
2026-10-02T17:54:11.8865941Z       source
2026-10-02T17:54:11.8866119Z       [1;33m^[0m
2026-10-02T17:54:11.8866215Z 
2026-10-02T17:54:11.8866221Z 
2026-10-02T17:54:11.8866326Z [1;33mwarning[0m: warning 11
2026-10-02T17:54:11.8866558Z   [1;34m-->[0m test.sn:1:1
2026-10-02T17:54:11.8866740Z       source
2026-10-02T17:54:11.8866912Z       [1;33m^[0m
2026-10-02T17:54:11.8867014Z 
2026-10-02T17:54:11.8867017Z 
2026-10-02T17:54:11.8867114Z [1;33mwarning[0m: warning 12
2026-10-02T17:54:11.8867337Z   [1;34m-->[0m test.sn:1:1
2026-10-02T17:54:11.8867518Z       source
2026-10-02T17:54:11.8867687Z       [1;33m^[0m
2026-10-02T17:54:11.8867788Z 
2026-10-02T17:54:11.8867791Z 
2026-10-02T17:54:11.8867898Z [1;33mwarning[0m: warning 13
2026-10-02T17:54:11.8868129Z   [1;34m-->[0m test.sn:1:1
2026-10-02T17:54:11.8868313Z       source
2026-10-02T17:54:11.8868481Z       [1;33m^[0m
2026-10-02T17:54:11.8868576Z 
2026-10-02T17:54:11.8868580Z 
2026-10-02T17:54:11.8868681Z [1;33mwarning[0m: warning 14
2026-10-02T17:54:11.8868907Z   [1;34m-->[0m test.sn:1:1
2026-10-02T17:54:11.8869098Z       source
2026-10-02T17:54:11.8869354Z       [1;33m^[0m
2026-10-02T17:54:11.8869461Z 
2026-10-02T17:54:11.8869464Z 
2026-10-02T17:54:11.8869569Z [1;33mwarning[0m: warning 15
2026-10-02T17:54:11.8869801Z   [1;34m-->[0m test.sn:1:1
2026-10-02T17:54:11.8869990Z       source
2026-10-02T17:54:11.8870163Z       [1;33m^[0m
2026-10-02T17:54:11.8870259Z 
2026-10-02T17:54:11.8870262Z 
2026-10-02T17:54:11.8870368Z [1;33mwarning[0m: warning 16
2026-10-02T17:54:11.8870598Z   [1;34m-->[0m test.sn:1:1
2026-10-02T17:54:11.8870782Z       source
2026-10-02T17:54:11.8870955Z       [1;33m^[0m
2026-10-02T17:54:11.8871057Z 
2026-10-02T17:54:11.8871060Z 
2026-10-02T17:54:11.8871161Z [1;33mwarning[0m: warning 17
2026-10-02T17:54:11.8871390Z   [1;34m-->[0m test.sn:1:1
2026-10-02T17:54:11.8871575Z       source
2026-10-02T17:54:11.8871747Z       [1;33m^[0m
2026-10-02T17:54:11.8871851Z 
2026-10-02T17:54:11.8871854Z 
2026-10-02T17:54:11.8871955Z [1;33mwarning[0m: warning 18
2026-10-02T17:54:11.8872183Z   [1;34m-->[0m test.sn:1:1
2026-10-02T17:54:11.8872364Z       source
2026-10-02T17:54:11.8872534Z       [1;33m^[0m
2026-10-02T17:54:11.8872628Z 
2026-10-02T17:54:11.8872636Z 
2026-10-02T17:54:11.8872733Z [1;33mwarning[0m: warning 19
2026-10-02T17:54:11.8872988Z   [1;34m-->[0m test.sn:1:1
2026-10-02T17:54:11.8873168Z       source
2026-10-02T17:54:11.8873335Z       [1;33m^[0m
2026-10-02T17:54:11.8873433Z 
2026-10-02T17:54:11.8873436Z 
2026-10-02T17:54:11.8873538Z [1;33mwarning[0m: warning 20
2026-10-02T17:54:11.8873764Z   [1;34m-->[0m test.sn:1:1
2026-10-02T17:54:11.8873945Z       source
2026-10-02T17:54:11.8874112Z       [1;33m^[0m
2026-10-02T17:54:11.8874302Z 
2026-10-02T17:54:11.8874305Z 
2026-10-02T17:54:11.8874412Z [1;33mwarning[0m: warning 21
2026-10-02T17:54:11.8874636Z   [1;34m-->[0m test.sn:1:1
2026-10-02T17:54:11.8874819Z       source
2026-10-02T17:54:11.8874990Z       [1;33m^[0m
2026-10-02T17:54:11.8875094Z 
2026-10-02T17:54:11.8875097Z 
2026-10-02T17:54:11.8875201Z [1;33mwarning[0m: warning 22
2026-10-02T17:54:11.8875690Z   [1;34m-->[0m test.sn:1:1
2026-10-02T17:54:11.8875890Z       source
2026-10-02T17:54:11.8876209Z       [1;33m^[0m
2026-10-02T17:54:11.8876376Z 
2026-10-02T17:54:11.8876380Z 
2026-10-02T17:54:11.8876494Z [1;33mwarning[0m: warning 23
2026-10-02T17:54:11.8876727Z   [1;34m-->[0m test.sn:1:1
2026-10-02T17:54:11.8876913Z       source
2026-10-02T17:54:11.8877083Z       [1;33m^[0m
2026-10-02T17:54:11.8877185Z 
2026-10-02T17:54:11.8877188Z 
2026-10-02T17:54:11.8877289Z [1;33mwarning[0m: warning 24
2026-10-02T17:54:11.8877517Z   [1;34m-->[0m test.sn:1:1
2026-10-02T17:54:11.8877717Z       source
2026-10-02T17:54:11.8877888Z       [1;33m^[0m
2026-10-02T17:54:11.8877991Z 
2026-10-02T17:54:11.8877994Z 
2026-10-02T17:54:11.8878103Z [1;33mwarning[0m: warning 25
2026-10-02T17:54:11.8878331Z   [1;34m-->[0m test.sn:1:1
2026-10-02T17:54:11.8878514Z       source
2026-10-02T17:54:11.8878685Z       [1;33m^[0m
2026-10-02T17:54:11.8878782Z 
2026-10-02T17:54:11.8878795Z 
2026-10-02T17:54:11.8878896Z [1;33mwarning[0m: warning 26
2026-10-02T17:54:11.8879123Z   [1;34m-->[0m test.sn:1:1
2026-10-02T17:54:11.8879308Z       source
2026-10-02T17:54:11.8879483Z       [1;33m^[0m
2026-10-02T17:54:11.8879584Z 
2026-10-02T17:54:11.8879588Z 
2026-10-02T17:54:11.8879693Z [1;33mwarning[0m: warning 27
2026-10-02T17:54:11.8879923Z   [1;34m-->[0m test.sn:1:1
2026-10-02T17:54:11.8880105Z       source
2026-10-02T17:54:11.8880277Z       [1;33m^[0m
2026-10-02T17:54:11.8880373Z 
2026-10-02T17:54:11.8880375Z 
2026-10-02T17:54:11.8880479Z [1;33mwarning[0m: warning 28
2026-10-02T17:54:11.8880717Z   [1;34m-->[0m test.sn:1:1
2026-10-02T17:54:11.8880902Z       source
2026-10-02T17:54:11.8881075Z       [1;33m^[0m
2026-10-02T17:54:11.8881175Z 
2026-10-02T17:54:11.8881178Z 
2026-10-02T17:54:11.8881274Z [1;33mwarning[0m: warning 29
2026-10-02T17:54:11.8881499Z   [1;34m-->[0m test.sn:1:1
2026-10-02T17:54:11.8881690Z       source
2026-10-02T17:54:11.8881981Z       [1;33m^[0m
2026-10-02T17:54:11.8882082Z 
2026-10-02T17:54:11.8882085Z 
2026-10-02T17:54:11.8882194Z [1;33mwarning[0m: warning 30
2026-10-02T17:54:11.8882421Z   [1;34m-->[0m test.sn:1:1
2026-10-02T17:54:11.8882607Z       source
2026-10-02T17:54:11.8882777Z       [1;33m^[0m
2026-10-02T17:54:11.8882877Z 
2026-10-02T17:54:11.8882880Z 
2026-10-02T17:54:11.8882979Z [1;33mwarning[0m: warning 31
2026-10-02T17:54:11.8883203Z   [1;34m-->[0m test.sn:1:1
2026-10-02T17:54:11.8883388Z       source
2026-10-02T17:54:11.8883563Z       [1;33m^[0m
2026-10-02T17:54:11.8883658Z 
2026-10-02T17:54:11.8883661Z 
2026-10-02T17:54:11.8883770Z [1;33mwarning[0m: warning 32
2026-10-02T17:54:11.8883992Z   [1;34m-->[0m test.sn:1:1
2026-10-02T17:54:11.8884172Z       source
2026-10-02T17:54:11.8884342Z       [1;33m^[0m
2026-10-02T17:54:11.8884442Z 
2026-10-02T17:54:11.8884445Z 
2026-10-02T17:54:11.8884543Z [1;33mwarning[0m: warning 33
2026-10-02T17:54:11.8884769Z   [1;34m-->[0m test.sn:1:1
2026-10-02T17:54:11.8884951Z       source
2026-10-02T17:54:11.8885121Z       [1;33m^[0m
2026-10-02T17:54:11.8885222Z 
2026-10-02T17:54:11.8885225Z 
2026-10-02T17:54:11.8885328Z [1;33mwarning[0m: warning 34
2026-10-02T17:54:11.8885554Z   [1;34m-->[0m test.sn:1:1
2026-10-02T17:54:11.8885736Z       source
2026-10-02T17:54:11.8885905Z       [1;33m^[0m
2026-10-02T17:54:11.8886001Z 
2026-10-02T17:54:11.8886004Z 
2026-10-02T17:54:11.8886111Z [1;33mwarning[0m: warning 35
2026-10-02T17:54:11.8886337Z   [1;34m-->[0m test.sn:1:1
2026-10-02T17:54:11.8886523Z       source
2026-10-02T17:54:11.8886692Z       [1;33m^[0m
2026-10-02T17:54:11.8886900Z 
2026-10-02T17:54:11.8886903Z 
2026-10-02T17:54:11.8887007Z [1;33mwarning[0m: warning 36
2026-10-02T17:54:11.8887236Z   [1;34m-->[0m test.sn:1:1
2026-10-02T17:54:11.8887425Z       source
2026-10-02T17:54:11.8887594Z       [1;33m^[0m
2026-10-02T17:54:11.8887689Z 
2026-10-02T17:54:11.8887692Z 
2026-10-02T17:54:11.8887798Z [1;33mwarning[0m: warning 37
2026-10-02T17:54:11.8888025Z   [1;34m-->[0m test.sn:1:1
2026-10-02T17:54:11.8888209Z       source
2026-10-02T17:54:11.8888381Z       [1;33m^[0m
2026-10-02T17:54:11.8888487Z 
2026-10-02T17:54:11.8888489Z 
2026-10-02T17:54:11.8888588Z [1;33mwarning[0m: warning 38
2026-10-02T17:54:11.8888818Z   [1;34m-->[0m test.sn:1:1
2026-10-02T17:54:11.8889004Z       source
2026-10-02T17:54:11.8889176Z       [1;33m^[0m
2026-10-02T17:54:11.8889279Z 
2026-10-02T17:54:11.8889282Z 
2026-10-02T17:54:11.8889388Z [1;33mwarning[0m: warning 39
2026-10-02T17:54:11.8889616Z   [1;34m-->[0m test.sn:1:1
2026-10-02T17:54:11.8889802Z       source
2026-10-02T17:54:11.8889975Z       [1;33m^[0m
2026-10-02T17:54:11.8890069Z 
2026-10-02T17:54:11.8890079Z 
2026-10-02T17:54:11.8890179Z [1;33mwarning[0m: warning 40
2026-10-02T17:54:11.8890407Z   [1;34m-->[0m test.sn:1:1
2026-10-02T17:54:11.8890589Z       source
2026-10-02T17:54:11.8890757Z       [1;33m^[0m
2026-10-02T17:54:11.8890855Z 
2026-10-02T17:54:11.8890861Z 
2026-10-02T17:54:11.8890958Z [1;33mwarning[0m: warning 41
2026-10-02T17:54:11.8891188Z   [1;34m-->[0m test.sn:1:1
2026-10-02T17:54:11.8891368Z       source
2026-10-02T17:54:11.8891534Z       [1;33m^[0m
2026-10-02T17:54:11.8891629Z 
2026-10-02T17:54:11.8891632Z 
2026-10-02T17:54:11.8891733Z [1;33mwarning[0m: warning 42
2026-10-02T17:54:11.8891957Z   [1;34m-->[0m test.sn:1:1
2026-10-02T17:54:11.8892137Z       source
2026-10-02T17:54:11.8892470Z       [1;33m^[0m
2026-10-02T17:54:11.8892638Z 
2026-10-02T17:54:11.8892642Z 
2026-10-02T17:54:11.8892818Z [1;33mwarning[0m: warning 43
2026-10-02T17:54:11.8893240Z   [1;34m-->[0m test.sn:1:1
2026-10-02T17:54:11.8893585Z       source
2026-10-02T17:54:11.8893905Z       [1;33m^[0m
2026-10-02T17:54:11.8894104Z 
2026-10-02T17:54:11.8894109Z 
2026-10-02T17:54:11.8894315Z [1;33mwarning[0m: warning 44
2026-10-02T17:54:11.8894670Z   [1;34m-->[0m test.sn:1:1
2026-10-02T17:54:11.8895023Z       source
2026-10-02T17:54:11.8895730Z       [1;33m^[0m
2026-10-02T17:54:11.8895862Z 
2026-10-02T17:54:11.8895866Z 
2026-10-02T17:54:11.8896073Z [1;33mwarning[0m: warning 45
2026-10-02T17:54:11.8896549Z   [1;34m-->[0m test.sn:1:1
2026-10-02T17:54:11.8896918Z       source
2026-10-02T17:54:11.8897253Z       [1;33m^[0m
2026-10-02T17:54:11.8897434Z 
2026-10-02T17:54:11.8897438Z 
2026-10-02T17:54:11.8897559Z [1;33mwarning[0m: warning 46
2026-10-02T17:54:11.8897796Z   [1;34m-->[0m test.sn:1:1
2026-10-02T17:54:11.8897981Z       source
2026-10-02T17:54:11.8898156Z       [1;33m^[0m
2026-10-02T17:54:11.8898251Z 
2026-10-02T17:54:11.8898263Z 
2026-10-02T17:54:11.8898372Z [1;33mwarning[0m: warning 47
2026-10-02T17:54:11.8898605Z   [1;34m-->[0m test.sn:1:1
2026-10-02T17:54:11.8898889Z       source
2026-10-02T17:54:11.8899208Z       [1;33m^[0m
2026-10-02T17:54:11.8899394Z 
2026-10-02T17:54:11.8899399Z 
2026-10-02T17:54:11.8899596Z [1;33mwarning[0m: warning 48
2026-10-02T17:54:11.8900090Z   [1;34m-->[0m test.sn:1:1
2026-10-02T17:54:11.8900493Z       source
2026-10-02T17:54:11.8900844Z       [1;33m^[0m
2026-10-02T17:54:11.8901037Z 
2026-10-02T17:54:11.8901044Z 
2026-10-02T17:54:11.8901252Z [1;33mwarning[0m: warning 49
2026-10-02T17:54:11.8901715Z   [1;34m-->[0m test.sn:1:1
2026-10-02T17:54:11.8902062Z       source
2026-10-02T17:54:11.8902405Z       [1;33m^[0m
2026-10-02T17:54:11.8902604Z 
2026-10-02T17:54:11.8902610Z 
2026-10-02T17:54:11.8903199Z [1;33mwarning[0m: warning 50
2026-10-02T17:54:11.8903674Z   [1;34m-->[0m test.sn:1:1
2026-10-02T17:54:11.8904020Z       source
2026-10-02T17:54:11.8904612Z       [1;33m^[0m
2026-10-02T17:54:11.8904793Z 
2026-10-02T17:54:11.8904800Z 
2026-10-02T17:54:11.8904985Z [1;33mwarning[0m: warning 51
2026-10-02T17:54:11.8905389Z   [1;34m-->[0m test.sn:1:1
2026-10-02T17:54:11.8905686Z       source
2026-10-02T17:54:11.8905984Z       [1;33m^[0m
2026-10-02T17:54:11.8906160Z 
2026-10-02T17:54:11.8906167Z 
2026-10-02T17:54:11.8906370Z [1;33mwarning[0m: warning 52
2026-10-02T17:54:11.8906782Z   [1;34m-->[0m test.sn:1:1
2026-10-02T17:54:11.8907504Z       source
2026-10-02T17:54:11.8907843Z       [1;33m^[0m
2026-10-02T17:54:11.8907982Z 
2026-10-02T17:54:11.8907987Z 
2026-10-02T17:54:11.8908126Z [1;33mwarning[0m: warning 53
2026-10-02T17:54:11.8908393Z   [1;34m-->[0m test.sn:1:1
2026-10-02T17:54:11.8908594Z       source
2026-10-02T17:54:11.8908781Z       [1;33m^[0m
2026-10-02T17:54:11.8908883Z 
2026-10-02T17:54:11.8908886Z 
2026-10-02T17:54:11.8909002Z [1;33mwarning[0m: warning 54
2026-10-02T17:54:11.8909247Z   [1;34m-->[0m test.sn:1:1
2026-10-02T17:54:11.8909459Z       source
2026-10-02T17:54:11.8909636Z       [1;33m^[0m
2026-10-02T17:54:11.8909743Z 
2026-10-02T17:54:11.8909746Z 
2026-10-02T17:54:11.8909847Z [1;33mwarning[0m: warning 55
2026-10-02T17:54:11.8910087Z   [1;34m-->[0m test.sn:1:1
2026-10-02T17:54:11.8910281Z       source
2026-10-02T17:54:11.8910470Z       [1;33m^[0m
2026-10-02T17:54:11.8910574Z 
2026-10-02T17:54:11.8910578Z 
2026-10-02T17:54:11.8910689Z [1;33mwarning[0m: warning 56
2026-10-02T17:54:11.8910924Z   [1;34m-->[0m test.sn:1:1
2026-10-02T17:54:11.8911111Z       source
2026-10-02T17:54:11.8911291Z       [1;33m^[0m
2026-10-02T17:54:11.8911399Z 
2026-10-02T17:54:11.8911402Z 
2026-10-02T17:54:11.8911509Z [1;33mwarning[0m: warning 57
2026-10-02T17:54:11.8911745Z   [1;34m-->[0m test.sn:1:1
2026-10-02T17:54:11.8911935Z       source
2026-10-02T17:54:11.8912115Z       [1;33m^[0m
2026-10-02T17:54:11.8912217Z 
2026-10-02T17:54:11.8912220Z 
2026-10-02T17:54:11.8912332Z [1;33mwarning[0m: warning 58
2026-10-02T17:54:11.8912805Z   [1;34m-->[0m test.sn:1:1
2026-10-02T17:54:11.8913033Z       source
2026-10-02T17:54:11.8913221Z       [1;33m^[0m
2026-10-02T17:54:11.8913324Z 
2026-10-02T17:54:11.8913328Z 
2026-10-02T17:54:11.8913436Z [1;33mwarning[0m: warning 59
2026-10-02T17:54:11.8913668Z   [1;34m-->[0m test.sn:1:1
2026-10-02T17:54:11.8914058Z       source
2026-10-02T17:54:11.8914250Z       [1;33m^[0m
2026-10-02T17:54:11.8914346Z 
2026-10-02T17:54:11.8914350Z 
2026-10-02T17:54:11.8914454Z [1;33mwarning[0m: warning 60
2026-10-02T17:54:11.8914685Z   [1;34m-->[0m test.sn:1:1
2026-10-02T17:54:11.8915050Z       source
2026-10-02T17:54:11.8915644Z       [1;33m^[0m
2026-10-02T17:54:11.8915757Z 
2026-10-02T17:54:11.8915760Z 
2026-10-02T17:54:11.8915864Z [1;33mwarning[0m: warning 61
2026-10-02T17:54:11.8916111Z   [1;34m-->[0m test.sn:1:1
2026-10-02T17:54:11.8916303Z       source
2026-10-02T17:54:11.8916480Z       [1;33m^[0m
2026-10-02T17:54:11.8916577Z 
2026-10-02T17:54:11.8916589Z 
2026-10-02T17:54:11.8916698Z [1;33mwarning[0m: warning 62
2026-10-02T17:54:11.8916928Z   [1;34m-->[0m test.sn:1:1
2026-10-02T17:54:11.8917116Z       source
2026-10-02T17:54:11.8917287Z       [1;33m^[0m
2026-10-02T17:54:11.8917390Z 
2026-10-02T17:54:11.8917393Z 
2026-10-02T17:54:11.8917493Z [1;33mwarning[0m: warning 63
2026-10-02T17:54:11.8917726Z   [1;34m-->[0m test.sn:1:1
2026-10-02T17:54:11.8917908Z       source
2026-10-02T17:54:11.8918084Z       [1;33m^[0m
2026-10-02T17:54:11.8918180Z 
2026-10-02T17:54:11.8918183Z 
2026-10-02T17:54:11.8918288Z [1;33mwarning[0m: warning 64
2026-10-02T17:54:11.8918515Z   [1;34m-->[0m test.sn:1:1
2026-10-02T17:54:11.8918698Z       source
2026-10-02T17:54:11.8918867Z       [1;33m^[0m
2026-10-02T17:54:11.8918966Z 
2026-10-02T17:54:11.8918969Z 
2026-10-02T17:54:11.8919073Z [1;33mwarning[0m: warning 65
2026-10-02T17:54:11.8919297Z   [1;34m-->[0m test.sn:1:1
2026-10-02T17:54:11.8919480Z       source
2026-10-02T17:54:11.8919814Z       [1;33m^[0m
2026-10-02T17:54:11.8919930Z 
2026-10-02T17:54:11.8919933Z 
2026-10-02T17:54:11.8920043Z [1;33mwarning[0m: warning 66
2026-10-02T17:54:11.8920290Z   [1;34m-->[0m test.sn:1:1
2026-10-02T17:54:11.8920487Z       source
2026-10-02T17:54:11.8920664Z       [1;33m^[0m
2026-10-02T17:54:11.8920765Z 
2026-10-02T17:54:11.8920767Z 
2026-10-02T17:54:11.8920881Z [1;33mwarning[0m: warning 67
2026-10-02T17:54:11.8921117Z   [1;34m-->[0m test.sn:1:1
2026-10-02T17:54:11.8921309Z       source
2026-10-02T17:54:11.8921489Z       [1;33m^[0m
2026-10-02T17:54:11.8921596Z 
2026-10-02T17:54:11.8921599Z 
2026-10-02T17:54:11.8921701Z [1;33mwarning[0m: warning 68
2026-10-02T17:54:11.8921934Z   [1;34m-->[0m test.sn:1:1
2026-10-02T17:54:11.8922126Z       source
2026-10-02T17:54:11.8922299Z       [1;33m^[0m
2026-10-02T17:54:11.8922397Z 
2026-10-02T17:54:11.8922400Z 
2026-10-02T17:54:11.8922507Z [1;33mwarning[0m: warning 69
2026-10-02T17:54:11.8922735Z   [1;34m-->[0m test.sn:1:1
2026-10-02T17:54:11.8922929Z       source
2026-10-02T17:54:11.8923103Z       [1;33m^[0m
2026-10-02T17:54:11.8923206Z 
2026-10-02T17:54:11.8923209Z 
2026-10-02T17:54:11.8923307Z [1;33mwarning[0m: warning 70
2026-10-02T17:54:11.8923537Z   [1;34m-->[0m test.sn:1:1
2026-10-02T17:54:11.8923725Z       source
2026-10-02T17:54:11.8923904Z       [1;33m^[0m
2026-10-02T17:54:11.8924005Z 
2026-10-02T17:54:11.8924008Z 
2026-10-02T17:54:11.8924120Z [1;33mwarning[0m: warning 71
2026-10-02T17:54:11.8924351Z   [1;34m-->[0m test.sn:1:1
2026-10-02T17:54:11.8924536Z       source
2026-10-02T17:54:11.8924710Z       [1;33m^[0m
2026-10-02T17:54:11.8924815Z 
2026-10-02T17:54:11.8924818Z 
2026-10-02T17:54:11.8924916Z [1;33mwarning[0m: warning 72
2026-10-02T17:54:11.8925142Z   [1;34m-->[0m test.sn:1:1
2026-10-02T17:54:11.8925329Z       source
2026-10-02T17:54:11.8925642Z       [1;33m^[0m
2026-10-02T17:54:11.8925818Z 
2026-10-02T17:54:11.8925823Z 
2026-10-02T17:54:11.8926007Z [1;33mwarning[0m: warning 73
2026-10-02T17:54:11.8926437Z   [1;34m-->[0m test.sn:1:1
2026-10-02T17:54:11.8926762Z       source
2026-10-02T17:54:11.8927079Z       [1;33m^[0m
2026-10-02T17:54:11.8927253Z 
2026-10-02T17:54:11.8927259Z 
2026-10-02T17:54:11.8927449Z [1;33mwarning[0m: warning 74
2026-10-02T17:54:11.8927855Z   [1;34m-->[0m test.sn:1:1
2026-10-02T17:54:11.8928392Z       source
2026-10-02T17:54:11.8928751Z       [1;33m^[0m
2026-10-02T17:54:11.8928921Z 
2026-10-02T17:54:11.8928926Z 
2026-10-02T17:54:11.8929112Z [1;33mwarning[0m: warning 75
2026-10-02T17:54:11.8929515Z   [1;34m-->[0m test.sn:1:1
2026-10-02T17:54:11.8929828Z       source
2026-10-02T17:54:11.8930085Z       [1;33m^[0m
2026-10-02T17:54:11.8930250Z 
2026-10-02T17:54:11.8930255Z 
2026-10-02T17:54:11.8930442Z [1;33mwarning[0m: warning 76
2026-10-02T17:54:11.8930839Z   [1;34m-->[0m test.sn:1:1
2026-10-02T17:54:11.8931157Z       source
2026-10-02T17:54:11.8931463Z       [1;33m^[0m
2026-10-02T17:54:11.8931645Z 
2026-10-02T17:54:11.8931651Z 
2026-10-02T17:54:11.8931824Z [1;33mwarning[0m: warning 77
2026-10-02T17:54:11.8932225Z   [1;34m-->[0m test.sn:1:1
2026-10-02T17:54:11.8932545Z       source
2026-10-02T17:54:11.8932868Z       [1;33m^[0m
2026-10-02T17:54:11.8933052Z 
2026-10-02T17:54:11.8933057Z 
2026-10-02T17:54:11.8933259Z [1;33mwarning[0m: warning 78
2026-10-02T17:54:11.8933765Z   [1;34m-->[0m test.sn:1:1
2026-10-02T17:54:11.8934096Z       source
2026-10-02T17:54:11.8934479Z       [1;33m^[0m
2026-10-02T17:54:11.8934677Z 
2026-10-02T17:54:11.8934684Z 
2026-10-02T17:54:11.8934880Z [1;33mwarning[0m: warning 79
2026-10-02T17:54:11.8935662Z   [1;34m-->[0m test.sn:1:1
2026-10-02T17:54:11.8936006Z       source
2026-10-02T17:54:11.8936355Z       [1;33m^[0m
2026-10-02T17:54:11.8936544Z 
2026-10-02T17:54:11.8936550Z 
2026-10-02T17:54:11.8936756Z [1;33mwarning[0m: warning 80
2026-10-02T17:54:11.8937163Z   [1;34m-->[0m test.sn:1:1
2026-10-02T17:54:11.8937479Z       source
2026-10-02T17:54:11.8937996Z       [1;33m^[0m
2026-10-02T17:54:11.8938145Z 
2026-10-02T17:54:11.8938149Z 
2026-10-02T17:54:11.8938304Z [1;33mwarning[0m: warning 81
2026-10-02T17:54:11.8938656Z   [1;34m-->[0m test.sn:1:1
2026-10-02T17:54:11.8938947Z       source
2026-10-02T17:54:11.8939211Z       [1;33m^[0m
2026-10-02T17:54:11.8939369Z 
2026-10-02T17:54:11.8939379Z 
2026-10-02T17:54:11.8939543Z [1;33mwarning[0m: warning 82
2026-10-02T17:54:11.8939927Z   [1;34m-->[0m test.sn:1:1
2026-10-02T17:54:11.8940244Z       source
2026-10-02T17:54:11.8940534Z       [1;33m^[0m
2026-10-02T17:54:11.8940699Z 
2026-10-02T17:54:11.8940704Z 
2026-10-02T17:54:11.8940877Z [1;33mwarning[0m: warning 83
2026-10-02T17:54:11.8941261Z   [1;34m-->[0m test.sn:1:1
2026-10-02T17:54:11.8941567Z       source
2026-10-02T17:54:11.8941857Z       [1;33m^[0m
2026-10-02T17:54:11.8942031Z 
2026-10-02T17:54:11.8942035Z 
2026-10-02T17:54:11.8942214Z [1;33mwarning[0m: warning 84
2026-10-02T17:54:11.8942628Z   [1;34m-->[0m test.sn:1:1
2026-10-02T17:54:11.8942975Z       source
2026-10-02T17:54:11.8943259Z       [1;33m^[0m
2026-10-02T17:54:11.8943367Z 
2026-10-02T17:54:11.8943371Z 
2026-10-02T17:54:11.8943481Z [1;33mwarning[0m: warning 85
2026-10-02T17:54:11.8943713Z   [1;34m-->[0m test.sn:1:1
2026-10-02T17:54:11.8943898Z       source
2026-10-02T17:54:11.8944081Z       [1;33m^[0m
2026-10-02T17:54:11.8944177Z 
2026-10-02T17:54:11.8944185Z 
2026-10-02T17:54:11.8944287Z [1;33mwarning[0m: warning 86
2026-10-02T17:54:11.8944511Z   [1;34m-->[0m test.sn:1:1
2026-10-02T17:54:11.8944691Z       source
2026-10-02T17:54:11.8944866Z       [1;33m^[0m
2026-10-02T17:54:11.8944965Z 
2026-10-02T17:54:11.8944968Z 
2026-10-02T17:54:11.8945070Z [1;33mwarning[0m: warning 87
2026-10-02T17:54:11.8945303Z   [1;34m-->[0m test.sn:1:1
2026-10-02T17:54:11.8945485Z       source
2026-10-02T17:54:11.8945656Z       [1;33m^[0m
2026-10-02T17:54:11.8945750Z 
2026-10-02T17:54:11.8945753Z 
2026-10-02T17:54:11.8945864Z [1;33mwarning[0m: warning 88
2026-10-02T17:54:11.8946094Z   [1;34m-->[0m test.sn:1:1
2026-10-02T17:54:11.8946277Z       source
2026-10-02T17:54:11.8946447Z       [1;33m^[0m
2026-10-02T17:54:11.8946551Z 
2026-10-02T17:54:11.8946554Z 
2026-10-02T17:54:11.8946653Z [1;33mwarning[0m: warning 89
2026-10-02T17:54:11.8946884Z   [1;34m-->[0m test.sn:1:1
2026-10-02T17:54:11.8947232Z       source
2026-10-02T17:54:11.8947423Z       [1;33m^[0m
2026-10-02T17:54:11.8947522Z 
2026-10-02T17:54:11.8947525Z 
2026-10-02T17:54:11.8947630Z [1;33mwarning[0m: warning 90
2026-10-02T17:54:11.8947860Z   [1;34m-->[0m test.sn:1:1
2026-10-02T17:54:11.8948046Z       source
2026-10-02T17:54:11.8948222Z       [1;33m^[0m
2026-10-02T17:54:11.8948326Z 
2026-10-02T17:54:11.8948329Z 
2026-10-02T17:54:11.8948427Z [1;33mwarning[0m: warning 91
2026-10-02T17:54:11.8948657Z   [1;34m-->[0m test.sn:1:1
2026-10-02T17:54:11.8948843Z       source
2026-10-02T17:54:11.8949016Z       [1;33m^[0m
2026-10-02T17:54:11.8949125Z 
2026-10-02T17:54:11.8949128Z 
2026-10-02T17:54:11.8949238Z [1;33mwarning[0m: warning 92
2026-10-02T17:54:11.8949486Z   [1;34m-->[0m test.sn:1:1
2026-10-02T17:54:11.8949681Z       source
2026-10-02T17:54:11.8949858Z       [1;33m^[0m
2026-10-02T17:54:11.8949961Z 
2026-10-02T17:54:11.8949964Z 
2026-10-02T17:54:11.8950073Z [1;33mwarning[0m: warning 93
2026-10-02T17:54:11.8950303Z   [1;34m-->[0m test.sn:1:1
2026-10-02T17:54:11.8950491Z       source
2026-10-02T17:54:11.8950666Z       [1;33m^[0m
2026-10-02T17:54:11.8950764Z 
2026-10-02T17:54:11.8950767Z 
2026-10-02T17:54:11.8950874Z [1;33mwarning[0m: warning 94
2026-10-02T17:54:11.8951102Z   [1;34m-->[0m test.sn:1:1
2026-10-02T17:54:11.8951286Z       source
2026-10-02T17:54:11.8951460Z       [1;33m^[0m
2026-10-02T17:54:11.8951560Z 
2026-10-02T17:54:11.8951563Z 
2026-10-02T17:54:11.8951666Z [1;33mwarning[0m: warning 95
2026-10-02T17:54:11.8951896Z   [1;34m-->[0m test.sn:1:1
2026-10-02T17:54:11.8952176Z       source
2026-10-02T17:54:11.8952353Z       [1;33m^[0m
2026-10-02T17:54:11.8952448Z 
2026-10-02T17:54:11.8952451Z 
2026-10-02T17:54:11.8952553Z [1;33mwarning[0m: warning 96
2026-10-02T17:54:11.8952778Z   [1;34m-->[0m test.sn:1:1
2026-10-02T17:54:11.8952959Z       source
2026-10-02T17:54:11.8953132Z       [1;33m^[0m
2026-10-02T17:54:11.8953231Z 
2026-10-02T17:54:11.8953238Z 
2026-10-02T17:54:11.8953337Z [1;33mwarning[0m: warning 97
2026-10-02T17:54:11.8953563Z   [1;34m-->[0m test.sn:1:1
2026-10-02T17:54:11.8953746Z       source
2026-10-02T17:54:11.8953921Z       [1;33m^[0m
2026-10-02T17:54:11.8954015Z 
2026-10-02T17:54:11.8954018Z 
2026-10-02T17:54:11.8954123Z [1;33mwarning[0m: warning 98
2026-10-02T17:54:11.8954350Z   [1;34m-->[0m test.sn:1:1
2026-10-02T17:54:11.8954533Z       source
2026-10-02T17:54:11.8954703Z       [1;33m^[0m
2026-10-02T17:54:11.8954802Z 
2026-10-02T17:54:11.8954804Z 
2026-10-02T17:54:11.8954900Z [1;33mwarning[0m: warning 99
2026-10-02T17:54:11.8955129Z   [1;34m-->[0m test.sn:1:1
2026-10-02T17:54:11.8955311Z       source
2026-10-02T17:54:11.8955992Z       [1;33m^[0m
2026-10-02T17:54:11.8956163Z 
2026-10-02T17:54:11.8956167Z 
2026-10-02T17:54:11.8956321Z [1;31merror[0m: error 0
2026-10-02T17:54:11.8956455Z 
2026-10-02T17:54:11.8956458Z 
2026-10-02T17:54:11.8956575Z [1;33mwarning[0m: warning 0
2026-10-02T17:54:11.8956825Z   [1;34m-->[0m test.sn:1:1
2026-10-02T17:54:11.8957020Z       source
2026-10-02T17:54:11.8957317Z       [1;33m^[0m
2026-10-02T17:54:11.8957511Z 
2026-10-02T17:54:11.8957518Z 
2026-10-02T17:54:11.8957711Z [1;31merror[0m: error 1
2026-10-02T17:54:11.8957943Z 
2026-10-02T17:54:11.8957948Z 
2026-10-02T17:54:11.8958157Z [1;33mwarning[0m: warning 1
2026-10-02T17:54:11.8958606Z   [1;34m-->[0m test.sn:1:1
2026-10-02T17:54:11.8958962Z       source
2026-10-02T17:54:11.8959294Z       [1;33m^[0m
2026-10-02T17:54:11.8959486Z 
2026-10-02T17:54:11.8959492Z 
2026-10-02T17:54:11.8959682Z [1;31merror[0m: error 2
2026-10-02T17:54:11.8959902Z 
2026-10-02T17:54:11.8959906Z 
2026-10-02T17:54:11.8960107Z [1;33mwarning[0m: warning 2
2026-10-02T17:54:11.8960523Z   [1;34m-->[0m test.sn:1:1
2026-10-02T17:54:11.8960844Z       source
2026-10-02T17:54:11.8961164Z       [1;33m^[0m
2026-10-02T17:54:11.8961336Z 
2026-10-02T17:54:11.8961341Z 
2026-10-02T17:54:11.8961755Z [1;31merror[0m: error 3
2026-10-02T17:54:11.8962015Z 
2026-10-02T17:54:11.8962021Z 
2026-10-02T17:54:11.8962248Z [1;33mwarning[0m: warning 3
2026-10-02T17:54:11.8962697Z   [1;34m-->[0m test.sn:1:1
2026-10-02T17:54:11.8963046Z       source
2026-10-02T17:54:11.8963383Z       [1;33m^[0m
2026-10-02T17:54:11.8963573Z 
2026-10-02T17:54:11.8963579Z 
2026-10-02T17:54:11.8963760Z [1;31merror[0m: error 4
2026-10-02T17:54:11.8963994Z 
2026-10-02T17:54:11.8963999Z 
2026-10-02T17:54:11.8964199Z [1;33mwarning[0m: warning 4
2026-10-02T17:54:11.8964617Z   [1;34m-->[0m test.sn:1:1
2026-10-02T17:54:11.8965465Z       source
2026-10-02T17:54:11.8966011Z       [1;33m^[0m
2026-10-02T17:54:11.8966190Z 
2026-10-02T17:54:11.8966195Z 
2026-10-02T17:54:11.8966358Z [1;31merror[0m: error 5
2026-10-02T17:54:11.8966567Z 
2026-10-02T17:54:11.8966571Z 
2026-10-02T17:54:11.8966748Z [1;33mwarning[0m: warning 5
2026-10-02T17:54:11.8967150Z   [1;34m-->[0m test.sn:1:1
2026-10-02T17:54:11.8967482Z       source
2026-10-02T17:54:11.8967819Z       [1;33m^[0m
2026-10-02T17:54:11.8968012Z 
2026-10-02T17:54:11.8968018Z 
2026-10-02T17:54:11.8968210Z [1;31merror[0m: error 6
2026-10-02T17:54:11.8968437Z 
2026-10-02T17:54:11.8968444Z 
2026-10-02T17:54:11.8968652Z [1;33mwarning[0m: warning 6
2026-10-02T17:54:11.8969103Z   [1;34m-->[0m test.sn:1:1
2026-10-02T17:54:11.8969453Z       source
2026-10-02T17:54:11.8969795Z       [1;33m^[0m
2026-10-02T17:54:11.8969979Z 
2026-10-02T17:54:11.8969985Z 
2026-10-02T17:54:11.8970166Z [1;31merror[0m: error 7
2026-10-02T17:54:11.8970384Z 
2026-10-02T17:54:11.8970389Z 
2026-10-02T17:54:11.8970850Z [1;33mwarning[0m: warning 7
2026-10-02T17:54:11.8971290Z   [1;34m-->[0m test.sn:1:1
2026-10-02T17:54:11.8971639Z       source
2026-10-02T17:54:11.8971985Z       [1;33m^[0m
2026-10-02T17:54:11.8972180Z 
2026-10-02T17:54:11.8972188Z 
2026-10-02T17:54:11.8972380Z [1;31merror[0m: error 8
2026-10-02T17:54:11.8972608Z 
2026-10-02T17:54:11.8972613Z 
2026-10-02T17:54:11.8972823Z [1;33mwarning[0m: warning 8
2026-10-02T17:54:11.8973263Z   [1;34m-->[0m test.sn:1:1
2026-10-02T17:54:11.8973596Z       source
2026-10-02T17:54:11.8973930Z       [1;33m^[0m
2026-10-02T17:54:11.8974100Z 
2026-10-02T17:54:11.8974106Z 
2026-10-02T17:54:11.8974274Z [1;31merror[0m: error 9
2026-10-02T17:54:11.8974481Z 
2026-10-02T17:54:11.8974486Z 
2026-10-02T17:54:11.8974653Z [1;33mwarning[0m: warning 9
2026-10-02T17:54:11.8975038Z   [1;34m-->[0m test.sn:1:1
2026-10-02T17:54:11.8975352Z       source
2026-10-02T17:54:11.8975644Z       [1;33m^[0m
2026-10-02T17:54:11.8976172Z 
2026-10-02T17:54:11.8976186Z 
2026-10-02T17:54:11.8976363Z [1;31merror[0m: error 10
2026-10-02T17:54:11.8976575Z 
2026-10-02T17:54:11.8976579Z 
2026-10-02T17:54:11.8976747Z [1;33mwarning[0m: warning 10
2026-10-02T17:54:11.8977134Z   [1;34m-->[0m test.sn:1:1
2026-10-02T17:54:11.8977436Z       source
2026-10-02T17:54:11.8977710Z       [1;33m^[0m
2026-10-02T17:54:11.8977880Z 
2026-10-02T17:54:11.8977890Z 
2026-10-02T17:54:11.8978048Z [1;31merror[0m: error 11
2026-10-02T17:54:11.8978268Z 
2026-10-02T17:54:11.8978272Z 
2026-10-02T17:54:11.8978465Z [1;33mwarning[0m: warning 11
2026-10-02T17:54:11.8979490Z   [1;34m-->[0m test.sn:1:1
2026-10-02T17:54:11.8979894Z       source
2026-10-02T17:54:11.8980299Z       [1;33m^[0m
2026-10-02T17:54:11.8980497Z 
2026-10-02T17:54:11.8980502Z 
2026-10-02T17:54:11.8980716Z [1;31merror[0m: error 12
2026-10-02T17:54:11.8980956Z 
2026-10-02T17:54:11.8980962Z 
2026-10-02T17:54:11.8981187Z [1;33mwarning[0m: warning 12
2026-10-02T17:54:11.8981665Z   [1;34m-->[0m test.sn:1:1
2026-10-02T17:54:11.8982036Z       source
2026-10-02T17:54:11.8982367Z       [1;33m^[0m
2026-10-02T17:54:11.8982555Z 
2026-10-02T17:54:11.8982561Z 
2026-10-02T17:54:11.8982752Z [1;31merror[0m: error 13
2026-10-02T17:54:11.8982996Z 
2026-10-02T17:54:11.8983001Z 
2026-10-02T17:54:11.8983186Z [1;33mwarning[0m: warning 13
2026-10-02T17:54:11.8983804Z   [1;34m-->[0m test.sn:1:1
2026-10-02T17:54:11.8984015Z       source
2026-10-02T17:54:11.8984201Z       [1;33m^[0m
2026-10-02T17:54:11.8984301Z 
2026-10-02T17:54:11.8984304Z 
2026-10-02T17:54:11.8984408Z [1;31merror[0m: error 14
2026-10-02T17:54:11.8984530Z 
2026-10-02T17:54:11.8984539Z 
2026-10-02T17:54:11.8984640Z [1;33mwarning[0m: warning 14
2026-10-02T17:54:11.8984869Z   [1;34m-->[0m test.sn:1:1
2026-10-02T17:54:11.8985252Z       source
2026-10-02T17:54:11.8986410Z       [1;33m^[0m
2026-10-02T17:54:11.8987052Z 
2026-10-02T17:54:11.8987059Z 
2026-10-02T17:54:11.8987293Z [1;31merror[0m: error 15
2026-10-02T17:54:11.8987543Z 
2026-10-02T17:54:11.8987548Z 
2026-10-02T17:54:11.8987750Z [1;33mwarning[0m: warning 15
2026-10-02T17:54:11.8988170Z   [1;34m-->[0m test.sn:1:1
2026-10-02T17:54:11.8988495Z       source
2026-10-02T17:54:11.8988802Z       [1;33m^[0m
2026-10-02T17:54:11.8988985Z 
2026-10-02T17:54:11.8988990Z 
2026-10-02T17:54:11.8989151Z [1;31merror[0m: error 16
2026-10-02T17:54:11.8990569Z 
2026-10-02T17:54:11.8990578Z 
2026-10-02T17:54:11.9002472Z [1;33mwarning[0m: warning 16
2026-10-02T17:54:11.9005494Z   [1;34m-->[0m test.sn:1:1
2026-10-02T17:54:11.9007688Z       source
2026-10-02T17:54:11.9009542Z       [1;33m^[0m
2026-10-02T17:54:11.9010565Z 
2026-10-02T17:54:11.9010574Z 
2026-10-02T17:54:11.9010888Z [1;31merror[0m: error 17
2026-10-02T17:54:11.9012281Z 
2026-10-02T17:54:11.9012306Z 
2026-10-02T17:54:11.9014416Z [1;33mwarning[0m: warning 17
2026-10-02T17:54:11.9017381Z   [1;34m-->[0m test.sn:1:1
2026-10-02T17:54:11.9018218Z       source
2026-10-02T17:54:11.9019218Z       [1;33m^[0m
2026-10-02T17:54:11.9020445Z 
2026-10-02T17:54:11.9020459Z 
2026-10-02T17:54:11.9021440Z [1;31merror[0m: error 18
2026-10-02T17:54:11.9024364Z 
2026-10-02T17:54:11.9024371Z 
2026-10-02T17:54:11.9024633Z [1;33mwarning[0m: warning 18
2026-10-02T17:54:11.9025095Z   [1;34m-->[0m test.sn:1:1
2026-10-02T17:54:11.9025444Z       source
2026-10-02T17:54:11.9025791Z       [1;33m^[0m
2026-10-02T17:54:11.9025965Z 
2026-10-02T17:54:11.9025970Z 
2026-10-02T17:54:11.9026150Z [1;31merror[0m: error 19
2026-10-02T17:54:11.9026369Z 
2026-10-02T17:54:11.9026379Z 
2026-10-02T17:54:11.9026558Z [1;33mwarning[0m: warning 19
2026-10-02T17:54:11.9026994Z   [1;34m-->[0m test.sn:1:1
2026-10-02T17:54:11.9027327Z       source
2026-10-02T17:54:11.9027649Z       [1;33m^[0m
2026-10-02T17:54:11.9027820Z 
2026-10-02T17:54:11.9027826Z 
2026-10-02T17:54:11.9028007Z [1;31merror[0m: error 20
2026-10-02T17:54:11.9028229Z 
2026-10-02T17:54:11.9028234Z 
2026-10-02T17:54:11.9028446Z [1;33mwarning[0m: warning 20
2026-10-02T17:54:11.9028887Z   [1;34m-->[0m test.sn:1:1
2026-10-02T17:54:11.9029228Z       source
2026-10-02T17:54:11.9029549Z       [1;33m^[0m
2026-10-02T17:54:11.9029756Z 
2026-10-02T17:54:11.9029765Z 
2026-10-02T17:54:11.9029956Z [1;31merror[0m: error 21
2026-10-02T17:54:11.9030169Z 
2026-10-02T17:54:11.9030174Z 
2026-10-02T17:54:11.9030362Z [1;33mwarning[0m: warning 21
2026-10-02T17:54:11.9030781Z   [1;34m-->[0m test.sn:1:1
2026-10-02T17:54:11.9031130Z       source
2026-10-02T17:54:11.9031471Z       [1;33m^[0m
2026-10-02T17:54:11.9031649Z 
2026-10-02T17:54:11.9031653Z 
2026-10-02T17:54:11.9031824Z [1;31merror[0m: error 22
2026-10-02T17:54:11.9032110Z 
2026-10-02T17:54:11.9032114Z 
2026-10-02T17:54:11.9032331Z [1;33mwarning[0m: warning 22
2026-10-02T17:54:11.9032796Z   [1;34m-->[0m test.sn:1:1
2026-10-02T17:54:11.9033129Z       source
2026-10-02T17:54:11.9033450Z       [1;33m^[0m
2026-10-02T17:54:11.9033631Z 
2026-10-02T17:54:11.9033646Z 
2026-10-02T17:54:11.9033815Z [1;31merror[0m: error 23
2026-10-02T17:54:11.9034039Z 
2026-10-02T17:54:11.9034044Z 
2026-10-02T17:54:11.9034227Z [1;33mwarning[0m: warning 23
2026-10-02T17:54:11.9035090Z   [1;34m-->[0m test.sn:1:1
2026-10-02T17:54:11.9035425Z       source
2026-10-02T17:54:11.9035773Z       [1;33m^[0m
2026-10-02T17:54:11.9035950Z 
2026-10-02T17:54:11.9036187Z 
2026-10-02T17:54:11.9036394Z [1;31merror[0m: error 24
2026-10-02T17:54:11.9036631Z 
2026-10-02T17:54:11.9036642Z 
2026-10-02T17:54:11.9036829Z [1;33mwarning[0m: warning 24
2026-10-02T17:54:11.9037240Z   [1;34m-->[0m test.sn:1:1
2026-10-02T17:54:11.9037579Z       source
2026-10-02T17:54:11.9037919Z       [1;33m^[0m
2026-10-02T17:54:11.9039118Z 
2026-10-02T17:54:11.9039124Z 
2026-10-02T17:54:11.9039790Z [1;31merror[0m: error 25
2026-10-02T17:54:11.9040071Z 
2026-10-02T17:54:11.9040078Z 
2026-10-02T17:54:11.9040334Z [1;33mwarning[0m: warning 25
2026-10-02T17:54:11.9040758Z   [1;34m-->[0m test.sn:1:1
2026-10-02T17:54:11.9041107Z       source
2026-10-02T17:54:11.9041422Z       [1;33m^[0m
2026-10-02T17:54:11.9041596Z 
2026-10-02T17:54:11.9041608Z 
2026-10-02T17:54:11.9041772Z [1;31merror[0m: error 26
2026-10-02T17:54:11.9042002Z 
2026-10-02T17:54:11.9042007Z 
2026-10-02T17:54:11.9042198Z [1;33mwarning[0m: warning 26
2026-10-02T17:54:11.9042648Z   [1;34m-->[0m test.sn:1:1
2026-10-02T17:54:11.9051408Z       source
2026-10-02T17:54:11.9051831Z       [1;33m^[0m
2026-10-02T17:54:11.9052040Z 
2026-10-02T17:54:11.9052047Z 
2026-10-02T17:54:11.9052243Z [1;31merror[0m: error 27
2026-10-02T17:54:11.9052482Z 
2026-10-02T17:54:11.9052487Z 
2026-10-02T17:54:11.9052687Z [1;33mwarning[0m: warning 27
2026-10-02T17:54:11.9053108Z   [1;34m-->[0m test.sn:1:1
2026-10-02T17:54:11.9053442Z       source
2026-10-02T17:54:11.9053746Z       [1;33m^[0m
2026-10-02T17:54:11.9053926Z 
2026-10-02T17:54:11.9053931Z 
2026-10-02T17:54:11.9054095Z [1;31merror[0m: error 28
2026-10-02T17:54:11.9054548Z 
2026-10-02T17:54:11.9054552Z 
2026-10-02T17:54:11.9054737Z [1;33mwarning[0m: warning 28
2026-10-02T17:54:11.9055150Z   [1;34m-->[0m test.sn:1:1
2026-10-02T17:54:11.9055485Z       source
2026-10-02T17:54:11.9055796Z       [1;33m^[0m
2026-10-02T17:54:11.9055974Z 
2026-10-02T17:54:11.9055979Z 
2026-10-02T17:54:11.9056168Z [1;31merror[0m: error 29
2026-10-02T17:54:11.9056427Z 
2026-10-02T17:54:11.9056433Z 
2026-10-02T17:54:11.9089177Z [1;33mwarning[0m: warning 29
2026-10-02T17:54:11.9093231Z   [1;34m-->[0m test.sn:1:1
2026-10-02T17:54:11.9093625Z       source
2026-10-02T17:54:11.9093970Z       [1;33m^[0m
2026-10-02T17:54:11.9094160Z 
2026-10-02T17:54:11.9094166Z 
2026-10-02T17:54:11.9094345Z [1;31merror[0m: error 30
2026-10-02T17:54:11.9094934Z 
2026-10-02T17:54:11.9094939Z 
2026-10-02T17:54:11.9095142Z [1;33mwarning[0m: warning 30
2026-10-02T17:54:11.9095564Z   [1;34m-->[0m test.sn:1:1
2026-10-02T17:54:11.9095896Z       source
2026-10-02T17:54:11.9096217Z       [1;33m^[0m
2026-10-02T17:54:11.9096406Z 
2026-10-02T17:54:11.9096411Z 
2026-10-02T17:54:11.9096586Z [1;31merror[0m: error 31
2026-10-02T17:54:11.9096805Z 
2026-10-02T17:54:11.9096810Z 
2026-10-02T17:54:11.9096986Z [1;33mwarning[0m: warning 31
2026-10-02T17:54:11.9097388Z   [1;34m-->[0m test.sn:1:1
2026-10-02T17:54:11.9097709Z       source
2026-10-02T17:54:11.9098026Z       [1;33m^[0m
2026-10-02T17:54:11.9098202Z 
2026-10-02T17:54:11.9098206Z 
2026-10-02T17:54:11.9098378Z [1;31merror[0m: error 32
2026-10-02T17:54:11.9098591Z 
2026-10-02T17:54:11.9098595Z 
2026-10-02T17:54:11.9098782Z [1;33mwarning[0m: warning 32
2026-10-02T17:54:11.9099181Z   [1;34m-->[0m test.sn:1:1
2026-10-02T17:54:11.9099505Z       source
2026-10-02T17:54:11.9099834Z       [1;33m^[0m
2026-10-02T17:54:11.9100031Z 
2026-10-02T17:54:11.9100036Z 
2026-10-02T17:54:11.9100242Z [1;31merror[0m: error 33
2026-10-02T17:54:11.9100492Z 
2026-10-02T17:54:11.9100497Z 
2026-10-02T17:54:11.9100729Z [1;33mwarning[0m: warning 33
2026-10-02T17:54:11.9101225Z   [1;34m-->[0m test.sn:1:1
2026-10-02T17:54:11.9101585Z       source
2026-10-02T17:54:11.9101932Z       [1;33m^[0m
2026-10-02T17:54:11.9102113Z 
2026-10-02T17:54:11.9102118Z 
2026-10-02T17:54:11.9102294Z [1;31merror[0m: error 34
2026-10-02T17:54:11.9102515Z 
2026-10-02T17:54:11.9102520Z 
2026-10-02T17:54:11.9103014Z [1;33mwarning[0m: warning 34
2026-10-02T17:54:11.9103510Z   [1;34m-->[0m test.sn:1:1
2026-10-02T17:54:11.9103867Z       source
2026-10-02T17:54:11.9104201Z       [1;33m^[0m
2026-10-02T17:54:11.9104391Z 
2026-10-02T17:54:11.9104396Z 
2026-10-02T17:54:11.9104583Z [1;31merror[0m: error 35
2026-10-02T17:54:11.9104824Z 
2026-10-02T17:54:11.9104828Z 
2026-10-02T17:54:11.9105039Z [1;33mwarning[0m: warning 35
2026-10-02T17:54:11.9105486Z   [1;34m-->[0m test.sn:1:1
2026-10-02T17:54:11.9105830Z       source
2026-10-02T17:54:11.9106154Z       [1;33m^[0m
2026-10-02T17:54:11.9106336Z 
2026-10-02T17:54:11.9106341Z 
2026-10-02T17:54:11.9106533Z [1;31merror[0m: error 36
2026-10-02T17:54:11.9106776Z 
2026-10-02T17:54:11.9106781Z 
2026-10-02T17:54:11.9106990Z [1;33mwarning[0m: warning 36
2026-10-02T17:54:11.9107442Z   [1;34m-->[0m test.sn:1:1
2026-10-02T17:54:11.9107816Z       source
2026-10-02T17:54:11.9108130Z       [1;33m^[0m
2026-10-02T17:54:11.9108313Z 
2026-10-02T17:54:11.9108319Z 
2026-10-02T17:54:11.9108498Z [1;31merror[0m: error 37
2026-10-02T17:54:11.9108733Z 
2026-10-02T17:54:11.9108738Z 
2026-10-02T17:54:11.9108929Z [1;33mwarning[0m: warning 37
2026-10-02T17:54:11.9109366Z   [1;34m-->[0m test.sn:1:1
2026-10-02T17:54:11.9109713Z       source
2026-10-02T17:54:11.9110037Z       [1;33m^[0m
2026-10-02T17:54:11.9110210Z 
2026-10-02T17:54:11.9110215Z 
2026-10-02T17:54:11.9110388Z [1;31merror[0m: error 38
2026-10-02T17:54:11.9110608Z 
2026-10-02T17:54:11.9110613Z 
2026-10-02T17:54:11.9110811Z [1;33mwarning[0m: warning 38
2026-10-02T17:54:11.9111253Z   [1;34m-->[0m test.sn:1:1
2026-10-02T17:54:11.9111903Z       source
2026-10-02T17:54:11.9120413Z       [1;33m^[0m
2026-10-02T17:54:11.9121203Z 
2026-10-02T17:54:11.9121210Z 
2026-10-02T17:54:11.9122408Z [1;31merror[0m: error 39
2026-10-02T17:54:11.9123213Z 
2026-10-02T17:54:11.9123220Z 
2026-10-02T17:54:11.9126283Z [1;33mwarning[0m: warning 39
2026-10-02T17:54:11.9132538Z   [1;34m-->[0m test.sn:1:1
2026-10-02T17:54:11.9140595Z       source
2026-10-02T17:54:11.9141054Z       [1;33m^[0m
2026-10-02T17:54:11.9141264Z 
2026-10-02T17:54:11.9141270Z 
2026-10-02T17:54:11.9141453Z [1;31merror[0m: error 40
2026-10-02T17:54:11.9142279Z 
2026-10-02T17:54:11.9142287Z 
2026-10-02T17:54:11.9142586Z [1;33mwarning[0m: warning 40
2026-10-02T17:54:11.9143060Z   [1;34m-->[0m test.sn:1:1
2026-10-02T17:54:11.9145032Z       source
2026-10-02T17:54:11.9151167Z       [1;33m^[0m
2026-10-02T17:54:11.9151379Z 
2026-10-02T17:54:11.9151386Z 
2026-10-02T17:54:11.9151615Z [1;31merror[0m: error 41
2026-10-02T17:54:11.9151865Z 
2026-10-02T17:54:11.9151884Z 
2026-10-02T17:54:11.9152091Z [1;33mwarning[0m: warning 41
2026-10-02T17:54:11.9152540Z   [1;34m-->[0m test.sn:1:1
2026-10-02T17:54:11.9152878Z       source
2026-10-02T17:54:11.9153217Z       [1;33m^[0m
2026-10-02T17:54:11.9153751Z 
2026-10-02T17:54:11.9153757Z 
2026-10-02T17:54:11.9153974Z [1;31merror[0m: error 42
2026-10-02T17:54:11.9154208Z 
2026-10-02T17:54:11.9154215Z 
2026-10-02T17:54:11.9154415Z [1;33mwarning[0m: warning 42
2026-10-02T17:54:11.9154833Z   [1;34m-->[0m test.sn:1:1
2026-10-02T17:54:11.9155156Z       source
2026-10-02T17:54:11.9155488Z       [1;33m^[0m
2026-10-02T17:54:11.9155675Z 
2026-10-02T17:54:11.9155680Z 
2026-10-02T17:54:11.9155871Z [1;31merror[0m: error 43
2026-10-02T17:54:11.9156093Z 
2026-10-02T17:54:11.9156099Z 
2026-10-02T17:54:11.9156278Z [1;33mwarning[0m: warning 43
2026-10-02T17:54:11.9156628Z   [1;34m-->[0m test.sn:1:1
2026-10-02T17:54:11.9156924Z       source
2026-10-02T17:54:11.9157240Z       [1;33m^[0m
2026-10-02T17:54:11.9157433Z 
2026-10-02T17:54:11.9157439Z 
2026-10-02T17:54:11.9157634Z [1;31merror[0m: error 44
2026-10-02T17:54:11.9157849Z 
2026-10-02T17:54:11.9157854Z 
2026-10-02T17:54:11.9158034Z [1;33mwarning[0m: warning 44
2026-10-02T17:54:11.9158425Z   [1;34m-->[0m test.sn:1:1
2026-10-02T17:54:11.9158757Z       source
2026-10-02T17:54:11.9159259Z       [1;33m^[0m
2026-10-02T17:54:11.9159460Z 
2026-10-02T17:54:11.9159465Z 
2026-10-02T17:54:11.9159646Z [1;31merror[0m: error 45
2026-10-02T17:54:11.9159872Z 
2026-10-02T17:54:11.9159876Z 
2026-10-02T17:54:11.9160065Z [1;33mwarning[0m: warning 45
2026-10-02T17:54:11.9160498Z   [1;34m-->[0m test.sn:1:1
2026-10-02T17:54:11.9161115Z       source
2026-10-02T17:54:11.9161537Z       [1;33m^[0m
2026-10-02T17:54:11.9161742Z 
2026-10-02T17:54:11.9161748Z 
2026-10-02T17:54:11.9162476Z [1;31merror[0m: error 46
2026-10-02T17:54:11.9162989Z 
2026-10-02T17:54:11.9162997Z 
2026-10-02T17:54:11.9163267Z [1;33mwarning[0m: warning 46
2026-10-02T17:54:11.9164605Z   [1;34m-->[0m test.sn:1:1
2026-10-02T17:54:11.9165629Z       source
2026-10-02T17:54:11.9166025Z       [1;33m^[0m
2026-10-02T17:54:11.9166223Z 
2026-10-02T17:54:11.9166229Z 
2026-10-02T17:54:11.9166433Z [1;31merror[0m: error 47
2026-10-02T17:54:11.9166696Z 
2026-10-02T17:54:11.9166701Z 
2026-10-02T17:54:11.9166926Z [1;33mwarning[0m: warning 47
2026-10-02T17:54:11.9167361Z   [1;34m-->[0m test.sn:1:1
2026-10-02T17:54:11.9168554Z       source
2026-10-02T17:54:11.9170956Z       [1;33m^[0m
2026-10-02T17:54:11.9171177Z 
2026-10-02T17:54:11.9171184Z 
2026-10-02T17:54:11.9171372Z [1;31merror[0m: error 48
2026-10-02T17:54:11.9171611Z 
2026-10-02T17:54:11.9171615Z 
2026-10-02T17:54:11.9172084Z [1;33mwarning[0m: warning 48
2026-10-02T17:54:11.9173136Z   [1;34m-->[0m test.sn:1:1
2026-10-02T17:54:11.9173794Z       source
2026-10-02T17:54:11.9174151Z       [1;33m^[0m
2026-10-02T17:54:11.9174331Z 
2026-10-02T17:54:11.9174338Z 
2026-10-02T17:54:11.9174810Z [1;31merror[0m: error 49
2026-10-02T17:54:11.9179273Z 
2026-10-02T17:54:11.9179283Z 
2026-10-02T17:54:11.9179573Z [1;33mwarning[0m: warning 49
2026-10-02T17:54:11.9180386Z   [1;34m-->[0m test.sn:1:1
2026-10-02T17:54:11.9180734Z       source
2026-10-02T17:54:11.9181066Z       [1;33m^[0m
2026-10-02T17:54:11.9181251Z 
2026-10-02T17:54:11.9181258Z 
2026-10-02T17:54:11.9196843Z [1;31merror[0m: xxxxxxxxxxxxxxxxxxxxxxxxxxxxxxxxxxxxxxxxxxxxxxxxxxxxxxxxxxxxxxxxxxxxxxxxxxxxxxxxxxxxxxxxxxxxxxxxxxxxxxxxxxxxxxxxxxxxxxxxxxxxxxxxxxxxxxxxxxxxxxxxxxxxxxxxxxxxxxxxxxxxxxxxxxxxxxxxxxxxxxxxxxxxxxxxxxxxxxxxxxxxxxxxxxxxxxxxxxxxxxxxxxxxxxxxxxxxxxxxxxxxxxxxxxxxxxxxxxxxxxxxxxxxxxxxxxxxxxxxxxxxxxxxxxxxxxxxxxxxxxxxxxxxxxxxxxxxxxxxxxxxxxxxxxxxxxxxxxxxxxxxxxxxxxxxxxxxxxxxxxxxxxxxxxxxxxxxxxxxxxxxxxxxxxxxxxxxxxxxxxxxxxxxxxxxxxxxxxxxxxxxxxxxxxxxxxxxxxxxxxxxxxxxxxxxxxxxxxxxxxxxxxxxxxxxxxxxxxxxxxxxxxxxxxxxxxxxxxxxxxxxxxxxxxx
2026-10-02T17:54:11.9210571Z 
2026-10-02T17:54:11.9210580Z 
2026-10-02T17:54:11.9211181Z [1;31merror[0m: error with special chars: <>"'&%
2026-10-02T17:54:11.9212317Z 
2026-10-02T17:54:11.9212325Z 
2026-10-02T17:54:11.9214576Z [1;31merror[0m: error
2026-10-02T17:54:11.9216237Z 
2026-10-02T17:54:11.9216244Z 
2026-10-02T17:54:11.9217224Z [1;31merror[0m: error
2026-10-02T17:54:11.9217472Z 
2026-10-02T17:54:11.9217479Z 
2026-10-02T17:54:11.9217704Z [1;31merror[0m: error
2026-10-02T17:54:11.9217932Z 
2026-10-02T17:54:11.9217938Z 
2026-10-02T17:54:11.9218377Z [1;31merror[0m: error
2026-10-02T17:54:11.9220182Z 
2026-10-02T17:54:11.9220189Z 
2026-10-02T17:54:11.9222112Z [1;31merror[0m: error
2026-10-02T17:54:11.9224706Z 
2026-10-02T17:54:11.9224713Z 
2026-10-02T17:54:11.9225377Z [1;31merror[0m: error
2026-10-02T17:54:11.9225641Z 
2026-10-02T17:54:11.9225647Z 
2026-10-02T17:54:11.9225867Z [1;31merror[0m: error
2026-10-02T17:54:11.9226115Z 
2026-10-02T17:54:11.9226120Z 
2026-10-02T17:54:11.9226327Z [1;31merror[0m: error
2026-10-02T17:54:11.9226550Z 
2026-10-02T17:54:11.9226569Z 
2026-10-02T17:54:11.9226769Z [1;31merror[0m: error
2026-10-02T17:54:11.9227000Z 
2026-10-02T17:54:11.9227005Z 
2026-10-02T17:54:11.9227211Z [1;31merror[0m: error
2026-10-02T17:54:11.9228320Z 
2026-10-02T17:54:11.9228337Z 
2026-10-02T17:54:11.9228569Z [1;31merror[0m: error
2026-10-02T17:54:11.9228823Z 
2026-10-02T17:54:11.9228830Z 
2026-10-02T17:54:11.9229238Z [1;31merror[0m: error
2026-10-02T17:54:11.9229482Z 
2026-10-02T17:54:11.9229487Z 
2026-10-02T17:54:11.9229697Z [1;31merror[0m: error
2026-10-02T17:54:11.9229931Z 
2026-10-02T17:54:11.9229936Z 
2026-10-02T17:54:11.9230136Z [1;31merror[0m: error
2026-10-02T17:54:11.9230827Z 
2026-10-02T17:54:11.9230834Z 
2026-10-02T17:54:11.9231091Z [1;31merror[0m: error
2026-10-02T17:54:11.9231243Z 
2026-10-02T17:54:11.9231246Z 
2026-10-02T17:54:11.9231357Z [1;31merror[0m: error
2026-10-02T17:54:11.9231476Z 
2026-10-02T17:54:11.9231486Z 
2026-10-02T17:54:11.9231995Z [1;31merror[0m: error
2026-10-02T17:54:11.9232289Z 
2026-10-02T17:54:11.9232294Z 
2026-10-02T17:54:11.9232841Z [1;31merror[0m: error
2026-10-02T17:54:11.9233139Z 
2026-10-02T17:54:11.9233145Z 
2026-10-02T17:54:11.9233397Z [1;31merror[0m: error
2026-10-02T17:54:11.9233650Z 
2026-10-02T17:54:11.9233657Z 
2026-10-02T17:54:11.9233887Z [1;31merror[0m: error
2026-10-02T17:54:11.9234144Z 
2026-10-02T17:54:11.9234150Z 
2026-10-02T17:54:11.9235156Z [1;31merror[0m: error
2026-10-02T17:54:11.9235442Z 
2026-10-02T17:54:11.9235449Z 
2026-10-02T17:54:11.9235682Z [1;31merror[0m: error
2026-10-02T17:54:11.9235921Z 
2026-10-02T17:54:11.9235926Z 
2026-10-02T17:54:11.9236117Z [1;31merror[0m: error
2026-10-02T17:54:11.9236348Z 
2026-10-02T17:54:11.9236353Z 
2026-10-02T17:54:11.9236539Z [1;31merror[0m: error
2026-10-02T17:54:11.9236776Z 
2026-10-02T17:54:11.9236781Z 
2026-10-02T17:54:11.9236967Z [1;31merror[0m: error
2026-10-02T17:54:11.9240166Z 
2026-10-02T17:54:11.9240187Z 
2026-10-02T17:54:11.9240731Z [1;31merror[0m: error
2026-10-02T17:54:11.9241759Z 
2026-10-02T17:54:11.9241766Z 
2026-10-02T17:54:11.9242014Z [1;31merror[0m: error
2026-10-02T17:54:11.9242252Z 
2026-10-02T17:54:11.9242257Z 
2026-10-02T17:54:11.9242460Z [1;31merror[0m: error
2026-10-02T17:54:11.9242678Z 
2026-10-02T17:54:11.9242684Z 
2026-10-02T17:54:11.9242875Z [1;31merror[0m: error
2026-10-02T17:54:11.9243098Z 
2026-10-02T17:54:11.9243116Z 
2026-10-02T17:54:11.9243306Z [1;31merror[0m: error
2026-10-02T17:54:11.9243528Z 
2026-10-02T17:54:11.9243534Z 
2026-10-02T17:54:11.9243718Z [1;31merror[0m: error
2026-10-02T17:54:11.9243940Z 
2026-10-02T17:54:11.9243945Z 
2026-10-02T17:54:11.9244144Z [1;31merror[0m: error
2026-10-02T17:54:11.9244378Z 
2026-10-02T17:54:11.9244384Z 
2026-10-02T17:54:11.9244604Z [1;31merror[0m: error
2026-10-02T17:54:11.9244870Z 
2026-10-02T17:54:11.9244878Z 
2026-10-02T17:54:11.9245144Z [1;31merror[0m: error
2026-10-02T17:54:11.9245395Z 
2026-10-02T17:54:11.9245400Z 
2026-10-02T17:54:11.9245707Z [1;31merror[0m: error
2026-10-02T17:54:11.9246026Z 
2026-10-02T17:54:11.9246031Z 
2026-10-02T17:54:11.9246213Z [1;31merror[0m: error
2026-10-02T17:54:11.9246428Z 
2026-10-02T17:54:11.9246433Z 
2026-10-02T17:54:11.9246620Z [1;31merror[0m: error
2026-10-02T17:54:11.9246836Z 
2026-10-02T17:54:11.9246841Z 
2026-10-02T17:54:11.9247033Z [1;31merror[0m: error
2026-10-02T17:54:11.9247254Z 
2026-10-02T17:54:11.9247261Z 
2026-10-02T17:54:11.9247452Z [1;31merror[0m: error
2026-10-02T17:54:11.9247661Z 
2026-10-02T17:54:11.9247667Z 
2026-10-02T17:54:11.9247858Z [1;31merror[0m: error
2026-10-02T17:54:11.9248076Z 
2026-10-02T17:54:11.9248081Z 
2026-10-02T17:54:11.9248262Z [1;31merror[0m: error
2026-10-02T17:54:11.9248443Z 
2026-10-02T17:54:11.9248447Z 
2026-10-02T17:54:11.9248597Z [1;31merror[0m: error
2026-10-02T17:54:11.9248810Z 
2026-10-02T17:54:11.9248815Z 
2026-10-02T17:54:11.9249002Z [1;31merror[0m: error
2026-10-02T17:54:11.9249214Z 
2026-10-02T17:54:11.9249218Z 
2026-10-02T17:54:11.9249416Z [1;31merror[0m: error
2026-10-02T17:54:11.9249627Z 
2026-10-02T17:54:11.9249633Z 
2026-10-02T17:54:11.9250294Z [1;31merror[0m: error
2026-10-02T17:54:11.9250575Z 
2026-10-02T17:54:11.9250581Z 
2026-10-02T17:54:11.9250828Z [1;31merror[0m: error
2026-10-02T17:54:11.9251064Z 
2026-10-02T17:54:11.9251069Z 
2026-10-02T17:54:11.9251266Z [1;31merror[0m: error
2026-10-02T17:54:11.9251728Z 
2026-10-02T17:54:11.9251740Z 
2026-10-02T17:54:11.9252326Z [1;31merror[0m: error
2026-10-02T17:54:11.9252575Z 
2026-10-02T17:54:11.9252581Z 
2026-10-02T17:54:11.9252786Z [1;31merror[0m: error
2026-10-02T17:54:11.9253004Z 
2026-10-02T17:54:11.9253009Z 
2026-10-02T17:54:11.9253205Z [1;31merror[0m: error
2026-10-02T17:54:11.9253418Z 
2026-10-02T17:54:11.9253423Z 
2026-10-02T17:54:11.9253619Z [1;31merror[0m: error
2026-10-02T17:54:11.9253840Z 
2026-10-02T17:54:11.9253846Z 
2026-10-02T17:54:11.9254043Z [1;31merror[0m: error
2026-10-02T17:54:11.9254266Z 
2026-10-02T17:54:11.9254283Z 
2026-10-02T17:54:11.9254470Z [1;31merror[0m: error
2026-10-02T17:54:11.9254691Z 
2026-10-02T17:54:11.9254697Z 
2026-10-02T17:54:11.9254879Z [1;31merror[0m: error
2026-10-02T17:54:11.9255099Z 
2026-10-02T17:54:11.9255104Z 
2026-10-02T17:54:11.9255293Z [1;31merror[0m: error
2026-10-02T17:54:11.9255506Z 
2026-10-02T17:54:11.9255511Z 
2026-10-02T17:54:11.9255706Z [1;31merror[0m: error
2026-10-02T17:54:11.9255918Z 
2026-10-02T17:54:11.9255924Z 
2026-10-02T17:54:11.9256114Z [1;31merror[0m: error
2026-10-02T17:54:11.9256324Z 
2026-10-02T17:54:11.9256329Z 
2026-10-02T17:54:11.9256523Z [1;31merror[0m: error
2026-10-02T17:54:11.9256749Z 
2026-10-02T17:54:11.9256754Z 
2026-10-02T17:54:11.9256940Z [1;31merror[0m: error
2026-10-02T17:54:11.9257167Z 
2026-10-02T17:54:11.9257176Z 
2026-10-02T17:54:11.9257366Z [1;31merror[0m: error
2026-10-02T17:54:11.9257588Z 
2026-10-02T17:54:11.9257594Z 
2026-10-02T17:54:11.9257790Z [1;31merror[0m: error
2026-10-02T17:54:11.9258001Z 
2026-10-02T17:54:11.9258187Z 
2026-10-02T17:54:11.9258384Z [1;31merror[0m: error
2026-10-02T17:54:11.9258605Z 
2026-10-02T17:54:11.9258610Z 
2026-10-02T17:54:11.9258812Z [1;31merror[0m: error
2026-10-02T17:54:11.9259031Z 
2026-10-02T17:54:11.9259044Z 
2026-10-02T17:54:11.9259217Z [1;31merror[0m: error
2026-10-02T17:54:11.9259425Z 
2026-10-02T17:54:11.9259429Z 
2026-10-02T17:54:11.9259596Z [1;31merror[0m: error
2026-10-02T17:54:11.9259804Z 
2026-10-02T17:54:11.9259808Z 
2026-10-02T17:54:11.9259965Z [1;31merror[0m: error
2026-10-02T17:54:11.9260168Z 
2026-10-02T17:54:11.9260173Z 
2026-10-02T17:54:11.9260336Z [1;31merror[0m: error
2026-10-02T17:54:11.9260531Z 
2026-10-02T17:54:11.9260536Z 
2026-10-02T17:54:11.9260700Z [1;31merror[0m: error
2026-10-02T17:54:11.9260895Z 
2026-10-02T17:54:11.9260900Z 
2026-10-02T17:54:11.9261066Z [1;31merror[0m: error
2026-10-02T17:54:11.9261265Z 
2026-10-02T17:54:11.9261277Z 
2026-10-02T17:54:11.9261439Z [1;31merror[0m: error
2026-10-02T17:54:11.9261649Z 
2026-10-02T17:54:11.9261654Z 
2026-10-02T17:54:11.9261811Z [1;31merror[0m: error
2026-10-02T17:54:11.9262013Z 
2026-10-02T17:54:11.9262018Z 
2026-10-02T17:54:11.9262176Z [1;31merror[0m: error
2026-10-02T17:54:11.9262385Z 
2026-10-02T17:54:11.9262389Z 
2026-10-02T17:54:11.9262551Z [1;31merror[0m: error
2026-10-02T17:54:11.9262749Z 
2026-10-02T17:54:11.9262760Z 
2026-10-02T17:54:11.9262924Z [1;31merror[0m: error
2026-10-02T17:54:11.9263119Z 
2026-10-02T17:54:11.9263124Z 
2026-10-02T17:54:11.9263294Z [1;31merror[0m: error
2026-10-02T17:54:11.9263492Z 
2026-10-02T17:54:11.9263497Z 
2026-10-02T17:54:11.9263657Z [1;31merror[0m: error
2026-10-02T17:54:11.9263860Z 
2026-10-02T17:54:11.9263865Z 
2026-10-02T17:54:11.9264023Z [1;31merror[0m: error
2026-10-02T17:54:11.9264226Z 
2026-10-02T17:54:11.9264230Z 
2026-10-02T17:54:11.9264390Z [1;31merror[0m: error
2026-10-02T17:54:11.9264590Z 
2026-10-02T17:54:11.9264595Z 
2026-10-02T17:54:11.9264760Z [1;31merror[0m: error
2026-10-02T17:54:11.9264960Z 
2026-10-02T17:54:11.9264964Z 
2026-10-02T17:54:11.9265124Z [1;31merror[0m: error
2026-10-02T17:54:11.9265318Z 
2026-10-02T17:54:11.9265323Z 
2026-10-02T17:54:11.9265483Z [1;31merror[0m: error
2026-10-02T17:54:11.9265683Z 
2026-10-02T17:54:11.9265688Z 
2026-10-02T17:54:11.9265847Z [1;31merror[0m: error
2026-10-02T17:54:11.9266055Z 
2026-10-02T17:54:11.9266231Z 
2026-10-02T17:54:11.9266409Z [1;31merror[0m: error
2026-10-02T17:54:11.9266619Z 
2026-10-02T17:54:11.9266624Z 
2026-10-02T17:54:11.9266790Z [1;31merror[0m: error
2026-10-02T17:54:11.9267000Z 
2026-10-02T17:54:11.9267005Z 
2026-10-02T17:54:11.9267171Z [1;31merror[0m: error
2026-10-02T17:54:11.9267371Z 
2026-10-02T17:54:11.9267375Z 
2026-10-02T17:54:11.9267540Z [1;31merror[0m: error
2026-10-02T17:54:11.9267731Z 
2026-10-02T17:54:11.9267736Z 
2026-10-02T17:54:11.9267899Z [1;31merror[0m: error
2026-10-02T17:54:11.9268103Z 
2026-10-02T17:54:11.9268108Z 
2026-10-02T17:54:11.9268261Z [1;31merror[0m: error
2026-10-02T17:54:11.9268473Z 
2026-10-02T17:54:11.9268477Z 
2026-10-02T17:54:11.9268635Z [1;31merror[0m: error
2026-10-02T17:54:11.9268833Z 
2026-10-02T17:54:11.9268837Z 
2026-10-02T17:54:11.9269000Z [1;31merror[0m: error
2026-10-02T17:54:11.9269204Z 
2026-10-02T17:54:11.9269209Z 
2026-10-02T17:54:11.9269375Z [1;31merror[0m: error
2026-10-02T17:54:11.9269579Z 
2026-10-02T17:54:11.9269583Z 
2026-10-02T17:54:11.9269746Z [1;31merror[0m: error
2026-10-02T17:54:11.9269943Z 
2026-10-02T17:54:11.9269948Z 
2026-10-02T17:54:11.9270109Z [1;31merror[0m: error
2026-10-02T17:54:11.9270305Z 
2026-10-02T17:54:11.9270310Z 
2026-10-02T17:54:11.9270468Z [1;31merror[0m: error
2026-10-02T17:54:11.9270669Z 
2026-10-02T17:54:11.9270674Z 
2026-10-02T17:54:11.9270835Z [1;31merror[0m: error
2026-10-02T17:54:11.9271034Z 
2026-10-02T17:54:11.9271039Z 
2026-10-02T17:54:11.9271196Z [1;31merror[0m: error
2026-10-02T17:54:11.9271396Z 
2026-10-02T17:54:11.9271401Z 
2026-10-02T17:54:11.9271735Z [1;31merror[0m: error
2026-10-02T17:54:11.9271937Z 
2026-10-02T17:54:11.9271942Z 
2026-10-02T17:54:11.9272484Z [1;31merror[0m: error
2026-10-02T17:54:11.9272688Z 
2026-10-02T17:54:11.9272693Z 
2026-10-02T17:54:11.9272867Z [1;31merror[0m: error
2026-10-02T17:54:11.9273066Z 
2026-10-02T17:54:11.9273071Z 
2026-10-02T17:54:11.9273235Z [1;31merror[0m: error
2026-10-02T17:54:11.9273437Z 
2026-10-02T17:54:11.9273442Z 
2026-10-02T17:54:11.9273602Z [1;31merror[0m: error
2026-10-02T17:54:11.9273802Z 
2026-10-02T17:54:11.9274569Z [ERROR] D:/a/sindarin-compiler/sindarin-compiler/src/ast/ast_type.c:332: Cannot create function type: param_types is NULL but param_count > 0
2026-10-02T17:54:11.9277163Z [ERROR] D:/a/sindarin-compiler/sindarin-compiler/src/ast/ast_expr_basic.c:8: Cannot create comparison with NULL expressions
2026-10-02T17:54:11.9278739Z [ERROR] D:/a/sindarin-compiler/sindarin-compiler/src/ast/ast_expr_basic.c:8: Cannot create comparison with NULL expressions
2026-10-02T17:54:11.9280784Z [ERROR] D:/a/sindarin-compiler/sindarin-compiler/src/ast/ast_expr_struct.c:73: Cannot create member access with NULL object
2026-10-02T17:54:11.9281849Z 
2026-10-02T17:54:11.9282744Z [1;31merror[0m: 'static' at module level can only be used with 'var' or 'sync var'. Did you mean 'static var' or 'static sync var'? (got 'fn')
2026-10-02T17:54:11.9283804Z   [1;34m-->[0m test.sn:1:1
2026-10-02T17:54:11.9284155Z       source
2026-10-02T17:54:11.9284479Z       [1;31m^^[0m
2026-10-02T17:54:11.9284663Z 
2026-10-02T17:54:11.9284668Z 
2026-10-02T17:54:11.9284908Z [1;31merror[0m: Expected expression (got '')
2026-10-02T17:54:11.9285427Z   [1;34m-->[0m test.sn:2:1
2026-10-02T17:54:11.9285664Z 
2026-10-02T17:54:11.9285669Z 
2026-10-02T17:54:11.9286134Z [1;31merror[0m: Cannot use reserved keyword 'for' as namespace name (got 'for')
2026-10-02T17:54:11.9286848Z   [1;34m-->[0m test.sn:1:1
2026-10-02T17:54:11.9287178Z       source
2026-10-02T17:54:11.9287494Z       [1;31m^^^[0m
2026-10-02T17:54:11.9287689Z 
2026-10-02T17:54:11.9287694Z 
2026-10-02T17:54:11.9288055Z [1;31merror[0m: Expected namespace identifier after 'as' (got '
2026-10-02T17:54:11.9288597Z ')
2026-10-02T17:54:11.9288921Z   [1;34m-->[0m test.sn:2:1
2026-10-02T17:54:11.9289151Z 
2026-10-02T17:54:11.9289156Z 
2026-10-02T17:54:11.9289854Z [1;31merror[0m: Cannot use reserved keyword 'var' as namespace name (got 'var')
2026-10-02T17:54:11.9290581Z   [1;34m-->[0m test.sn:1:1
2026-10-02T17:54:11.9291188Z       source
2026-10-02T17:54:11.9291515Z       [1;31m^^^[0m
2026-10-02T17:54:11.9291934Z 
2026-10-02T17:54:11.9291943Z 
2026-10-02T17:54:11.9292470Z [1;31merror[0m: Cannot use reserved keyword 'fn' as namespace name (got 'fn')
2026-10-02T17:54:11.9293207Z   [1;34m-->[0m test.sn:1:1
2026-10-02T17:54:11.9293559Z       source
2026-10-02T17:54:11.9293923Z       [1;31m^^[0m
2026-10-02T17:54:11.9294848Z 
2026-10-02T17:54:11.9294856Z 
2026-10-02T17:54:11.9295597Z [1;31merror[0m: Cannot use reserved keyword 'return' as namespace name (got 'return')
2026-10-02T17:54:11.9297011Z   [1;34m-->[0m test.sn:1:1
2026-10-02T17:54:11.9297389Z       source
2026-10-02T17:54:11.9297719Z       [1;31m^^^^^^[0m
2026-10-02T17:54:11.9297928Z 
2026-10-02T17:54:11.9297934Z 
2026-10-02T17:54:11.9298437Z [1;31merror[0m: Cannot use reserved keyword 'import' as namespace name (got 'import')
2026-10-02T17:54:11.9299172Z   [1;34m-->[0m test.sn:1:1
2026-10-02T17:54:11.9299506Z       source
2026-10-02T17:54:11.9299826Z       [1;31m^^^^^^[0m
2026-10-02T17:54:11.9300026Z 
2026-10-02T17:54:11.9300031Z 
2026-10-02T17:54:11.9300462Z [1;31merror[0m: Cannot use reserved keyword 'str' as namespace name (got 'str')
2026-10-02T17:54:11.9301151Z   [1;34m-->[0m test.sn:1:1
2026-10-02T17:54:11.9301472Z       source
2026-10-02T17:54:11.9301787Z       [1;31m^^^[0m
2026-10-02T17:54:11.9301971Z 
2026-10-02T17:54:11.9301976Z 
2026-10-02T17:54:11.9302412Z [1;31merror[0m: Cannot use reserved keyword 'int' as namespace name (got 'int')
2026-10-02T17:54:11.9303320Z   [1;34m-->[0m test.sn:1:1
2026-10-02T17:54:11.9303650Z       source
2026-10-02T17:54:11.9303959Z       [1;31m^^^[0m
2026-10-02T17:54:11.9304147Z 
2026-10-02T17:54:11.9304151Z 
2026-10-02T17:54:11.9304585Z [1;31merror[0m: Expected namespace identifier after 'as' (got '
2026-10-02T17:54:11.9305116Z ')
2026-10-02T17:54:11.9305438Z   [1;34m-->[0m test.sn:2:1
2026-10-02T17:54:11.9305672Z 
2026-10-02T17:54:11.9305677Z 
2026-10-02T17:54:11.9306047Z [1;31merror[0m: Expected namespace identifier after 'as' (got '123')
2026-10-02T17:54:11.9306693Z   [1;34m-->[0m test.sn:1:1
2026-10-02T17:54:11.9307022Z       source
2026-10-02T17:54:11.9307220Z       [1;31m^^^[0m
2026-10-02T17:54:11.9307330Z 
2026-10-02T17:54:11.9307334Z 
2026-10-02T17:54:11.9307549Z [1;31merror[0m: Duplicate field name 'x' in struct 'Point' (got 'x')
2026-10-02T17:54:11.9307905Z   [1;34m-->[0m test.sn:4:1
2026-10-02T17:54:11.9308055Z 
2026-10-02T17:54:11.9308066Z 
2026-10-02T17:54:11.9308485Z [1;31merror[0m: Pointer field 'ptr' not allowed in struct 'Data'. Use 'native struct' for structs with pointer fields:
2026-10-02T17:54:11.9309006Z     native struct Data =>
2026-10-02T17:54:11.9309219Z         ptr: *... (got 'ptr')
2026-10-02T17:54:11.9309462Z   [1;34m-->[0m test.sn:2:1
2026-10-02T17:54:11.9309591Z 
2026-10-02T17:54:11.9309597Z 
2026-10-02T17:54:11.9309840Z [1;31merror[0m: Expected '=>' after struct name or 'as ref'/'as val' (got '
2026-10-02T17:54:11.9310200Z ')
2026-10-02T17:54:11.9310390Z   [1;34m-->[0m test.sn:2:1
2026-10-02T17:54:11.9310533Z 
2026-10-02T17:54:11.9310536Z 
2026-10-02T17:54:11.9310662Z [1;31merror[0m: Expected type (got '
2026-10-02T17:54:11.9310886Z ')
2026-10-02T17:54:11.9311062Z   [1;34m-->[0m test.sn:3:1
2026-10-02T17:54:11.9311195Z 
2026-10-02T17:54:11.9311198Z 
2026-10-02T17:54:11.9311377Z [1;31merror[0m: Expected ':' after field name (got '1.0')
2026-10-02T17:54:11.9311694Z   [1;34m-->[0m test.sn:4:1
2026-10-02T17:54:11.9311826Z 
2026-10-02T17:54:11.9311829Z 
2026-10-02T17:54:11.9312029Z [1;31merror[0m: Expected field name in struct literal (got '123')
2026-10-02T17:54:11.9312374Z   [1;34m-->[0m test.sn:4:1
2026-10-02T17:54:11.9312501Z 
2026-10-02T17:54:11.9313551Z [ERROR] D:/a/sindarin-compiler/sindarin-compiler/src/symbol_table/symbol_table_core.c:245: NULL arena in symbol_table_init
2026-10-02T17:54:11.9314787Z [ERROR] D:/a/sindarin-compiler/sindarin-compiler/src/symbol_table/symbol_table_core.c:406: No active scope when adding symbol
2026-10-02T17:54:11.9315783Z [ERROR] D:/a/sindarin-compiler/sindarin-compiler/src/symbol_table/symbol_table_core.c:680: Symbol not found in get_symbol_offset: 'bad_offset'
2026-10-02T17:54:11.9316688Z [ERROR] D:/a/sindarin-compiler/sindarin-compiler/src/symbol_table/symbol_table_thread.c:82: Cannot mark NULL symbol as pending
2026-10-02T17:54:11.9317548Z [ERROR] D:/a/sindarin-compiler/sindarin-compiler/src/symbol_table/symbol_table_thread.c:100: Cannot mark NULL symbol as synchronized
2026-10-02T17:54:11.9318469Z [ERROR] D:/a/sindarin-compiler/sindarin-compiler/src/symbol_table/symbol_table_namespace_basic.c:116: Namespace 'badns' not found
2026-10-02T17:54:11.9319414Z [ERROR] D:/a/sindarin-compiler/sindarin-compiler/src/symbol_table/symbol_table_namespace_basic.c:29: Namespace 'dupns' already exists in global scope
2026-10-02T17:54:11.9320401Z [ERROR] D:/a/sindarin-compiler/sindarin-compiler/src/symbol_table/symbol_table_core.c:680: Symbol not found in get_symbol_offset: 'anything'
2026-10-02T17:54:11.9321162Z [ERROR] D:/a/sindarin-compiler/sindarin-compiler/src/token.c:52: Invalid SnTokenType: -1
2026-10-02T17:54:11.9321747Z [ERROR] D:/a/sindarin-compiler/sindarin-compiler/src/token.c:52: Invalid SnTokenType: 999
2026-10-02T17:54:11.9321974Z [ERROR] D:/a/sindarin-compiler/sindarin-compiler/src/token.c:52: Invalid SnTokenType: 999
2026-10-02T17:54:11.9321979Z 
2026-10-02T17:54:11.9322215Z [1;31merror[0m: Initializer type does not match variable type
2026-10-02T17:54:11.9322455Z   [1;34m-->[0m test.sn:1:1
2026-10-02T17:54:11.9322521Z       source
2026-10-02T17:54:11.9322612Z       [1;31m^^^[0m
2026-10-02T17:54:11.9322622Z 
2026-10-02T17:54:11.9322625Z 
2026-10-02T17:54:11.9322750Z [1;31merror[0m: Cannot access non-array
2026-10-02T17:54:11.9322856Z   [1;34m-->[0m test.sn:2:1
2026-10-02T17:54:11.9322859Z 
2026-10-02T17:54:11.9322867Z 
2026-10-02T17:54:11.9323015Z [1;31merror[0m: Array index must be numeric type
2026-10-02T17:54:11.9323117Z   [1;34m-->[0m test.sn:2:1
2026-10-02T17:54:11.9323120Z 
2026-10-02T17:54:11.9323123Z 
2026-10-02T17:54:11.9323257Z [1;31merror[0m: Type mismatch in assignment
2026-10-02T17:54:11.9323354Z   [1;34m-->[0m test.sn:1:1
2026-10-02T17:54:11.9323420Z       source
2026-10-02T17:54:11.9323510Z       [1;31m^^^[0m
2026-10-02T17:54:11.9323514Z 
2026-10-02T17:54:11.9323517Z 
2026-10-02T17:54:11.9323699Z [1;31merror[0m: Cannot slice non-array, non-pointer type
2026-10-02T17:54:11.9323803Z   [1;34m-->[0m test.sn:1:1
2026-10-02T17:54:11.9323867Z       source
2026-10-02T17:54:11.9323956Z       [1;31m^[0m
2026-10-02T17:54:11.9323960Z 
2026-10-02T17:54:11.9323963Z 
2026-10-02T17:54:11.9324170Z [1;31merror[0m: Default value type does not match array element type
2026-10-02T17:54:11.9324271Z   [1;34m-->[0m test.sn:1:1
2026-10-02T17:54:11.9324332Z       source
2026-10-02T17:54:11.9324422Z       [1;31m^^^[0m
2026-10-02T17:54:11.9324425Z 
2026-10-02T17:54:11.9324428Z 
2026-10-02T17:54:11.9324577Z [1;31merror[0m: Array size must be an integer type
2026-10-02T17:54:11.9324680Z   [1;34m-->[0m test.sn:1:1
2026-10-02T17:54:11.9324746Z       source
2026-10-02T17:54:11.9324832Z       [1;31m^^^[0m
2026-10-02T17:54:11.9324835Z 
2026-10-02T17:54:11.9324838Z 
2026-10-02T17:54:11.9324991Z [1;31merror[0m: Type 'array' has no member 'invalid'
2026-10-02T17:54:11.9324995Z 
2026-10-02T17:54:11.9324998Z 
2026-10-02T17:54:11.9325269Z [1;33mwarning[0m: 'as ref' on string/array type has no effect (already heap-allocated)
2026-10-02T17:54:11.9325377Z   [1;34m-->[0m test.sn:1:1
2026-10-02T17:54:11.9325443Z       source
2026-10-02T17:54:11.9325528Z       [1;33m^^^[0m
2026-10-02T17:54:11.9325532Z 
2026-10-02T17:54:11.9325535Z 
2026-10-02T17:54:11.9325755Z [1;31merror[0m: 'as ref' only applies to primitive or struct parameters
2026-10-02T17:54:11.9326362Z   [1;34m-->[0m test.sn:1:1
2026-10-02T17:54:11.9326453Z       source
2026-10-02T17:54:11.9326555Z       [1;31m^[0m
2026-10-02T17:54:11.9326566Z 
2026-10-02T17:54:11.9326569Z 
2026-10-02T17:54:11.9326702Z [1;31merror[0m: Parameter type is missing
2026-10-02T17:54:11.9326809Z   [1;34m-->[0m test.sn:1:1
2026-10-02T17:54:11.9326869Z       source
2026-10-02T17:54:11.9326958Z       [1;31m^[0m
2026-10-02T17:54:11.9326961Z 
2026-10-02T17:54:11.9326964Z 
2026-10-02T17:54:11.9327099Z [1;31merror[0m: Invalid types for + operator
2026-10-02T17:54:11.9327200Z   [1;34m-->[0m test.sn:1:1
2026-10-02T17:54:11.9327269Z       source
2026-10-02T17:54:11.9327352Z       [1;31m^[0m
2026-10-02T17:54:11.9327355Z 
2026-10-02T17:54:11.9327358Z 
2026-10-02T17:54:11.9327524Z [1;31merror[0m: Thread spawn requires function call
2026-10-02T17:54:11.9327620Z   [1;34m-->[0m test.sn:1:1
2026-10-02T17:54:11.9327684Z       source
2026-10-02T17:54:11.9327766Z       [1;31m^[0m
2026-10-02T17:54:11.9327773Z 
2026-10-02T17:54:11.9327782Z 
2026-10-02T17:54:11.9327927Z [1;31merror[0m: Thread spawn requires function call
2026-10-02T17:54:11.9328030Z   [1;34m-->[0m test.sn:1:1
2026-10-02T17:54:11.9328087Z       source
2026-10-02T17:54:11.9328174Z       [1;31m^[0m
2026-10-02T17:54:11.9328177Z 
2026-10-02T17:54:11.9328180Z 
2026-10-02T17:54:11.9328358Z [1;31merror[0m: Cannot assign void thread spawn to variable
2026-10-02T17:54:11.9328463Z   [1;34m-->[0m test.sn:2:1
2026-10-02T17:54:11.9328466Z 
2026-10-02T17:54:11.9328469Z 
2026-10-02T17:54:11.9328683Z [1;31merror[0m: Thread spawn return type does not match variable type
2026-10-02T17:54:11.9328869Z   [1;34m-->[0m test.sn:2:1
2026-10-02T17:54:11.9328873Z 
2026-10-02T17:54:11.9328876Z 
2026-10-02T17:54:11.9329029Z [1;31merror[0m: Sync requires thread handle variable
2026-10-02T17:54:11.9329124Z   [1;34m-->[0m test.sn:1:1
2026-10-02T17:54:11.9329189Z       source
2026-10-02T17:54:11.9329270Z       [1;31m^[0m
2026-10-02T17:54:11.9329283Z 
2026-10-02T17:54:11.9329286Z 
2026-10-02T17:54:11.9329415Z [1;31merror[0m: Cannot sync unknown variable
2026-10-02T17:54:11.9329514Z   [1;34m-->[0m test.sn:1:1
2026-10-02T17:54:11.9329572Z       source
2026-10-02T17:54:11.9329660Z       [1;31m^[0m
2026-10-02T17:54:11.9329663Z 
2026-10-02T17:54:11.9329666Z 
2026-10-02T17:54:11.9329845Z [1;31merror[0m: Multi-sync requires [var1, var2, ...]! syntax
2026-10-02T17:54:11.9329946Z   [1;34m-->[0m test.sn:1:1
2026-10-02T17:54:11.9330007Z       source
2026-10-02T17:54:11.9330088Z       [1;31m^[0m
2026-10-02T17:54:11.9330091Z 
2026-10-02T17:54:11.9330098Z 
2026-10-02T17:54:11.9330295Z [1;31merror[0m: Sync list elements must be thread handle variables
2026-10-02T17:54:11.9330390Z   [1;34m-->[0m test.sn:1:1
2026-10-02T17:54:11.9330453Z       source
2026-10-02T17:54:11.9330535Z       [1;31m^[0m
2026-10-02T17:54:11.9330539Z 
2026-10-02T17:54:11.9330547Z 
2026-10-02T17:54:11.9330723Z [1;31merror[0m: Sync list element is not a thread variable
2026-10-02T17:54:11.9330824Z   [1;34m-->[0m test.sn:1:1
2026-10-02T17:54:11.9330879Z       source
2026-10-02T17:54:11.9330966Z       [1;31m^[0m
2026-10-02T17:54:11.9330970Z 
2026-10-02T17:54:11.9330973Z 
2026-10-02T17:54:11.9331410Z [1;31merror[0m: Cannot access pending thread variable 'pendingResult' before synchronization (use pendingResult! to sync)
2026-10-02T17:54:11.9331509Z   [1;34m-->[0m test.sn:1:1
2026-10-02T17:54:11.9331573Z       source
2026-10-02T17:54:11.9331672Z       [1;31m^^^^^^^^^^^^^[0m
2026-10-02T17:54:11.9331676Z 
2026-10-02T17:54:11.9331679Z 
2026-10-02T17:54:11.9332053Z [1;31merror[0m: Cannot reassign pending thread variable 'pendingResult' (use pendingResult! to sync first)
2026-10-02T17:54:11.9332151Z   [1;34m-->[0m test.sn:1:1
2026-10-02T17:54:11.9332212Z       source
2026-10-02T17:54:11.9332306Z       [1;31m^^^^^^^^^^^^^[0m
2026-10-02T17:54:11.9332315Z 
2026-10-02T17:54:11.9332318Z 
2026-10-02T17:54:11.9332866Z [1;31merror[0m: Cannot dereference pointer to opaque type
2026-10-02T17:54:11.9332996Z   [1;34m-->[0m test.sn:4:1
2026-10-02T17:54:11.9333001Z 
2026-10-02T17:54:11.9333004Z 
2026-10-02T17:54:11.9333242Z [1;31merror[0m: Function 'printf' requires at least 1 argument(s), got 0
2026-10-02T17:54:11.9333345Z   [1;34m-->[0m test.sn:3:1
2026-10-02T17:54:11.9333349Z 
2026-10-02T17:54:11.9333352Z 
2026-10-02T17:54:11.9333786Z [1;31merror[0m: Native callback parameter type must be C-compatible (primitives, pointers, or opaque types)
2026-10-02T17:54:11.9333887Z   [1;34m-->[0m test.sn:1:1
2026-10-02T17:54:11.9333952Z       source
2026-10-02T17:54:11.9334057Z       [1;31m^^^^^^^^^^^[0m
2026-10-02T17:54:11.9334061Z 
2026-10-02T17:54:11.9334063Z 
2026-10-02T17:54:11.9334429Z [1;31merror[0m: Native callback return type must be C-compatible (primitives, pointers, or opaque types)
2026-10-02T17:54:11.9334530Z   [1;34m-->[0m test.sn:1:1
2026-10-02T17:54:11.9334587Z       source
2026-10-02T17:54:11.9335058Z       [1;31m^^^^^^^^^^^[0m
2026-10-02T17:54:11.9335066Z 
2026-10-02T17:54:11.9335070Z 
2026-10-02T17:54:11.9335609Z [1;31merror[0m: Native lambda cannot capture variable 'counter' - use void* userdata pattern instead
2026-10-02T17:54:11.9335745Z   [1;34m-->[0m test.sn:4:1
2026-10-02T17:54:11.9335749Z 
2026-10-02T17:54:11.9335752Z 
2026-10-02T17:54:11.9335996Z [1;31merror[0m: Native lambda parameter count does not match callback type
2026-10-02T17:54:11.9336094Z   [1;34m-->[0m test.sn:3:1
2026-10-02T17:54:11.9336098Z 
2026-10-02T17:54:11.9336101Z 
2026-10-02T17:54:11.9336278Z [1;31merror[0m: Cannot slice non-array, non-pointer type
2026-10-02T17:54:11.9336523Z   [1;34m-->[0m test.sn:2:1
2026-10-02T17:54:11.9336527Z 
2026-10-02T17:54:11.9336529Z 
2026-10-02T17:54:11.9336869Z [1;31merror[0m: Pointer slice in non-native function requires valueOf() (e.g., valueOf(ptr[0..len]))
2026-10-02T17:54:11.9336979Z   [1;34m-->[0m test.sn:2:1
2026-10-02T17:54:11.9336983Z 
2026-10-02T17:54:11.9336990Z 
2026-10-02T17:54:11.9337159Z [1;31merror[0m: Cannot slice non-array, non-pointer type
2026-10-02T17:54:11.9337256Z   [1;34m-->[0m test.sn:2:1
2026-10-02T17:54:11.9337259Z 
2026-10-02T17:54:11.9337263Z 
2026-10-02T17:54:11.9337432Z [1;31merror[0m: Invalid operand in valueOf() expression
2026-10-02T17:54:11.9337526Z   [1;34m-->[0m test.sn:2:1
2026-10-02T17:54:11.9337529Z 
2026-10-02T17:54:11.9337533Z 
2026-10-02T17:54:11.9337854Z [1;31merror[0m: Pointer slicing does not support step parameter (ptr[start..end:step] invalid)
2026-10-02T17:54:11.9337957Z   [1;34m-->[0m test.sn:2:1
2026-10-02T17:54:11.9337964Z 
2026-10-02T17:54:11.9337967Z 
2026-10-02T17:54:11.9338124Z [1;31merror[0m: Invalid operand in valueOf() expression
2026-10-02T17:54:11.9338225Z   [1;34m-->[0m test.sn:2:1
2026-10-02T17:54:11.9338229Z 
2026-10-02T17:54:11.9338232Z 
2026-10-02T17:54:11.9338463Z [1;31merror[0m: Pointer variables can only be declared in native functions
2026-10-02T17:54:11.9338561Z   [1;34m-->[0m test.sn:1:1
2026-10-02T17:54:11.9338625Z       source
2026-10-02T17:54:11.9338711Z       [1;31m^[0m
2026-10-02T17:54:11.9338715Z 
2026-10-02T17:54:11.9338718Z 
2026-10-02T17:54:11.9338870Z [1;31merror[0m: Pointer arithmetic is not allowed
2026-10-02T17:54:11.9338968Z   [1;34m-->[0m test.sn:1:1
2026-10-02T17:54:11.9339034Z       source
2026-10-02T17:54:11.9339116Z       [1;31m^[0m
2026-10-02T17:54:11.9339125Z 
2026-10-02T17:54:11.9339129Z 
2026-10-02T17:54:11.9339270Z [1;31merror[0m: Pointer arithmetic is not allowed
2026-10-02T17:54:11.9339376Z   [1;34m-->[0m test.sn:1:1
2026-10-02T17:54:11.9339439Z       source
2026-10-02T17:54:11.9339529Z       [1;31m^[0m
2026-10-02T17:54:11.9339533Z 
2026-10-02T17:54:11.9339536Z 
2026-10-02T17:54:11.9339675Z [1;31merror[0m: Pointer arithmetic is not allowed
2026-10-02T17:54:11.9339773Z   [1;34m-->[0m test.sn:1:1
2026-10-02T17:54:11.9339836Z       source
2026-10-02T17:54:11.9339917Z       [1;31m^[0m
2026-10-02T17:54:11.9340744Z 
2026-10-02T17:54:11.9340751Z 
2026-10-02T17:54:11.9340941Z [1;31merror[0m: Pointer arithmetic is not allowed
2026-10-02T17:54:11.9341049Z   [1;34m-->[0m test.sn:1:1
2026-10-02T17:54:11.9341116Z       source
2026-10-02T17:54:11.9341201Z       [1;31m^[0m
2026-10-02T17:54:11.9341204Z 
2026-10-02T17:54:11.9341214Z 
2026-10-02T17:54:11.9341363Z [1;31merror[0m: Pointer arithmetic is not allowed
2026-10-02T17:54:11.9341468Z   [1;34m-->[0m test.sn:1:1
2026-10-02T17:54:11.9341526Z       source
2026-10-02T17:54:11.9341616Z       [1;31m^[0m
2026-10-02T17:54:11.9341619Z 
2026-10-02T17:54:11.9341622Z 
2026-10-02T17:54:11.9341854Z [1;31merror[0m: 'as ref' only applies to primitive or struct parameters
2026-10-02T17:54:11.9341956Z   [1;34m-->[0m test.sn:2:1
2026-10-02T17:54:11.9341960Z 
2026-10-02T17:54:11.9341963Z 
2026-10-02T17:54:11.9342267Z [1;31merror[0m: 'as ref' parameter requires a variable or field, not a literal or expression
2026-10-02T17:54:11.9342364Z   [1;34m-->[0m test.sn:5:1
2026-10-02T17:54:11.9342368Z 
2026-10-02T17:54:11.9342863Z Assertion failed: no_error == 1, file D:/a/sindarin-compiler/sindarin-compiler/tests/unit/type_checker/type_checker_tests_native_pointer_inline.c, line 69
2026-10-02T17:57:07.4945387Z 
2026-10-02T17:57:07.4946019Z ------------------------------------------------------------
2026-10-02T17:57:07.4946616Z Unit tests failed  (419ms)
2026-10-02T17:57:07.4946886Z 
2026-10-02T17:57:07.4947015Z Code Generation Tests
2026-10-02T17:57:07.4947366Z ============================================================
2026-10-02T17:57:07.4947826Z   Running 107 tests with 4 workers...
2026-10-02T17:57:07.4948467Z 
2026-10-02T17:57:07.4949362Z                                                             
2026-10-02T17:57:07.4949744Z 
2026-10-02T17:57:07.4949959Z ------------------------------------------------------------
2026-10-02T17:57:07.4950548Z Results: 107 passed, 0 failed, 0 skipped  (12.21s)
2026-10-02T17:57:07.4950935Z 
2026-10-02T17:57:07.4951284Z Model Generation Tests
2026-10-02T17:57:07.4951893Z ============================================================
2026-10-02T17:57:07.4952416Z   Running 79 tests with 4 workers...
2026-10-02T17:57:07.4952709Z 
2026-10-02T17:57:07.4952853Z                                                             
2026-10-02T17:57:07.4953169Z 
2026-10-02T17:57:07.4953348Z ------------------------------------------------------------
2026-10-02T17:57:07.4953920Z Results: 79 passed, 0 failed, 0 skipped  (497ms)
2026-10-02T17:57:07.4954297Z 
2026-10-02T17:57:07.4954383Z Integration Tests
2026-10-02T17:57:07.4954594Z ============================================================
2026-10-02T17:57:07.4954893Z   Running 1141 tests with 4 workers...
2026-10-02T17:57:07.4955060Z 
2026-10-02T17:57:07.4955159Z                                                             
2026-10-02T17:57:07.4955528Z   test_sync_var_array                           FAIL (compile error)  (284ms)
2026-10-02T17:57:07.4956380Z     [1mCompiling[0m tests/integration/test_sync_var_array.sn...
2026-10-02T17:57:07.4956758Z       Parsing... [1;36mdone[0m
2026-10-02T17:57:07.4957035Z       Type checking... [1;36mdone[0m
2026-10-02T17:57:07.4957326Z       Code generation... [1;36mdone[0m
2026-10-02T17:57:07.4957570Z       Linking...
2026-10-02T17:57:07.4958128Z     clang-22: warning: argument unused during compilation: '-rtlib=compiler-rt' [-Wunused-command-line-argument]
2026-10-02T17:57:07.4958872Z     clang-22: warning: argument unused during compilation: '-unwindlib=none' [-Wunused-command-line-argument]
2026-10-02T17:57:07.4959834Z     .sn/build/test_sync_var_array_4664\main.c:14:9: error: incompatible pointer types passing '_Atomic(SnArray) *' to parameter of type 'SnArray *' [-Wincompatible-pointer-types]
2026-10-02T17:57:07.4960594Z        14 |         __sn__arr_push(&__sn__items, strdup("a"));
2026-10-02T17:57:07.4960906Z           |         ^~~~~~~~~~~~~~~~~~~~~~~~~~~~~~~~~~~~~~~~~
2026-10-02T17:57:07.4961690Z     D:\a\sindarin-compiler\sindarin-compiler\bin\include\minimal/sn_array.h:249:38: note: expanded from macro '__sn__arr_push'
2026-10-02T17:57:07.4962378Z       249 | #define __sn__arr_push(arr_ptr, ...) __sn___push(arr_ptr, __VA_ARGS__)
2026-10-02T17:57:07.4962773Z           |                                      ^~~~~~~~~~~~~~~~~~~~~~~~~~~~~~~~~
2026-10-02T17:57:07.4963336Z     D:\a\sindarin-compiler\sindarin-compiler\bin\include\minimal/sn_array.h:161:24: note: expanded from macro '__sn___push'
2026-10-02T17:57:07.4963994Z       161 |     sn_array_push_safe(*(arr_ptr), &__sn_push_tmp__, sizeof(__sn_push_tmp__)); \
2026-10-02T17:57:07.4964380Z           |                        ^~~~~~~~~~
2026-10-02T17:57:07.4964919Z     D:\a\sindarin-compiler\sindarin-compiler\bin\include\minimal/sn_array.h:75:34: note: passing argument to parameter 'arr' here
2026-10-02T17:57:07.4965587Z        75 | void sn_array_push_safe(SnArray *arr, const void *elem, size_t value_size);
2026-10-02T17:57:07.4965968Z           |                                  ^
2026-10-02T17:57:07.4966678Z     .sn/build/test_sync_var_array_4664\main.c:16:9: error: incompatible pointer types passing '_Atomic(SnArray) *' to parameter of type 'SnArray *' [-Wincompatible-pointer-types]
2026-10-02T17:57:07.4967428Z        16 |         __sn__arr_push(&__sn__items, strdup("b"));
2026-10-02T17:57:07.4967727Z           |         ^~~~~~~~~~~~~~~~~~~~~~~~~~~~~~~~~~~~~~~~~
2026-10-02T17:57:07.4968279Z     D:\a\sindarin-compiler\sindarin-compiler\bin\include\minimal/sn_array.h:249:38: note: expanded from macro '__sn__arr_push'
2026-10-02T17:57:07.4968911Z       249 | #define __sn__arr_push(arr_ptr, ...) __sn___push(arr_ptr, __VA_ARGS__)
2026-10-02T17:57:07.4969871Z           |                                      ^~~~~~~~~~~~~~~~~~~~~~~~~~~~~~~~~
2026-10-02T17:57:07.4970453Z     D:\a\sindarin-compiler\sindarin-compiler\bin\include\minimal/sn_array.h:161:24: note: expanded from macro '__sn___push'
2026-10-02T17:57:07.4971126Z       161 |     sn_array_push_safe(*(arr_ptr), &__sn_push_tmp__, sizeof(__sn_push_tmp__)); \
2026-10-02T17:57:07.4971516Z           |                        ^~~~~~~~~~
2026-10-02T17:57:07.4972066Z     D:\a\sindarin-compiler\sindarin-compiler\bin\include\minimal/sn_array.h:75:34: note: passing argument to parameter 'arr' here
2026-10-02T17:57:07.4972737Z        75 | void sn_array_push_safe(SnArray *arr, const void *elem, size_t value_size);
2026-10-02T17:57:07.4973116Z           |                                  ^
2026-10-02T17:57:07.4973763Z     .sn/build/test_sync_var_array_4664\main.c:26:27: error: incompatible pointer types assigning to '_Atomic(char) *' from 'char *' [-Wincompatible-pointer-types]
2026-10-02T17:57:07.4974435Z        26 |             __sn__message = __sn_tmp__;
2026-10-02T17:57:07.4974704Z           |                           ^ ~~~~~~~~~~
2026-10-02T17:57:07.4975145Z     .sn/build/test_sync_var_array_4664\main.c:27:13: warning: expression result unused [-Wunused-value]
2026-10-02T17:57:07.4975586Z        27 |             __sn__message;
2026-10-02T17:57:07.4975855Z           |             ^~~~~~~~~~~~~
2026-10-02T17:57:07.4976512Z     .sn/build/test_sync_var_array_4664\main.c:55:17: error: incompatible pointer types assigning to '_Atomic(SnArray) *' from 'SnArray *' [-Wincompatible-pointer-types]
2026-10-02T17:57:07.4977203Z        55 |     __sn__items = ({
2026-10-02T17:57:07.4977419Z           |                 ^ ~~
2026-10-02T17:57:07.4977688Z        56 |         SnArray *__al__ = sn_array_new(sizeof(char *), 0);
2026-10-02T17:57:07.4978022Z           |         ~~~~~~~~~~~~~~~~~~~~~~~~~~~~~~~~~~~~~~~~~~~~~~~~~~
2026-10-02T17:57:07.4978329Z        57 |         __al__->elem_tag = SN_TAG_STRING;
2026-10-02T17:57:07.4978600Z           |         ~~~~~~~~~~~~~~~~~~~~~~~~~~~~~~~~~
2026-10-02T17:57:07.4978844Z        58 | 
2026-10-02T17:57:07.4979091Z        59 |         __al__->elem_release = (void (*)(void *))sn_cleanup_str;
2026-10-02T17:57:07.4979544Z           |         ~~~~~~~~~~~~~~~~~~~~~~~~~~~~~~~~~~~~~~~~~~~~~~~~~~~~~~~~
2026-10-02T17:57:07.4979827Z        60 | 
2026-10-02T17:57:07.4980018Z        61 |         __al__->elem_copy = sn_copy_str;
2026-10-02T17:57:07.4980290Z           |         ~~~~~~~~~~~~~~~~~~~~~~~~~~~~~~~~
2026-10-02T17:57:07.4980472Z 
2026-10-02T17:57:07.4980585Z ------------------------------------------------------------
2026-10-02T17:57:07.4980909Z Results: 1140 passed, 1 failed, 0 skipped  (129.84s)
2026-10-02T17:57:07.4981115Z 
2026-10-02T17:57:07.4981195Z Integration Error Tests
2026-10-02T17:57:07.4981409Z ============================================================
2026-10-02T17:57:07.4981682Z   Running 58 tests with 4 workers...
2026-10-02T17:57:07.4981840Z 
2026-10-02T17:57:07.4981928Z                                                             
2026-10-02T17:57:07.4982112Z 
2026-10-02T17:57:07.4982221Z ------------------------------------------------------------
2026-10-02T17:57:07.4982524Z Results: 58 passed, 0 failed, 0 skipped  (1.17s)
2026-10-02T17:57:07.4982728Z 
2026-10-02T17:57:07.4982798Z Exploratory Tests
2026-10-02T17:57:07.4982990Z ============================================================
2026-10-02T17:57:07.4983256Z   Running 224 tests with 4 workers...
2026-10-02T17:57:07.4983422Z 
2026-10-02T17:57:07.4983509Z                                                             
2026-10-02T17:57:07.4983683Z 
2026-10-02T17:57:07.4983792Z ------------------------------------------------------------
2026-10-02T17:57:07.4984093Z Results: 224 passed, 0 failed, 0 skipped  (31.04s)
2026-10-02T17:57:07.4984291Z 
2026-10-02T17:57:07.4984373Z Exploratory Error Tests
2026-10-02T17:57:07.4985882Z ============================================================
2026-10-02T17:57:07.4986164Z   Running 11 tests with 4 workers...
2026-10-02T17:57:07.4986335Z 
2026-10-02T17:57:07.4986421Z                                                             
2026-10-02T17:57:07.4986610Z 
2026-10-02T17:57:07.4987205Z ------------------------------------------------------------
2026-10-02T17:57:07.4987540Z Results: 11 passed, 0 failed, 0 skipped  (234ms)
2026-10-02T17:57:07.4987743Z 
2026-10-02T17:57:07.4987833Z Some tests failed!  (total: 175.41s)
2026-10-02T17:57:07.5234438Z make: *** [Makefile:173: test] Error 1
2026-10-02T17:57:07.5305127Z ##[error]Process completed with exit code 2.
2026-10-02T17:57:07.5570043Z Post job cleanup.
2026-10-02T17:57:07.7579557Z [command]"C:\Program Files\Git\bin\git.exe" version
2026-10-02T17:57:07.7964618Z git version 2.55.0.windows.5
2026-10-02T17:57:07.8031252Z Temporarily overriding HOME='D:\a\_temp\eb1b301a-109c-4742-a129-a6fe9b6232bc' before making global git config changes
2026-10-02T17:57:07.8032367Z Adding repository directory to the temporary git global config as a safe directory
2026-10-02T17:57:07.8042576Z [command]"C:\Program Files\Git\bin\git.exe" config --global --add safe.directory D:\a\sindarin-compiler\sindarin-compiler
2026-10-02T17:57:07.8351454Z Removing SSH command configuration
2026-10-02T17:57:07.8362152Z [command]"C:\Program Files\Git\bin\git.exe" config --local --name-only --get-regexp core\.sshCommand
2026-10-02T17:57:07.8699055Z [command]"C:\Program Files\Git\bin\git.exe" submodule foreach --recursive "sh -c \"git config --local --name-only --get-regexp 'core\.sshCommand' && git config --local --unset-all 'core.sshCommand' || :\""
2026-10-02T17:57:08.4397220Z Removing HTTP extra header
2026-10-02T17:57:08.4407421Z [command]"C:\Program Files\Git\bin\git.exe" config --local --name-only --get-regexp http\.https\:\/\/github\.com\/\.extraheader
2026-10-02T17:57:08.4727053Z [command]"C:\Program Files\Git\bin\git.exe" submodule foreach --recursive "sh -c \"git config --local --name-only --get-regexp 'http\.https\:\/\/github\.com\/\.extraheader' && git config --local --unset-all 'http.https://github.com/.extraheader' || :\""
2026-10-02T17:57:09.0404109Z Removing includeIf entries pointing to credentials config files
2026-10-02T17:57:09.0415455Z [command]"C:\Program Files\Git\bin\git.exe" config --local --name-only --get-regexp ^includeIf\.gitdir:
2026-10-02T17:57:09.0688637Z includeif.gitdir:D:/a/sindarin-compiler/sindarin-compiler/.git.path
2026-10-02T17:57:09.0689583Z includeif.gitdir:D:/a/sindarin-compiler/sindarin-compiler/.git/worktrees/*.path
2026-10-02T17:57:09.0690173Z includeif.gitdir:/github/workspace/.git.path
2026-10-02T17:57:09.0690661Z includeif.gitdir:/github/workspace/.git/worktrees/*.path
2026-10-02T17:57:09.0729731Z [command]"C:\Program Files\Git\bin\git.exe" config --local --get-all includeif.gitdir:D:/a/sindarin-compiler/sindarin-compiler/.git.path
2026-10-02T17:57:09.1002546Z D:\a\_temp\git-credentials-cbe52ee0-8491-4949-b411-79c032c4c0b3.config
2026-10-02T17:57:09.1047328Z [command]"C:\Program Files\Git\bin\git.exe" config --local --unset includeif.gitdir:D:/a/sindarin-compiler/sindarin-compiler/.git.path D\:\\a\\_temp\\git\-credentials\-cbe52ee0\-8491\-4949\-b411\-79c032c4c0b3\.config
2026-10-02T17:57:09.1368234Z [command]"C:\Program Files\Git\bin\git.exe" config --local --get-all includeif.gitdir:D:/a/sindarin-compiler/sindarin-compiler/.git/worktrees/*.path
2026-10-02T17:57:09.1639114Z D:\a\_temp\git-credentials-cbe52ee0-8491-4949-b411-79c032c4c0b3.config
2026-10-02T17:57:09.1682468Z [command]"C:\Program Files\Git\bin\git.exe" config --local --unset includeif.gitdir:D:/a/sindarin-compiler/sindarin-compiler/.git/worktrees/*.path D\:\\a\\_temp\\git\-credentials\-cbe52ee0\-8491\-4949\-b411\-79c032c4c0b3\.config
2026-10-02T17:57:09.1997749Z [command]"C:\Program Files\Git\bin\git.exe" config --local --get-all includeif.gitdir:/github/workspace/.git.path
2026-10-02T17:57:09.2267536Z /github/runner_temp/git-credentials-cbe52ee0-8491-4949-b411-79c032c4c0b3.config
2026-10-02T17:57:09.2307567Z [command]"C:\Program Files\Git\bin\git.exe" config --local --unset includeif.gitdir:/github/workspace/.git.path \/github\/runner_temp\/git\-credentials\-cbe52ee0\-8491\-4949\-b411\-79c032c4c0b3\.config
2026-10-02T17:57:09.2620841Z [command]"C:\Program Files\Git\bin\git.exe" config --local --get-all includeif.gitdir:/github/workspace/.git/worktrees/*.path
2026-10-02T17:57:09.2885959Z /github/runner_temp/git-credentials-cbe52ee0-8491-4949-b411-79c032c4c0b3.config
2026-10-02T17:57:09.2961231Z [command]"C:\Program Files\Git\bin\git.exe" config --local --unset includeif.gitdir:/github/workspace/.git/worktrees/*.path \/github\/runner_temp\/git\-credentials\-cbe52ee0\-8491\-4949\-b411\-79c032c4c0b3\.config
2026-10-02T17:57:09.3268866Z [command]"C:\Program Files\Git\bin\git.exe" submodule foreach --recursive "git config --local --show-origin --name-only --get-regexp remote.origin.url"
2026-10-02T17:57:09.8680461Z Removing credentials config 'D:\a\_temp\git-credentials-cbe52ee0-8491-4949-b411-79c032c4c0b3.config'
2026-10-02T17:57:09.8908575Z Cleaning up orphan processes
