2026-10-02T18:16:38.5670062Z Current runner version: '2.337.0'
2026-10-02T18:16:38.5691519Z ##[group]Runner Image Provisioner
2026-10-02T18:16:38.5692159Z Hosted Compute Agent
2026-10-02T18:16:38.5692593Z Version: 20260901.588
2026-10-02T18:16:38.5693087Z Commit: f88ec8081b781fac6c440065ac7ff9e710ce3d0b
2026-10-02T18:16:38.5693652Z Build Date: 2026-09-01T19:56:44Z
2026-10-02T18:16:38.5694164Z Worker ID: {f0b89c7b-c2fd-4a42-be69-6796676b96a5}
2026-10-02T18:16:38.5694748Z Azure Region: westus3
2026-10-02T18:16:38.5695162Z ##[endgroup]
2026-10-02T18:16:38.5696212Z ##[group]Operating System
2026-10-02T18:16:38.5696698Z Microsoft Windows Server 2025
2026-10-02T18:16:38.5697150Z 10.0.26100
2026-10-02T18:16:38.5697548Z Datacenter
2026-10-02T18:16:38.5697932Z ##[endgroup]
2026-10-02T18:16:38.5698340Z ##[group]Runner Image
2026-10-02T18:16:38.5698790Z Image: windows-2025-vs2026
2026-10-02T18:16:38.5699281Z Version: 20260925.250.1
2026-10-02T18:16:38.5700433Z Included Software: https://github.com/actions/runner-images/blob/win25-vs2026/20260925.250/images/windows/Windows2025-VS2026-Readme.md
2026-10-02T18:16:38.5701700Z Image Release: https://github.com/actions/runner-images/releases/tag/win25-vs2026%2F20260925.250
2026-10-02T18:16:38.5702441Z ##[endgroup]
2026-10-02T18:16:38.5703390Z ##[group]GITHUB_TOKEN Permissions
2026-10-02T18:16:38.5705586Z Contents: read
2026-10-02T18:16:38.5706050Z Metadata: read
2026-10-02T18:16:38.5706480Z Packages: read
2026-10-02T18:16:38.5706887Z ##[endgroup]
2026-10-02T18:16:38.5708608Z Secret source: Actions
2026-10-02T18:16:38.5709304Z Cache mode: write
2026-10-02T18:16:38.5709938Z Prepare workflow directory
2026-10-02T18:16:38.6041120Z Prepare all required actions
2026-10-02T18:16:38.6096481Z Getting action download info
2026-10-02T18:16:38.9389764Z Download action repository 'actions/checkout@v7' (SHA:3d3c42e5aac5ba805825da76410c181273ba90b1)
2026-10-02T18:16:39.0541042Z Download action repository 'actions/upload-artifact@v7' (SHA:043fb46d1a93c77aae656e7c1c64a875d1fc6a0a)
2026-10-02T18:16:39.3410790Z Complete job name: Build (windows-latest)
2026-10-02T18:16:39.4974264Z ##[group]Run actions/checkout@v7
2026-10-02T18:16:39.4975163Z with:
2026-10-02T18:16:39.4975511Z   repository: SindarinSDK/sindarin-compiler
2026-10-02T18:16:39.4978719Z   token: ***
2026-10-02T18:16:39.4979030Z   ssh-strict: true
2026-10-02T18:16:39.4979345Z   ssh-user: git
2026-10-02T18:16:39.4979663Z   persist-credentials: true
2026-10-02T18:16:39.4980007Z   clean: true
2026-10-02T18:16:39.4980324Z   sparse-checkout-cone-mode: true
2026-10-02T18:16:39.4980702Z   fetch-depth: 1
2026-10-02T18:16:39.4981009Z   fetch-tags: false
2026-10-02T18:16:39.4981319Z   show-progress: true
2026-10-02T18:16:39.4981629Z   lfs: false
2026-10-02T18:16:39.4982263Z   submodules: false
2026-10-02T18:16:39.4982595Z   set-safe-directory: true
2026-10-02T18:16:39.4982959Z   allow-unsafe-pr-checkout: false
2026-10-02T18:16:39.4983520Z ##[endgroup]
2026-10-02T18:16:39.6267260Z Syncing repository: SindarinSDK/sindarin-compiler
2026-10-02T18:16:39.6269495Z ##[group]Getting Git version info
2026-10-02T18:16:39.6270351Z Working directory is 'D:\a\sindarin-compiler\sindarin-compiler'
2026-10-02T18:16:39.7181985Z [command]"C:\Program Files\Git\bin\git.exe" version
2026-10-02T18:16:40.4099071Z git version 2.55.0.windows.5
2026-10-02T18:16:40.4145285Z ##[endgroup]
2026-10-02T18:16:40.4162171Z Temporarily overriding HOME='D:\a\_temp\a5b54799-6074-4b73-a027-077bcc2e5234' before making global git config changes
2026-10-02T18:16:40.4163910Z Adding repository directory to the temporary git global config as a safe directory
2026-10-02T18:16:40.4172607Z [command]"C:\Program Files\Git\bin\git.exe" config --global --add safe.directory D:\a\sindarin-compiler\sindarin-compiler
2026-10-02T18:16:40.4876600Z Deleting the contents of 'D:\a\sindarin-compiler\sindarin-compiler'
2026-10-02T18:16:40.4881963Z ##[group]Determining repository object format
2026-10-02T18:16:40.4883557Z ##[endgroup]
2026-10-02T18:16:40.4884689Z ##[group]Initializing the repository
2026-10-02T18:16:40.4892685Z [command]"C:\Program Files\Git\bin\git.exe" init D:\a\sindarin-compiler\sindarin-compiler
2026-10-02T18:16:40.5781119Z Initialized empty Git repository in D:/a/sindarin-compiler/sindarin-compiler/.git/
2026-10-02T18:16:40.5830232Z [command]"C:\Program Files\Git\bin\git.exe" remote add origin https://github.com/SindarinSDK/sindarin-compiler
2026-10-02T18:16:40.6655292Z ##[endgroup]
2026-10-02T18:16:40.6656401Z ##[group]Disabling automatic garbage collection
2026-10-02T18:16:40.6663302Z [command]"C:\Program Files\Git\bin\git.exe" config --local gc.auto 0
2026-10-02T18:16:40.6933432Z ##[endgroup]
2026-10-02T18:16:40.6934490Z ##[group]Setting up auth
2026-10-02T18:16:40.6935355Z Removing SSH command configuration
2026-10-02T18:16:40.6943417Z [command]"C:\Program Files\Git\bin\git.exe" config --local --name-only --get-regexp core\.sshCommand
2026-10-02T18:16:40.7212061Z [command]"C:\Program Files\Git\bin\git.exe" submodule foreach --recursive "sh -c \"git config --local --name-only --get-regexp 'core\.sshCommand' && git config --local --unset-all 'core.sshCommand' || :\""
2026-10-02T18:16:42.9986218Z Removing HTTP extra header
2026-10-02T18:16:42.9994348Z [command]"C:\Program Files\Git\bin\git.exe" config --local --name-only --get-regexp http\.https\:\/\/github\.com\/\.extraheader
2026-10-02T18:16:43.0231462Z [command]"C:\Program Files\Git\bin\git.exe" submodule foreach --recursive "sh -c \"git config --local --name-only --get-regexp 'http\.https\:\/\/github\.com\/\.extraheader' && git config --local --unset-all 'http.https://github.com/.extraheader' || :\""
2026-10-02T18:16:43.4315936Z Removing includeIf entries pointing to credentials config files
2026-10-02T18:16:43.4324294Z [command]"C:\Program Files\Git\bin\git.exe" config --local --name-only --get-regexp ^includeIf\.gitdir:
2026-10-02T18:16:43.4573568Z [command]"C:\Program Files\Git\bin\git.exe" submodule foreach --recursive "git config --local --show-origin --name-only --get-regexp remote.origin.url"
2026-10-02T18:16:44.1911521Z [command]"C:\Program Files\Git\bin\git.exe" config --file D:\a\_temp\git-credentials-f63e5527-c682-4a8f-945a-6c21fe9472fe.config http.https://github.com/.extraheader "AUTHORIZATION: basic ***"
2026-10-02T18:16:44.2149317Z [command]"C:\Program Files\Git\bin\git.exe" config --local includeIf.gitdir:D:/a/sindarin-compiler/sindarin-compiler/.git.path D:\a\_temp\git-credentials-f63e5527-c682-4a8f-945a-6c21fe9472fe.config
2026-10-02T18:16:44.2384095Z [command]"C:\Program Files\Git\bin\git.exe" config --local includeIf.gitdir:D:/a/sindarin-compiler/sindarin-compiler/.git/worktrees/*.path D:\a\_temp\git-credentials-f63e5527-c682-4a8f-945a-6c21fe9472fe.config
2026-10-02T18:16:44.2743187Z [command]"C:\Program Files\Git\bin\git.exe" config --local includeIf.gitdir:/github/workspace/.git.path /github/runner_temp/git-credentials-f63e5527-c682-4a8f-945a-6c21fe9472fe.config
2026-10-02T18:16:44.3007058Z [command]"C:\Program Files\Git\bin\git.exe" config --local includeIf.gitdir:/github/workspace/.git/worktrees/*.path /github/runner_temp/git-credentials-f63e5527-c682-4a8f-945a-6c21fe9472fe.config
2026-10-02T18:16:44.3263417Z ##[endgroup]
2026-10-02T18:16:44.3263867Z ##[group]Fetching the repository
2026-10-02T18:16:44.3274555Z [command]"C:\Program Files\Git\bin\git.exe" -c protocol.version=2 fetch --no-tags --prune --no-recurse-submodules --depth=1 origin +697a855450ec1c2087eb5b7d34e3d59641298591:refs/remotes/pull/144/merge
2026-10-02T18:16:47.0779499Z From https://github.com/SindarinSDK/sindarin-compiler
2026-10-02T18:16:47.0780584Z  * [new ref]         697a855450ec1c2087eb5b7d34e3d59641298591 -> pull/144/merge
2026-10-02T18:16:47.0830307Z ##[endgroup]
2026-10-02T18:16:47.0830786Z ##[group]Determining the checkout info
2026-10-02T18:16:47.0831301Z ##[endgroup]
2026-10-02T18:16:47.0842442Z [command]"C:\Program Files\Git\bin\git.exe" sparse-checkout disable
2026-10-02T18:16:47.1245773Z [command]"C:\Program Files\Git\bin\git.exe" config --local --unset-all extensions.worktreeConfig
2026-10-02T18:16:47.1498280Z ##[group]Checking out the ref
2026-10-02T18:16:47.1505726Z [command]"C:\Program Files\Git\bin\git.exe" checkout --progress --force refs/remotes/pull/144/merge
2026-10-02T18:16:48.2088635Z Updating files:  96% (5984/6222)
2026-10-02T18:16:48.2214549Z Updating files:  97% (6036/6222)
2026-10-02T18:16:48.2338708Z Updating files:  98% (6098/6222)
2026-10-02T18:16:48.2480235Z Updating files:  99% (6160/6222)
2026-10-02T18:16:48.2480898Z Updating files: 100% (6222/6222)
2026-10-02T18:16:48.2481225Z Updating files: 100% (6222/6222), done.
2026-10-02T18:16:48.2609238Z Note: switching to 'refs/remotes/pull/144/merge'.
2026-10-02T18:16:48.2609452Z 
2026-10-02T18:16:48.2609850Z You are in 'detached HEAD' state. You can look around, make experimental
2026-10-02T18:16:48.2610407Z changes and commit them, and you can discard any commits you make in this
2026-10-02T18:16:48.2610973Z state without impacting any branches by switching back to a branch.
2026-10-02T18:16:48.2611180Z 
2026-10-02T18:16:48.2611503Z If you want to create a new branch to retain commits you create, you may
2026-10-02T18:16:48.2612176Z do so (now or later) by using -c with the switch command. Example:
2026-10-02T18:16:48.2612494Z 
2026-10-02T18:16:48.2612610Z   git switch -c <new-branch-name>
2026-10-02T18:16:48.2612773Z 
2026-10-02T18:16:48.2612876Z Or undo this operation with:
2026-10-02T18:16:48.2613004Z 
2026-10-02T18:16:48.2613067Z   git switch -
2026-10-02T18:16:48.2613165Z 
2026-10-02T18:16:48.2613331Z Turn off this advice by setting config variable advice.detachedHead to false
2026-10-02T18:16:48.2613555Z 
2026-10-02T18:16:48.2613833Z HEAD is now at 697a855 Merge 650faaa95fb7388a883ed92839a17ce3342829e2 into a03421325a4a5785eec1645633d68ff99fc00126
2026-10-02T18:16:48.4074251Z ##[endgroup]
2026-10-02T18:16:48.4478343Z [command]"C:\Program Files\Git\bin\git.exe" log -1 --format=%H
2026-10-02T18:16:48.4712430Z 697a855450ec1c2087eb5b7d34e3d59641298591
2026-10-02T18:16:48.5194450Z ##[group]Run # LLVM 19's ASan cannot decode the Windows 11 24H2 CRT prologue.
2026-10-02T18:16:48.5195024Z [36;1m# LLVM 19's ASan cannot decode the Windows 11 24H2 CRT prologue.[0m
2026-10-02T18:16:48.5195314Z [36;1m$version = "20260616"[0m
2026-10-02T18:16:48.5195789Z [36;1m$url = "https://github.com/mstorsjo/llvm-mingw/releases/download/$version/llvm-mingw-$version-ucrt-x86_64.zip"[0m
2026-10-02T18:16:48.5196222Z [36;1m$zipPath = "$env:TEMP\llvm-mingw.zip"[0m
2026-10-02T18:16:48.5196537Z [36;1m$extractPath = Join-Path $env:GITHUB_WORKSPACE ".sn\toolchains\llvm-mingw"[0m
2026-10-02T18:16:48.5196821Z [36;1m[0m
2026-10-02T18:16:48.5197002Z [36;1mWrite-Host "Downloading LLVM-MinGW $version..."[0m
2026-10-02T18:16:48.5197304Z [36;1mInvoke-WebRequest -Uri $url -OutFile $zipPath[0m
2026-10-02T18:16:48.5197669Z [36;1m$expectedHash = "b9b68a4d276e16fa25802aaba458e4638f64b3884c290aaccdc2d87083b6ca35"[0m
2026-10-02T18:16:48.5198177Z [36;1mif ((Get-FileHash $zipPath -Algorithm SHA256).Hash.ToLowerInvariant() -ne $expectedHash) {[0m
2026-10-02T18:16:48.5198560Z [36;1m  throw "LLVM-MinGW archive SHA-256 mismatch"[0m
2026-10-02T18:16:48.5198777Z [36;1m}[0m
2026-10-02T18:16:48.5198911Z [36;1m[0m
2026-10-02T18:16:48.5199080Z [36;1mWrite-Host "Extracting to $extractPath..."[0m
2026-10-02T18:16:48.5199410Z [36;1mExpand-Archive -Path $zipPath -DestinationPath $extractPath -Force[0m
2026-10-02T18:16:48.5199687Z [36;1m[0m
2026-10-02T18:16:48.5199950Z [36;1m$llvmDir = Get-ChildItem -Path $extractPath -Directory | Select-Object -First 1[0m
2026-10-02T18:16:48.5200293Z [36;1m$binPath = Join-Path $llvmDir.FullName "bin"[0m
2026-10-02T18:16:48.5200645Z [36;1m[0m
2026-10-02T18:16:48.5200874Z [36;1mWrite-Host "LLVM-MinGW installed at: $($llvmDir.FullName)"[0m
2026-10-02T18:16:48.5201239Z [36;1mecho "$binPath" | Out-File -FilePath $env:GITHUB_PATH -Encoding utf8 -Append[0m
2026-10-02T18:16:48.5907413Z shell: C:\Program Files\PowerShell\7\pwsh.EXE -command ". '{0}'"
2026-10-02T18:16:48.5907724Z ##[endgroup]
2026-10-02T18:16:49.0518497Z Downloading LLVM-MinGW 20260616...
2026-10-02T18:16:52.8492051Z Extracting to D:\a\sindarin-compiler\sindarin-compiler\.sn\toolchains\llvm-mingw...
2026-10-02T18:17:06.3353503Z LLVM-MinGW installed at: D:\a\sindarin-compiler\sindarin-compiler\.sn\toolchains\llvm-mingw\llvm-mingw-20260616-ucrt-x86_64
2026-10-02T18:17:06.4106055Z ##[group]Run choco install make ninja -y
2026-10-02T18:17:06.4106372Z [36;1mchoco install make ninja -y[0m
2026-10-02T18:17:06.4170187Z shell: C:\Program Files\PowerShell\7\pwsh.EXE -command ". '{0}'"
2026-10-02T18:17:06.4170473Z ##[endgroup]
2026-10-02T18:17:12.1454801Z Chocolatey v2.7.4
2026-10-02T18:17:12.3962840Z Installing the following packages:
2026-10-02T18:17:12.3967634Z make;ninja
2026-10-02T18:17:12.3970441Z By installing, you accept licenses for the packages.
2026-10-02T18:17:18.8751585Z Downloading package from source 'https://community.chocolatey.org/api/v2/'
2026-10-02T18:17:19.0183625Z 
2026-10-02T18:17:19.0184643Z Progress: Downloading make 4.4.1... %
2026-10-02T18:17:19.0185330Z Progress: Downloading make 4.4.1... 1%
2026-10-02T18:17:19.0185679Z Progress: Downloading make 4.4.1... 1%
2026-10-02T18:17:19.0186476Z Progress: Downloading make 4.4.1... 1%
2026-10-02T18:17:19.0186811Z Progress: Downloading make 4.4.1... 2%
2026-10-02T18:17:19.0189233Z Progress: Downloading make 4.4.1... 2%
2026-10-02T18:17:19.0189616Z Progress: Downloading make 4.4.1... 2%
2026-10-02T18:17:19.0189956Z Progress: Downloading make 4.4.1... 3%
2026-10-02T18:17:19.0190271Z Progress: Downloading make 4.4.1... 3%
2026-10-02T18:17:19.0190587Z Progress: Downloading make 4.4.1... 3%
2026-10-02T18:17:19.0190905Z Progress: Downloading make 4.4.1... 4%
2026-10-02T18:17:19.0191211Z Progress: Downloading make 4.4.1... 4%
2026-10-02T18:17:19.0191534Z Progress: Downloading make 4.4.1... 4%
2026-10-02T18:17:19.0191853Z Progress: Downloading make 4.4.1... 5%
2026-10-02T18:17:19.0192171Z Progress: Downloading make 4.4.1... 5%
2026-10-02T18:17:19.0192534Z Progress: Downloading make 4.4.1... 5%
2026-10-02T18:17:19.0192862Z Progress: Downloading make 4.4.1... 6%
2026-10-02T18:17:19.0193185Z Progress: Downloading make 4.4.1... 6%
2026-10-02T18:17:19.0193509Z Progress: Downloading make 4.4.1... 6%
2026-10-02T18:17:19.0193830Z Progress: Downloading make 4.4.1... 7%
2026-10-02T18:17:19.0194158Z Progress: Downloading make 4.4.1... 7%
2026-10-02T18:17:19.0194476Z Progress: Downloading make 4.4.1... 7%
2026-10-02T18:17:19.0194812Z Progress: Downloading make 4.4.1... 8%
2026-10-02T18:17:19.0195123Z Progress: Downloading make 4.4.1... 8%
2026-10-02T18:17:19.0195440Z Progress: Downloading make 4.4.1... 8%
2026-10-02T18:17:19.0195749Z Progress: Downloading make 4.4.1... 9%
2026-10-02T18:17:19.0196045Z Progress: Downloading make 4.4.1... 9%
2026-10-02T18:17:19.0196358Z Progress: Downloading make 4.4.1... 9%
2026-10-02T18:17:19.0196680Z Progress: Downloading make 4.4.1... 10%
2026-10-02T18:17:19.0197005Z Progress: Downloading make 4.4.1... 10%
2026-10-02T18:17:19.0197336Z Progress: Downloading make 4.4.1... 10%
2026-10-02T18:17:19.0197651Z Progress: Downloading make 4.4.1... 11%
2026-10-02T18:17:19.0198082Z Progress: Downloading make 4.4.1... 11%
2026-10-02T18:17:19.0198447Z Progress: Downloading make 4.4.1... 11%
2026-10-02T18:17:19.0198763Z Progress: Downloading make 4.4.1... 12%
2026-10-02T18:17:19.0199089Z Progress: Downloading make 4.4.1... 12%
2026-10-02T18:17:19.0199407Z Progress: Downloading make 4.4.1... 12%
2026-10-02T18:17:19.0199725Z Progress: Downloading make 4.4.1... 13%
2026-10-02T18:17:19.0200044Z Progress: Downloading make 4.4.1... 13%
2026-10-02T18:17:19.0200360Z Progress: Downloading make 4.4.1... 13%
2026-10-02T18:17:19.0200657Z Progress: Downloading make 4.4.1... 13%
2026-10-02T18:17:19.0200949Z Progress: Downloading make 4.4.1... 15%
2026-10-02T18:17:19.0201264Z Progress: Downloading make 4.4.1... 16%
2026-10-02T18:17:19.0201610Z Progress: Downloading make 4.4.1... 17%
2026-10-02T18:17:19.0202149Z Progress: Downloading make 4.4.1... 18%
2026-10-02T18:17:19.0202704Z Progress: Downloading make 4.4.1... 19%
2026-10-02T18:17:19.0203040Z Progress: Downloading make 4.4.1... 20%
2026-10-02T18:17:19.0203381Z Progress: Downloading make 4.4.1... 21%
2026-10-02T18:17:19.0203704Z Progress: Downloading make 4.4.1... 22%
2026-10-02T18:17:19.0205889Z Progress: Downloading make 4.4.1... 23%
2026-10-02T18:17:19.0206314Z Progress: Downloading make 4.4.1... 24%
2026-10-02T18:17:19.0206653Z Progress: Downloading make 4.4.1... 25%
2026-10-02T18:17:19.0206968Z Progress: Downloading make 4.4.1... 26%
2026-10-02T18:17:19.0207252Z Progress: Downloading make 4.4.1... 27%
2026-10-02T18:17:19.0207541Z Progress: Downloading make 4.4.1... 28%
2026-10-02T18:17:19.0207838Z Progress: Downloading make 4.4.1... 29%
2026-10-02T18:17:19.0208097Z Progress: Downloading make 4.4.1... 30%
2026-10-02T18:17:19.0208300Z Progress: Downloading make 4.4.1... 31%
2026-10-02T18:17:19.0208508Z Progress: Downloading make 4.4.1... 32%
2026-10-02T18:17:19.0208718Z Progress: Downloading make 4.4.1... 33%
2026-10-02T18:17:19.0208907Z Progress: Downloading make 4.4.1... 34%
2026-10-02T18:17:19.0209090Z Progress: Downloading make 4.4.1... 35%
2026-10-02T18:17:19.0209275Z Progress: Downloading make 4.4.1... 36%
2026-10-02T18:17:19.0209458Z Progress: Downloading make 4.4.1... 37%
2026-10-02T18:17:19.0209644Z Progress: Downloading make 4.4.1... 38%
2026-10-02T18:17:19.0209832Z Progress: Downloading make 4.4.1... 39%
2026-10-02T18:17:19.0210017Z Progress: Downloading make 4.4.1... 40%
2026-10-02T18:17:19.0210202Z Progress: Downloading make 4.4.1... 41%
2026-10-02T18:17:19.0210399Z Progress: Downloading make 4.4.1... 43%
2026-10-02T18:17:19.0210582Z Progress: Downloading make 4.4.1... 44%
2026-10-02T18:17:19.0210766Z Progress: Downloading make 4.4.1... 45%
2026-10-02T18:17:19.0210958Z Progress: Downloading make 4.4.1... 46%
2026-10-02T18:17:19.0211140Z Progress: Downloading make 4.4.1... 47%
2026-10-02T18:17:19.0211341Z Progress: Downloading make 4.4.1... 48%
2026-10-02T18:17:19.0211548Z Progress: Downloading make 4.4.1... 49%
2026-10-02T18:17:19.0211736Z Progress: Downloading make 4.4.1... 50%
2026-10-02T18:17:19.0211918Z Progress: Downloading make 4.4.1... 51%
2026-10-02T18:17:19.0212106Z Progress: Downloading make 4.4.1... 52%
2026-10-02T18:17:19.0212296Z Progress: Downloading make 4.4.1... 52%
2026-10-02T18:17:19.0212481Z Progress: Downloading make 4.4.1... 53%
2026-10-02T18:17:19.0212664Z Progress: Downloading make 4.4.1... 54%
2026-10-02T18:17:19.0212850Z Progress: Downloading make 4.4.1... 56%
2026-10-02T18:17:19.0213037Z Progress: Downloading make 4.4.1... 58%
2026-10-02T18:17:19.0213222Z Progress: Downloading make 4.4.1... 60%
2026-10-02T18:17:19.0213405Z Progress: Downloading make 4.4.1... 62%
2026-10-02T18:17:19.0213591Z Progress: Downloading make 4.4.1... 64%
2026-10-02T18:17:19.0273514Z Progress: Downloading make 4.4.1... 66%
2026-10-02T18:17:19.0273854Z Progress: Downloading make 4.4.1... 68%
2026-10-02T18:17:19.0274170Z Progress: Downloading make 4.4.1... 70%
2026-10-02T18:17:19.0274518Z Progress: Downloading make 4.4.1... 72%
2026-10-02T18:17:19.0300281Z Progress: Downloading make 4.4.1... 74%
2026-10-02T18:17:19.0300763Z Progress: Downloading make 4.4.1... 76%
2026-10-02T18:17:19.0301128Z Progress: Downloading make 4.4.1... 78%
2026-10-02T18:17:19.0301975Z Progress: Downloading make 4.4.1... 80%
2026-10-02T18:17:19.0302281Z Progress: Downloading make 4.4.1... 82%
2026-10-02T18:17:19.0302592Z Progress: Downloading make 4.4.1... 84%
2026-10-02T18:17:19.0302898Z Progress: Downloading make 4.4.1... 86%
2026-10-02T18:17:19.0303205Z Progress: Downloading make 4.4.1... 88%
2026-10-02T18:17:19.0303507Z Progress: Downloading make 4.4.1... 90%
2026-10-02T18:17:19.0303904Z Progress: Downloading make 4.4.1... 92%
2026-10-02T18:17:19.0304207Z Progress: Downloading make 4.4.1... 94%
2026-10-02T18:17:19.0367330Z Progress: Downloading make 4.4.1... 96%
2026-10-02T18:17:19.0368208Z Progress: Downloading make 4.4.1... 98%
2026-10-02T18:17:19.0369278Z Progress: Downloading make 4.4.1... 100%
2026-10-02T18:17:19.4860344Z 
2026-10-02T18:17:19.4860826Z make v4.4.1 [Approved]
2026-10-02T18:17:19.5091449Z make package files install completed. Performing other installation steps.
2026-10-02T18:17:20.7968976Z  ShimGen has successfully created a shim for make.exe
2026-10-02T18:17:20.8622970Z  The install of make was successful.
2026-10-02T18:17:20.8624479Z   Deployed to 'C:\ProgramData\chocolatey\lib\make'
2026-10-02T18:17:20.9646888Z ninja v1.13.2 already installed.
2026-10-02T18:17:20.9647273Z  Use --force to reinstall, specify a version to install, or try upgrade.
2026-10-02T18:17:20.9719659Z 
2026-10-02T18:17:20.9720129Z Chocolatey installed 1/2 packages. 
2026-10-02T18:17:20.9720494Z  See the log for details (C:\ProgramData\chocolatey\logs\chocolatey.log).
2026-10-02T18:17:20.9723983Z 
2026-10-02T18:17:20.9726855Z Warnings:
2026-10-02T18:17:20.9731291Z  - ninja - ninja v1.13.2 already installed.
2026-10-02T18:17:20.9731722Z  Use --force to reinstall, specify a version to install, or try upgrade.
2026-10-02T18:17:21.0952272Z ##[group]Run rustup toolchain install 1.93.1 --profile minimal
2026-10-02T18:17:21.0952713Z [36;1mrustup toolchain install 1.93.1 --profile minimal[0m
2026-10-02T18:17:21.0952977Z [36;1mrustup default 1.93.1[0m
2026-10-02T18:17:21.0953169Z [36;1mrustc --version --verbose[0m
2026-10-02T18:17:21.1010629Z shell: C:\Program Files\PowerShell\7\pwsh.EXE -command ". '{0}'"
2026-10-02T18:17:21.1010903Z ##[endgroup]
2026-10-02T18:17:22.5943266Z info: syncing channel updates for 1.93.1-x86_64-pc-windows-msvc
2026-10-02T18:17:23.5380334Z info: latest update on 2026-02-12 for version 1.93.1 (01f6ddf75 2026-02-11)
2026-10-02T18:17:23.5492422Z info: downloading 3 components
2026-10-02T18:17:31.3985067Z 
2026-10-02T18:17:32.8967194Z   1.93.1-x86_64-pc-windows-msvc installed - rustc 1.93.1 (01f6ddf75 2026-02-11)
2026-10-02T18:17:32.8967679Z 
2026-10-02T18:17:32.9373839Z info: using existing install for 1.93.1-x86_64-pc-windows-msvc
2026-10-02T18:17:32.9558142Z info: default toolchain set to 1.93.1-x86_64-pc-windows-msvc
2026-10-02T18:17:32.9558477Z 
2026-10-02T18:17:32.9727023Z   1.93.1-x86_64-pc-windows-msvc unchanged - rustc 1.93.1 (01f6ddf75 2026-02-11)
2026-10-02T18:17:32.9727307Z 
2026-10-02T18:17:34.5949087Z rustc 1.93.1 (01f6ddf75 2026-02-11)
2026-10-02T18:17:34.5949362Z binary: rustc
2026-10-02T18:17:34.5949584Z commit-hash: 01f6ddf7588f42ae2d7eb0a2f21d44e8e96674cf
2026-10-02T18:17:34.5949928Z commit-date: 2026-02-11
2026-10-02T18:17:34.5950181Z host: x86_64-pc-windows-msvc
2026-10-02T18:17:34.5950440Z release: 1.93.1
2026-10-02T18:17:34.5951831Z LLVM version: 21.1.8
2026-10-02T18:17:34.7248746Z ##[group]Run make setup
2026-10-02T18:17:34.7249052Z [36;1mmake setup[0m
2026-10-02T18:17:34.7297051Z shell: C:\Program Files\Git\bin\bash.EXE --noprofile --norc -e -o pipefail {0}
2026-10-02T18:17:34.7297373Z env:
2026-10-02T18:17:34.7299987Z   GH_TOKEN: ***
2026-10-02T18:17:34.7300164Z   SN_SKIP_PREREQS: 1
2026-10-02T18:17:34.7300347Z ##[endgroup]
2026-10-02T18:17:35.1373572Z Setting up build dependencies for Windows...
2026-10-02T18:17:41.6561584Z 
2026-10-02T18:17:41.6574706Z ========================================
2026-10-02T18:17:41.6580955Z     Sindarin Compiler Installer
2026-10-02T18:17:41.6586914Z ========================================
2026-10-02T18:17:41.6589999Z 
2026-10-02T18:17:41.6714989Z [*] Using prerequisites supplied by caller (SN_SKIP_PREREQS=1)
2026-10-02T18:17:41.7044750Z [*] Fetching latest version...
2026-10-02T18:17:42.2525382Z [+] Found release: v0.0.83
2026-10-02T18:17:42.2808272Z [*] Downloading sindarin-0.0.83-windows-x64.zip...
2026-10-02T18:17:51.9081533Z [+] Download complete
2026-10-02T18:17:51.9174154Z [*] Extracting to C:\Users\runneradmin\.sn...
2026-10-02T18:17:54.0984940Z [*] Flattening nested directory structure...
2026-10-02T18:17:54.1057331Z [+] Extraction complete
2026-10-02T18:17:54.1118104Z [*] Configuring PATH...
2026-10-02T18:17:54.1133330Z [*] GitHub Actions detected, registering in GITHUB_PATH...
2026-10-02T18:17:54.1196190Z [+] Added C:\Users\runneradmin\.sn\bin to GITHUB_PATH
2026-10-02T18:17:54.1199531Z 
2026-10-02T18:17:54.1207113Z [+] Sindarin compiler installed successfully!
2026-10-02T18:17:54.1210602Z 
2026-10-02T18:17:54.1217100Z   Installed to: C:\Users\runneradmin\.sn
2026-10-02T18:17:54.1223693Z   Version:      v0.0.83
2026-10-02T18:17:54.1227474Z 
2026-10-02T18:17:54.1233383Z   ============================================
2026-10-02T18:17:54.1239327Z   IMPORTANT: Please restart your terminal
2026-10-02T18:17:54.1245221Z   for PATH changes to take effect.
2026-10-02T18:17:54.1251202Z   ============================================
2026-10-02T18:17:54.1254055Z 
2026-10-02T18:17:54.1259751Z   After restarting, you can compile Sindarin programs:
2026-10-02T18:17:54.1265198Z     sn myprogram.sn -o myprogram.exe
2026-10-02T18:17:54.1268882Z 
2026-10-02T18:17:54.3542399Z Installing dependencies from sn.yaml...
2026-10-02T18:17:54.9830491Z   sindarin-pkg-libs (main) ... [1;36mdone[0m
2026-10-02T18:17:54.9830802Z     running install script...
2026-10-02T18:17:55.3645003Z sindarin-pkg-libs - native library installer
2026-10-02T18:17:55.3653141Z ========================================
2026-10-02T18:17:55.3886347Z Detected: windows (x64)
2026-10-02T18:17:55.3893891Z Package version: v0.0.18
2026-10-02T18:17:55.3957912Z Downloading sindarin-pkg-libs v0.0.18 for windows-x64...
2026-10-02T18:18:05.7478993Z Extracting to D:\a\sindarin-compiler\sindarin-compiler\.sn\sindarin-pkg-libs\libs\windows...
2026-10-02T18:18:17.2664143Z Successfully installed sindarin-pkg-libs v0.0.18 to D:\a\sindarin-compiler\sindarin-compiler\.sn\sindarin-pkg-libs\libs\windows
2026-10-02T18:18:17.2704040Z 
2026-10-02T18:18:17.2713593Z Installation complete!
2026-10-02T18:18:17.3188203Z Pre-built libraries ready!
2026-10-02T18:18:17.3398378Z Run 'make build' to build the compiler.
2026-10-02T18:18:17.3593881Z ##[group]Run $toolchainRoot = Join-Path $env:GITHUB_WORKSPACE ".sn\toolchains\llvm-mingw"
2026-10-02T18:18:17.3594465Z [36;1m$toolchainRoot = Join-Path $env:GITHUB_WORKSPACE ".sn\toolchains\llvm-mingw"[0m
2026-10-02T18:18:17.3594921Z [36;1m$toolchain = Get-ChildItem $toolchainRoot -Directory | Select-Object -First 1[0m
2026-10-02T18:18:17.3595297Z [36;1m$expected = Join-Path $toolchain.FullName "bin\clang.exe"[0m
2026-10-02T18:18:17.3595585Z [36;1m$selected = (Get-Command clang.exe).Source[0m
2026-10-02T18:18:17.3595955Z [36;1mif ($selected -ne $expected) { throw "Expected pinned clang $expected, selected $selected" }[0m
2026-10-02T18:18:17.3596306Z [36;1mclang --version[0m
2026-10-02T18:18:17.3654483Z shell: C:\Program Files\PowerShell\7\pwsh.EXE -command ". '{0}'"
2026-10-02T18:18:17.3654769Z ##[endgroup]
2026-10-02T18:18:17.7332917Z clang version 22.1.8 (https://github.com/llvm/llvm-project.git ca7933e47d3a3451d81e72ac174dcb5aa28b59d1)
2026-10-02T18:18:17.7333479Z Target: x86_64-w64-windows-gnu
2026-10-02T18:18:17.7333693Z Thread model: posix
2026-10-02T18:18:17.7334075Z InstalledDir: D:/a/sindarin-compiler/sindarin-compiler/.sn/toolchains/llvm-mingw/llvm-mingw-20260616-ucrt-x86_64/bin
2026-10-02T18:18:17.7334748Z Configuration file: D:/a/sindarin-compiler/sindarin-compiler/.sn/toolchains/llvm-mingw/llvm-mingw-20260616-ucrt-x86_64/bin/x86_64-w64-windows-gnu.cfg
2026-10-02T18:18:17.7954387Z ##[group]Run make build
2026-10-02T18:18:17.7954639Z [36;1mmake build[0m
2026-10-02T18:18:17.7966595Z shell: C:\Program Files\Git\bin\bash.EXE --noprofile --norc -e -o pipefail {0}
2026-10-02T18:18:17.7966915Z ##[endgroup]
2026-10-02T18:18:17.9627324Z Building Sindarin compiler...
2026-10-02T18:18:17.9831439Z Platform: windows
2026-10-02T18:18:18.0032218Z Generator: Ninja
2026-10-02T18:18:18.0050363Z cmake -S . -B build -G "Ninja" \
2026-10-02T18:18:18.0050757Z 	-DCMAKE_BUILD_TYPE=Release \
2026-10-02T18:18:18.0051071Z 	-DCMAKE_C_COMPILER=clang
2026-10-02T18:18:19.9900981Z -- The C compiler identification is Clang 22.1.8
2026-10-02T18:18:20.4922687Z -- Detecting C compiler ABI info
2026-10-02T18:18:21.2501960Z -- Detecting C compiler ABI info - done
2026-10-02T18:18:21.2765445Z -- Check for working C compiler: D:/a/sindarin-compiler/sindarin-compiler/.sn/toolchains/llvm-mingw/llvm-mingw-20260616-ucrt-x86_64/bin/clang.exe - skipped
2026-10-02T18:18:21.2778739Z -- Detecting C compile features
2026-10-02T18:18:21.2787922Z -- Detecting C compile features - done
2026-10-02T18:18:21.4261427Z -- Installing: D:/a/sindarin-compiler/sindarin-compiler/bin/sn.linux.cfg
2026-10-02T18:18:21.4266022Z -- Installing: D:/a/sindarin-compiler/sindarin-compiler/bin/sn.darwin.cfg
2026-10-02T18:18:21.4270382Z -- Installing: D:/a/sindarin-compiler/sindarin-compiler/bin/sn.windows.cfg
2026-10-02T18:18:21.4279198Z -- Installing: D:/a/sindarin-compiler/sindarin-compiler/bin/include/runtime/sn_arith.h
2026-10-02T18:18:21.4283193Z -- Installing: D:/a/sindarin-compiler/sindarin-compiler/bin/include/runtime/sn_array.h
2026-10-02T18:18:21.4287436Z -- Installing: D:/a/sindarin-compiler/sindarin-compiler/bin/include/runtime/sn_byte.h
2026-10-02T18:18:21.4291656Z -- Installing: D:/a/sindarin-compiler/sindarin-compiler/bin/include/runtime/sn_conv.h
2026-10-02T18:18:21.4296253Z -- Installing: D:/a/sindarin-compiler/sindarin-compiler/bin/include/runtime/sn_core.h
2026-10-02T18:18:21.4300308Z -- Installing: D:/a/sindarin-compiler/sindarin-compiler/bin/include/runtime/sn_minimal.h
2026-10-02T18:18:21.4304272Z -- Installing: D:/a/sindarin-compiler/sindarin-compiler/bin/include/runtime/sn_reflect.h
2026-10-02T18:18:21.4309617Z -- Installing: D:/a/sindarin-compiler/sindarin-compiler/bin/include/runtime/sn_serial.h
2026-10-02T18:18:21.4315465Z -- Installing: D:/a/sindarin-compiler/sindarin-compiler/bin/include/runtime/sn_string.h
2026-10-02T18:18:21.4319277Z -- Installing: D:/a/sindarin-compiler/sindarin-compiler/bin/include/runtime/sn_thread.h
2026-10-02T18:18:21.4323495Z -- Installing: D:/a/sindarin-compiler/sindarin-compiler/bin/include/minimal/sn_arith.h
2026-10-02T18:18:21.4327366Z -- Installing: D:/a/sindarin-compiler/sindarin-compiler/bin/include/minimal/sn_array.h
2026-10-02T18:18:21.4331713Z -- Installing: D:/a/sindarin-compiler/sindarin-compiler/bin/include/minimal/sn_byte.h
2026-10-02T18:18:21.4335684Z -- Installing: D:/a/sindarin-compiler/sindarin-compiler/bin/include/minimal/sn_conv.h
2026-10-02T18:18:21.4339780Z -- Installing: D:/a/sindarin-compiler/sindarin-compiler/bin/include/minimal/sn_core.h
2026-10-02T18:18:21.4343629Z -- Installing: D:/a/sindarin-compiler/sindarin-compiler/bin/include/minimal/sn_minimal.h
2026-10-02T18:18:21.4347653Z -- Installing: D:/a/sindarin-compiler/sindarin-compiler/bin/include/minimal/sn_reflect.h
2026-10-02T18:18:21.4353256Z -- Installing: D:/a/sindarin-compiler/sindarin-compiler/bin/include/minimal/sn_serial.h
2026-10-02T18:18:21.4357333Z -- Installing: D:/a/sindarin-compiler/sindarin-compiler/bin/include/minimal/sn_string.h
2026-10-02T18:18:21.4361238Z -- Installing: D:/a/sindarin-compiler/sindarin-compiler/bin/include/minimal/sn_thread.h
2026-10-02T18:18:21.4367467Z -- Installing: D:/a/sindarin-compiler/sindarin-compiler/bin/include/platform/compat_dirent.h
2026-10-02T18:18:21.4371361Z -- Installing: D:/a/sindarin-compiler/sindarin-compiler/bin/include/platform/compat_io.h
2026-10-02T18:18:21.4377637Z -- Installing: D:/a/sindarin-compiler/sindarin-compiler/bin/include/platform/compat_net.h
2026-10-02T18:18:21.4380307Z -- Installing: D:/a/sindarin-compiler/sindarin-compiler/bin/include/platform/compat_pthread.h
2026-10-02T18:18:21.4384516Z -- Installing: D:/a/sindarin-compiler/sindarin-compiler/bin/include/platform/compat_time.h
2026-10-02T18:18:21.4388517Z -- Installing: D:/a/sindarin-compiler/sindarin-compiler/bin/include/platform/compat_windows.h
2026-10-02T18:18:21.4394486Z -- Installing: D:/a/sindarin-compiler/sindarin-compiler/bin/include/platform/platform.h
2026-10-02T18:18:21.5841008Z -- Found libs submodule: D:/a/sindarin-compiler/sindarin-compiler/.sn/sindarin-pkg-libs/libs/windows
2026-10-02T18:18:21.5842433Z --   Copying zlib headers...
2026-10-02T18:18:21.5842894Z -- Installing: D:/a/sindarin-compiler/sindarin-compiler/bin/deps/include/zlib.h
2026-10-02T18:18:21.5849164Z -- Installing: D:/a/sindarin-compiler/sindarin-compiler/bin/deps/include/zconf.h
2026-10-02T18:18:21.5853839Z --   Copying yyjson headers...
2026-10-02T18:18:21.5854916Z -- Installing: D:/a/sindarin-compiler/sindarin-compiler/bin/deps/include/yyjson.h
2026-10-02T18:18:21.5864677Z --   Copying json-c headers...
2026-10-02T18:18:21.5865525Z -- Installing: D:/a/sindarin-compiler/sindarin-compiler/bin/deps/include/json-c
2026-10-02T18:18:21.5869391Z -- Installing: D:/a/sindarin-compiler/sindarin-compiler/bin/deps/include/json-c/arraylist.h
2026-10-02T18:18:21.5873528Z -- Installing: D:/a/sindarin-compiler/sindarin-compiler/bin/deps/include/json-c/debug.h
2026-10-02T18:18:21.5878658Z -- Installing: D:/a/sindarin-compiler/sindarin-compiler/bin/deps/include/json-c/json.h
2026-10-02T18:18:21.5883089Z -- Installing: D:/a/sindarin-compiler/sindarin-compiler/bin/deps/include/json-c/json_config.h
2026-10-02T18:18:21.5886926Z -- Installing: D:/a/sindarin-compiler/sindarin-compiler/bin/deps/include/json-c/json_c_version.h
2026-10-02T18:18:21.5891074Z -- Installing: D:/a/sindarin-compiler/sindarin-compiler/bin/deps/include/json-c/json_inttypes.h
2026-10-02T18:18:21.5895409Z -- Installing: D:/a/sindarin-compiler/sindarin-compiler/bin/deps/include/json-c/json_object.h
2026-10-02T18:18:21.5902066Z -- Installing: D:/a/sindarin-compiler/sindarin-compiler/bin/deps/include/json-c/json_object_iterator.h
2026-10-02T18:18:21.5906694Z -- Installing: D:/a/sindarin-compiler/sindarin-compiler/bin/deps/include/json-c/json_patch.h
2026-10-02T18:18:21.5910627Z -- Installing: D:/a/sindarin-compiler/sindarin-compiler/bin/deps/include/json-c/json_pointer.h
2026-10-02T18:18:21.5916646Z -- Installing: D:/a/sindarin-compiler/sindarin-compiler/bin/deps/include/json-c/json_tokener.h
2026-10-02T18:18:21.5921142Z -- Installing: D:/a/sindarin-compiler/sindarin-compiler/bin/deps/include/json-c/json_types.h
2026-10-02T18:18:21.5924778Z -- Installing: D:/a/sindarin-compiler/sindarin-compiler/bin/deps/include/json-c/json_util.h
2026-10-02T18:18:21.5928790Z -- Installing: D:/a/sindarin-compiler/sindarin-compiler/bin/deps/include/json-c/json_visit.h
2026-10-02T18:18:21.5933260Z -- Installing: D:/a/sindarin-compiler/sindarin-compiler/bin/deps/include/json-c/linkhash.h
2026-10-02T18:18:21.5937444Z -- Installing: D:/a/sindarin-compiler/sindarin-compiler/bin/deps/include/json-c/printbuf.h
2026-10-02T18:18:21.5942077Z --   Copying libxml2 headers...
2026-10-02T18:18:21.5943388Z -- Installing: D:/a/sindarin-compiler/sindarin-compiler/bin/deps/include/libxml
2026-10-02T18:18:21.5947885Z -- Installing: D:/a/sindarin-compiler/sindarin-compiler/bin/deps/include/libxml/c14n.h
2026-10-02T18:18:21.5952146Z -- Installing: D:/a/sindarin-compiler/sindarin-compiler/bin/deps/include/libxml/catalog.h
2026-10-02T18:18:21.5957172Z -- Installing: D:/a/sindarin-compiler/sindarin-compiler/bin/deps/include/libxml/chvalid.h
2026-10-02T18:18:21.5961946Z -- Installing: D:/a/sindarin-compiler/sindarin-compiler/bin/deps/include/libxml/debugXML.h
2026-10-02T18:18:21.5965704Z -- Installing: D:/a/sindarin-compiler/sindarin-compiler/bin/deps/include/libxml/dict.h
2026-10-02T18:18:21.5970890Z -- Installing: D:/a/sindarin-compiler/sindarin-compiler/bin/deps/include/libxml/encoding.h
2026-10-02T18:18:21.5974622Z -- Installing: D:/a/sindarin-compiler/sindarin-compiler/bin/deps/include/libxml/entities.h
2026-10-02T18:18:21.5980491Z -- Installing: D:/a/sindarin-compiler/sindarin-compiler/bin/deps/include/libxml/globals.h
2026-10-02T18:18:21.5984390Z -- Installing: D:/a/sindarin-compiler/sindarin-compiler/bin/deps/include/libxml/hash.h
2026-10-02T18:18:21.5988756Z -- Installing: D:/a/sindarin-compiler/sindarin-compiler/bin/deps/include/libxml/HTMLparser.h
2026-10-02T18:18:21.5993232Z -- Installing: D:/a/sindarin-compiler/sindarin-compiler/bin/deps/include/libxml/HTMLtree.h
2026-10-02T18:18:21.5997255Z -- Installing: D:/a/sindarin-compiler/sindarin-compiler/bin/deps/include/libxml/list.h
2026-10-02T18:18:21.6001481Z -- Installing: D:/a/sindarin-compiler/sindarin-compiler/bin/deps/include/libxml/nanoftp.h
2026-10-02T18:18:21.6005419Z -- Installing: D:/a/sindarin-compiler/sindarin-compiler/bin/deps/include/libxml/nanohttp.h
2026-10-02T18:18:21.6009394Z -- Installing: D:/a/sindarin-compiler/sindarin-compiler/bin/deps/include/libxml/parser.h
2026-10-02T18:18:21.6014785Z -- Installing: D:/a/sindarin-compiler/sindarin-compiler/bin/deps/include/libxml/parserInternals.h
2026-10-02T18:18:21.6020360Z -- Installing: D:/a/sindarin-compiler/sindarin-compiler/bin/deps/include/libxml/pattern.h
2026-10-02T18:18:21.6024199Z -- Installing: D:/a/sindarin-compiler/sindarin-compiler/bin/deps/include/libxml/relaxng.h
2026-10-02T18:18:21.6028786Z -- Installing: D:/a/sindarin-compiler/sindarin-compiler/bin/deps/include/libxml/SAX.h
2026-10-02T18:18:21.6032978Z -- Installing: D:/a/sindarin-compiler/sindarin-compiler/bin/deps/include/libxml/SAX2.h
2026-10-02T18:18:21.6037606Z -- Installing: D:/a/sindarin-compiler/sindarin-compiler/bin/deps/include/libxml/schemasInternals.h
2026-10-02T18:18:21.6042453Z -- Installing: D:/a/sindarin-compiler/sindarin-compiler/bin/deps/include/libxml/schematron.h
2026-10-02T18:18:21.6046674Z -- Installing: D:/a/sindarin-compiler/sindarin-compiler/bin/deps/include/libxml/threads.h
2026-10-02T18:18:21.6051073Z -- Installing: D:/a/sindarin-compiler/sindarin-compiler/bin/deps/include/libxml/tree.h
2026-10-02T18:18:21.6055950Z -- Installing: D:/a/sindarin-compiler/sindarin-compiler/bin/deps/include/libxml/uri.h
2026-10-02T18:18:21.6060362Z -- Installing: D:/a/sindarin-compiler/sindarin-compiler/bin/deps/include/libxml/valid.h
2026-10-02T18:18:21.6064803Z -- Installing: D:/a/sindarin-compiler/sindarin-compiler/bin/deps/include/libxml/xinclude.h
2026-10-02T18:18:21.6069571Z -- Installing: D:/a/sindarin-compiler/sindarin-compiler/bin/deps/include/libxml/xlink.h
2026-10-02T18:18:21.6074066Z -- Installing: D:/a/sindarin-compiler/sindarin-compiler/bin/deps/include/libxml/xmlautomata.h
2026-10-02T18:18:21.6078091Z -- Installing: D:/a/sindarin-compiler/sindarin-compiler/bin/deps/include/libxml/xmlerror.h
2026-10-02T18:18:21.6083209Z -- Installing: D:/a/sindarin-compiler/sindarin-compiler/bin/deps/include/libxml/xmlexports.h
2026-10-02T18:18:21.6087279Z -- Installing: D:/a/sindarin-compiler/sindarin-compiler/bin/deps/include/libxml/xmlIO.h
2026-10-02T18:18:21.6092231Z -- Installing: D:/a/sindarin-compiler/sindarin-compiler/bin/deps/include/libxml/xmlmemory.h
2026-10-02T18:18:21.6096536Z -- Installing: D:/a/sindarin-compiler/sindarin-compiler/bin/deps/include/libxml/xmlmodule.h
2026-10-02T18:18:21.6100801Z -- Installing: D:/a/sindarin-compiler/sindarin-compiler/bin/deps/include/libxml/xmlreader.h
2026-10-02T18:18:21.6105079Z -- Installing: D:/a/sindarin-compiler/sindarin-compiler/bin/deps/include/libxml/xmlregexp.h
2026-10-02T18:18:21.6109164Z -- Installing: D:/a/sindarin-compiler/sindarin-compiler/bin/deps/include/libxml/xmlsave.h
2026-10-02T18:18:21.6113852Z -- Installing: D:/a/sindarin-compiler/sindarin-compiler/bin/deps/include/libxml/xmlschemas.h
2026-10-02T18:18:21.6118208Z -- Installing: D:/a/sindarin-compiler/sindarin-compiler/bin/deps/include/libxml/xmlschemastypes.h
2026-10-02T18:18:21.6124349Z -- Installing: D:/a/sindarin-compiler/sindarin-compiler/bin/deps/include/libxml/xmlstring.h
2026-10-02T18:18:21.6128315Z -- Installing: D:/a/sindarin-compiler/sindarin-compiler/bin/deps/include/libxml/xmlunicode.h
2026-10-02T18:18:21.6132981Z -- Installing: D:/a/sindarin-compiler/sindarin-compiler/bin/deps/include/libxml/xmlversion.h
2026-10-02T18:18:21.6137340Z -- Installing: D:/a/sindarin-compiler/sindarin-compiler/bin/deps/include/libxml/xmlwriter.h
2026-10-02T18:18:21.6141945Z -- Installing: D:/a/sindarin-compiler/sindarin-compiler/bin/deps/include/libxml/xpath.h
2026-10-02T18:18:21.6146710Z -- Installing: D:/a/sindarin-compiler/sindarin-compiler/bin/deps/include/libxml/xpathInternals.h
2026-10-02T18:18:21.6151563Z -- Installing: D:/a/sindarin-compiler/sindarin-compiler/bin/deps/include/libxml/xpointer.h
2026-10-02T18:18:21.6155599Z --   Copying libyaml headers...
2026-10-02T18:18:21.6156880Z -- Installing: D:/a/sindarin-compiler/sindarin-compiler/bin/deps/include/yaml.h
2026-10-02T18:18:21.6163123Z --   Copying openssl headers...
2026-10-02T18:18:21.6164175Z -- Installing: D:/a/sindarin-compiler/sindarin-compiler/bin/deps/include/openssl
2026-10-02T18:18:21.6169439Z -- Installing: D:/a/sindarin-compiler/sindarin-compiler/bin/deps/include/openssl/aes.h
2026-10-02T18:18:21.6173927Z -- Installing: D:/a/sindarin-compiler/sindarin-compiler/bin/deps/include/openssl/asn1.h
2026-10-02T18:18:21.6178966Z -- Installing: D:/a/sindarin-compiler/sindarin-compiler/bin/deps/include/openssl/asn1err.h
2026-10-02T18:18:21.6183098Z -- Installing: D:/a/sindarin-compiler/sindarin-compiler/bin/deps/include/openssl/asn1t.h
2026-10-02T18:18:21.6188096Z -- Installing: D:/a/sindarin-compiler/sindarin-compiler/bin/deps/include/openssl/async.h
2026-10-02T18:18:21.6192690Z -- Installing: D:/a/sindarin-compiler/sindarin-compiler/bin/deps/include/openssl/asyncerr.h
2026-10-02T18:18:21.6196674Z -- Installing: D:/a/sindarin-compiler/sindarin-compiler/bin/deps/include/openssl/bio.h
2026-10-02T18:18:21.6202946Z -- Installing: D:/a/sindarin-compiler/sindarin-compiler/bin/deps/include/openssl/bioerr.h
2026-10-02T18:18:21.6207332Z -- Installing: D:/a/sindarin-compiler/sindarin-compiler/bin/deps/include/openssl/blowfish.h
2026-10-02T18:18:21.6212214Z -- Installing: D:/a/sindarin-compiler/sindarin-compiler/bin/deps/include/openssl/bn.h
2026-10-02T18:18:21.6216862Z -- Installing: D:/a/sindarin-compiler/sindarin-compiler/bin/deps/include/openssl/bnerr.h
2026-10-02T18:18:21.6220948Z -- Installing: D:/a/sindarin-compiler/sindarin-compiler/bin/deps/include/openssl/buffer.h
2026-10-02T18:18:21.6224925Z -- Installing: D:/a/sindarin-compiler/sindarin-compiler/bin/deps/include/openssl/buffererr.h
2026-10-02T18:18:21.6230100Z -- Installing: D:/a/sindarin-compiler/sindarin-compiler/bin/deps/include/openssl/byteorder.h
2026-10-02T18:18:21.6235183Z -- Installing: D:/a/sindarin-compiler/sindarin-compiler/bin/deps/include/openssl/camellia.h
2026-10-02T18:18:21.6239205Z -- Installing: D:/a/sindarin-compiler/sindarin-compiler/bin/deps/include/openssl/cast.h
2026-10-02T18:18:21.6243282Z -- Installing: D:/a/sindarin-compiler/sindarin-compiler/bin/deps/include/openssl/cmac.h
2026-10-02T18:18:21.6247304Z -- Installing: D:/a/sindarin-compiler/sindarin-compiler/bin/deps/include/openssl/cmp.h
2026-10-02T18:18:21.6252768Z -- Installing: D:/a/sindarin-compiler/sindarin-compiler/bin/deps/include/openssl/cmperr.h
2026-10-02T18:18:21.6257061Z -- Installing: D:/a/sindarin-compiler/sindarin-compiler/bin/deps/include/openssl/cmp_util.h
2026-10-02T18:18:21.6261080Z -- Installing: D:/a/sindarin-compiler/sindarin-compiler/bin/deps/include/openssl/cms.h
2026-10-02T18:18:21.6265763Z -- Installing: D:/a/sindarin-compiler/sindarin-compiler/bin/deps/include/openssl/cmserr.h
2026-10-02T18:18:21.6270524Z -- Installing: D:/a/sindarin-compiler/sindarin-compiler/bin/deps/include/openssl/comp.h
2026-10-02T18:18:21.6274975Z -- Installing: D:/a/sindarin-compiler/sindarin-compiler/bin/deps/include/openssl/comperr.h
2026-10-02T18:18:21.6279276Z -- Installing: D:/a/sindarin-compiler/sindarin-compiler/bin/deps/include/openssl/conf.h
2026-10-02T18:18:21.6283727Z -- Installing: D:/a/sindarin-compiler/sindarin-compiler/bin/deps/include/openssl/conferr.h
2026-10-02T18:18:21.6287767Z -- Installing: D:/a/sindarin-compiler/sindarin-compiler/bin/deps/include/openssl/configuration.h
2026-10-02T18:18:21.6292275Z -- Installing: D:/a/sindarin-compiler/sindarin-compiler/bin/deps/include/openssl/conftypes.h
2026-10-02T18:18:21.6296814Z -- Installing: D:/a/sindarin-compiler/sindarin-compiler/bin/deps/include/openssl/conf_api.h
2026-10-02T18:18:21.6300842Z -- Installing: D:/a/sindarin-compiler/sindarin-compiler/bin/deps/include/openssl/core.h
2026-10-02T18:18:21.6305276Z -- Installing: D:/a/sindarin-compiler/sindarin-compiler/bin/deps/include/openssl/core_dispatch.h
2026-10-02T18:18:21.6310626Z -- Installing: D:/a/sindarin-compiler/sindarin-compiler/bin/deps/include/openssl/core_names.h
2026-10-02T18:18:21.6315578Z -- Installing: D:/a/sindarin-compiler/sindarin-compiler/bin/deps/include/openssl/core_object.h
2026-10-02T18:18:21.6319785Z -- Installing: D:/a/sindarin-compiler/sindarin-compiler/bin/deps/include/openssl/crmf.h
2026-10-02T18:18:21.6324099Z -- Installing: D:/a/sindarin-compiler/sindarin-compiler/bin/deps/include/openssl/crmferr.h
2026-10-02T18:18:21.6328268Z -- Installing: D:/a/sindarin-compiler/sindarin-compiler/bin/deps/include/openssl/crypto.h
2026-10-02T18:18:21.6333151Z -- Installing: D:/a/sindarin-compiler/sindarin-compiler/bin/deps/include/openssl/cryptoerr.h
2026-10-02T18:18:21.6337462Z -- Installing: D:/a/sindarin-compiler/sindarin-compiler/bin/deps/include/openssl/cryptoerr_legacy.h
2026-10-02T18:18:21.6342475Z -- Installing: D:/a/sindarin-compiler/sindarin-compiler/bin/deps/include/openssl/ct.h
2026-10-02T18:18:21.6347578Z -- Installing: D:/a/sindarin-compiler/sindarin-compiler/bin/deps/include/openssl/cterr.h
2026-10-02T18:18:21.6353414Z -- Installing: D:/a/sindarin-compiler/sindarin-compiler/bin/deps/include/openssl/decoder.h
2026-10-02T18:18:21.6357813Z -- Installing: D:/a/sindarin-compiler/sindarin-compiler/bin/deps/include/openssl/decodererr.h
2026-10-02T18:18:21.6361912Z -- Installing: D:/a/sindarin-compiler/sindarin-compiler/bin/deps/include/openssl/des.h
2026-10-02T18:18:21.6366146Z -- Installing: D:/a/sindarin-compiler/sindarin-compiler/bin/deps/include/openssl/dh.h
2026-10-02T18:18:21.6371202Z -- Installing: D:/a/sindarin-compiler/sindarin-compiler/bin/deps/include/openssl/dherr.h
2026-10-02T18:18:21.6375588Z -- Installing: D:/a/sindarin-compiler/sindarin-compiler/bin/deps/include/openssl/dsa.h
2026-10-02T18:18:21.6380084Z -- Installing: D:/a/sindarin-compiler/sindarin-compiler/bin/deps/include/openssl/dsaerr.h
2026-10-02T18:18:21.6384087Z -- Installing: D:/a/sindarin-compiler/sindarin-compiler/bin/deps/include/openssl/dtls1.h
2026-10-02T18:18:21.6388828Z -- Installing: D:/a/sindarin-compiler/sindarin-compiler/bin/deps/include/openssl/ebcdic.h
2026-10-02T18:18:21.6392818Z -- Installing: D:/a/sindarin-compiler/sindarin-compiler/bin/deps/include/openssl/ec.h
2026-10-02T18:18:21.6398203Z -- Installing: D:/a/sindarin-compiler/sindarin-compiler/bin/deps/include/openssl/ecdh.h
2026-10-02T18:18:21.6402446Z -- Installing: D:/a/sindarin-compiler/sindarin-compiler/bin/deps/include/openssl/ecdsa.h
2026-10-02T18:18:21.6406396Z -- Installing: D:/a/sindarin-compiler/sindarin-compiler/bin/deps/include/openssl/ecerr.h
2026-10-02T18:18:21.6410609Z -- Installing: D:/a/sindarin-compiler/sindarin-compiler/bin/deps/include/openssl/encoder.h
2026-10-02T18:18:21.6414871Z -- Installing: D:/a/sindarin-compiler/sindarin-compiler/bin/deps/include/openssl/encodererr.h
2026-10-02T18:18:21.6418869Z -- Installing: D:/a/sindarin-compiler/sindarin-compiler/bin/deps/include/openssl/engine.h
2026-10-02T18:18:21.6423919Z -- Installing: D:/a/sindarin-compiler/sindarin-compiler/bin/deps/include/openssl/engineerr.h
2026-10-02T18:18:21.6428919Z -- Installing: D:/a/sindarin-compiler/sindarin-compiler/bin/deps/include/openssl/err.h
2026-10-02T18:18:21.6435731Z -- Installing: D:/a/sindarin-compiler/sindarin-compiler/bin/deps/include/openssl/ess.h
2026-10-02T18:18:21.6441375Z -- Installing: D:/a/sindarin-compiler/sindarin-compiler/bin/deps/include/openssl/esserr.h
2026-10-02T18:18:21.6448444Z -- Installing: D:/a/sindarin-compiler/sindarin-compiler/bin/deps/include/openssl/evp.h
2026-10-02T18:18:21.6455413Z -- Installing: D:/a/sindarin-compiler/sindarin-compiler/bin/deps/include/openssl/evperr.h
2026-10-02T18:18:21.6460183Z -- Installing: D:/a/sindarin-compiler/sindarin-compiler/bin/deps/include/openssl/e_os2.h
2026-10-02T18:18:21.6464939Z -- Installing: D:/a/sindarin-compiler/sindarin-compiler/bin/deps/include/openssl/e_ostime.h
2026-10-02T18:18:21.6469789Z -- Installing: D:/a/sindarin-compiler/sindarin-compiler/bin/deps/include/openssl/fipskey.h
2026-10-02T18:18:21.6474778Z -- Installing: D:/a/sindarin-compiler/sindarin-compiler/bin/deps/include/openssl/fips_names.h
2026-10-02T18:18:21.6479113Z -- Installing: D:/a/sindarin-compiler/sindarin-compiler/bin/deps/include/openssl/hmac.h
2026-10-02T18:18:21.6483576Z -- Installing: D:/a/sindarin-compiler/sindarin-compiler/bin/deps/include/openssl/hpke.h
2026-10-02T18:18:21.6488561Z -- Installing: D:/a/sindarin-compiler/sindarin-compiler/bin/deps/include/openssl/http.h
2026-10-02T18:18:21.6493327Z -- Installing: D:/a/sindarin-compiler/sindarin-compiler/bin/deps/include/openssl/httperr.h
2026-10-02T18:18:21.6497651Z -- Installing: D:/a/sindarin-compiler/sindarin-compiler/bin/deps/include/openssl/idea.h
2026-10-02T18:18:21.6501949Z -- Installing: D:/a/sindarin-compiler/sindarin-compiler/bin/deps/include/openssl/indicator.h
2026-10-02T18:18:21.6506659Z -- Installing: D:/a/sindarin-compiler/sindarin-compiler/bin/deps/include/openssl/kdf.h
2026-10-02T18:18:21.6511384Z -- Installing: D:/a/sindarin-compiler/sindarin-compiler/bin/deps/include/openssl/kdferr.h
2026-10-02T18:18:21.6515513Z -- Installing: D:/a/sindarin-compiler/sindarin-compiler/bin/deps/include/openssl/lhash.h
2026-10-02T18:18:21.6520784Z -- Installing: D:/a/sindarin-compiler/sindarin-compiler/bin/deps/include/openssl/macros.h
2026-10-02T18:18:21.6525331Z -- Installing: D:/a/sindarin-compiler/sindarin-compiler/bin/deps/include/openssl/md2.h
2026-10-02T18:18:21.6530456Z -- Installing: D:/a/sindarin-compiler/sindarin-compiler/bin/deps/include/openssl/md4.h
2026-10-02T18:18:21.6534691Z -- Installing: D:/a/sindarin-compiler/sindarin-compiler/bin/deps/include/openssl/md5.h
2026-10-02T18:18:21.6538813Z -- Installing: D:/a/sindarin-compiler/sindarin-compiler/bin/deps/include/openssl/mdc2.h
2026-10-02T18:18:21.6542946Z -- Installing: D:/a/sindarin-compiler/sindarin-compiler/bin/deps/include/openssl/ml_kem.h
2026-10-02T18:18:21.6552058Z -- Installing: D:/a/sindarin-compiler/sindarin-compiler/bin/deps/include/openssl/modes.h
2026-10-02T18:18:21.6558135Z -- Installing: D:/a/sindarin-compiler/sindarin-compiler/bin/deps/include/openssl/objects.h
2026-10-02T18:18:21.6563976Z -- Installing: D:/a/sindarin-compiler/sindarin-compiler/bin/deps/include/openssl/objectserr.h
2026-10-02T18:18:21.6569752Z -- Installing: D:/a/sindarin-compiler/sindarin-compiler/bin/deps/include/openssl/obj_mac.h
2026-10-02T18:18:21.6582504Z -- Installing: D:/a/sindarin-compiler/sindarin-compiler/bin/deps/include/openssl/ocsp.h
2026-10-02T18:18:21.6589946Z -- Installing: D:/a/sindarin-compiler/sindarin-compiler/bin/deps/include/openssl/ocsperr.h
2026-10-02T18:18:21.6594524Z -- Installing: D:/a/sindarin-compiler/sindarin-compiler/bin/deps/include/openssl/opensslconf.h
2026-10-02T18:18:21.6598901Z -- Installing: D:/a/sindarin-compiler/sindarin-compiler/bin/deps/include/openssl/opensslv.h
2026-10-02T18:18:21.6603209Z -- Installing: D:/a/sindarin-compiler/sindarin-compiler/bin/deps/include/openssl/ossl_typ.h
2026-10-02T18:18:21.6607647Z -- Installing: D:/a/sindarin-compiler/sindarin-compiler/bin/deps/include/openssl/params.h
2026-10-02T18:18:21.6612169Z -- Installing: D:/a/sindarin-compiler/sindarin-compiler/bin/deps/include/openssl/param_build.h
2026-10-02T18:18:21.6616929Z -- Installing: D:/a/sindarin-compiler/sindarin-compiler/bin/deps/include/openssl/pem.h
2026-10-02T18:18:21.6621464Z -- Installing: D:/a/sindarin-compiler/sindarin-compiler/bin/deps/include/openssl/pem2.h
2026-10-02T18:18:21.6625649Z -- Installing: D:/a/sindarin-compiler/sindarin-compiler/bin/deps/include/openssl/pemerr.h
2026-10-02T18:18:21.6630022Z -- Installing: D:/a/sindarin-compiler/sindarin-compiler/bin/deps/include/openssl/pkcs12.h
2026-10-02T18:18:21.6634936Z -- Installing: D:/a/sindarin-compiler/sindarin-compiler/bin/deps/include/openssl/pkcs12err.h
2026-10-02T18:18:21.6639113Z -- Installing: D:/a/sindarin-compiler/sindarin-compiler/bin/deps/include/openssl/pkcs7.h
2026-10-02T18:18:21.6644075Z -- Installing: D:/a/sindarin-compiler/sindarin-compiler/bin/deps/include/openssl/pkcs7err.h
2026-10-02T18:18:21.6648734Z -- Installing: D:/a/sindarin-compiler/sindarin-compiler/bin/deps/include/openssl/proverr.h
2026-10-02T18:18:21.6655548Z -- Installing: D:/a/sindarin-compiler/sindarin-compiler/bin/deps/include/openssl/provider.h
2026-10-02T18:18:21.6659823Z -- Installing: D:/a/sindarin-compiler/sindarin-compiler/bin/deps/include/openssl/prov_ssl.h
2026-10-02T18:18:21.6664178Z -- Installing: D:/a/sindarin-compiler/sindarin-compiler/bin/deps/include/openssl/quic.h
2026-10-02T18:18:21.6668630Z -- Installing: D:/a/sindarin-compiler/sindarin-compiler/bin/deps/include/openssl/rand.h
2026-10-02T18:18:21.6672778Z -- Installing: D:/a/sindarin-compiler/sindarin-compiler/bin/deps/include/openssl/randerr.h
2026-10-02T18:18:21.6677150Z -- Installing: D:/a/sindarin-compiler/sindarin-compiler/bin/deps/include/openssl/rc2.h
2026-10-02T18:18:21.6681266Z -- Installing: D:/a/sindarin-compiler/sindarin-compiler/bin/deps/include/openssl/rc4.h
2026-10-02T18:18:21.6685443Z -- Installing: D:/a/sindarin-compiler/sindarin-compiler/bin/deps/include/openssl/rc5.h
2026-10-02T18:18:21.6690019Z -- Installing: D:/a/sindarin-compiler/sindarin-compiler/bin/deps/include/openssl/ripemd.h
2026-10-02T18:18:21.6694292Z -- Installing: D:/a/sindarin-compiler/sindarin-compiler/bin/deps/include/openssl/rsa.h
2026-10-02T18:18:21.6699028Z -- Installing: D:/a/sindarin-compiler/sindarin-compiler/bin/deps/include/openssl/rsaerr.h
2026-10-02T18:18:21.6704783Z -- Installing: D:/a/sindarin-compiler/sindarin-compiler/bin/deps/include/openssl/safestack.h
2026-10-02T18:18:21.6709958Z -- Installing: D:/a/sindarin-compiler/sindarin-compiler/bin/deps/include/openssl/seed.h
2026-10-02T18:18:21.6717246Z -- Installing: D:/a/sindarin-compiler/sindarin-compiler/bin/deps/include/openssl/self_test.h
2026-10-02T18:18:21.6722283Z -- Installing: D:/a/sindarin-compiler/sindarin-compiler/bin/deps/include/openssl/sha.h
2026-10-02T18:18:21.6727438Z -- Installing: D:/a/sindarin-compiler/sindarin-compiler/bin/deps/include/openssl/srp.h
2026-10-02T18:18:21.6732466Z -- Installing: D:/a/sindarin-compiler/sindarin-compiler/bin/deps/include/openssl/srtp.h
2026-10-02T18:18:21.6736734Z -- Installing: D:/a/sindarin-compiler/sindarin-compiler/bin/deps/include/openssl/ssl.h
2026-10-02T18:18:21.6743107Z -- Installing: D:/a/sindarin-compiler/sindarin-compiler/bin/deps/include/openssl/ssl2.h
2026-10-02T18:18:21.6748374Z -- Installing: D:/a/sindarin-compiler/sindarin-compiler/bin/deps/include/openssl/ssl3.h
2026-10-02T18:18:21.6752990Z -- Installing: D:/a/sindarin-compiler/sindarin-compiler/bin/deps/include/openssl/sslerr.h
2026-10-02T18:18:21.6759342Z -- Installing: D:/a/sindarin-compiler/sindarin-compiler/bin/deps/include/openssl/sslerr_legacy.h
2026-10-02T18:18:21.6764061Z -- Installing: D:/a/sindarin-compiler/sindarin-compiler/bin/deps/include/openssl/stack.h
2026-10-02T18:18:21.6769276Z -- Installing: D:/a/sindarin-compiler/sindarin-compiler/bin/deps/include/openssl/store.h
2026-10-02T18:18:21.6773803Z -- Installing: D:/a/sindarin-compiler/sindarin-compiler/bin/deps/include/openssl/storeerr.h
2026-10-02T18:18:21.6777999Z -- Installing: D:/a/sindarin-compiler/sindarin-compiler/bin/deps/include/openssl/symhacks.h
2026-10-02T18:18:21.6782617Z -- Installing: D:/a/sindarin-compiler/sindarin-compiler/bin/deps/include/openssl/thread.h
2026-10-02T18:18:21.6787329Z -- Installing: D:/a/sindarin-compiler/sindarin-compiler/bin/deps/include/openssl/tls1.h
2026-10-02T18:18:21.6792338Z -- Installing: D:/a/sindarin-compiler/sindarin-compiler/bin/deps/include/openssl/trace.h
2026-10-02T18:18:21.6796913Z -- Installing: D:/a/sindarin-compiler/sindarin-compiler/bin/deps/include/openssl/ts.h
2026-10-02T18:18:21.6801797Z -- Installing: D:/a/sindarin-compiler/sindarin-compiler/bin/deps/include/openssl/tserr.h
2026-10-02T18:18:21.6806402Z -- Installing: D:/a/sindarin-compiler/sindarin-compiler/bin/deps/include/openssl/txt_db.h
2026-10-02T18:18:21.6810805Z -- Installing: D:/a/sindarin-compiler/sindarin-compiler/bin/deps/include/openssl/types.h
2026-10-02T18:18:21.6815888Z -- Installing: D:/a/sindarin-compiler/sindarin-compiler/bin/deps/include/openssl/ui.h
2026-10-02T18:18:21.6821208Z -- Installing: D:/a/sindarin-compiler/sindarin-compiler/bin/deps/include/openssl/uierr.h
2026-10-02T18:18:21.6825990Z -- Installing: D:/a/sindarin-compiler/sindarin-compiler/bin/deps/include/openssl/whrlpool.h
2026-10-02T18:18:21.6830725Z -- Installing: D:/a/sindarin-compiler/sindarin-compiler/bin/deps/include/openssl/x509.h
2026-10-02T18:18:21.6836451Z -- Installing: D:/a/sindarin-compiler/sindarin-compiler/bin/deps/include/openssl/x509err.h
2026-10-02T18:18:21.6840628Z -- Installing: D:/a/sindarin-compiler/sindarin-compiler/bin/deps/include/openssl/x509v3.h
2026-10-02T18:18:21.6848927Z -- Installing: D:/a/sindarin-compiler/sindarin-compiler/bin/deps/include/openssl/x509v3err.h
2026-10-02T18:18:21.6853471Z -- Installing: D:/a/sindarin-compiler/sindarin-compiler/bin/deps/include/openssl/x509_acert.h
2026-10-02T18:18:21.6858072Z -- Installing: D:/a/sindarin-compiler/sindarin-compiler/bin/deps/include/openssl/x509_vfy.h
2026-10-02T18:18:21.6866323Z --   Copying libssh headers...
2026-10-02T18:18:21.6867593Z -- Installing: D:/a/sindarin-compiler/sindarin-compiler/bin/deps/include/libssh
2026-10-02T18:18:21.6872617Z -- Installing: D:/a/sindarin-compiler/sindarin-compiler/bin/deps/include/libssh/callbacks.h
2026-10-02T18:18:21.6877892Z -- Installing: D:/a/sindarin-compiler/sindarin-compiler/bin/deps/include/libssh/legacy.h
2026-10-02T18:18:21.6882600Z -- Installing: D:/a/sindarin-compiler/sindarin-compiler/bin/deps/include/libssh/libssh.h
2026-10-02T18:18:21.6887684Z -- Installing: D:/a/sindarin-compiler/sindarin-compiler/bin/deps/include/libssh/libsshpp.hpp
2026-10-02T18:18:21.6892407Z -- Installing: D:/a/sindarin-compiler/sindarin-compiler/bin/deps/include/libssh/libssh_version.h
2026-10-02T18:18:21.6896471Z -- Installing: D:/a/sindarin-compiler/sindarin-compiler/bin/deps/include/libssh/server.h
2026-10-02T18:18:21.6900876Z -- Installing: D:/a/sindarin-compiler/sindarin-compiler/bin/deps/include/libssh/sftp.h
2026-10-02T18:18:21.6907286Z -- Installing: D:/a/sindarin-compiler/sindarin-compiler/bin/deps/include/libssh/sftpserver.h
2026-10-02T18:18:21.6912085Z -- Installing: D:/a/sindarin-compiler/sindarin-compiler/bin/deps/include/libssh/ssh2.h
2026-10-02T18:18:21.6915755Z --   Copying libgit2 headers...
2026-10-02T18:18:21.6917104Z -- Installing: D:/a/sindarin-compiler/sindarin-compiler/bin/deps/include/git2.h
2026-10-02T18:18:21.6921526Z -- Installing: D:/a/sindarin-compiler/sindarin-compiler/bin/deps/include/git2
2026-10-02T18:18:21.6926487Z -- Installing: D:/a/sindarin-compiler/sindarin-compiler/bin/deps/include/git2/annotated_commit.h
2026-10-02T18:18:21.6931031Z -- Installing: D:/a/sindarin-compiler/sindarin-compiler/bin/deps/include/git2/apply.h
2026-10-02T18:18:21.6935202Z -- Installing: D:/a/sindarin-compiler/sindarin-compiler/bin/deps/include/git2/attr.h
2026-10-02T18:18:21.6939634Z -- Installing: D:/a/sindarin-compiler/sindarin-compiler/bin/deps/include/git2/blame.h
2026-10-02T18:18:21.6944212Z -- Installing: D:/a/sindarin-compiler/sindarin-compiler/bin/deps/include/git2/blob.h
2026-10-02T18:18:21.6948585Z -- Installing: D:/a/sindarin-compiler/sindarin-compiler/bin/deps/include/git2/branch.h
2026-10-02T18:18:21.6953102Z -- Installing: D:/a/sindarin-compiler/sindarin-compiler/bin/deps/include/git2/buffer.h
2026-10-02T18:18:21.6958061Z -- Installing: D:/a/sindarin-compiler/sindarin-compiler/bin/deps/include/git2/cert.h
2026-10-02T18:18:21.6962415Z -- Installing: D:/a/sindarin-compiler/sindarin-compiler/bin/deps/include/git2/checkout.h
2026-10-02T18:18:21.6966894Z -- Installing: D:/a/sindarin-compiler/sindarin-compiler/bin/deps/include/git2/cherrypick.h
2026-10-02T18:18:21.6971459Z -- Installing: D:/a/sindarin-compiler/sindarin-compiler/bin/deps/include/git2/clone.h
2026-10-02T18:18:21.6975825Z -- Installing: D:/a/sindarin-compiler/sindarin-compiler/bin/deps/include/git2/commit.h
2026-10-02T18:18:21.6980665Z -- Installing: D:/a/sindarin-compiler/sindarin-compiler/bin/deps/include/git2/common.h
2026-10-02T18:18:21.6985397Z -- Installing: D:/a/sindarin-compiler/sindarin-compiler/bin/deps/include/git2/config.h
2026-10-02T18:18:21.6990521Z -- Installing: D:/a/sindarin-compiler/sindarin-compiler/bin/deps/include/git2/credential.h
2026-10-02T18:18:21.6994909Z -- Installing: D:/a/sindarin-compiler/sindarin-compiler/bin/deps/include/git2/credential_helpers.h
2026-10-02T18:18:21.6999428Z -- Installing: D:/a/sindarin-compiler/sindarin-compiler/bin/deps/include/git2/cred_helpers.h
2026-10-02T18:18:21.7003337Z -- Installing: D:/a/sindarin-compiler/sindarin-compiler/bin/deps/include/git2/deprecated.h
2026-10-02T18:18:21.7008193Z -- Installing: D:/a/sindarin-compiler/sindarin-compiler/bin/deps/include/git2/describe.h
2026-10-02T18:18:21.7012750Z -- Installing: D:/a/sindarin-compiler/sindarin-compiler/bin/deps/include/git2/diff.h
2026-10-02T18:18:21.7019205Z -- Installing: D:/a/sindarin-compiler/sindarin-compiler/bin/deps/include/git2/email.h
2026-10-02T18:18:21.7026790Z -- Installing: D:/a/sindarin-compiler/sindarin-compiler/bin/deps/include/git2/errors.h
2026-10-02T18:18:21.7032049Z -- Installing: D:/a/sindarin-compiler/sindarin-compiler/bin/deps/include/git2/experimental.h
2026-10-02T18:18:21.7036015Z -- Installing: D:/a/sindarin-compiler/sindarin-compiler/bin/deps/include/git2/filter.h
2026-10-02T18:18:21.7040690Z -- Installing: D:/a/sindarin-compiler/sindarin-compiler/bin/deps/include/git2/global.h
2026-10-02T18:18:21.7045019Z -- Installing: D:/a/sindarin-compiler/sindarin-compiler/bin/deps/include/git2/graph.h
2026-10-02T18:18:21.7049057Z -- Installing: D:/a/sindarin-compiler/sindarin-compiler/bin/deps/include/git2/ignore.h
2026-10-02T18:18:21.7053180Z -- Installing: D:/a/sindarin-compiler/sindarin-compiler/bin/deps/include/git2/index.h
2026-10-02T18:18:21.7057773Z -- Installing: D:/a/sindarin-compiler/sindarin-compiler/bin/deps/include/git2/indexer.h
2026-10-02T18:18:21.7062357Z -- Installing: D:/a/sindarin-compiler/sindarin-compiler/bin/deps/include/git2/mailmap.h
2026-10-02T18:18:21.7066623Z -- Installing: D:/a/sindarin-compiler/sindarin-compiler/bin/deps/include/git2/merge.h
2026-10-02T18:18:21.7071240Z -- Installing: D:/a/sindarin-compiler/sindarin-compiler/bin/deps/include/git2/message.h
2026-10-02T18:18:21.7075447Z -- Installing: D:/a/sindarin-compiler/sindarin-compiler/bin/deps/include/git2/net.h
2026-10-02T18:18:21.7079497Z -- Installing: D:/a/sindarin-compiler/sindarin-compiler/bin/deps/include/git2/notes.h
2026-10-02T18:18:21.7084618Z -- Installing: D:/a/sindarin-compiler/sindarin-compiler/bin/deps/include/git2/object.h
2026-10-02T18:18:21.7089035Z -- Installing: D:/a/sindarin-compiler/sindarin-compiler/bin/deps/include/git2/odb.h
2026-10-02T18:18:21.7093644Z -- Installing: D:/a/sindarin-compiler/sindarin-compiler/bin/deps/include/git2/odb_backend.h
2026-10-02T18:18:21.7098385Z -- Installing: D:/a/sindarin-compiler/sindarin-compiler/bin/deps/include/git2/oid.h
2026-10-02T18:18:21.7103178Z -- Installing: D:/a/sindarin-compiler/sindarin-compiler/bin/deps/include/git2/oidarray.h
2026-10-02T18:18:21.7109552Z -- Installing: D:/a/sindarin-compiler/sindarin-compiler/bin/deps/include/git2/pack.h
2026-10-02T18:18:21.7114100Z -- Installing: D:/a/sindarin-compiler/sindarin-compiler/bin/deps/include/git2/patch.h
2026-10-02T18:18:21.7119593Z -- Installing: D:/a/sindarin-compiler/sindarin-compiler/bin/deps/include/git2/pathspec.h
2026-10-02T18:18:21.7123496Z -- Installing: D:/a/sindarin-compiler/sindarin-compiler/bin/deps/include/git2/proxy.h
2026-10-02T18:18:21.7127492Z -- Installing: D:/a/sindarin-compiler/sindarin-compiler/bin/deps/include/git2/rebase.h
2026-10-02T18:18:21.7131764Z -- Installing: D:/a/sindarin-compiler/sindarin-compiler/bin/deps/include/git2/refdb.h
2026-10-02T18:18:21.7135861Z -- Installing: D:/a/sindarin-compiler/sindarin-compiler/bin/deps/include/git2/reflog.h
2026-10-02T18:18:21.7140770Z -- Installing: D:/a/sindarin-compiler/sindarin-compiler/bin/deps/include/git2/refs.h
2026-10-02T18:18:21.7145293Z -- Installing: D:/a/sindarin-compiler/sindarin-compiler/bin/deps/include/git2/refspec.h
2026-10-02T18:18:21.7149300Z -- Installing: D:/a/sindarin-compiler/sindarin-compiler/bin/deps/include/git2/remote.h
2026-10-02T18:18:21.7154349Z -- Installing: D:/a/sindarin-compiler/sindarin-compiler/bin/deps/include/git2/repository.h
2026-10-02T18:18:21.7160064Z -- Installing: D:/a/sindarin-compiler/sindarin-compiler/bin/deps/include/git2/reset.h
2026-10-02T18:18:21.7164714Z -- Installing: D:/a/sindarin-compiler/sindarin-compiler/bin/deps/include/git2/revert.h
2026-10-02T18:18:21.7168566Z -- Installing: D:/a/sindarin-compiler/sindarin-compiler/bin/deps/include/git2/revparse.h
2026-10-02T18:18:21.7172550Z -- Installing: D:/a/sindarin-compiler/sindarin-compiler/bin/deps/include/git2/revwalk.h
2026-10-02T18:18:21.7177893Z -- Installing: D:/a/sindarin-compiler/sindarin-compiler/bin/deps/include/git2/signature.h
2026-10-02T18:18:21.7182547Z -- Installing: D:/a/sindarin-compiler/sindarin-compiler/bin/deps/include/git2/stash.h
2026-10-02T18:18:21.7186790Z -- Installing: D:/a/sindarin-compiler/sindarin-compiler/bin/deps/include/git2/status.h
2026-10-02T18:18:21.7191105Z -- Installing: D:/a/sindarin-compiler/sindarin-compiler/bin/deps/include/git2/stdint.h
2026-10-02T18:18:21.7195479Z -- Installing: D:/a/sindarin-compiler/sindarin-compiler/bin/deps/include/git2/strarray.h
2026-10-02T18:18:21.7201050Z -- Installing: D:/a/sindarin-compiler/sindarin-compiler/bin/deps/include/git2/submodule.h
2026-10-02T18:18:21.7205776Z -- Installing: D:/a/sindarin-compiler/sindarin-compiler/bin/deps/include/git2/sys
2026-10-02T18:18:21.7210260Z -- Installing: D:/a/sindarin-compiler/sindarin-compiler/bin/deps/include/git2/sys/alloc.h
2026-10-02T18:18:21.7214382Z -- Installing: D:/a/sindarin-compiler/sindarin-compiler/bin/deps/include/git2/sys/commit.h
2026-10-02T18:18:21.7219129Z -- Installing: D:/a/sindarin-compiler/sindarin-compiler/bin/deps/include/git2/sys/commit_graph.h
2026-10-02T18:18:21.7223340Z -- Installing: D:/a/sindarin-compiler/sindarin-compiler/bin/deps/include/git2/sys/config.h
2026-10-02T18:18:21.7227934Z -- Installing: D:/a/sindarin-compiler/sindarin-compiler/bin/deps/include/git2/sys/cred.h
2026-10-02T18:18:21.7232186Z -- Installing: D:/a/sindarin-compiler/sindarin-compiler/bin/deps/include/git2/sys/credential.h
2026-10-02T18:18:21.7236132Z -- Installing: D:/a/sindarin-compiler/sindarin-compiler/bin/deps/include/git2/sys/diff.h
2026-10-02T18:18:21.7241476Z -- Installing: D:/a/sindarin-compiler/sindarin-compiler/bin/deps/include/git2/sys/email.h
2026-10-02T18:18:21.7245555Z -- Installing: D:/a/sindarin-compiler/sindarin-compiler/bin/deps/include/git2/sys/errors.h
2026-10-02T18:18:21.7249597Z -- Installing: D:/a/sindarin-compiler/sindarin-compiler/bin/deps/include/git2/sys/filter.h
2026-10-02T18:18:21.7254053Z -- Installing: D:/a/sindarin-compiler/sindarin-compiler/bin/deps/include/git2/sys/hashsig.h
2026-10-02T18:18:21.7258324Z -- Installing: D:/a/sindarin-compiler/sindarin-compiler/bin/deps/include/git2/sys/index.h
2026-10-02T18:18:21.7262800Z -- Installing: D:/a/sindarin-compiler/sindarin-compiler/bin/deps/include/git2/sys/mempack.h
2026-10-02T18:18:21.7267035Z -- Installing: D:/a/sindarin-compiler/sindarin-compiler/bin/deps/include/git2/sys/merge.h
2026-10-02T18:18:21.7271421Z -- Installing: D:/a/sindarin-compiler/sindarin-compiler/bin/deps/include/git2/sys/midx.h
2026-10-02T18:18:21.7275203Z -- Installing: D:/a/sindarin-compiler/sindarin-compiler/bin/deps/include/git2/sys/odb_backend.h
2026-10-02T18:18:21.7280182Z -- Installing: D:/a/sindarin-compiler/sindarin-compiler/bin/deps/include/git2/sys/openssl.h
2026-10-02T18:18:21.7284207Z -- Installing: D:/a/sindarin-compiler/sindarin-compiler/bin/deps/include/git2/sys/path.h
2026-10-02T18:18:21.7334402Z -- Installing: D:/a/sindarin-compiler/sindarin-compiler/bin/deps/include/git2/sys/refdb_backend.h
2026-10-02T18:18:21.7335678Z -- Installing: D:/a/sindarin-compiler/sindarin-compiler/bin/deps/include/git2/sys/refs.h
2026-10-02T18:18:21.7337592Z -- Installing: D:/a/sindarin-compiler/sindarin-compiler/bin/deps/include/git2/sys/remote.h
2026-10-02T18:18:21.7338311Z -- Installing: D:/a/sindarin-compiler/sindarin-compiler/bin/deps/include/git2/sys/repository.h
2026-10-02T18:18:21.7339022Z -- Installing: D:/a/sindarin-compiler/sindarin-compiler/bin/deps/include/git2/sys/stream.h
2026-10-02T18:18:21.7339735Z -- Installing: D:/a/sindarin-compiler/sindarin-compiler/bin/deps/include/git2/sys/transport.h
2026-10-02T18:18:21.7340450Z -- Installing: D:/a/sindarin-compiler/sindarin-compiler/bin/deps/include/git2/tag.h
2026-10-02T18:18:21.7341138Z -- Installing: D:/a/sindarin-compiler/sindarin-compiler/bin/deps/include/git2/trace.h
2026-10-02T18:18:21.7341837Z -- Installing: D:/a/sindarin-compiler/sindarin-compiler/bin/deps/include/git2/transaction.h
2026-10-02T18:18:21.7342543Z -- Installing: D:/a/sindarin-compiler/sindarin-compiler/bin/deps/include/git2/transport.h
2026-10-02T18:18:21.7343099Z -- Installing: D:/a/sindarin-compiler/sindarin-compiler/bin/deps/include/git2/tree.h
2026-10-02T18:18:21.7343724Z -- Installing: D:/a/sindarin-compiler/sindarin-compiler/bin/deps/include/git2/types.h
2026-10-02T18:18:21.7344142Z -- Installing: D:/a/sindarin-compiler/sindarin-compiler/bin/deps/include/git2/version.h
2026-10-02T18:18:21.7344570Z -- Installing: D:/a/sindarin-compiler/sindarin-compiler/bin/deps/include/git2/worktree.h
2026-10-02T18:18:21.7349296Z --   Copying curl headers...
2026-10-02T18:18:21.7350316Z -- Installing: D:/a/sindarin-compiler/sindarin-compiler/bin/deps/include/curl
2026-10-02T18:18:21.7354236Z -- Installing: D:/a/sindarin-compiler/sindarin-compiler/bin/deps/include/curl/curl.h
2026-10-02T18:18:21.7361178Z -- Installing: D:/a/sindarin-compiler/sindarin-compiler/bin/deps/include/curl/curlver.h
2026-10-02T18:18:21.7365478Z -- Installing: D:/a/sindarin-compiler/sindarin-compiler/bin/deps/include/curl/easy.h
2026-10-02T18:18:21.7369399Z -- Installing: D:/a/sindarin-compiler/sindarin-compiler/bin/deps/include/curl/header.h
2026-10-02T18:18:21.7373350Z -- Installing: D:/a/sindarin-compiler/sindarin-compiler/bin/deps/include/curl/mprintf.h
2026-10-02T18:18:21.7378294Z -- Installing: D:/a/sindarin-compiler/sindarin-compiler/bin/deps/include/curl/multi.h
2026-10-02T18:18:21.7382663Z -- Installing: D:/a/sindarin-compiler/sindarin-compiler/bin/deps/include/curl/options.h
2026-10-02T18:18:21.7388360Z -- Installing: D:/a/sindarin-compiler/sindarin-compiler/bin/deps/include/curl/stdcheaders.h
2026-10-02T18:18:21.7392715Z -- Installing: D:/a/sindarin-compiler/sindarin-compiler/bin/deps/include/curl/system.h
2026-10-02T18:18:21.7397488Z -- Installing: D:/a/sindarin-compiler/sindarin-compiler/bin/deps/include/curl/typecheck-gcc.h
2026-10-02T18:18:21.7402608Z -- Installing: D:/a/sindarin-compiler/sindarin-compiler/bin/deps/include/curl/urlapi.h
2026-10-02T18:18:21.7406945Z -- Installing: D:/a/sindarin-compiler/sindarin-compiler/bin/deps/include/curl/websockets.h
2026-10-02T18:18:21.7418268Z --   Copying library: D:/a/sindarin-compiler/sindarin-compiler/.sn/sindarin-pkg-libs/libs/windows/lib/libzlib.a
2026-10-02T18:18:21.7419303Z -- Installing: D:/a/sindarin-compiler/sindarin-compiler/bin/deps/lib/libzlib.a
2026-10-02T18:18:21.7425196Z --   Copying library: D:/a/sindarin-compiler/sindarin-compiler/.sn/sindarin-pkg-libs/libs/windows/lib/libzs.a
2026-10-02T18:18:21.7426479Z -- Installing: D:/a/sindarin-compiler/sindarin-compiler/bin/deps/lib/libzs.a
2026-10-02T18:18:21.7432008Z --   Copying library: D:/a/sindarin-compiler/sindarin-compiler/.sn/sindarin-pkg-libs/libs/windows/lib/libyyjson.a
2026-10-02T18:18:21.7433257Z -- Installing: D:/a/sindarin-compiler/sindarin-compiler/bin/deps/lib/libyyjson.a
2026-10-02T18:18:21.7442717Z --   Copying library: D:/a/sindarin-compiler/sindarin-compiler/.sn/sindarin-pkg-libs/libs/windows/lib/libxml2.a
2026-10-02T18:18:21.7443520Z -- Installing: D:/a/sindarin-compiler/sindarin-compiler/bin/deps/lib/libxml2.a
2026-10-02T18:18:21.7478333Z --   Copying library: D:/a/sindarin-compiler/sindarin-compiler/.sn/sindarin-pkg-libs/libs/windows/lib/libyaml.a
2026-10-02T18:18:21.7479268Z -- Installing: D:/a/sindarin-compiler/sindarin-compiler/bin/deps/lib/libyaml.a
2026-10-02T18:18:21.7485776Z --   Copying library: D:/a/sindarin-compiler/sindarin-compiler/.sn/sindarin-pkg-libs/libs/windows/lib/libcrypto.a
2026-10-02T18:18:21.7486843Z -- Installing: D:/a/sindarin-compiler/sindarin-compiler/bin/deps/lib/libcrypto.a
2026-10-02T18:18:21.7652945Z --   Copying library: D:/a/sindarin-compiler/sindarin-compiler/.sn/sindarin-pkg-libs/libs/windows/lib/libssl.a
2026-10-02T18:18:21.7653576Z -- Installing: D:/a/sindarin-compiler/sindarin-compiler/bin/deps/lib/libssl.a
2026-10-02T18:18:21.7682648Z --   Copying library: D:/a/sindarin-compiler/sindarin-compiler/.sn/sindarin-pkg-libs/libs/windows/lib/libssh.a
2026-10-02T18:18:21.7683702Z -- Installing: D:/a/sindarin-compiler/sindarin-compiler/bin/deps/lib/libssh.a
2026-10-02T18:18:21.7699810Z --   Copying library: D:/a/sindarin-compiler/sindarin-compiler/.sn/sindarin-pkg-libs/libs/windows/lib/libssh2.a
2026-10-02T18:18:21.7701107Z -- Installing: D:/a/sindarin-compiler/sindarin-compiler/bin/deps/lib/libssh2.a
2026-10-02T18:18:21.7710800Z --   Copying library: D:/a/sindarin-compiler/sindarin-compiler/.sn/sindarin-pkg-libs/libs/windows/lib/libgit2.a
2026-10-02T18:18:21.7712133Z -- Installing: D:/a/sindarin-compiler/sindarin-compiler/bin/deps/lib/libgit2.a
2026-10-02T18:18:21.7746368Z --   Copying library: D:/a/sindarin-compiler/sindarin-compiler/.sn/sindarin-pkg-libs/libs/windows/lib/libhttp_parser.a
2026-10-02T18:18:21.7747647Z -- Installing: D:/a/sindarin-compiler/sindarin-compiler/bin/deps/lib/libhttp_parser.a
2026-10-02T18:18:21.7752492Z --   Copying library: D:/a/sindarin-compiler/sindarin-compiler/.sn/sindarin-pkg-libs/libs/windows/lib/libpcre2-8.a
2026-10-02T18:18:21.7753984Z -- Installing: D:/a/sindarin-compiler/sindarin-compiler/bin/deps/lib/libpcre2-8.a
2026-10-02T18:18:21.7773587Z --   Copying library: D:/a/sindarin-compiler/sindarin-compiler/.sn/sindarin-pkg-libs/libs/windows/lib/libssh2.a
2026-10-02T18:18:21.7774801Z -- Up-to-date: D:/a/sindarin-compiler/sindarin-compiler/bin/deps/lib/libssh2.a
2026-10-02T18:18:21.7775611Z --   Copying library: D:/a/sindarin-compiler/sindarin-compiler/.sn/sindarin-pkg-libs/libs/windows/lib/libcurl.a
2026-10-02T18:18:21.7776743Z -- Installing: D:/a/sindarin-compiler/sindarin-compiler/bin/deps/lib/libcurl.a
2026-10-02T18:18:21.7798801Z --   Dependencies copied to: D:/a/sindarin-compiler/sindarin-compiler/bin/deps
2026-10-02T18:18:21.7799771Z -- Using zlib archive: D:/a/sindarin-compiler/sindarin-compiler/.sn/sindarin-pkg-libs/libs/windows/lib/libzlib.a
2026-10-02T18:18:21.7800222Z -- Found sindarin-template (handlebars)
2026-10-02T18:18:21.7808434Z -- Found libcurl - enabling auto-update feature
2026-10-02T18:18:21.7810102Z -- Found libgit2 and libyaml - enabling package manager
2026-10-02T18:18:21.8181142Z -- 
2026-10-02T18:18:21.8181481Z -- Sindarin Compiler Build Configuration:
2026-10-02T18:18:21.8181820Z --   Version:      1.0.0
2026-10-02T18:18:21.8182100Z --   Platform:     Windows
2026-10-02T18:18:21.8182319Z --   Compiler:     Clang 22.1.8
2026-10-02T18:18:21.8182512Z --   Build Type:   Release
2026-10-02T18:18:21.8182671Z --   Debug:        OFF
2026-10-02T18:18:21.8182820Z --   ASAN:         OFF
2026-10-02T18:18:21.8183301Z --   Output:       D:/a/sindarin-compiler/sindarin-compiler/bin
2026-10-02T18:18:21.8183558Z -- 
2026-10-02T18:18:21.8185194Z -- Configuring done (2.9s)
2026-10-02T18:18:21.9029830Z -- Generating done (0.1s)
2026-10-02T18:18:21.9039959Z -- Build files have been written to: D:/a/sindarin-compiler/sindarin-compiler/build
2026-10-02T18:18:21.9226904Z cmake --build build
2026-10-02T18:18:21.9731810Z [0/2] Re-checking globbed directories...
2026-10-02T18:18:22.0874995Z [1/232] Building C object CMakeFiles/sn_fake_rustc.dir/tests/fixtures/fake_rustc.c.obj
2026-10-02T18:18:22.1253513Z [2/232] Building C object CMakeFiles/sn_runtime_min.dir/src/runtime/sn_byte.c.obj
2026-10-02T18:18:22.1560663Z [3/232] Building C object CMakeFiles/sn_runtime_min.dir/src/runtime/sn_string.c.obj
2026-10-02T18:18:22.1584828Z [4/232] Synchronizing runtime headers
2026-10-02T18:18:22.1634845Z [5/232] Building C object CMakeFiles/sn_runtime_min.dir/src/runtime/sn_array.c.obj
2026-10-02T18:18:22.2600557Z [6/232] Building C object CMakeFiles/sn.dir/src/arena.c.obj
2026-10-02T18:18:22.2624098Z [7/232] Building C object CMakeFiles/sn.dir/src/file.c.obj
2026-10-02T18:18:22.2652236Z [8/232] Building C object CMakeFiles/sn.dir/src/token.c.obj
2026-10-02T18:18:22.2690168Z [9/232] Copying templates to bin/templates
2026-10-02T18:18:22.3647214Z [10/232] Building C object CMakeFiles/sn.dir/src/debug.c.obj
2026-10-02T18:18:22.3855344Z [11/232] Linking C executable bin\sn_fake_rustc.exe
2026-10-02T18:18:22.3899297Z [12/232] Building C object CMakeFiles/sn.dir/src/compiler.c.obj
2026-10-02T18:18:22.3984779Z [13/232] Building C object CMakeFiles/sn.dir/src/diagnostic.c.obj
2026-10-02T18:18:22.5182178Z [14/232] Building C object CMakeFiles/sn.dir/src/lexer/lexer_util.c.obj
2026-10-02T18:18:22.5354230Z [15/232] Building C object CMakeFiles/sn.dir/src/lexer.c.obj
2026-10-02T18:18:22.5413652Z [16/232] Building C object CMakeFiles/sn.dir/src/ast.c.obj
2026-10-02T18:18:22.6316318Z [17/232] Building C object CMakeFiles/sn.dir/src/lexer/lexer_scan.c.obj
2026-10-02T18:18:22.7541904Z [18/232] Building C object CMakeFiles/sn.dir/src/ast/ast_stmt.c.obj
2026-10-02T18:18:22.7606113Z [19/232] Building C object CMakeFiles/sn.dir/src/ast/ast_expr.c.obj
2026-10-02T18:18:22.7726995Z [20/232] Building C object CMakeFiles/sn.dir/src/main.c.obj
2026-10-02T18:18:22.8033841Z [21/232] Building C object CMakeFiles/sn.dir/src/ast/ast_type.c.obj
2026-10-02T18:18:22.9402448Z [22/232] Building C object CMakeFiles/sn.dir/src/parser/expr/parser_expr.c.obj
2026-10-02T18:18:22.9446007Z [23/232] Building C object CMakeFiles/sn.dir/src/ast/ast_print.c.obj
2026-10-02T18:18:22.9486834Z [24/232] Building C object CMakeFiles/sn.dir/src/parser/expr/parser_expr_interpol.c.obj
2026-10-02T18:18:22.9553323Z [25/232] Building C object CMakeFiles/sn.dir/src/parser/util/parser_util.c.obj
2026-10-02T18:18:23.0460980Z [26/232] Building C object CMakeFiles/sn.dir/src/parser/expr/parser_expr_lambda.c.obj
2026-10-02T18:18:23.0503357Z [27/232] Building C object CMakeFiles/sn.dir/src/parser/expr/parser_expr_match.c.obj
2026-10-02T18:18:23.0545461Z [28/232] Building C object CMakeFiles/sn.dir/src/parser/expr/parser_expr_struct.c.obj
2026-10-02T18:18:23.0772035Z [29/232] Building C object CMakeFiles/sn.dir/src/parser.c.obj
2026-10-02T18:18:23.1018263Z [30/232] Building C object CMakeFiles/sn.dir/src/parser/stmt/parser_stmt.c.obj
2026-10-02T18:18:23.1961928Z [31/232] Building C object CMakeFiles/sn.dir/src/parser/stmt/parser_stmt_control.c.obj
2026-10-02T18:18:23.2109561Z [32/232] Building C object CMakeFiles/sn.dir/src/symbol_table.c.obj
2026-10-02T18:18:23.2736874Z [33/232] Building C object CMakeFiles/sn.dir/src/symbol_table/symbol_table_namespace.c.obj
2026-10-02T18:18:23.2802927Z [34/232] Building C object CMakeFiles/sn.dir/src/parser/stmt/parser_stmt_decl.c.obj
2026-10-02T18:18:23.2849564Z [35/232] Building C object CMakeFiles/sn.dir/src/symbol_table/symbol_table_core.c.obj
2026-10-02T18:18:23.3592559Z [36/232] Building C object CMakeFiles/sn.dir/src/symbol_table/symbol_table_thread.c.obj
2026-10-02T18:18:23.3613392Z [37/232] Building C object CMakeFiles/sn.dir/src/formatter.c.obj
2026-10-02T18:18:23.3642720Z [38/232] Building C object CMakeFiles/sn.dir/src/type_checker.c.obj
2026-10-02T18:18:23.4477790Z [39/232] Building C object CMakeFiles/sn.dir/src/type_checker/util/type_checker_util.c.obj
2026-10-02T18:18:23.4531422Z [40/232] Building C object CMakeFiles/sn.dir/src/type_checker/util/type_checker_util_escape.c.obj
2026-10-02T18:18:23.4565992Z [41/232] Building C object CMakeFiles/sn.dir/src/type_checker/util/type_checker_util_layout.c.obj
2026-10-02T18:18:23.4990320Z [42/232] Building C object CMakeFiles/sn.dir/src/type_checker/util/type_checker_util_struct.c.obj
2026-10-02T18:18:23.5030882Z [43/232] Building C object CMakeFiles/sn.dir/src/type_checker/util/type_checker_util_suggest.c.obj
2026-10-02T18:18:23.5181983Z [44/232] Building C object CMakeFiles/sn.dir/src/type_checker/type_checker_generics.c.obj
2026-10-02T18:18:23.5941296Z [45/232] Building C object CMakeFiles/sn.dir/src/type_checker/expr/type_checker_expr.c.obj
2026-10-02T18:18:23.5981960Z [46/232] Building C object CMakeFiles/sn.dir/src/type_checker/expr/type_checker_expr_ops.c.obj
2026-10-02T18:18:23.6042775Z [47/232] Building C object CMakeFiles/sn.dir/src/type_checker/expr/type_checker_expr_thread.c.obj
2026-10-02T18:18:23.6065750Z [48/232] Building C object CMakeFiles/sn.dir/src/type_checker/expr/type_checker_expr_assign.c.obj
2026-10-02T18:18:23.6207814Z [49/232] Building C object CMakeFiles/sn.dir/src/type_checker/expr/type_checker_expr_basic.c.obj
2026-10-02T18:18:23.6812167Z [50/232] Building C object CMakeFiles/sn.dir/src/type_checker/expr/type_checker_expr_member.c.obj
2026-10-02T18:18:23.6972382Z [51/232] Building C object CMakeFiles/sn.dir/src/type_checker/expr/type_checker_expr_cast.c.obj
2026-10-02T18:18:23.7150755Z [52/232] Building C object CMakeFiles/sn.dir/src/type_checker/expr/type_checker_expr_misc.c.obj
2026-10-02T18:18:23.7229157Z [53/232] Building C object CMakeFiles/sn.dir/src/type_checker/expr/type_checker_expr_struct.c.obj
2026-10-02T18:18:23.7380552Z [54/232] Building C object CMakeFiles/sn.dir/src/type_checker/expr/type_checker_expr_access.c.obj
2026-10-02T18:18:23.7902491Z [55/232] Building C object CMakeFiles/sn.dir/src/type_checker/expr/call/type_checker_expr_call.c.obj
2026-10-02T18:18:23.8060151Z [56/232] Building C object CMakeFiles/sn.dir/src/type_checker/expr/type_checker_expr_array.c.obj
2026-10-02T18:18:23.8253237Z [57/232] Building C object CMakeFiles/sn.dir/src/type_checker/expr/type_checker_expr_lambda.c.obj
2026-10-02T18:18:23.8320968Z [58/232] Building C object CMakeFiles/sn.dir/src/type_checker/expr/call/type_checker_expr_call_char.c.obj
2026-10-02T18:18:23.8901396Z [59/232] Building C object CMakeFiles/sn.dir/src/type_checker/expr/call/type_checker_expr_call_array.c.obj
2026-10-02T18:18:23.8970368Z [60/232] Building C object CMakeFiles/sn.dir/src/type_checker/expr/call/type_checker_expr_call_core.c.obj
2026-10-02T18:18:23.8992876Z [61/232] Building C object CMakeFiles/sn.dir/src/type_checker/expr/call/type_checker_expr_call_int.c.obj
2026-10-02T18:18:23.9063589Z [62/232] Building C object CMakeFiles/sn.dir/src/type_checker/expr/call/type_checker_expr_call_long.c.obj
2026-10-02T18:18:23.9182153Z [63/232] Building C object CMakeFiles/sn.dir/src/type_checker/expr/call/type_checker_expr_call_double.c.obj
2026-10-02T18:18:23.9738494Z [64/232] Building C object CMakeFiles/sn.dir/src/type_checker/expr/call/type_checker_expr_call_uint.c.obj
2026-10-02T18:18:23.9839682Z [65/232] Building C object CMakeFiles/sn.dir/src/type_checker/expr/call/type_checker_expr_call_byte.c.obj
2026-10-02T18:18:23.9934824Z [66/232] Building C object CMakeFiles/sn.dir/src/type_checker/expr/call/type_checker_expr_call_bool.c.obj
2026-10-02T18:18:24.0267195Z [67/232] Building C object CMakeFiles/sn.dir/src/type_checker/expr/call/type_checker_expr_call_string.c.obj
2026-10-02T18:18:24.0483993Z [68/232] Building C object CMakeFiles/sn.dir/src/type_checker/stmt/type_checker_stmt.c.obj
2026-10-02T18:18:24.0759389Z [69/232] Building C object CMakeFiles/sn.dir/src/type_checker/stmt/type_checker_stmt_var.c.obj
2026-10-02T18:18:24.0919057Z [70/232] Building C object CMakeFiles/sn.dir/src/type_checker/stmt/type_checker_stmt_var_util.c.obj
2026-10-02T18:18:24.1015653Z [71/232] Building C object CMakeFiles/sn.dir/src/type_checker/stmt/type_checker_stmt_func.c.obj
2026-10-02T18:18:24.1181895Z [72/232] Building C object CMakeFiles/sn.dir/src/type_checker/stmt/type_checker_stmt_control.c.obj
2026-10-02T18:18:24.1741336Z [73/232] Building C object CMakeFiles/sn.dir/src/type_checker/stmt/type_checker_stmt_struct.c.obj
2026-10-02T18:18:24.1810236Z [74/232] Building C object CMakeFiles/sn.dir/src/type_checker/stmt/type_checker_stmt_interface.c.obj
2026-10-02T18:18:24.1874654Z [75/232] Building C object CMakeFiles/sn.dir/src/type_checker/stmt/type_checker_stmt_import.c.obj
2026-10-02T18:18:24.2249667Z [76/232] Building C object CMakeFiles/sn.dir/src/type_checker/stmt/type_checker_stmt_import_ns.c.obj
2026-10-02T18:18:24.2397523Z [77/232] Building C object CMakeFiles/sn.dir/src/type_checker/stmt/type_checker_stmt_import_ns_util.c.obj
2026-10-02T18:18:24.2539216Z [78/232] Building C object CMakeFiles/sn.dir/src/optimizer.c.obj
2026-10-02T18:18:24.2774039Z [79/232] Building C object CMakeFiles/sn.dir/src/optimizer/optimizer_tail_call.c.obj
2026-10-02T18:18:24.2873831Z [80/232] Building C object CMakeFiles/sn.dir/src/optimizer/optimizer_string.c.obj
2026-10-02T18:18:24.3663469Z [81/232] Building C object CMakeFiles/sn.dir/src/optimizer/optimizer_util.c.obj
2026-10-02T18:18:24.3944591Z [82/232] Building C object CMakeFiles/sn.dir/src/cgen/gen_model_type.c.obj
2026-10-02T18:18:24.4420375Z [83/232] Building C object CMakeFiles/sn.dir/src/cgen/gen_model_stmt.c.obj
2026-10-02T18:18:24.4467985Z [84/232] Building C object CMakeFiles/sn.dir/src/cgen/gen_model.c.obj
2026-10-02T18:18:24.4853639Z [85/232] Building C object CMakeFiles/sn.dir/src/cgen/gen_model_chain_flatten.c.obj
2026-10-02T18:18:24.5883707Z [86/232] Building C object CMakeFiles/sn.dir/src/cgen/gen_model_render_common.c.obj
2026-10-02T18:18:24.5904837Z [87/232] Building C object CMakeFiles/sn.dir/src/cgen/gen_model_struct.c.obj
2026-10-02T18:18:24.5933513Z [88/232] Building C object CMakeFiles/sn.dir/src/cgen/gen_model_split.c.obj
2026-10-02T18:18:24.5951540Z [89/232] Building C object CMakeFiles/sn.dir/src/cgen/gen_model_render_modular.c.obj
2026-10-02T18:18:24.5994608Z [90/232] Building C object CMakeFiles/sn.dir/src/cgen/gen_model_func.c.obj
2026-10-02T18:18:24.7280450Z [91/232] Building C object CMakeFiles/sn.dir/src/cgen/c/gen_model_render_min_c.c.obj
2026-10-02T18:18:24.7406796Z [92/232] Building C object CMakeFiles/sn.dir/src/cgen/ownership.c.obj
2026-10-02T18:18:24.8186714Z [93/232] Building C object CMakeFiles/sn.dir/src/cgen/gen_model_expr.c.obj
2026-10-02T18:18:24.9763566Z [94/232] Building C object CMakeFiles/sn.dir/src/target/target.c.obj
2026-10-02T18:18:25.0665133Z [95/232] Building C object CMakeFiles/sn.dir/src/target/rust/rust_render.c.obj
2026-10-02T18:18:25.2795045Z [96/232] Building C object CMakeFiles/sn.dir/src/gcc_backend_config.c.obj
2026-10-02T18:18:25.3155331Z [97/232] Building C object CMakeFiles/sn.dir/src/gcc_backend.c.obj
2026-10-02T18:18:25.3428610Z [98/232] Building C object CMakeFiles/sn.dir/src/gcc_backend_pkgconfig.c.obj
2026-10-02T18:18:25.4429279Z [99/232] Building C object CMakeFiles/sn.dir/src/target/rust/rust_native_render.c.obj
2026-10-02T18:18:25.4569724Z [100/232] Building C object CMakeFiles/sn.dir/src/target/rust/rust_native_plan.c.obj
2026-10-02T18:18:25.5279713Z [101/232] Building C object CMakeFiles/sn.dir/src/target/rust/rust_native_build.c.obj
2026-10-02T18:18:25.7150758Z [102/232] Building C object CMakeFiles/sn.dir/src/target/rust/projection/rust_model.c.obj
2026-10-02T18:18:25.7546927Z [103/232] Building C object CMakeFiles/sn.dir/src/target/rust/projection/rust_model_stmt.c.obj
2026-10-02T18:18:25.7877443Z [104/232] Building C object CMakeFiles/sn.dir/src/target/rust/cc_sidecar.c.obj
2026-10-02T18:18:25.8418431Z [105/232] Building C object CMakeFiles/sn.dir/src/target/rust/projection/rust_model_func.c.obj
2026-10-02T18:18:25.9311490Z [106/232] Building C object CMakeFiles/sn.dir/src/target/rust/projection/rust_model_struct.c.obj
2026-10-02T18:18:25.9356438Z [107/232] Building C object CMakeFiles/sn.dir/src/target/rust/projection/rust_model_type.c.obj
2026-10-02T18:18:25.9454630Z [108/232] Building C object CMakeFiles/sn.dir/src/target/rust/projection/rust_model_expr.c.obj
2026-10-02T18:18:25.9481771Z [109/232] Building C object CMakeFiles/sn.dir/src/target/rust/projection/rust_ownership.c.obj
2026-10-02T18:18:26.0568779Z [110/232] Building C object CMakeFiles/sn.dir/src/runtime/sn_array.c.obj
2026-10-02T18:18:26.0724018Z [111/232] Building C object CMakeFiles/sn.dir/src/runtime/sn_string.c.obj
2026-10-02T18:18:26.0768611Z [112/232] Building C object CMakeFiles/sn.dir/src/runtime/sn_byte.c.obj
2026-10-02T18:18:26.0868608Z [113/232] Building C object CMakeFiles/sn.dir/src/package/package_yaml.c.obj
2026-10-02T18:18:26.2093971Z [114/232] Building C object CMakeFiles/sn.dir/src/package.c.obj
2026-10-02T18:18:26.2253163Z [115/232] Building C object CMakeFiles/tests.dir/src/arena.c.obj
2026-10-02T18:18:26.2421435Z [116/232] Building C object CMakeFiles/sn.dir/src/target/rust/rust_target.c.obj
2026-10-02T18:18:26.3417082Z [117/232] Building C object CMakeFiles/tests.dir/src/file.c.obj
2026-10-02T18:18:26.3467930Z [118/232] Building C object CMakeFiles/tests.dir/src/debug.c.obj
2026-10-02T18:18:26.3512166Z [119/232] Building C object CMakeFiles/tests.dir/src/token.c.obj
2026-10-02T18:18:26.5483564Z [120/232] Building C object CMakeFiles/tests.dir/src/diagnostic.c.obj
2026-10-02T18:18:26.5544235Z [121/232] Building C object CMakeFiles/tests.dir/src/compiler.c.obj
2026-10-02T18:18:26.7033483Z [122/232] Building C object CMakeFiles/tests.dir/src/lexer/lexer_util.c.obj
2026-10-02T18:18:26.7276231Z [123/232] Building C object CMakeFiles/sn.dir/src/package/package_git.c.obj
2026-10-02T18:18:26.7320853Z [124/232] Building C object CMakeFiles/tests.dir/src/lexer.c.obj
2026-10-02T18:18:26.9104771Z [125/232] Building C object CMakeFiles/tests.dir/src/ast.c.obj
2026-10-02T18:18:26.9184397Z [126/232] Building C object CMakeFiles/sn.dir/src/package/lfs/package_lfs.c.obj
2026-10-02T18:18:26.9278778Z [127/232] Building C object CMakeFiles/tests.dir/src/lexer/lexer_scan.c.obj
2026-10-02T18:18:27.0133495Z [128/232] Building C object CMakeFiles/tests.dir/src/ast/ast_type.c.obj
2026-10-02T18:18:27.0607161Z [129/232] Building C object CMakeFiles/tests.dir/src/ast/ast_stmt.c.obj
2026-10-02T18:18:27.0760960Z [130/232] Building C object CMakeFiles/tests.dir/src/ast/ast_expr.c.obj
2026-10-02T18:18:27.1530088Z [131/232] Building C object CMakeFiles/tests.dir/src/ast/ast_print.c.obj
2026-10-02T18:18:27.3224300Z [132/232] Building C object CMakeFiles/tests.dir/src/parser/util/parser_util.c.obj
2026-10-02T18:18:27.3280882Z [133/232] Building C object CMakeFiles/tests.dir/src/parser.c.obj
2026-10-02T18:18:27.3320189Z [134/232] Building C object CMakeFiles/tests.dir/src/parser/expr/parser_expr.c.obj
2026-10-02T18:18:27.4109074Z [135/232] Building C object CMakeFiles/tests.dir/src/parser/expr/parser_expr_interpol.c.obj
2026-10-02T18:18:27.4219051Z [136/232] Building C object CMakeFiles/tests.dir/src/parser/expr/parser_expr_match.c.obj
2026-10-02T18:18:27.4259886Z [137/232] Building C object CMakeFiles/tests.dir/src/parser/expr/parser_expr_struct.c.obj
2026-10-02T18:18:27.4337918Z [138/232] Building C object CMakeFiles/tests.dir/src/parser/expr/parser_expr_lambda.c.obj
2026-10-02T18:18:27.5322595Z [139/232] Building C object CMakeFiles/tests.dir/src/formatter.c.obj
2026-10-02T18:18:27.5482091Z [140/232] Building C object CMakeFiles/tests.dir/src/symbol_table.c.obj
2026-10-02T18:18:27.5523972Z [141/232] Building C object CMakeFiles/tests.dir/src/parser/stmt/parser_stmt_control.c.obj
2026-10-02T18:18:27.5575804Z [142/232] Building C object CMakeFiles/tests.dir/src/parser/stmt/parser_stmt.c.obj
2026-10-02T18:18:27.7056723Z [143/232] Building C object CMakeFiles/tests.dir/src/parser/stmt/parser_stmt_decl.c.obj
2026-10-02T18:18:27.7092616Z [144/232] Building C object CMakeFiles/tests.dir/src/symbol_table/symbol_table_thread.c.obj
2026-10-02T18:18:27.7144408Z [145/232] Building C object CMakeFiles/tests.dir/src/type_checker.c.obj
2026-10-02T18:18:27.7187031Z [146/232] Building C object CMakeFiles/tests.dir/src/symbol_table/symbol_table_core.c.obj
2026-10-02T18:18:27.7236287Z [147/232] Building C object CMakeFiles/tests.dir/src/symbol_table/symbol_table_namespace.c.obj
2026-10-02T18:18:27.8500848Z [148/232] Building C object CMakeFiles/tests.dir/src/type_checker/util/type_checker_util_escape.c.obj
2026-10-02T18:18:27.8571289Z [149/232] Building C object CMakeFiles/tests.dir/src/type_checker/util/type_checker_util.c.obj
2026-10-02T18:18:27.8627345Z [150/232] Building C object CMakeFiles/tests.dir/src/type_checker/util/type_checker_util_suggest.c.obj
2026-10-02T18:18:27.8834287Z [151/232] Building C object CMakeFiles/tests.dir/src/type_checker/util/type_checker_util_struct.c.obj
2026-10-02T18:18:27.9470893Z [152/232] Building C object CMakeFiles/tests.dir/src/type_checker/util/type_checker_util_layout.c.obj
2026-10-02T18:18:27.9574705Z [153/232] Building C object CMakeFiles/tests.dir/src/type_checker/expr/type_checker_expr.c.obj
2026-10-02T18:18:27.9616397Z [154/232] Building C object CMakeFiles/tests.dir/src/type_checker/type_checker_generics.c.obj
2026-10-02T18:18:28.0243957Z [155/232] Building C object CMakeFiles/tests.dir/src/type_checker/expr/type_checker_expr_ops.c.obj
2026-10-02T18:18:28.1112959Z [156/232] Building C object CMakeFiles/tests.dir/src/type_checker/expr/type_checker_expr_basic.c.obj
2026-10-02T18:18:28.1138962Z [157/232] Building C object CMakeFiles/tests.dir/src/type_checker/expr/type_checker_expr_assign.c.obj
2026-10-02T18:18:28.1196408Z [158/232] Building C object CMakeFiles/tests.dir/src/type_checker/expr/type_checker_expr_thread.c.obj
2026-10-02T18:18:28.1297716Z [159/232] Building C object CMakeFiles/tests.dir/src/type_checker/expr/type_checker_expr_cast.c.obj
2026-10-02T18:18:28.1574846Z [160/232] Building C object CMakeFiles/tests.dir/src/type_checker/expr/type_checker_expr_member.c.obj
2026-10-02T18:18:28.2644145Z [161/232] Building C object CMakeFiles/tests.dir/src/type_checker/expr/type_checker_expr_misc.c.obj
2026-10-02T18:18:28.2690471Z [162/232] Building C object CMakeFiles/tests.dir/src/type_checker/expr/type_checker_expr_access.c.obj
2026-10-02T18:18:28.2761390Z [163/232] Building C object CMakeFiles/tests.dir/src/type_checker/expr/type_checker_expr_struct.c.obj
2026-10-02T18:18:28.2785336Z [164/232] Building C object CMakeFiles/tests.dir/src/type_checker/expr/type_checker_expr_array.c.obj
2026-10-02T18:18:28.3259576Z [165/232] Building C object CMakeFiles/tests.dir/src/type_checker/expr/type_checker_expr_lambda.c.obj
2026-10-02T18:18:28.3643533Z [166/232] Building C object CMakeFiles/tests.dir/src/type_checker/expr/call/type_checker_expr_call.c.obj
2026-10-02T18:18:28.3697763Z [167/232] Building C object CMakeFiles/tests.dir/src/type_checker/expr/call/type_checker_expr_call_array.c.obj
2026-10-02T18:18:28.3754270Z [168/232] Building C object CMakeFiles/tests.dir/src/type_checker/expr/call/type_checker_expr_call_char.c.obj
2026-10-02T18:18:28.4416934Z [169/232] Building C object CMakeFiles/tests.dir/src/type_checker/expr/call/type_checker_expr_call_core.c.obj
2026-10-02T18:18:28.4482189Z [170/232] Building C object CMakeFiles/tests.dir/src/type_checker/expr/call/type_checker_expr_call_int.c.obj
2026-10-02T18:18:28.4507515Z [171/232] Building C object CMakeFiles/tests.dir/src/type_checker/expr/call/type_checker_expr_call_double.c.obj
2026-10-02T18:18:28.4575563Z [172/232] Building C object CMakeFiles/tests.dir/src/type_checker/expr/call/type_checker_expr_call_long.c.obj
2026-10-02T18:18:28.4994887Z [173/232] Building C object CMakeFiles/tests.dir/src/type_checker/expr/call/type_checker_expr_call_uint.c.obj
2026-10-02T18:18:28.5491730Z [174/232] Building C object CMakeFiles/tests.dir/src/type_checker/expr/call/type_checker_expr_call_byte.c.obj
2026-10-02T18:18:28.5519249Z [175/232] Building C object CMakeFiles/tests.dir/src/type_checker/expr/call/type_checker_expr_call_bool.c.obj
2026-10-02T18:18:28.5556267Z [176/232] Building C object CMakeFiles/tests.dir/src/type_checker/expr/call/type_checker_expr_call_string.c.obj
2026-10-02T18:18:28.6026085Z [177/232] Building C object CMakeFiles/tests.dir/src/type_checker/stmt/type_checker_stmt.c.obj
2026-10-02T18:18:28.6474853Z [178/232] Building C object CMakeFiles/tests.dir/src/type_checker/stmt/type_checker_stmt_var_util.c.obj
2026-10-02T18:18:28.6575011Z [179/232] Building C object CMakeFiles/tests.dir/src/type_checker/stmt/type_checker_stmt_var.c.obj
2026-10-02T18:18:28.6576062Z [180/232] Building C object CMakeFiles/tests.dir/src/type_checker/stmt/type_checker_stmt_func.c.obj
2026-10-02T18:18:28.7018389Z [181/232] Building C object CMakeFiles/tests.dir/src/type_checker/stmt/type_checker_stmt_control.c.obj
2026-10-02T18:18:28.7625512Z [182/232] Building C object CMakeFiles/tests.dir/src/type_checker/stmt/type_checker_stmt_import.c.obj
2026-10-02T18:18:28.7670957Z [183/232] Building C object CMakeFiles/tests.dir/src/type_checker/stmt/type_checker_stmt_interface.c.obj
2026-10-02T18:18:28.7711531Z [184/232] Building C object CMakeFiles/tests.dir/src/type_checker/stmt/type_checker_stmt_struct.c.obj
2026-10-02T18:18:28.7770055Z [185/232] Building C object CMakeFiles/tests.dir/src/type_checker/stmt/type_checker_stmt_import_ns.c.obj
2026-10-02T18:18:28.8673226Z [186/232] Building C object CMakeFiles/tests.dir/src/optimizer.c.obj
2026-10-02T18:18:28.8763404Z [187/232] Building C object CMakeFiles/tests.dir/src/type_checker/stmt/type_checker_stmt_import_ns_util.c.obj
2026-10-02T18:18:28.8848193Z [188/232] Building C object CMakeFiles/tests.dir/src/optimizer/optimizer_tail_call.c.obj
2026-10-02T18:18:28.9055903Z [189/232] Building C object CMakeFiles/tests.dir/src/optimizer/optimizer_string.c.obj
2026-10-02T18:18:28.9866109Z [190/232] Building C object CMakeFiles/tests.dir/src/optimizer/optimizer_util.c.obj
2026-10-02T18:18:29.0398640Z [191/232] Building C object CMakeFiles/tests.dir/src/cgen/gen_model_type.c.obj
2026-10-02T18:18:29.0645966Z [192/232] Building C object CMakeFiles/tests.dir/src/cgen/gen_model.c.obj
2026-10-02T18:18:29.0694966Z [193/232] Building C object CMakeFiles/tests.dir/src/cgen/gen_model_stmt.c.obj
2026-10-02T18:18:29.2091591Z [194/232] Building C object CMakeFiles/tests.dir/src/cgen/gen_model_chain_flatten.c.obj
2026-10-02T18:18:29.2260161Z [195/232] Building C object CMakeFiles/tests.dir/src/cgen/gen_model_render_common.c.obj
2026-10-02T18:18:29.2368020Z [196/232] Building C object CMakeFiles/tests.dir/src/cgen/gen_model_struct.c.obj
2026-10-02T18:18:29.2898111Z [197/232] Building C object CMakeFiles/tests.dir/src/cgen/gen_model_func.c.obj
2026-10-02T18:18:29.3631287Z [198/232] Building C object CMakeFiles/tests.dir/src/cgen/gen_model_expr.c.obj
2026-10-02T18:18:29.3728567Z [199/232] Building C object CMakeFiles/tests.dir/src/cgen/gen_model_render_modular.c.obj
2026-10-02T18:18:29.3765288Z [200/232] Building C object CMakeFiles/tests.dir/src/cgen/gen_model_split.c.obj
2026-10-02T18:18:29.4353141Z [201/232] Building C object CMakeFiles/tests.dir/src/cgen/c/gen_model_render_min_c.c.obj
2026-10-02T18:18:29.4388101Z [202/232] Building C object CMakeFiles/tests.dir/src/cgen/ownership.c.obj
2026-10-02T18:18:29.6467175Z [203/232] Building C object CMakeFiles/tests.dir/src/target/target.c.obj
2026-10-02T18:18:29.9432459Z [204/232] Building C object CMakeFiles/tests.dir/src/target/rust/rust_render.c.obj
2026-10-02T18:18:30.1005973Z [205/232] Building C object CMakeFiles/tests.dir/src/gcc_backend_config.c.obj
2026-10-02T18:18:30.1313165Z [206/232] Building C object CMakeFiles/tests.dir/src/gcc_backend.c.obj
2026-10-02T18:18:30.1897690Z [207/232] Building C object CMakeFiles/tests.dir/src/gcc_backend_pkgconfig.c.obj
2026-10-02T18:18:30.3250313Z [208/232] Building C object CMakeFiles/tests.dir/src/target/rust/rust_native_render.c.obj
2026-10-02T18:18:30.4496708Z [209/232] Building C object CMakeFiles/tests.dir/src/target/rust/rust_native_plan.c.obj
2026-10-02T18:18:30.4656976Z [210/232] Building C object CMakeFiles/tests.dir/src/target/rust/rust_native_build.c.obj
2026-10-02T18:18:30.6706900Z [211/232] Building C object CMakeFiles/tests.dir/src/target/rust/projection/rust_model.c.obj
2026-10-02T18:18:30.6767399Z [212/232] Building C object CMakeFiles/tests.dir/src/target/rust/projection/rust_model_stmt.c.obj
2026-10-02T18:18:30.7889247Z [213/232] Building C object CMakeFiles/tests.dir/src/target/rust/cc_sidecar.c.obj
2026-10-02T18:18:30.9114381Z [214/232] Building C object CMakeFiles/tests.dir/src/target/rust/projection/rust_model_func.c.obj
2026-10-02T18:18:30.9181707Z [215/232] Building C object CMakeFiles/tests.dir/src/target/rust/rust_target.c.obj
2026-10-02T18:18:30.9237358Z [216/232] Building C object CMakeFiles/tests.dir/src/target/rust/projection/rust_model_struct.c.obj
2026-10-02T18:18:31.0246601Z [217/232] Building C object CMakeFiles/tests.dir/src/target/rust/projection/rust_model_expr.c.obj
2026-10-02T18:18:31.0411103Z [218/232] Building C object CMakeFiles/tests.dir/src/target/rust/projection/rust_model_type.c.obj
2026-10-02T18:18:31.0444862Z [219/232] Building C object CMakeFiles/tests.dir/src/target/rust/projection/rust_ownership.c.obj
2026-10-02T18:18:31.0474588Z [220/232] Building C object CMakeFiles/tests.dir/src/runtime/sn_string.c.obj
2026-10-02T18:18:31.0544075Z [221/232] Building C object CMakeFiles/tests.dir/src/runtime/sn_array.c.obj
2026-10-02T18:18:31.1724390Z [222/232] Building C object CMakeFiles/tests.dir/src/runtime/sn_byte.c.obj
2026-10-02T18:18:31.1826950Z [223/232] Building C object CMakeFiles/tests.dir/src/package/package_yaml.c.obj
2026-10-02T18:18:31.2659627Z [224/232] Building C object CMakeFiles/tests.dir/src/package.c.obj
2026-10-02T18:18:31.3632723Z [225/232] Linking C static library bin\lib\clang\libsn_runtime_min.a
2026-10-02T18:18:31.5688047Z [226/232] Building C object CMakeFiles/tests.dir/src/package/package_git.c.obj
2026-10-02T18:18:31.6966433Z [227/232] Building C object CMakeFiles/tests.dir/src/package/lfs/package_lfs.c.obj
2026-10-02T18:18:32.4129299Z [228/232] Building C object CMakeFiles/tests.dir/tests/unit/_all_.c.obj
2026-10-02T18:18:36.5400621Z [229/232] Linking C executable bin\sn.exe
2026-10-02T18:18:40.4296710Z [230/232] Linking C executable bin\tests.exe
2026-10-02T18:18:40.5716860Z [231/232] Staging compiler artifacts in bin
2026-10-02T18:18:40.5972443Z 
2026-10-02T18:18:40.6164393Z Build complete!
2026-10-02T18:18:40.6357691Z Compiler: bin/sn.exe
2026-10-02T18:18:40.6565676Z ##[group]Run echo "Checking for compiler executable..."
2026-10-02T18:18:40.6566092Z [36;1mecho "Checking for compiler executable..."[0m
2026-10-02T18:18:40.6566332Z [36;1mif [ ! -f "bin/sn.exe" ]; then[0m
2026-10-02T18:18:40.6566553Z [36;1m  echo "ERROR: bin/sn.exe not found"[0m
2026-10-02T18:18:40.6566757Z [36;1m  exit 1[0m
2026-10-02T18:18:40.6566901Z [36;1mfi[0m
2026-10-02T18:18:40.6567042Z [36;1mecho "Found: bin/sn.exe"[0m
2026-10-02T18:18:40.6567219Z [36;1m[0m
2026-10-02T18:18:40.6567375Z [36;1mecho "Checking for test executable..."[0m
2026-10-02T18:18:40.6567603Z [36;1mif [ ! -f "bin/tests.exe" ]; then[0m
2026-10-02T18:18:40.6567831Z [36;1m  echo "ERROR: bin/tests.exe not found"[0m
2026-10-02T18:18:40.6568035Z [36;1m  exit 1[0m
2026-10-02T18:18:40.6568173Z [36;1mfi[0m
2026-10-02T18:18:40.6568319Z [36;1mecho "Found: bin/tests.exe"[0m
2026-10-02T18:18:40.6568496Z [36;1m[0m
2026-10-02T18:18:40.6568691Z [36;1mecho "Checking for runtime library..."[0m
2026-10-02T18:18:40.6568942Z [36;1mif [ ! -f "bin/lib/clang/libsn_runtime_min.a" ]; then[0m
2026-10-02T18:18:40.6569233Z [36;1m  echo "ERROR: bin/lib/clang/libsn_runtime_min.a not found"[0m
2026-10-02T18:18:40.6569473Z [36;1m  exit 1[0m
2026-10-02T18:18:40.6569611Z [36;1mfi[0m
2026-10-02T18:18:40.6569781Z [36;1mecho "Found: bin/lib/clang/libsn_runtime_min.a"[0m
2026-10-02T18:18:40.6569995Z [36;1m[0m
2026-10-02T18:18:40.6570135Z [36;1mecho ""[0m
2026-10-02T18:18:40.6570310Z [36;1mecho "Build outputs verified successfully!"[0m
2026-10-02T18:18:40.6581515Z shell: C:\Program Files\Git\bin\bash.EXE --noprofile --norc -e -o pipefail {0}
2026-10-02T18:18:40.6581811Z ##[endgroup]
2026-10-02T18:18:40.6883851Z Checking for compiler executable...
2026-10-02T18:18:40.6884718Z Found: bin/sn.exe
2026-10-02T18:18:40.6885010Z Checking for test executable...
2026-10-02T18:18:40.6885927Z Found: bin/tests.exe
2026-10-02T18:18:40.6886163Z Checking for runtime library...
2026-10-02T18:18:40.6887772Z Found: bin/lib/clang/libsn_runtime_min.a
2026-10-02T18:18:40.6888359Z 
2026-10-02T18:18:40.6888479Z Build outputs verified successfully!
2026-10-02T18:18:40.7038821Z ##[group]Run bin/sn.exe --format --check
2026-10-02T18:18:40.7039134Z [36;1mbin/sn.exe --format --check[0m
2026-10-02T18:18:40.7051021Z shell: C:\Program Files\Git\bin\bash.EXE --noprofile --norc -e -o pipefail {0}
2026-10-02T18:18:40.7051317Z ##[endgroup]
2026-10-02T18:18:40.8825242Z All files already formatted.
2026-10-02T18:18:40.9020553Z ##[group]Run make test ARENA_SANITIZE=
2026-10-02T18:18:40.9020860Z [36;1mmake test ARENA_SANITIZE=[0m
2026-10-02T18:18:40.9033195Z shell: C:\Program Files\Git\bin\bash.EXE --noprofile --norc -e -o pipefail {0}
2026-10-02T18:18:40.9033496Z env:
2026-10-02T18:18:40.9033636Z   SN_CC: clang
2026-10-02T18:18:40.9033928Z   SN_CFLAGS: --target=x86_64-w64-mingw32 -fuse-ld=lld -rtlib=compiler-rt -unwindlib=none
2026-10-02T18:18:40.9034265Z   SN_RELEASE_CFLAGS: -O3 -fwrapv
2026-10-02T18:18:40.9034444Z   SN_EXCLUDE_TESTS: 
2026-10-02T18:18:40.9047522Z ##[endgroup]
2026-10-02T18:18:41.0209017Z Building Sindarin compiler...
2026-10-02T18:18:41.0394571Z Platform: windows
2026-10-02T18:18:41.0580960Z Generator: Ninja
2026-10-02T18:18:41.0593756Z cmake -S . -B build -G "Ninja" \
2026-10-02T18:18:41.0594103Z 	-DCMAKE_BUILD_TYPE=Release \
2026-10-02T18:18:41.0594324Z 	-DCMAKE_C_COMPILER=clang
2026-10-02T18:18:41.2237065Z -- Up-to-date: D:/a/sindarin-compiler/sindarin-compiler/bin/sn.linux.cfg
2026-10-02T18:18:41.2237787Z -- Up-to-date: D:/a/sindarin-compiler/sindarin-compiler/bin/sn.darwin.cfg
2026-10-02T18:18:41.2239320Z -- Up-to-date: D:/a/sindarin-compiler/sindarin-compiler/bin/sn.windows.cfg
2026-10-02T18:18:41.2255744Z -- Installing: D:/a/sindarin-compiler/sindarin-compiler/bin/include/runtime/sn_arith.h
2026-10-02T18:18:41.2260334Z -- Installing: D:/a/sindarin-compiler/sindarin-compiler/bin/include/runtime/sn_array.h
2026-10-02T18:18:41.2265270Z -- Installing: D:/a/sindarin-compiler/sindarin-compiler/bin/include/runtime/sn_byte.h
2026-10-02T18:18:41.2269590Z -- Installing: D:/a/sindarin-compiler/sindarin-compiler/bin/include/runtime/sn_conv.h
2026-10-02T18:18:41.2274043Z -- Installing: D:/a/sindarin-compiler/sindarin-compiler/bin/include/runtime/sn_core.h
2026-10-02T18:18:41.2278211Z -- Installing: D:/a/sindarin-compiler/sindarin-compiler/bin/include/runtime/sn_minimal.h
2026-10-02T18:18:41.2282541Z -- Installing: D:/a/sindarin-compiler/sindarin-compiler/bin/include/runtime/sn_reflect.h
2026-10-02T18:18:41.2286605Z -- Installing: D:/a/sindarin-compiler/sindarin-compiler/bin/include/runtime/sn_serial.h
2026-10-02T18:18:41.2291213Z -- Installing: D:/a/sindarin-compiler/sindarin-compiler/bin/include/runtime/sn_string.h
2026-10-02T18:18:41.2295546Z -- Installing: D:/a/sindarin-compiler/sindarin-compiler/bin/include/runtime/sn_thread.h
2026-10-02T18:18:41.2299827Z -- Installing: D:/a/sindarin-compiler/sindarin-compiler/bin/include/minimal/sn_arith.h
2026-10-02T18:18:41.2304275Z -- Installing: D:/a/sindarin-compiler/sindarin-compiler/bin/include/minimal/sn_array.h
2026-10-02T18:18:41.2308478Z -- Installing: D:/a/sindarin-compiler/sindarin-compiler/bin/include/minimal/sn_byte.h
2026-10-02T18:18:41.2312666Z -- Installing: D:/a/sindarin-compiler/sindarin-compiler/bin/include/minimal/sn_conv.h
2026-10-02T18:18:41.2317287Z -- Installing: D:/a/sindarin-compiler/sindarin-compiler/bin/include/minimal/sn_core.h
2026-10-02T18:18:41.2321045Z -- Installing: D:/a/sindarin-compiler/sindarin-compiler/bin/include/minimal/sn_minimal.h
2026-10-02T18:18:41.2325053Z -- Installing: D:/a/sindarin-compiler/sindarin-compiler/bin/include/minimal/sn_reflect.h
2026-10-02T18:18:41.2328927Z -- Installing: D:/a/sindarin-compiler/sindarin-compiler/bin/include/minimal/sn_serial.h
2026-10-02T18:18:41.2333326Z -- Installing: D:/a/sindarin-compiler/sindarin-compiler/bin/include/minimal/sn_string.h
2026-10-02T18:18:41.2337622Z -- Installing: D:/a/sindarin-compiler/sindarin-compiler/bin/include/minimal/sn_thread.h
2026-10-02T18:18:41.2343565Z -- Up-to-date: D:/a/sindarin-compiler/sindarin-compiler/bin/include/platform/compat_dirent.h
2026-10-02T18:18:41.2344814Z -- Up-to-date: D:/a/sindarin-compiler/sindarin-compiler/bin/include/platform/compat_io.h
2026-10-02T18:18:41.2345962Z -- Up-to-date: D:/a/sindarin-compiler/sindarin-compiler/bin/include/platform/compat_net.h
2026-10-02T18:18:41.2347120Z -- Up-to-date: D:/a/sindarin-compiler/sindarin-compiler/bin/include/platform/compat_pthread.h
2026-10-02T18:18:41.2350153Z -- Up-to-date: D:/a/sindarin-compiler/sindarin-compiler/bin/include/platform/compat_time.h
2026-10-02T18:18:41.2350752Z -- Up-to-date: D:/a/sindarin-compiler/sindarin-compiler/bin/include/platform/compat_windows.h
2026-10-02T18:18:41.2351339Z -- Up-to-date: D:/a/sindarin-compiler/sindarin-compiler/bin/include/platform/platform.h
2026-10-02T18:18:41.2378991Z -- Found libs submodule: D:/a/sindarin-compiler/sindarin-compiler/.sn/sindarin-pkg-libs/libs/windows
2026-10-02T18:18:41.2379519Z --   Copying zlib headers...
2026-10-02T18:18:41.2380461Z -- Up-to-date: D:/a/sindarin-compiler/sindarin-compiler/bin/deps/include/zlib.h
2026-10-02T18:18:41.2381867Z -- Up-to-date: D:/a/sindarin-compiler/sindarin-compiler/bin/deps/include/zconf.h
2026-10-02T18:18:41.2382623Z --   Copying yyjson headers...
2026-10-02T18:18:41.2383813Z -- Up-to-date: D:/a/sindarin-compiler/sindarin-compiler/bin/deps/include/yyjson.h
2026-10-02T18:18:41.2384569Z --   Copying json-c headers...
2026-10-02T18:18:41.2385600Z -- Up-to-date: D:/a/sindarin-compiler/sindarin-compiler/bin/deps/include/json-c
2026-10-02T18:18:41.2387830Z -- Up-to-date: D:/a/sindarin-compiler/sindarin-compiler/bin/deps/include/json-c/arraylist.h
2026-10-02T18:18:41.2389018Z -- Up-to-date: D:/a/sindarin-compiler/sindarin-compiler/bin/deps/include/json-c/debug.h
2026-10-02T18:18:41.2390103Z -- Up-to-date: D:/a/sindarin-compiler/sindarin-compiler/bin/deps/include/json-c/json.h
2026-10-02T18:18:41.2391362Z -- Up-to-date: D:/a/sindarin-compiler/sindarin-compiler/bin/deps/include/json-c/json_config.h
2026-10-02T18:18:41.2392571Z -- Up-to-date: D:/a/sindarin-compiler/sindarin-compiler/bin/deps/include/json-c/json_c_version.h
2026-10-02T18:18:41.2393708Z -- Up-to-date: D:/a/sindarin-compiler/sindarin-compiler/bin/deps/include/json-c/json_inttypes.h
2026-10-02T18:18:41.2394812Z -- Up-to-date: D:/a/sindarin-compiler/sindarin-compiler/bin/deps/include/json-c/json_object.h
2026-10-02T18:18:41.2395985Z -- Up-to-date: D:/a/sindarin-compiler/sindarin-compiler/bin/deps/include/json-c/json_object_iterator.h
2026-10-02T18:18:41.2397062Z -- Up-to-date: D:/a/sindarin-compiler/sindarin-compiler/bin/deps/include/json-c/json_patch.h
2026-10-02T18:18:41.2398169Z -- Up-to-date: D:/a/sindarin-compiler/sindarin-compiler/bin/deps/include/json-c/json_pointer.h
2026-10-02T18:18:41.2399355Z -- Up-to-date: D:/a/sindarin-compiler/sindarin-compiler/bin/deps/include/json-c/json_tokener.h
2026-10-02T18:18:41.2400459Z -- Up-to-date: D:/a/sindarin-compiler/sindarin-compiler/bin/deps/include/json-c/json_types.h
2026-10-02T18:18:41.2401557Z -- Up-to-date: D:/a/sindarin-compiler/sindarin-compiler/bin/deps/include/json-c/json_util.h
2026-10-02T18:18:41.2402647Z -- Up-to-date: D:/a/sindarin-compiler/sindarin-compiler/bin/deps/include/json-c/json_visit.h
2026-10-02T18:18:41.2403752Z -- Up-to-date: D:/a/sindarin-compiler/sindarin-compiler/bin/deps/include/json-c/linkhash.h
2026-10-02T18:18:41.2404832Z -- Up-to-date: D:/a/sindarin-compiler/sindarin-compiler/bin/deps/include/json-c/printbuf.h
2026-10-02T18:18:41.2405596Z --   Copying libxml2 headers...
2026-10-02T18:18:41.2406579Z -- Up-to-date: D:/a/sindarin-compiler/sindarin-compiler/bin/deps/include/libxml
2026-10-02T18:18:41.2408979Z -- Up-to-date: D:/a/sindarin-compiler/sindarin-compiler/bin/deps/include/libxml/c14n.h
2026-10-02T18:18:41.2410165Z -- Up-to-date: D:/a/sindarin-compiler/sindarin-compiler/bin/deps/include/libxml/catalog.h
2026-10-02T18:18:41.2411369Z -- Up-to-date: D:/a/sindarin-compiler/sindarin-compiler/bin/deps/include/libxml/chvalid.h
2026-10-02T18:18:41.2412672Z -- Up-to-date: D:/a/sindarin-compiler/sindarin-compiler/bin/deps/include/libxml/debugXML.h
2026-10-02T18:18:41.2413695Z -- Up-to-date: D:/a/sindarin-compiler/sindarin-compiler/bin/deps/include/libxml/dict.h
2026-10-02T18:18:41.2414809Z -- Up-to-date: D:/a/sindarin-compiler/sindarin-compiler/bin/deps/include/libxml/encoding.h
2026-10-02T18:18:41.2415921Z -- Up-to-date: D:/a/sindarin-compiler/sindarin-compiler/bin/deps/include/libxml/entities.h
2026-10-02T18:18:41.2417565Z -- Up-to-date: D:/a/sindarin-compiler/sindarin-compiler/bin/deps/include/libxml/globals.h
2026-10-02T18:18:41.2418667Z -- Up-to-date: D:/a/sindarin-compiler/sindarin-compiler/bin/deps/include/libxml/hash.h
2026-10-02T18:18:41.2420430Z -- Up-to-date: D:/a/sindarin-compiler/sindarin-compiler/bin/deps/include/libxml/HTMLparser.h
2026-10-02T18:18:41.2421595Z -- Up-to-date: D:/a/sindarin-compiler/sindarin-compiler/bin/deps/include/libxml/HTMLtree.h
2026-10-02T18:18:41.2422706Z -- Up-to-date: D:/a/sindarin-compiler/sindarin-compiler/bin/deps/include/libxml/list.h
2026-10-02T18:18:41.2423829Z -- Up-to-date: D:/a/sindarin-compiler/sindarin-compiler/bin/deps/include/libxml/nanoftp.h
2026-10-02T18:18:41.2424926Z -- Up-to-date: D:/a/sindarin-compiler/sindarin-compiler/bin/deps/include/libxml/nanohttp.h
2026-10-02T18:18:41.2426032Z -- Up-to-date: D:/a/sindarin-compiler/sindarin-compiler/bin/deps/include/libxml/parser.h
2026-10-02T18:18:41.2427686Z -- Up-to-date: D:/a/sindarin-compiler/sindarin-compiler/bin/deps/include/libxml/parserInternals.h
2026-10-02T18:18:41.2428895Z -- Up-to-date: D:/a/sindarin-compiler/sindarin-compiler/bin/deps/include/libxml/pattern.h
2026-10-02T18:18:41.2429977Z -- Up-to-date: D:/a/sindarin-compiler/sindarin-compiler/bin/deps/include/libxml/relaxng.h
2026-10-02T18:18:41.2431223Z -- Up-to-date: D:/a/sindarin-compiler/sindarin-compiler/bin/deps/include/libxml/SAX.h
2026-10-02T18:18:41.2432326Z -- Up-to-date: D:/a/sindarin-compiler/sindarin-compiler/bin/deps/include/libxml/SAX2.h
2026-10-02T18:18:41.2433474Z -- Up-to-date: D:/a/sindarin-compiler/sindarin-compiler/bin/deps/include/libxml/schemasInternals.h
2026-10-02T18:18:41.2434567Z -- Up-to-date: D:/a/sindarin-compiler/sindarin-compiler/bin/deps/include/libxml/schematron.h
2026-10-02T18:18:41.2435903Z -- Up-to-date: D:/a/sindarin-compiler/sindarin-compiler/bin/deps/include/libxml/threads.h
2026-10-02T18:18:41.2437002Z -- Up-to-date: D:/a/sindarin-compiler/sindarin-compiler/bin/deps/include/libxml/tree.h
2026-10-02T18:18:41.2438106Z -- Up-to-date: D:/a/sindarin-compiler/sindarin-compiler/bin/deps/include/libxml/uri.h
2026-10-02T18:18:41.2439228Z -- Up-to-date: D:/a/sindarin-compiler/sindarin-compiler/bin/deps/include/libxml/valid.h
2026-10-02T18:18:41.2440334Z -- Up-to-date: D:/a/sindarin-compiler/sindarin-compiler/bin/deps/include/libxml/xinclude.h
2026-10-02T18:18:41.2441435Z -- Up-to-date: D:/a/sindarin-compiler/sindarin-compiler/bin/deps/include/libxml/xlink.h
2026-10-02T18:18:41.2442566Z -- Up-to-date: D:/a/sindarin-compiler/sindarin-compiler/bin/deps/include/libxml/xmlautomata.h
2026-10-02T18:18:41.2443667Z -- Up-to-date: D:/a/sindarin-compiler/sindarin-compiler/bin/deps/include/libxml/xmlerror.h
2026-10-02T18:18:41.2444827Z -- Up-to-date: D:/a/sindarin-compiler/sindarin-compiler/bin/deps/include/libxml/xmlexports.h
2026-10-02T18:18:41.2445896Z -- Up-to-date: D:/a/sindarin-compiler/sindarin-compiler/bin/deps/include/libxml/xmlIO.h
2026-10-02T18:18:41.2447343Z -- Up-to-date: D:/a/sindarin-compiler/sindarin-compiler/bin/deps/include/libxml/xmlmemory.h
2026-10-02T18:18:41.2449351Z -- Up-to-date: D:/a/sindarin-compiler/sindarin-compiler/bin/deps/include/libxml/xmlmodule.h
2026-10-02T18:18:41.2450671Z -- Up-to-date: D:/a/sindarin-compiler/sindarin-compiler/bin/deps/include/libxml/xmlreader.h
2026-10-02T18:18:41.2452018Z -- Up-to-date: D:/a/sindarin-compiler/sindarin-compiler/bin/deps/include/libxml/xmlregexp.h
2026-10-02T18:18:41.2453306Z -- Up-to-date: D:/a/sindarin-compiler/sindarin-compiler/bin/deps/include/libxml/xmlsave.h
2026-10-02T18:18:41.2454520Z -- Up-to-date: D:/a/sindarin-compiler/sindarin-compiler/bin/deps/include/libxml/xmlschemas.h
2026-10-02T18:18:41.2455615Z -- Up-to-date: D:/a/sindarin-compiler/sindarin-compiler/bin/deps/include/libxml/xmlschemastypes.h
2026-10-02T18:18:41.2457019Z -- Up-to-date: D:/a/sindarin-compiler/sindarin-compiler/bin/deps/include/libxml/xmlstring.h
2026-10-02T18:18:41.2458422Z -- Up-to-date: D:/a/sindarin-compiler/sindarin-compiler/bin/deps/include/libxml/xmlunicode.h
2026-10-02T18:18:41.2459294Z -- Up-to-date: D:/a/sindarin-compiler/sindarin-compiler/bin/deps/include/libxml/xmlversion.h
2026-10-02T18:18:41.2460583Z -- Up-to-date: D:/a/sindarin-compiler/sindarin-compiler/bin/deps/include/libxml/xmlwriter.h
2026-10-02T18:18:41.2461787Z -- Up-to-date: D:/a/sindarin-compiler/sindarin-compiler/bin/deps/include/libxml/xpath.h
2026-10-02T18:18:41.2463082Z -- Up-to-date: D:/a/sindarin-compiler/sindarin-compiler/bin/deps/include/libxml/xpathInternals.h
2026-10-02T18:18:41.2464299Z -- Up-to-date: D:/a/sindarin-compiler/sindarin-compiler/bin/deps/include/libxml/xpointer.h
2026-10-02T18:18:41.2465367Z --   Copying libyaml headers...
2026-10-02T18:18:41.2467681Z -- Up-to-date: D:/a/sindarin-compiler/sindarin-compiler/bin/deps/include/yaml.h
2026-10-02T18:18:41.2468161Z --   Copying openssl headers...
2026-10-02T18:18:41.2469742Z -- Up-to-date: D:/a/sindarin-compiler/sindarin-compiler/bin/deps/include/openssl
2026-10-02T18:18:41.2473442Z -- Up-to-date: D:/a/sindarin-compiler/sindarin-compiler/bin/deps/include/openssl/aes.h
2026-10-02T18:18:41.2474582Z -- Up-to-date: D:/a/sindarin-compiler/sindarin-compiler/bin/deps/include/openssl/asn1.h
2026-10-02T18:18:41.2475700Z -- Up-to-date: D:/a/sindarin-compiler/sindarin-compiler/bin/deps/include/openssl/asn1err.h
2026-10-02T18:18:41.2476821Z -- Up-to-date: D:/a/sindarin-compiler/sindarin-compiler/bin/deps/include/openssl/asn1t.h
2026-10-02T18:18:41.2477936Z -- Up-to-date: D:/a/sindarin-compiler/sindarin-compiler/bin/deps/include/openssl/async.h
2026-10-02T18:18:41.2479130Z -- Up-to-date: D:/a/sindarin-compiler/sindarin-compiler/bin/deps/include/openssl/asyncerr.h
2026-10-02T18:18:41.2480265Z -- Up-to-date: D:/a/sindarin-compiler/sindarin-compiler/bin/deps/include/openssl/bio.h
2026-10-02T18:18:41.2481375Z -- Up-to-date: D:/a/sindarin-compiler/sindarin-compiler/bin/deps/include/openssl/bioerr.h
2026-10-02T18:18:41.2482483Z -- Up-to-date: D:/a/sindarin-compiler/sindarin-compiler/bin/deps/include/openssl/blowfish.h
2026-10-02T18:18:41.2483593Z -- Up-to-date: D:/a/sindarin-compiler/sindarin-compiler/bin/deps/include/openssl/bn.h
2026-10-02T18:18:41.2484690Z -- Up-to-date: D:/a/sindarin-compiler/sindarin-compiler/bin/deps/include/openssl/bnerr.h
2026-10-02T18:18:41.2485793Z -- Up-to-date: D:/a/sindarin-compiler/sindarin-compiler/bin/deps/include/openssl/buffer.h
2026-10-02T18:18:41.2486957Z -- Up-to-date: D:/a/sindarin-compiler/sindarin-compiler/bin/deps/include/openssl/buffererr.h
2026-10-02T18:18:41.2488265Z -- Up-to-date: D:/a/sindarin-compiler/sindarin-compiler/bin/deps/include/openssl/byteorder.h
2026-10-02T18:18:41.2489362Z -- Up-to-date: D:/a/sindarin-compiler/sindarin-compiler/bin/deps/include/openssl/camellia.h
2026-10-02T18:18:41.2490453Z -- Up-to-date: D:/a/sindarin-compiler/sindarin-compiler/bin/deps/include/openssl/cast.h
2026-10-02T18:18:41.2491638Z -- Up-to-date: D:/a/sindarin-compiler/sindarin-compiler/bin/deps/include/openssl/cmac.h
2026-10-02T18:18:41.2492771Z -- Up-to-date: D:/a/sindarin-compiler/sindarin-compiler/bin/deps/include/openssl/cmp.h
2026-10-02T18:18:41.2493881Z -- Up-to-date: D:/a/sindarin-compiler/sindarin-compiler/bin/deps/include/openssl/cmperr.h
2026-10-02T18:18:41.2495019Z -- Up-to-date: D:/a/sindarin-compiler/sindarin-compiler/bin/deps/include/openssl/cmp_util.h
2026-10-02T18:18:41.2496104Z -- Up-to-date: D:/a/sindarin-compiler/sindarin-compiler/bin/deps/include/openssl/cms.h
2026-10-02T18:18:41.2497223Z -- Up-to-date: D:/a/sindarin-compiler/sindarin-compiler/bin/deps/include/openssl/cmserr.h
2026-10-02T18:18:41.2498343Z -- Up-to-date: D:/a/sindarin-compiler/sindarin-compiler/bin/deps/include/openssl/comp.h
2026-10-02T18:18:41.2499691Z -- Up-to-date: D:/a/sindarin-compiler/sindarin-compiler/bin/deps/include/openssl/comperr.h
2026-10-02T18:18:41.2500698Z -- Up-to-date: D:/a/sindarin-compiler/sindarin-compiler/bin/deps/include/openssl/conf.h
2026-10-02T18:18:41.2501832Z -- Up-to-date: D:/a/sindarin-compiler/sindarin-compiler/bin/deps/include/openssl/conferr.h
2026-10-02T18:18:41.2503160Z -- Up-to-date: D:/a/sindarin-compiler/sindarin-compiler/bin/deps/include/openssl/configuration.h
2026-10-02T18:18:41.2504152Z -- Up-to-date: D:/a/sindarin-compiler/sindarin-compiler/bin/deps/include/openssl/conftypes.h
2026-10-02T18:18:41.2505252Z -- Up-to-date: D:/a/sindarin-compiler/sindarin-compiler/bin/deps/include/openssl/conf_api.h
2026-10-02T18:18:41.2506379Z -- Up-to-date: D:/a/sindarin-compiler/sindarin-compiler/bin/deps/include/openssl/core.h
2026-10-02T18:18:41.2508100Z -- Up-to-date: D:/a/sindarin-compiler/sindarin-compiler/bin/deps/include/openssl/core_dispatch.h
2026-10-02T18:18:41.2509235Z -- Up-to-date: D:/a/sindarin-compiler/sindarin-compiler/bin/deps/include/openssl/core_names.h
2026-10-02T18:18:41.2510482Z -- Up-to-date: D:/a/sindarin-compiler/sindarin-compiler/bin/deps/include/openssl/core_object.h
2026-10-02T18:18:41.2511709Z -- Up-to-date: D:/a/sindarin-compiler/sindarin-compiler/bin/deps/include/openssl/crmf.h
2026-10-02T18:18:41.2513020Z -- Up-to-date: D:/a/sindarin-compiler/sindarin-compiler/bin/deps/include/openssl/crmferr.h
2026-10-02T18:18:41.2514093Z -- Up-to-date: D:/a/sindarin-compiler/sindarin-compiler/bin/deps/include/openssl/crypto.h
2026-10-02T18:18:41.2515181Z -- Up-to-date: D:/a/sindarin-compiler/sindarin-compiler/bin/deps/include/openssl/cryptoerr.h
2026-10-02T18:18:41.2516315Z -- Up-to-date: D:/a/sindarin-compiler/sindarin-compiler/bin/deps/include/openssl/cryptoerr_legacy.h
2026-10-02T18:18:41.2517376Z -- Up-to-date: D:/a/sindarin-compiler/sindarin-compiler/bin/deps/include/openssl/ct.h
2026-10-02T18:18:41.2518466Z -- Up-to-date: D:/a/sindarin-compiler/sindarin-compiler/bin/deps/include/openssl/cterr.h
2026-10-02T18:18:41.2519564Z -- Up-to-date: D:/a/sindarin-compiler/sindarin-compiler/bin/deps/include/openssl/decoder.h
2026-10-02T18:18:41.2520666Z -- Up-to-date: D:/a/sindarin-compiler/sindarin-compiler/bin/deps/include/openssl/decodererr.h
2026-10-02T18:18:41.2521757Z -- Up-to-date: D:/a/sindarin-compiler/sindarin-compiler/bin/deps/include/openssl/des.h
2026-10-02T18:18:41.2523019Z -- Up-to-date: D:/a/sindarin-compiler/sindarin-compiler/bin/deps/include/openssl/dh.h
2026-10-02T18:18:41.2524117Z -- Up-to-date: D:/a/sindarin-compiler/sindarin-compiler/bin/deps/include/openssl/dherr.h
2026-10-02T18:18:41.2525906Z -- Up-to-date: D:/a/sindarin-compiler/sindarin-compiler/bin/deps/include/openssl/dsa.h
2026-10-02T18:18:41.2527596Z -- Up-to-date: D:/a/sindarin-compiler/sindarin-compiler/bin/deps/include/openssl/dsaerr.h
2026-10-02T18:18:41.2528702Z -- Up-to-date: D:/a/sindarin-compiler/sindarin-compiler/bin/deps/include/openssl/dtls1.h
2026-10-02T18:18:41.2530060Z -- Up-to-date: D:/a/sindarin-compiler/sindarin-compiler/bin/deps/include/openssl/ebcdic.h
2026-10-02T18:18:41.2531120Z -- Up-to-date: D:/a/sindarin-compiler/sindarin-compiler/bin/deps/include/openssl/ec.h
2026-10-02T18:18:41.2532274Z -- Up-to-date: D:/a/sindarin-compiler/sindarin-compiler/bin/deps/include/openssl/ecdh.h
2026-10-02T18:18:41.2533422Z -- Up-to-date: D:/a/sindarin-compiler/sindarin-compiler/bin/deps/include/openssl/ecdsa.h
2026-10-02T18:18:41.2534541Z -- Up-to-date: D:/a/sindarin-compiler/sindarin-compiler/bin/deps/include/openssl/ecerr.h
2026-10-02T18:18:41.2535702Z -- Up-to-date: D:/a/sindarin-compiler/sindarin-compiler/bin/deps/include/openssl/encoder.h
2026-10-02T18:18:41.2537136Z -- Up-to-date: D:/a/sindarin-compiler/sindarin-compiler/bin/deps/include/openssl/encodererr.h
2026-10-02T18:18:41.2538267Z -- Up-to-date: D:/a/sindarin-compiler/sindarin-compiler/bin/deps/include/openssl/engine.h
2026-10-02T18:18:41.2539656Z -- Up-to-date: D:/a/sindarin-compiler/sindarin-compiler/bin/deps/include/openssl/engineerr.h
2026-10-02T18:18:41.2540849Z -- Up-to-date: D:/a/sindarin-compiler/sindarin-compiler/bin/deps/include/openssl/err.h
2026-10-02T18:18:41.2541992Z -- Up-to-date: D:/a/sindarin-compiler/sindarin-compiler/bin/deps/include/openssl/ess.h
2026-10-02T18:18:41.2543099Z -- Up-to-date: D:/a/sindarin-compiler/sindarin-compiler/bin/deps/include/openssl/esserr.h
2026-10-02T18:18:41.2545089Z -- Up-to-date: D:/a/sindarin-compiler/sindarin-compiler/bin/deps/include/openssl/evp.h
2026-10-02T18:18:41.2545971Z -- Up-to-date: D:/a/sindarin-compiler/sindarin-compiler/bin/deps/include/openssl/evperr.h
2026-10-02T18:18:41.2547295Z -- Up-to-date: D:/a/sindarin-compiler/sindarin-compiler/bin/deps/include/openssl/e_os2.h
2026-10-02T18:18:41.2548583Z -- Up-to-date: D:/a/sindarin-compiler/sindarin-compiler/bin/deps/include/openssl/e_ostime.h
2026-10-02T18:18:41.2549696Z -- Up-to-date: D:/a/sindarin-compiler/sindarin-compiler/bin/deps/include/openssl/fipskey.h
2026-10-02T18:18:41.2550812Z -- Up-to-date: D:/a/sindarin-compiler/sindarin-compiler/bin/deps/include/openssl/fips_names.h
2026-10-02T18:18:41.2551886Z -- Up-to-date: D:/a/sindarin-compiler/sindarin-compiler/bin/deps/include/openssl/hmac.h
2026-10-02T18:18:41.2553130Z -- Up-to-date: D:/a/sindarin-compiler/sindarin-compiler/bin/deps/include/openssl/hpke.h
2026-10-02T18:18:41.2554118Z -- Up-to-date: D:/a/sindarin-compiler/sindarin-compiler/bin/deps/include/openssl/http.h
2026-10-02T18:18:41.2555373Z -- Up-to-date: D:/a/sindarin-compiler/sindarin-compiler/bin/deps/include/openssl/httperr.h
2026-10-02T18:18:41.2556456Z -- Up-to-date: D:/a/sindarin-compiler/sindarin-compiler/bin/deps/include/openssl/idea.h
2026-10-02T18:18:41.2557644Z -- Up-to-date: D:/a/sindarin-compiler/sindarin-compiler/bin/deps/include/openssl/indicator.h
2026-10-02T18:18:41.2558727Z -- Up-to-date: D:/a/sindarin-compiler/sindarin-compiler/bin/deps/include/openssl/kdf.h
2026-10-02T18:18:41.2560224Z -- Up-to-date: D:/a/sindarin-compiler/sindarin-compiler/bin/deps/include/openssl/kdferr.h
2026-10-02T18:18:41.2561360Z -- Up-to-date: D:/a/sindarin-compiler/sindarin-compiler/bin/deps/include/openssl/lhash.h
2026-10-02T18:18:41.2562452Z -- Up-to-date: D:/a/sindarin-compiler/sindarin-compiler/bin/deps/include/openssl/macros.h
2026-10-02T18:18:41.2563555Z -- Up-to-date: D:/a/sindarin-compiler/sindarin-compiler/bin/deps/include/openssl/md2.h
2026-10-02T18:18:41.2564810Z -- Up-to-date: D:/a/sindarin-compiler/sindarin-compiler/bin/deps/include/openssl/md4.h
2026-10-02T18:18:41.2566594Z -- Up-to-date: D:/a/sindarin-compiler/sindarin-compiler/bin/deps/include/openssl/md5.h
2026-10-02T18:18:41.2567549Z -- Up-to-date: D:/a/sindarin-compiler/sindarin-compiler/bin/deps/include/openssl/mdc2.h
2026-10-02T18:18:41.2568649Z -- Up-to-date: D:/a/sindarin-compiler/sindarin-compiler/bin/deps/include/openssl/ml_kem.h
2026-10-02T18:18:41.2569746Z -- Up-to-date: D:/a/sindarin-compiler/sindarin-compiler/bin/deps/include/openssl/modes.h
2026-10-02T18:18:41.2570848Z -- Up-to-date: D:/a/sindarin-compiler/sindarin-compiler/bin/deps/include/openssl/objects.h
2026-10-02T18:18:41.2571975Z -- Up-to-date: D:/a/sindarin-compiler/sindarin-compiler/bin/deps/include/openssl/objectserr.h
2026-10-02T18:18:41.2573066Z -- Up-to-date: D:/a/sindarin-compiler/sindarin-compiler/bin/deps/include/openssl/obj_mac.h
2026-10-02T18:18:41.2574171Z -- Up-to-date: D:/a/sindarin-compiler/sindarin-compiler/bin/deps/include/openssl/ocsp.h
2026-10-02T18:18:41.2575274Z -- Up-to-date: D:/a/sindarin-compiler/sindarin-compiler/bin/deps/include/openssl/ocsperr.h
2026-10-02T18:18:41.2576371Z -- Up-to-date: D:/a/sindarin-compiler/sindarin-compiler/bin/deps/include/openssl/opensslconf.h
2026-10-02T18:18:41.2577612Z -- Up-to-date: D:/a/sindarin-compiler/sindarin-compiler/bin/deps/include/openssl/opensslv.h
2026-10-02T18:18:41.2578692Z -- Up-to-date: D:/a/sindarin-compiler/sindarin-compiler/bin/deps/include/openssl/ossl_typ.h
2026-10-02T18:18:41.2579769Z -- Up-to-date: D:/a/sindarin-compiler/sindarin-compiler/bin/deps/include/openssl/params.h
2026-10-02T18:18:41.2581066Z -- Up-to-date: D:/a/sindarin-compiler/sindarin-compiler/bin/deps/include/openssl/param_build.h
2026-10-02T18:18:41.2582047Z -- Up-to-date: D:/a/sindarin-compiler/sindarin-compiler/bin/deps/include/openssl/pem.h
2026-10-02T18:18:41.2583229Z -- Up-to-date: D:/a/sindarin-compiler/sindarin-compiler/bin/deps/include/openssl/pem2.h
2026-10-02T18:18:41.2584410Z -- Up-to-date: D:/a/sindarin-compiler/sindarin-compiler/bin/deps/include/openssl/pemerr.h
2026-10-02T18:18:41.2585524Z -- Up-to-date: D:/a/sindarin-compiler/sindarin-compiler/bin/deps/include/openssl/pkcs12.h
2026-10-02T18:18:41.2586767Z -- Up-to-date: D:/a/sindarin-compiler/sindarin-compiler/bin/deps/include/openssl/pkcs12err.h
2026-10-02T18:18:41.2587829Z -- Up-to-date: D:/a/sindarin-compiler/sindarin-compiler/bin/deps/include/openssl/pkcs7.h
2026-10-02T18:18:41.2588956Z -- Up-to-date: D:/a/sindarin-compiler/sindarin-compiler/bin/deps/include/openssl/pkcs7err.h
2026-10-02T18:18:41.2590034Z -- Up-to-date: D:/a/sindarin-compiler/sindarin-compiler/bin/deps/include/openssl/proverr.h
2026-10-02T18:18:41.2591128Z -- Up-to-date: D:/a/sindarin-compiler/sindarin-compiler/bin/deps/include/openssl/provider.h
2026-10-02T18:18:41.2592194Z -- Up-to-date: D:/a/sindarin-compiler/sindarin-compiler/bin/deps/include/openssl/prov_ssl.h
2026-10-02T18:18:41.2593278Z -- Up-to-date: D:/a/sindarin-compiler/sindarin-compiler/bin/deps/include/openssl/quic.h
2026-10-02T18:18:41.2594350Z -- Up-to-date: D:/a/sindarin-compiler/sindarin-compiler/bin/deps/include/openssl/rand.h
2026-10-02T18:18:41.2595664Z -- Up-to-date: D:/a/sindarin-compiler/sindarin-compiler/bin/deps/include/openssl/randerr.h
2026-10-02T18:18:41.2596692Z -- Up-to-date: D:/a/sindarin-compiler/sindarin-compiler/bin/deps/include/openssl/rc2.h
2026-10-02T18:18:41.2597704Z -- Up-to-date: D:/a/sindarin-compiler/sindarin-compiler/bin/deps/include/openssl/rc4.h
2026-10-02T18:18:41.2598806Z -- Up-to-date: D:/a/sindarin-compiler/sindarin-compiler/bin/deps/include/openssl/rc5.h
2026-10-02T18:18:41.2599903Z -- Up-to-date: D:/a/sindarin-compiler/sindarin-compiler/bin/deps/include/openssl/ripemd.h
2026-10-02T18:18:41.2600970Z -- Up-to-date: D:/a/sindarin-compiler/sindarin-compiler/bin/deps/include/openssl/rsa.h
2026-10-02T18:18:41.2602068Z -- Up-to-date: D:/a/sindarin-compiler/sindarin-compiler/bin/deps/include/openssl/rsaerr.h
2026-10-02T18:18:41.2603158Z -- Up-to-date: D:/a/sindarin-compiler/sindarin-compiler/bin/deps/include/openssl/safestack.h
2026-10-02T18:18:41.2604203Z -- Up-to-date: D:/a/sindarin-compiler/sindarin-compiler/bin/deps/include/openssl/seed.h
2026-10-02T18:18:41.2605382Z -- Up-to-date: D:/a/sindarin-compiler/sindarin-compiler/bin/deps/include/openssl/self_test.h
2026-10-02T18:18:41.2606797Z -- Up-to-date: D:/a/sindarin-compiler/sindarin-compiler/bin/deps/include/openssl/sha.h
2026-10-02T18:18:41.2607736Z -- Up-to-date: D:/a/sindarin-compiler/sindarin-compiler/bin/deps/include/openssl/srp.h
2026-10-02T18:18:41.2608854Z -- Up-to-date: D:/a/sindarin-compiler/sindarin-compiler/bin/deps/include/openssl/srtp.h
2026-10-02T18:18:41.2610120Z -- Up-to-date: D:/a/sindarin-compiler/sindarin-compiler/bin/deps/include/openssl/ssl.h
2026-10-02T18:18:41.2611220Z -- Up-to-date: D:/a/sindarin-compiler/sindarin-compiler/bin/deps/include/openssl/ssl2.h
2026-10-02T18:18:41.2612316Z -- Up-to-date: D:/a/sindarin-compiler/sindarin-compiler/bin/deps/include/openssl/ssl3.h
2026-10-02T18:18:41.2613463Z -- Up-to-date: D:/a/sindarin-compiler/sindarin-compiler/bin/deps/include/openssl/sslerr.h
2026-10-02T18:18:41.2614651Z -- Up-to-date: D:/a/sindarin-compiler/sindarin-compiler/bin/deps/include/openssl/sslerr_legacy.h
2026-10-02T18:18:41.2615821Z -- Up-to-date: D:/a/sindarin-compiler/sindarin-compiler/bin/deps/include/openssl/stack.h
2026-10-02T18:18:41.2616896Z -- Up-to-date: D:/a/sindarin-compiler/sindarin-compiler/bin/deps/include/openssl/store.h
2026-10-02T18:18:41.2618001Z -- Up-to-date: D:/a/sindarin-compiler/sindarin-compiler/bin/deps/include/openssl/storeerr.h
2026-10-02T18:18:41.2619644Z -- Up-to-date: D:/a/sindarin-compiler/sindarin-compiler/bin/deps/include/openssl/symhacks.h
2026-10-02T18:18:41.2620650Z -- Up-to-date: D:/a/sindarin-compiler/sindarin-compiler/bin/deps/include/openssl/thread.h
2026-10-02T18:18:41.2621687Z -- Up-to-date: D:/a/sindarin-compiler/sindarin-compiler/bin/deps/include/openssl/tls1.h
2026-10-02T18:18:41.2622917Z -- Up-to-date: D:/a/sindarin-compiler/sindarin-compiler/bin/deps/include/openssl/trace.h
2026-10-02T18:18:41.2623908Z -- Up-to-date: D:/a/sindarin-compiler/sindarin-compiler/bin/deps/include/openssl/ts.h
2026-10-02T18:18:41.2624987Z -- Up-to-date: D:/a/sindarin-compiler/sindarin-compiler/bin/deps/include/openssl/tserr.h
2026-10-02T18:18:41.2626637Z -- Up-to-date: D:/a/sindarin-compiler/sindarin-compiler/bin/deps/include/openssl/txt_db.h
2026-10-02T18:18:41.2631181Z -- Up-to-date: D:/a/sindarin-compiler/sindarin-compiler/bin/deps/include/openssl/types.h
2026-10-02T18:18:41.2632801Z -- Up-to-date: D:/a/sindarin-compiler/sindarin-compiler/bin/deps/include/openssl/ui.h
2026-10-02T18:18:41.2633869Z -- Up-to-date: D:/a/sindarin-compiler/sindarin-compiler/bin/deps/include/openssl/uierr.h
2026-10-02T18:18:41.2635354Z -- Up-to-date: D:/a/sindarin-compiler/sindarin-compiler/bin/deps/include/openssl/whrlpool.h
2026-10-02T18:18:41.2636486Z -- Up-to-date: D:/a/sindarin-compiler/sindarin-compiler/bin/deps/include/openssl/x509.h
2026-10-02T18:18:41.2637577Z -- Up-to-date: D:/a/sindarin-compiler/sindarin-compiler/bin/deps/include/openssl/x509err.h
2026-10-02T18:18:41.2638645Z -- Up-to-date: D:/a/sindarin-compiler/sindarin-compiler/bin/deps/include/openssl/x509v3.h
2026-10-02T18:18:41.2639996Z -- Up-to-date: D:/a/sindarin-compiler/sindarin-compiler/bin/deps/include/openssl/x509v3err.h
2026-10-02T18:18:41.2641284Z -- Up-to-date: D:/a/sindarin-compiler/sindarin-compiler/bin/deps/include/openssl/x509_acert.h
2026-10-02T18:18:41.2642426Z -- Up-to-date: D:/a/sindarin-compiler/sindarin-compiler/bin/deps/include/openssl/x509_vfy.h
2026-10-02T18:18:41.2644692Z --   Copying libssh headers...
2026-10-02T18:18:41.2645972Z -- Up-to-date: D:/a/sindarin-compiler/sindarin-compiler/bin/deps/include/libssh
2026-10-02T18:18:41.2648039Z -- Up-to-date: D:/a/sindarin-compiler/sindarin-compiler/bin/deps/include/libssh/callbacks.h
2026-10-02T18:18:41.2649931Z -- Up-to-date: D:/a/sindarin-compiler/sindarin-compiler/bin/deps/include/libssh/legacy.h
2026-10-02T18:18:41.2651304Z -- Up-to-date: D:/a/sindarin-compiler/sindarin-compiler/bin/deps/include/libssh/libssh.h
2026-10-02T18:18:41.2652478Z -- Up-to-date: D:/a/sindarin-compiler/sindarin-compiler/bin/deps/include/libssh/libsshpp.hpp
2026-10-02T18:18:41.2653960Z -- Up-to-date: D:/a/sindarin-compiler/sindarin-compiler/bin/deps/include/libssh/libssh_version.h
2026-10-02T18:18:41.2655117Z -- Up-to-date: D:/a/sindarin-compiler/sindarin-compiler/bin/deps/include/libssh/server.h
2026-10-02T18:18:41.2656191Z -- Up-to-date: D:/a/sindarin-compiler/sindarin-compiler/bin/deps/include/libssh/sftp.h
2026-10-02T18:18:41.2657323Z -- Up-to-date: D:/a/sindarin-compiler/sindarin-compiler/bin/deps/include/libssh/sftpserver.h
2026-10-02T18:18:41.2659087Z -- Up-to-date: D:/a/sindarin-compiler/sindarin-compiler/bin/deps/include/libssh/ssh2.h
2026-10-02T18:18:41.2660731Z --   Copying libgit2 headers...
2026-10-02T18:18:41.2662836Z -- Up-to-date: D:/a/sindarin-compiler/sindarin-compiler/bin/deps/include/git2.h
2026-10-02T18:18:41.2664317Z -- Up-to-date: D:/a/sindarin-compiler/sindarin-compiler/bin/deps/include/git2
2026-10-02T18:18:41.2666739Z -- Up-to-date: D:/a/sindarin-compiler/sindarin-compiler/bin/deps/include/git2/annotated_commit.h
2026-10-02T18:18:41.2668114Z -- Up-to-date: D:/a/sindarin-compiler/sindarin-compiler/bin/deps/include/git2/apply.h
2026-10-02T18:18:41.2669226Z -- Up-to-date: D:/a/sindarin-compiler/sindarin-compiler/bin/deps/include/git2/attr.h
2026-10-02T18:18:41.2670412Z -- Up-to-date: D:/a/sindarin-compiler/sindarin-compiler/bin/deps/include/git2/blame.h
2026-10-02T18:18:41.2671678Z -- Up-to-date: D:/a/sindarin-compiler/sindarin-compiler/bin/deps/include/git2/blob.h
2026-10-02T18:18:41.2672830Z -- Up-to-date: D:/a/sindarin-compiler/sindarin-compiler/bin/deps/include/git2/branch.h
2026-10-02T18:18:41.2673955Z -- Up-to-date: D:/a/sindarin-compiler/sindarin-compiler/bin/deps/include/git2/buffer.h
2026-10-02T18:18:41.2675073Z -- Up-to-date: D:/a/sindarin-compiler/sindarin-compiler/bin/deps/include/git2/cert.h
2026-10-02T18:18:41.2676358Z -- Up-to-date: D:/a/sindarin-compiler/sindarin-compiler/bin/deps/include/git2/checkout.h
2026-10-02T18:18:41.2677943Z -- Up-to-date: D:/a/sindarin-compiler/sindarin-compiler/bin/deps/include/git2/cherrypick.h
2026-10-02T18:18:41.2679056Z -- Up-to-date: D:/a/sindarin-compiler/sindarin-compiler/bin/deps/include/git2/clone.h
2026-10-02T18:18:41.2680327Z -- Up-to-date: D:/a/sindarin-compiler/sindarin-compiler/bin/deps/include/git2/commit.h
2026-10-02T18:18:41.2682052Z -- Up-to-date: D:/a/sindarin-compiler/sindarin-compiler/bin/deps/include/git2/common.h
2026-10-02T18:18:41.2683065Z -- Up-to-date: D:/a/sindarin-compiler/sindarin-compiler/bin/deps/include/git2/config.h
2026-10-02T18:18:41.2685954Z -- Up-to-date: D:/a/sindarin-compiler/sindarin-compiler/bin/deps/include/git2/credential.h
2026-10-02T18:18:41.2687126Z -- Up-to-date: D:/a/sindarin-compiler/sindarin-compiler/bin/deps/include/git2/credential_helpers.h
2026-10-02T18:18:41.2688241Z -- Up-to-date: D:/a/sindarin-compiler/sindarin-compiler/bin/deps/include/git2/cred_helpers.h
2026-10-02T18:18:41.2689358Z -- Up-to-date: D:/a/sindarin-compiler/sindarin-compiler/bin/deps/include/git2/deprecated.h
2026-10-02T18:18:41.2690627Z -- Up-to-date: D:/a/sindarin-compiler/sindarin-compiler/bin/deps/include/git2/describe.h
2026-10-02T18:18:41.2691779Z -- Up-to-date: D:/a/sindarin-compiler/sindarin-compiler/bin/deps/include/git2/diff.h
2026-10-02T18:18:41.2692896Z -- Up-to-date: D:/a/sindarin-compiler/sindarin-compiler/bin/deps/include/git2/email.h
2026-10-02T18:18:41.2694354Z -- Up-to-date: D:/a/sindarin-compiler/sindarin-compiler/bin/deps/include/git2/errors.h
2026-10-02T18:18:41.2695539Z -- Up-to-date: D:/a/sindarin-compiler/sindarin-compiler/bin/deps/include/git2/experimental.h
2026-10-02T18:18:41.2697007Z -- Up-to-date: D:/a/sindarin-compiler/sindarin-compiler/bin/deps/include/git2/filter.h
2026-10-02T18:18:41.2698139Z -- Up-to-date: D:/a/sindarin-compiler/sindarin-compiler/bin/deps/include/git2/global.h
2026-10-02T18:18:41.2699228Z -- Up-to-date: D:/a/sindarin-compiler/sindarin-compiler/bin/deps/include/git2/graph.h
2026-10-02T18:18:41.2700490Z -- Up-to-date: D:/a/sindarin-compiler/sindarin-compiler/bin/deps/include/git2/ignore.h
2026-10-02T18:18:41.2701638Z -- Up-to-date: D:/a/sindarin-compiler/sindarin-compiler/bin/deps/include/git2/index.h
2026-10-02T18:18:41.2702963Z -- Up-to-date: D:/a/sindarin-compiler/sindarin-compiler/bin/deps/include/git2/indexer.h
2026-10-02T18:18:41.2704821Z -- Up-to-date: D:/a/sindarin-compiler/sindarin-compiler/bin/deps/include/git2/mailmap.h
2026-10-02T18:18:41.2706176Z -- Up-to-date: D:/a/sindarin-compiler/sindarin-compiler/bin/deps/include/git2/merge.h
2026-10-02T18:18:41.2707108Z -- Up-to-date: D:/a/sindarin-compiler/sindarin-compiler/bin/deps/include/git2/message.h
2026-10-02T18:18:41.2708362Z -- Up-to-date: D:/a/sindarin-compiler/sindarin-compiler/bin/deps/include/git2/net.h
2026-10-02T18:18:41.2709483Z -- Up-to-date: D:/a/sindarin-compiler/sindarin-compiler/bin/deps/include/git2/notes.h
2026-10-02T18:18:41.2710620Z -- Up-to-date: D:/a/sindarin-compiler/sindarin-compiler/bin/deps/include/git2/object.h
2026-10-02T18:18:41.2711704Z -- Up-to-date: D:/a/sindarin-compiler/sindarin-compiler/bin/deps/include/git2/odb.h
2026-10-02T18:18:41.2712846Z -- Up-to-date: D:/a/sindarin-compiler/sindarin-compiler/bin/deps/include/git2/odb_backend.h
2026-10-02T18:18:41.2714218Z -- Up-to-date: D:/a/sindarin-compiler/sindarin-compiler/bin/deps/include/git2/oid.h
2026-10-02T18:18:41.2715440Z -- Up-to-date: D:/a/sindarin-compiler/sindarin-compiler/bin/deps/include/git2/oidarray.h
2026-10-02T18:18:41.2716659Z -- Up-to-date: D:/a/sindarin-compiler/sindarin-compiler/bin/deps/include/git2/pack.h
2026-10-02T18:18:41.2717756Z -- Up-to-date: D:/a/sindarin-compiler/sindarin-compiler/bin/deps/include/git2/patch.h
2026-10-02T18:18:41.2718826Z -- Up-to-date: D:/a/sindarin-compiler/sindarin-compiler/bin/deps/include/git2/pathspec.h
2026-10-02T18:18:41.2720428Z -- Up-to-date: D:/a/sindarin-compiler/sindarin-compiler/bin/deps/include/git2/proxy.h
2026-10-02T18:18:41.2721495Z -- Up-to-date: D:/a/sindarin-compiler/sindarin-compiler/bin/deps/include/git2/rebase.h
2026-10-02T18:18:41.2723167Z -- Up-to-date: D:/a/sindarin-compiler/sindarin-compiler/bin/deps/include/git2/refdb.h
2026-10-02T18:18:41.2724578Z -- Up-to-date: D:/a/sindarin-compiler/sindarin-compiler/bin/deps/include/git2/reflog.h
2026-10-02T18:18:41.2725680Z -- Up-to-date: D:/a/sindarin-compiler/sindarin-compiler/bin/deps/include/git2/refs.h
2026-10-02T18:18:41.2726805Z -- Up-to-date: D:/a/sindarin-compiler/sindarin-compiler/bin/deps/include/git2/refspec.h
2026-10-02T18:18:41.2727912Z -- Up-to-date: D:/a/sindarin-compiler/sindarin-compiler/bin/deps/include/git2/remote.h
2026-10-02T18:18:41.2729083Z -- Up-to-date: D:/a/sindarin-compiler/sindarin-compiler/bin/deps/include/git2/repository.h
2026-10-02T18:18:41.2730161Z -- Up-to-date: D:/a/sindarin-compiler/sindarin-compiler/bin/deps/include/git2/reset.h
2026-10-02T18:18:41.2731277Z -- Up-to-date: D:/a/sindarin-compiler/sindarin-compiler/bin/deps/include/git2/revert.h
2026-10-02T18:18:41.2732382Z -- Up-to-date: D:/a/sindarin-compiler/sindarin-compiler/bin/deps/include/git2/revparse.h
2026-10-02T18:18:41.2733470Z -- Up-to-date: D:/a/sindarin-compiler/sindarin-compiler/bin/deps/include/git2/revwalk.h
2026-10-02T18:18:41.2734570Z -- Up-to-date: D:/a/sindarin-compiler/sindarin-compiler/bin/deps/include/git2/signature.h
2026-10-02T18:18:41.2735652Z -- Up-to-date: D:/a/sindarin-compiler/sindarin-compiler/bin/deps/include/git2/stash.h
2026-10-02T18:18:41.2736745Z -- Up-to-date: D:/a/sindarin-compiler/sindarin-compiler/bin/deps/include/git2/status.h
2026-10-02T18:18:41.2737888Z -- Up-to-date: D:/a/sindarin-compiler/sindarin-compiler/bin/deps/include/git2/stdint.h
2026-10-02T18:18:41.2739505Z -- Up-to-date: D:/a/sindarin-compiler/sindarin-compiler/bin/deps/include/git2/strarray.h
2026-10-02T18:18:41.2741027Z -- Up-to-date: D:/a/sindarin-compiler/sindarin-compiler/bin/deps/include/git2/submodule.h
2026-10-02T18:18:41.2742049Z -- Up-to-date: D:/a/sindarin-compiler/sindarin-compiler/bin/deps/include/git2/sys
2026-10-02T18:18:41.2743767Z -- Up-to-date: D:/a/sindarin-compiler/sindarin-compiler/bin/deps/include/git2/sys/alloc.h
2026-10-02T18:18:41.2746277Z -- Up-to-date: D:/a/sindarin-compiler/sindarin-compiler/bin/deps/include/git2/sys/commit.h
2026-10-02T18:18:41.2747417Z -- Up-to-date: D:/a/sindarin-compiler/sindarin-compiler/bin/deps/include/git2/sys/commit_graph.h
2026-10-02T18:18:41.2748884Z -- Up-to-date: D:/a/sindarin-compiler/sindarin-compiler/bin/deps/include/git2/sys/config.h
2026-10-02T18:18:41.2749991Z -- Up-to-date: D:/a/sindarin-compiler/sindarin-compiler/bin/deps/include/git2/sys/cred.h
2026-10-02T18:18:41.2751110Z -- Up-to-date: D:/a/sindarin-compiler/sindarin-compiler/bin/deps/include/git2/sys/credential.h
2026-10-02T18:18:41.2752332Z -- Up-to-date: D:/a/sindarin-compiler/sindarin-compiler/bin/deps/include/git2/sys/diff.h
2026-10-02T18:18:41.2753508Z -- Up-to-date: D:/a/sindarin-compiler/sindarin-compiler/bin/deps/include/git2/sys/email.h
2026-10-02T18:18:41.2754559Z -- Up-to-date: D:/a/sindarin-compiler/sindarin-compiler/bin/deps/include/git2/sys/errors.h
2026-10-02T18:18:41.2755648Z -- Up-to-date: D:/a/sindarin-compiler/sindarin-compiler/bin/deps/include/git2/sys/filter.h
2026-10-02T18:18:41.2756759Z -- Up-to-date: D:/a/sindarin-compiler/sindarin-compiler/bin/deps/include/git2/sys/hashsig.h
2026-10-02T18:18:41.2757855Z -- Up-to-date: D:/a/sindarin-compiler/sindarin-compiler/bin/deps/include/git2/sys/index.h
2026-10-02T18:18:41.2758939Z -- Up-to-date: D:/a/sindarin-compiler/sindarin-compiler/bin/deps/include/git2/sys/mempack.h
2026-10-02T18:18:41.2760047Z -- Up-to-date: D:/a/sindarin-compiler/sindarin-compiler/bin/deps/include/git2/sys/merge.h
2026-10-02T18:18:41.2761254Z -- Up-to-date: D:/a/sindarin-compiler/sindarin-compiler/bin/deps/include/git2/sys/midx.h
2026-10-02T18:18:41.2762831Z -- Up-to-date: D:/a/sindarin-compiler/sindarin-compiler/bin/deps/include/git2/sys/odb_backend.h
2026-10-02T18:18:41.2764077Z -- Up-to-date: D:/a/sindarin-compiler/sindarin-compiler/bin/deps/include/git2/sys/openssl.h
2026-10-02T18:18:41.2765204Z -- Up-to-date: D:/a/sindarin-compiler/sindarin-compiler/bin/deps/include/git2/sys/path.h
2026-10-02T18:18:41.2766348Z -- Up-to-date: D:/a/sindarin-compiler/sindarin-compiler/bin/deps/include/git2/sys/refdb_backend.h
2026-10-02T18:18:41.2767504Z -- Up-to-date: D:/a/sindarin-compiler/sindarin-compiler/bin/deps/include/git2/sys/refs.h
2026-10-02T18:18:41.2768622Z -- Up-to-date: D:/a/sindarin-compiler/sindarin-compiler/bin/deps/include/git2/sys/remote.h
2026-10-02T18:18:41.2769768Z -- Up-to-date: D:/a/sindarin-compiler/sindarin-compiler/bin/deps/include/git2/sys/repository.h
2026-10-02T18:18:41.2770905Z -- Up-to-date: D:/a/sindarin-compiler/sindarin-compiler/bin/deps/include/git2/sys/stream.h
2026-10-02T18:18:41.2772045Z -- Up-to-date: D:/a/sindarin-compiler/sindarin-compiler/bin/deps/include/git2/sys/transport.h
2026-10-02T18:18:41.2773202Z -- Up-to-date: D:/a/sindarin-compiler/sindarin-compiler/bin/deps/include/git2/tag.h
2026-10-02T18:18:41.2774260Z -- Up-to-date: D:/a/sindarin-compiler/sindarin-compiler/bin/deps/include/git2/trace.h
2026-10-02T18:18:41.2775384Z -- Up-to-date: D:/a/sindarin-compiler/sindarin-compiler/bin/deps/include/git2/transaction.h
2026-10-02T18:18:41.2776469Z -- Up-to-date: D:/a/sindarin-compiler/sindarin-compiler/bin/deps/include/git2/transport.h
2026-10-02T18:18:41.2777553Z -- Up-to-date: D:/a/sindarin-compiler/sindarin-compiler/bin/deps/include/git2/tree.h
2026-10-02T18:18:41.2778617Z -- Up-to-date: D:/a/sindarin-compiler/sindarin-compiler/bin/deps/include/git2/types.h
2026-10-02T18:18:41.2779712Z -- Up-to-date: D:/a/sindarin-compiler/sindarin-compiler/bin/deps/include/git2/version.h
2026-10-02T18:18:41.2780804Z -- Up-to-date: D:/a/sindarin-compiler/sindarin-compiler/bin/deps/include/git2/worktree.h
2026-10-02T18:18:41.2782076Z --   Copying curl headers...
2026-10-02T18:18:41.2783307Z -- Up-to-date: D:/a/sindarin-compiler/sindarin-compiler/bin/deps/include/curl
2026-10-02T18:18:41.2785267Z -- Up-to-date: D:/a/sindarin-compiler/sindarin-compiler/bin/deps/include/curl/curl.h
2026-10-02T18:18:41.2786452Z -- Up-to-date: D:/a/sindarin-compiler/sindarin-compiler/bin/deps/include/curl/curlver.h
2026-10-02T18:18:41.2787573Z -- Up-to-date: D:/a/sindarin-compiler/sindarin-compiler/bin/deps/include/curl/easy.h
2026-10-02T18:18:41.2788697Z -- Up-to-date: D:/a/sindarin-compiler/sindarin-compiler/bin/deps/include/curl/header.h
2026-10-02T18:18:41.2789842Z -- Up-to-date: D:/a/sindarin-compiler/sindarin-compiler/bin/deps/include/curl/mprintf.h
2026-10-02T18:18:41.2790939Z -- Up-to-date: D:/a/sindarin-compiler/sindarin-compiler/bin/deps/include/curl/multi.h
2026-10-02T18:18:41.2792013Z -- Up-to-date: D:/a/sindarin-compiler/sindarin-compiler/bin/deps/include/curl/options.h
2026-10-02T18:18:41.2793121Z -- Up-to-date: D:/a/sindarin-compiler/sindarin-compiler/bin/deps/include/curl/stdcheaders.h
2026-10-02T18:18:41.2794194Z -- Up-to-date: D:/a/sindarin-compiler/sindarin-compiler/bin/deps/include/curl/system.h
2026-10-02T18:18:41.2795412Z -- Up-to-date: D:/a/sindarin-compiler/sindarin-compiler/bin/deps/include/curl/typecheck-gcc.h
2026-10-02T18:18:41.2796499Z -- Up-to-date: D:/a/sindarin-compiler/sindarin-compiler/bin/deps/include/curl/urlapi.h
2026-10-02T18:18:41.2797752Z -- Up-to-date: D:/a/sindarin-compiler/sindarin-compiler/bin/deps/include/curl/websockets.h
2026-10-02T18:18:41.2806666Z --   Copying library: D:/a/sindarin-compiler/sindarin-compiler/.sn/sindarin-pkg-libs/libs/windows/lib/libzlib.a
2026-10-02T18:18:41.2807962Z -- Up-to-date: D:/a/sindarin-compiler/sindarin-compiler/bin/deps/lib/libzlib.a
2026-10-02T18:18:41.2809050Z --   Copying library: D:/a/sindarin-compiler/sindarin-compiler/.sn/sindarin-pkg-libs/libs/windows/lib/libzs.a
2026-10-02T18:18:41.2810097Z -- Up-to-date: D:/a/sindarin-compiler/sindarin-compiler/bin/deps/lib/libzs.a
2026-10-02T18:18:41.2810964Z --   Copying library: D:/a/sindarin-compiler/sindarin-compiler/.sn/sindarin-pkg-libs/libs/windows/lib/libyyjson.a
2026-10-02T18:18:41.2812070Z -- Up-to-date: D:/a/sindarin-compiler/sindarin-compiler/bin/deps/lib/libyyjson.a
2026-10-02T18:18:41.2812860Z --   Copying library: D:/a/sindarin-compiler/sindarin-compiler/.sn/sindarin-pkg-libs/libs/windows/lib/libxml2.a
2026-10-02T18:18:41.2813897Z -- Up-to-date: D:/a/sindarin-compiler/sindarin-compiler/bin/deps/lib/libxml2.a
2026-10-02T18:18:41.2814471Z --   Copying library: D:/a/sindarin-compiler/sindarin-compiler/.sn/sindarin-pkg-libs/libs/windows/lib/libyaml.a
2026-10-02T18:18:41.2815592Z -- Up-to-date: D:/a/sindarin-compiler/sindarin-compiler/bin/deps/lib/libyaml.a
2026-10-02T18:18:41.2816331Z --   Copying library: D:/a/sindarin-compiler/sindarin-compiler/.sn/sindarin-pkg-libs/libs/windows/lib/libcrypto.a
2026-10-02T18:18:41.2817460Z -- Up-to-date: D:/a/sindarin-compiler/sindarin-compiler/bin/deps/lib/libcrypto.a
2026-10-02T18:18:41.2818152Z --   Copying library: D:/a/sindarin-compiler/sindarin-compiler/.sn/sindarin-pkg-libs/libs/windows/lib/libssl.a
2026-10-02T18:18:41.2819148Z -- Up-to-date: D:/a/sindarin-compiler/sindarin-compiler/bin/deps/lib/libssl.a
2026-10-02T18:18:41.2819772Z --   Copying library: D:/a/sindarin-compiler/sindarin-compiler/.sn/sindarin-pkg-libs/libs/windows/lib/libssh.a
2026-10-02T18:18:41.2820884Z -- Up-to-date: D:/a/sindarin-compiler/sindarin-compiler/bin/deps/lib/libssh.a
2026-10-02T18:18:41.2821458Z --   Copying library: D:/a/sindarin-compiler/sindarin-compiler/.sn/sindarin-pkg-libs/libs/windows/lib/libssh2.a
2026-10-02T18:18:41.2822558Z -- Up-to-date: D:/a/sindarin-compiler/sindarin-compiler/bin/deps/lib/libssh2.a
2026-10-02T18:18:41.2823252Z --   Copying library: D:/a/sindarin-compiler/sindarin-compiler/.sn/sindarin-pkg-libs/libs/windows/lib/libgit2.a
2026-10-02T18:18:41.2824445Z -- Up-to-date: D:/a/sindarin-compiler/sindarin-compiler/bin/deps/lib/libgit2.a
2026-10-02T18:18:41.2825192Z --   Copying library: D:/a/sindarin-compiler/sindarin-compiler/.sn/sindarin-pkg-libs/libs/windows/lib/libhttp_parser.a
2026-10-02T18:18:41.2826309Z -- Up-to-date: D:/a/sindarin-compiler/sindarin-compiler/bin/deps/lib/libhttp_parser.a
2026-10-02T18:18:41.2827071Z --   Copying library: D:/a/sindarin-compiler/sindarin-compiler/.sn/sindarin-pkg-libs/libs/windows/lib/libpcre2-8.a
2026-10-02T18:18:41.2828077Z -- Up-to-date: D:/a/sindarin-compiler/sindarin-compiler/bin/deps/lib/libpcre2-8.a
2026-10-02T18:18:41.2828772Z --   Copying library: D:/a/sindarin-compiler/sindarin-compiler/.sn/sindarin-pkg-libs/libs/windows/lib/libssh2.a
2026-10-02T18:18:41.2829808Z -- Up-to-date: D:/a/sindarin-compiler/sindarin-compiler/bin/deps/lib/libssh2.a
2026-10-02T18:18:41.2830521Z --   Copying library: D:/a/sindarin-compiler/sindarin-compiler/.sn/sindarin-pkg-libs/libs/windows/lib/libcurl.a
2026-10-02T18:18:41.2831562Z -- Up-to-date: D:/a/sindarin-compiler/sindarin-compiler/bin/deps/lib/libcurl.a
2026-10-02T18:18:41.2832447Z --   Dependencies copied to: D:/a/sindarin-compiler/sindarin-compiler/bin/deps
2026-10-02T18:18:41.2833063Z -- Using zlib archive: D:/a/sindarin-compiler/sindarin-compiler/.sn/sindarin-pkg-libs/libs/windows/lib/libzlib.a
2026-10-02T18:18:41.2833867Z -- Found sindarin-template (handlebars)
2026-10-02T18:18:41.2841009Z -- Found libcurl - enabling auto-update feature
2026-10-02T18:18:41.2842079Z -- Found libgit2 and libyaml - enabling package manager
2026-10-02T18:18:41.2896464Z -- 
2026-10-02T18:18:41.2896718Z -- Sindarin Compiler Build Configuration:
2026-10-02T18:18:41.2897010Z --   Version:      1.0.0
2026-10-02T18:18:41.2897188Z --   Platform:     Windows
2026-10-02T18:18:41.2897590Z --   Compiler:     Clang 22.1.8
2026-10-02T18:18:41.2897776Z --   Build Type:   Release
2026-10-02T18:18:41.2897938Z --   Debug:        OFF
2026-10-02T18:18:41.2898106Z --   ASAN:         OFF
2026-10-02T18:18:41.2898324Z --   Output:       D:/a/sindarin-compiler/sindarin-compiler/bin
2026-10-02T18:18:41.2898560Z -- 
2026-10-02T18:18:41.2901268Z -- Configuring done (0.2s)
2026-10-02T18:18:41.3524629Z -- Generating done (0.1s)
2026-10-02T18:18:41.3534699Z -- Build files have been written to: D:/a/sindarin-compiler/sindarin-compiler/build
2026-10-02T18:18:41.3604388Z cmake --build build
2026-10-02T18:18:41.4128256Z [0/2] Re-checking globbed directories...
2026-10-02T18:18:41.4794988Z [1/3] Synchronizing runtime headers
2026-10-02T18:18:41.6167757Z [2/3] Staging compiler artifacts in bin
2026-10-02T18:18:41.6438363Z 
2026-10-02T18:18:41.6641186Z Build complete!
2026-10-02T18:18:41.6839748Z Compiler: bin/sn.exe
2026-10-02T18:18:41.7040900Z Running all tests...
2026-10-02T18:18:41.7055496Z python scripts/run_tests.py all --verbose
2026-10-02T18:18:43.7445056Z Compiler: D:\a\sindarin-compiler\sindarin-compiler\bin\sn.exe
2026-10-02T18:18:43.7445508Z Platform: Windows
2026-10-02T18:18:43.7445734Z Parallel: 4 workers
2026-10-02T18:18:43.7445875Z 
2026-10-02T18:18:43.7445962Z Unit Tests
2026-10-02T18:18:43.7446182Z ============================================================
2026-10-02T18:18:43.7446597Z   inline_pointer_passing_allowed                     
2026-10-02T18:18:43.7447329Z Error: No source file specified
2026-10-02T18:18:43.7447872Z [ERROR] D:/a/sindarin-compiler/sindarin-compiler/src/compiler.c:312: Unknown option: --unknown-option
2026-10-02T18:18:43.7448349Z Invalid log level: 99 (must be 0-4)
2026-10-02T18:18:43.7448666Z [ERROR] D:/a/sindarin-compiler/sindarin-compiler/src/compiler.c:312: Unknown option: --no-opt
2026-10-02T18:18:43.7448930Z 
2026-10-02T18:18:43.7449257Z [1;31merror[0m: test error 1
2026-10-02T18:18:43.7449366Z 
2026-10-02T18:18:43.7449385Z 
2026-10-02T18:18:43.7449481Z [1;31merror[0m: test error 2
2026-10-02T18:18:43.7449586Z 
2026-10-02T18:18:43.7449588Z 
2026-10-02T18:18:43.7449695Z [1;33mwarning[0m: test warning
2026-10-02T18:18:43.7449905Z   [1;34m-->[0m test.sn:1:1
2026-10-02T18:18:43.7450064Z       var x = 1
2026-10-02T18:18:43.7450237Z       [1;33m^[0m
2026-10-02T18:18:43.7450328Z 
2026-10-02T18:18:43.7450331Z 
2026-10-02T18:18:43.7450420Z [1;31merror[0m: error 1
2026-10-02T18:18:43.7450525Z 
2026-10-02T18:18:43.7450527Z 
2026-10-02T18:18:43.7450610Z [1;31merror[0m: error 2
2026-10-02T18:18:43.7450703Z 
2026-10-02T18:18:43.7450706Z 
2026-10-02T18:18:43.7450788Z [1;31merror[0m: error 3
2026-10-02T18:18:43.7450878Z 
2026-10-02T18:18:43.7450880Z 
2026-10-02T18:18:43.7451011Z [1;31merror[0m: an error
2026-10-02T18:18:43.7451180Z 
2026-10-02T18:18:43.7451184Z 
2026-10-02T18:18:43.7451313Z [1;31merror[0m: error
2026-10-02T18:18:43.7451413Z 
2026-10-02T18:18:43.7451416Z 
2026-10-02T18:18:43.7451513Z [1;33mwarning[0m: warning 1
2026-10-02T18:18:43.7451700Z   [1;34m-->[0m test.sn:1:1
2026-10-02T18:18:43.7451863Z       source
2026-10-02T18:18:43.7452025Z       [1;33m^[0m
2026-10-02T18:18:43.7452111Z 
2026-10-02T18:18:43.7452114Z 
2026-10-02T18:18:43.7452204Z [1;33mwarning[0m: warning 2
2026-10-02T18:18:43.7452395Z   [1;34m-->[0m test.sn:1:1
2026-10-02T18:18:43.7452545Z       source
2026-10-02T18:18:43.7452688Z       [1;33m^[0m
2026-10-02T18:18:43.7452766Z 
2026-10-02T18:18:43.7452768Z 
2026-10-02T18:18:43.7452856Z [1;33mwarning[0m: warning
2026-10-02T18:18:43.7453038Z   [1;34m-->[0m test.sn:1:1
2026-10-02T18:18:43.7453182Z       source
2026-10-02T18:18:43.7453474Z       [1;33m^[0m
2026-10-02T18:18:43.7453559Z 
2026-10-02T18:18:43.7453561Z 
2026-10-02T18:18:43.7453670Z [1;31merror[0m: simple error message
2026-10-02T18:18:43.7453804Z 
2026-10-02T18:18:43.7453806Z 
2026-10-02T18:18:43.7453942Z [1;31merror[0m: error: undefined variable at line 10
2026-10-02T18:18:43.7454383Z 
2026-10-02T18:18:43.7454386Z 
2026-10-02T18:18:43.7454498Z [1;31merror[0m: undefined identifier
2026-10-02T18:18:43.7454709Z   [1;34m-->[0m test.sn:1:9
2026-10-02T18:18:43.7454870Z       var x = undefined
2026-10-02T18:18:43.7455051Z               [1;31m^^^^^^^^^[0m
2026-10-02T18:18:43.7455168Z 
2026-10-02T18:18:43.7455171Z 
2026-10-02T18:18:43.7455264Z [1;31merror[0m: error with null token
2026-10-02T18:18:43.7455395Z 
2026-10-02T18:18:43.7455537Z 
2026-10-02T18:18:43.7455837Z [1;31merror[0m: unknown function 'pritn' (did you mean 'print'?)
2026-10-02T18:18:43.7456129Z   [1;34m-->[0m test.sn:1:9
2026-10-02T18:18:43.7456289Z       var x = pritn()
2026-10-02T18:18:43.7456466Z               [1;31m^^^^^[0m
2026-10-02T18:18:43.7456566Z 
2026-10-02T18:18:43.7456569Z 
2026-10-02T18:18:43.7456668Z [1;31merror[0m: unknown identifier
2026-10-02T18:18:43.7456876Z   [1;34m-->[0m test.sn:1:9
2026-10-02T18:18:43.7457032Z       var x = unknown
2026-10-02T18:18:43.7457198Z               [1;31m^^^^^^^[0m
2026-10-02T18:18:43.7457316Z 
2026-10-02T18:18:43.7457318Z 
2026-10-02T18:18:43.7457412Z [1;33mwarning[0m: unused variable 'x'
2026-10-02T18:18:43.7457653Z   [1;34m-->[0m test.sn:1:5
2026-10-02T18:18:43.7457811Z       var x = 42
2026-10-02T18:18:43.7457965Z           [1;33m^[0m
2026-10-02T18:18:43.7458050Z 
2026-10-02T18:18:43.7458052Z 
2026-10-02T18:18:43.7458160Z [1;33mwarning[0m: warning with null token
2026-10-02T18:18:43.7458296Z 
2026-10-02T18:18:43.7458298Z 
2026-10-02T18:18:43.7458396Z [1;36mnote[0m: function defined here
2026-10-02T18:18:43.7458595Z   [1;34m-->[0m test.sn:1:4
2026-10-02T18:18:43.7458747Z       fn foo() {}
2026-10-02T18:18:43.7458904Z          [1;36m^^^[0m
2026-10-02T18:18:43.7459002Z 
2026-10-02T18:18:43.7459004Z 
2026-10-02T18:18:43.7459095Z [1;36mnote[0m: note with null token
2026-10-02T18:18:43.7459219Z 
2026-10-02T18:18:43.7459222Z 
2026-10-02T18:18:43.7459317Z [1;31merror[0m: unexpected token
2026-10-02T18:18:43.7459513Z   [1;34m-->[0m test.sn:1:5
2026-10-02T18:18:43.7459660Z       var x = 42
2026-10-02T18:18:43.7459814Z           [1;31m^[0m
2026-10-02T18:18:43.7459896Z 
2026-10-02T18:18:43.7459904Z 
2026-10-02T18:18:43.7459998Z [1;31merror[0m: error without filename
2026-10-02T18:18:43.7460127Z 
2026-10-02T18:18:43.7460129Z 
2026-10-02T18:18:43.7460224Z [1;31merror[0m: error at unknown location
2026-10-02T18:18:43.7460431Z   [1;34m-->[0m test.sn
2026-10-02T18:18:43.7460531Z 
2026-10-02T18:18:43.7460534Z 
2026-10-02T18:18:43.7460639Z [1;31merror[0m: error at large line number
2026-10-02T18:18:43.7460856Z   [1;34m-->[0m test.sn:9999:1
2026-10-02T18:18:43.7460959Z 
2026-10-02T18:18:43.7460961Z 
2026-10-02T18:18:43.7461048Z [1;31merror[0m: error message
2026-10-02T18:18:43.7461230Z   [1;34m-->[0m test.sn:1:1
2026-10-02T18:18:43.7461376Z       source
2026-10-02T18:18:43.7461513Z       [1;31m^[0m
2026-10-02T18:18:43.7461596Z 
2026-10-02T18:18:43.7461598Z 
2026-10-02T18:18:43.7461692Z [1;33mwarning[0m: warning message
2026-10-02T18:18:43.7461889Z   [1;34m-->[0m test.sn:1:1
2026-10-02T18:18:43.7462034Z       source
2026-10-02T18:18:43.7462176Z       [1;33m^[0m
2026-10-02T18:18:43.7462256Z 
2026-10-02T18:18:43.7462259Z 
2026-10-02T18:18:43.7462345Z [1;36mnote[0m: note message
2026-10-02T18:18:43.7462527Z   [1;34m-->[0m test.sn:1:1
2026-10-02T18:18:43.7462673Z       source
2026-10-02T18:18:43.7462812Z       [1;36m^[0m
2026-10-02T18:18:43.7462886Z 
2026-10-02T18:18:43.7462894Z 
2026-10-02T18:18:43.7462974Z [1;31merror[0m: invalid level
2026-10-02T18:18:43.7463151Z   [1;34m-->[0m test.sn:1:1
2026-10-02T18:18:43.7463294Z       source
2026-10-02T18:18:43.7463431Z       [1;31m^[0m
2026-10-02T18:18:43.7463513Z 
2026-10-02T18:18:43.7463596Z   Parsing... [1;36mdone[0m
2026-10-02T18:18:43.7463788Z   Type checking... [1;36mdone[0m
2026-10-02T18:18:43.7463998Z   Code generation... [1;36mdone[0m
2026-10-02T18:18:43.7464201Z   Linking... [1;36mdone[0m
2026-10-02T18:18:43.7464488Z   Parsing... [1;31mfailed[0m
2026-10-02T18:18:43.7464590Z 
2026-10-02T18:18:43.7464690Z   Parsing... [1;36mdone[0m (0.50s)
2026-10-02T18:18:43.7464886Z [1mCompiling[0m test.sn...
2026-10-02T18:18:43.7465082Z [1;36mDone[0m: output.exe (12.1 KB)
2026-10-02T18:18:43.7465291Z [1;36mDone[0m: output.exe (10.0 MB)
2026-10-02T18:18:43.7465497Z [1;36mDone[0m: output.exe (100 bytes)
2026-10-02T18:18:43.7465625Z 
2026-10-02T18:18:43.7465803Z [1;36mDone[0m: output.exe (100.0 KB) in 0.50s
2026-10-02T18:18:43.7466036Z [1;31mCompilation failed[0m
2026-10-02T18:18:43.7466138Z 
2026-10-02T18:18:43.7466227Z [1;31merror[0m: error 1
2026-10-02T18:18:43.7466321Z 
2026-10-02T18:18:43.7466323Z 
2026-10-02T18:18:43.7466407Z [1;31merror[0m: error 2
2026-10-02T18:18:43.7466498Z 
2026-10-02T18:18:43.7466594Z [1;31mCompilation failed[0m: 2 errors
2026-10-02T18:18:43.7466717Z 
2026-10-02T18:18:43.7466790Z [1;31merror[0m: error 0
2026-10-02T18:18:43.7466886Z 
2026-10-02T18:18:43.7466892Z 
2026-10-02T18:18:43.7466966Z [1;31merror[0m: error 1
2026-10-02T18:18:43.7467065Z 
2026-10-02T18:18:43.7467067Z 
2026-10-02T18:18:43.7467140Z [1;31merror[0m: error 2
2026-10-02T18:18:43.7467237Z 
2026-10-02T18:18:43.7467239Z 
2026-10-02T18:18:43.7467317Z [1;31merror[0m: error 3
2026-10-02T18:18:43.7467407Z 
2026-10-02T18:18:43.7467409Z 
2026-10-02T18:18:43.7467487Z [1;31merror[0m: error 4
2026-10-02T18:18:43.7467575Z 
2026-10-02T18:18:43.7467578Z 
2026-10-02T18:18:43.7467660Z [1;31merror[0m: error 5
2026-10-02T18:18:43.7467751Z 
2026-10-02T18:18:43.7467754Z 
2026-10-02T18:18:43.7467825Z [1;31merror[0m: error 6
2026-10-02T18:18:43.7467919Z 
2026-10-02T18:18:43.7467921Z 
2026-10-02T18:18:43.7467992Z [1;31merror[0m: error 7
2026-10-02T18:18:43.7468088Z 
2026-10-02T18:18:43.7468090Z 
2026-10-02T18:18:43.7468168Z [1;31merror[0m: error 8
2026-10-02T18:18:43.7468257Z 
2026-10-02T18:18:43.7468259Z 
2026-10-02T18:18:43.7468335Z [1;31merror[0m: error 9
2026-10-02T18:18:43.7468424Z 
2026-10-02T18:18:43.7468426Z 
2026-10-02T18:18:43.7468508Z [1;31merror[0m: error 10
2026-10-02T18:18:43.7468601Z 
2026-10-02T18:18:43.7468603Z 
2026-10-02T18:18:43.7468688Z [1;31merror[0m: error 11
2026-10-02T18:18:43.7468784Z 
2026-10-02T18:18:43.7468787Z 
2026-10-02T18:18:43.7468863Z [1;31merror[0m: error 12
2026-10-02T18:18:43.7468964Z 
2026-10-02T18:18:43.7468966Z 
2026-10-02T18:18:43.7469043Z [1;31merror[0m: error 13
2026-10-02T18:18:43.7469137Z 
2026-10-02T18:18:43.7469139Z 
2026-10-02T18:18:43.7469220Z [1;31merror[0m: error 14
2026-10-02T18:18:43.7469311Z 
2026-10-02T18:18:43.7469313Z 
2026-10-02T18:18:43.7469392Z [1;31merror[0m: error 15
2026-10-02T18:18:43.7469481Z 
2026-10-02T18:18:43.7469484Z 
2026-10-02T18:18:43.7469565Z [1;31merror[0m: error 16
2026-10-02T18:18:43.7469654Z 
2026-10-02T18:18:43.7469661Z 
2026-10-02T18:18:43.7469736Z [1;31merror[0m: error 17
2026-10-02T18:18:43.7469830Z 
2026-10-02T18:18:43.7469832Z 
2026-10-02T18:18:43.7469909Z [1;31merror[0m: error 18
2026-10-02T18:18:43.7470008Z 
2026-10-02T18:18:43.7470010Z 
2026-10-02T18:18:43.7470082Z [1;31merror[0m: error 19
2026-10-02T18:18:43.7470179Z 
2026-10-02T18:18:43.7470182Z 
2026-10-02T18:18:43.7470264Z [1;31merror[0m: error 20
2026-10-02T18:18:43.7470359Z 
2026-10-02T18:18:43.7470361Z 
2026-10-02T18:18:43.7470445Z [1;31merror[0m: error 21
2026-10-02T18:18:43.7470535Z 
2026-10-02T18:18:43.7470540Z 
2026-10-02T18:18:43.7470621Z [1;31merror[0m: error 22
2026-10-02T18:18:43.7470715Z 
2026-10-02T18:18:43.7470718Z 
2026-10-02T18:18:43.7470794Z [1;31merror[0m: error 23
2026-10-02T18:18:43.7470890Z 
2026-10-02T18:18:43.7470892Z 
2026-10-02T18:18:43.7470965Z [1;31merror[0m: error 24
2026-10-02T18:18:43.7471060Z 
2026-10-02T18:18:43.7471063Z 
2026-10-02T18:18:43.7471175Z [1;31merror[0m: error 25
2026-10-02T18:18:43.7471342Z 
2026-10-02T18:18:43.7471345Z 
2026-10-02T18:18:43.7471466Z [1;31merror[0m: error 26
2026-10-02T18:18:43.7471670Z 
2026-10-02T18:18:43.7471673Z 
2026-10-02T18:18:43.7479021Z [1;31merror[0m: error 27
2026-10-02T18:18:43.7479154Z 
2026-10-02T18:18:43.7479156Z 
2026-10-02T18:18:43.7479278Z [1;31merror[0m: error 28
2026-10-02T18:18:43.7479385Z 
2026-10-02T18:18:43.7479388Z 
2026-10-02T18:18:43.7479470Z [1;31merror[0m: error 29
2026-10-02T18:18:43.7479568Z 
2026-10-02T18:18:43.7479571Z 
2026-10-02T18:18:43.7479648Z [1;31merror[0m: error 30
2026-10-02T18:18:43.7479881Z 
2026-10-02T18:18:43.7479885Z 
2026-10-02T18:18:43.7479968Z [1;31merror[0m: error 31
2026-10-02T18:18:43.7480062Z 
2026-10-02T18:18:43.7480065Z 
2026-10-02T18:18:43.7480153Z [1;31merror[0m: error 32
2026-10-02T18:18:43.7480248Z 
2026-10-02T18:18:43.7480250Z 
2026-10-02T18:18:43.7480334Z [1;31merror[0m: error 33
2026-10-02T18:18:43.7480425Z 
2026-10-02T18:18:43.7480435Z 
2026-10-02T18:18:43.7480514Z [1;31merror[0m: error 34
2026-10-02T18:18:43.7480611Z 
2026-10-02T18:18:43.7480614Z 
2026-10-02T18:18:43.7480685Z [1;31merror[0m: error 35
2026-10-02T18:18:43.7480784Z 
2026-10-02T18:18:43.7480787Z 
2026-10-02T18:18:43.7480863Z [1;31merror[0m: error 36
2026-10-02T18:18:43.7480958Z 
2026-10-02T18:18:43.7480960Z 
2026-10-02T18:18:43.7481047Z [1;31merror[0m: error 37
2026-10-02T18:18:43.7481138Z 
2026-10-02T18:18:43.7481140Z 
2026-10-02T18:18:43.7481223Z [1;31merror[0m: error 38
2026-10-02T18:18:43.7481313Z 
2026-10-02T18:18:43.7481315Z 
2026-10-02T18:18:43.7481399Z [1;31merror[0m: error 39
2026-10-02T18:18:43.7481495Z 
2026-10-02T18:18:43.7481497Z 
2026-10-02T18:18:43.7481572Z [1;31merror[0m: error 40
2026-10-02T18:18:43.7481669Z 
2026-10-02T18:18:43.7481671Z 
2026-10-02T18:18:43.7481746Z [1;31merror[0m: error 41
2026-10-02T18:18:43.7481848Z 
2026-10-02T18:18:43.7481850Z 
2026-10-02T18:18:43.7481927Z [1;31merror[0m: error 42
2026-10-02T18:18:43.7482025Z 
2026-10-02T18:18:43.7482027Z 
2026-10-02T18:18:43.7482107Z [1;31merror[0m: error 43
2026-10-02T18:18:43.7482194Z 
2026-10-02T18:18:43.7482199Z 
2026-10-02T18:18:43.7482277Z [1;31merror[0m: error 44
2026-10-02T18:18:43.7482362Z 
2026-10-02T18:18:43.7482364Z 
2026-10-02T18:18:43.7482445Z [1;31merror[0m: error 45
2026-10-02T18:18:43.7482544Z 
2026-10-02T18:18:43.7482547Z 
2026-10-02T18:18:43.7482622Z [1;31merror[0m: error 46
2026-10-02T18:18:43.7482710Z 
2026-10-02T18:18:43.7482712Z 
2026-10-02T18:18:43.7482788Z [1;31merror[0m: error 47
2026-10-02T18:18:43.7482881Z 
2026-10-02T18:18:43.7482887Z 
2026-10-02T18:18:43.7482960Z [1;31merror[0m: error 48
2026-10-02T18:18:43.7483054Z 
2026-10-02T18:18:43.7483056Z 
2026-10-02T18:18:43.7483129Z [1;31merror[0m: error 49
2026-10-02T18:18:43.7483227Z 
2026-10-02T18:18:43.7483229Z 
2026-10-02T18:18:43.7483306Z [1;31merror[0m: error 50
2026-10-02T18:18:43.7483405Z 
2026-10-02T18:18:43.7483407Z 
2026-10-02T18:18:43.7483489Z [1;31merror[0m: error 51
2026-10-02T18:18:43.7483578Z 
2026-10-02T18:18:43.7483581Z 
2026-10-02T18:18:43.7483665Z [1;31merror[0m: error 52
2026-10-02T18:18:43.7483757Z 
2026-10-02T18:18:43.7483759Z 
2026-10-02T18:18:43.7483845Z [1;31merror[0m: error 53
2026-10-02T18:18:43.7483940Z 
2026-10-02T18:18:43.7483943Z 
2026-10-02T18:18:43.7484019Z [1;31merror[0m: error 54
2026-10-02T18:18:43.7484120Z 
2026-10-02T18:18:43.7484123Z 
2026-10-02T18:18:43.7484199Z [1;31merror[0m: error 55
2026-10-02T18:18:43.7484306Z 
2026-10-02T18:18:43.7484309Z 
2026-10-02T18:18:43.7484407Z [1;31merror[0m: error 56
2026-10-02T18:18:43.7484508Z 
2026-10-02T18:18:43.7484511Z 
2026-10-02T18:18:43.7484593Z [1;31merror[0m: error 57
2026-10-02T18:18:43.7484682Z 
2026-10-02T18:18:43.7484684Z 
2026-10-02T18:18:43.7484769Z [1;31merror[0m: error 58
2026-10-02T18:18:43.7484858Z 
2026-10-02T18:18:43.7484860Z 
2026-10-02T18:18:43.7484945Z [1;31merror[0m: error 59
2026-10-02T18:18:43.7485042Z 
2026-10-02T18:18:43.7485044Z 
2026-10-02T18:18:43.7485117Z [1;31merror[0m: error 60
2026-10-02T18:18:43.7485207Z 
2026-10-02T18:18:43.7485209Z 
2026-10-02T18:18:43.7485370Z [1;31merror[0m: error 61
2026-10-02T18:18:43.7485471Z 
2026-10-02T18:18:43.7485473Z 
2026-10-02T18:18:43.7485559Z [1;31merror[0m: error 62
2026-10-02T18:18:43.7485653Z 
2026-10-02T18:18:43.7485655Z 
2026-10-02T18:18:43.7485737Z [1;31merror[0m: error 63
2026-10-02T18:18:43.7485826Z 
2026-10-02T18:18:43.7485828Z 
2026-10-02T18:18:43.7485909Z [1;31merror[0m: error 64
2026-10-02T18:18:43.7486001Z 
2026-10-02T18:18:43.7486074Z 
2026-10-02T18:18:43.7486158Z [1;31merror[0m: error 65
2026-10-02T18:18:43.7486254Z 
2026-10-02T18:18:43.7486257Z 
2026-10-02T18:18:43.7486334Z [1;31merror[0m: error 66
2026-10-02T18:18:43.7486434Z 
2026-10-02T18:18:43.7486436Z 
2026-10-02T18:18:43.7486517Z [1;31merror[0m: error 67
2026-10-02T18:18:43.7486608Z 
2026-10-02T18:18:43.7486611Z 
2026-10-02T18:18:43.7486688Z [1;31merror[0m: error 68
2026-10-02T18:18:43.7486776Z 
2026-10-02T18:18:43.7486778Z 
2026-10-02T18:18:43.7486858Z [1;31merror[0m: error 69
2026-10-02T18:18:43.7486955Z 
2026-10-02T18:18:43.7486957Z 
2026-10-02T18:18:43.7487035Z [1;31merror[0m: error 70
2026-10-02T18:18:43.7487129Z 
2026-10-02T18:18:43.7487132Z 
2026-10-02T18:18:43.7487205Z [1;31merror[0m: error 71
2026-10-02T18:18:43.7487306Z 
2026-10-02T18:18:43.7487308Z 
2026-10-02T18:18:43.7487381Z [1;31merror[0m: error 72
2026-10-02T18:18:43.7487477Z 
2026-10-02T18:18:43.7487479Z 
2026-10-02T18:18:43.7487559Z [1;31merror[0m: error 73
2026-10-02T18:18:43.7487651Z 
2026-10-02T18:18:43.7487653Z 
2026-10-02T18:18:43.7487733Z [1;31merror[0m: error 74
2026-10-02T18:18:43.7487821Z 
2026-10-02T18:18:43.7487824Z 
2026-10-02T18:18:43.7487906Z [1;31merror[0m: error 75
2026-10-02T18:18:43.7488000Z 
2026-10-02T18:18:43.7488002Z 
2026-10-02T18:18:43.7488074Z [1;31merror[0m: error 76
2026-10-02T18:18:43.7488169Z 
2026-10-02T18:18:43.7488172Z 
2026-10-02T18:18:43.7488246Z [1;31merror[0m: error 77
2026-10-02T18:18:43.7488345Z 
2026-10-02T18:18:43.7488347Z 
2026-10-02T18:18:43.7488426Z [1;31merror[0m: error 78
2026-10-02T18:18:43.7488517Z 
2026-10-02T18:18:43.7488519Z 
2026-10-02T18:18:43.7488602Z [1;31merror[0m: error 79
2026-10-02T18:18:43.7488691Z 
2026-10-02T18:18:43.7488693Z 
2026-10-02T18:18:43.7488778Z [1;31merror[0m: error 80
2026-10-02T18:18:43.7488876Z 
2026-10-02T18:18:43.7488885Z 
2026-10-02T18:18:43.7488962Z [1;31merror[0m: error 81
2026-10-02T18:18:43.7489059Z 
2026-10-02T18:18:43.7489061Z 
2026-10-02T18:18:43.7489137Z [1;31merror[0m: error 82
2026-10-02T18:18:43.7489232Z 
2026-10-02T18:18:43.7489234Z 
2026-10-02T18:18:43.7489307Z [1;31merror[0m: error 83
2026-10-02T18:18:43.7489404Z 
2026-10-02T18:18:43.7489407Z 
2026-10-02T18:18:43.7489487Z [1;31merror[0m: error 84
2026-10-02T18:18:43.7489579Z 
2026-10-02T18:18:43.7489582Z 
2026-10-02T18:18:43.7489661Z [1;31merror[0m: error 85
2026-10-02T18:18:43.7489749Z 
2026-10-02T18:18:43.7489751Z 
2026-10-02T18:18:43.7489833Z [1;31merror[0m: error 86
2026-10-02T18:18:43.7489921Z 
2026-10-02T18:18:43.7489933Z 
2026-10-02T18:18:43.7490008Z [1;31merror[0m: error 87
2026-10-02T18:18:43.7490100Z 
2026-10-02T18:18:43.7490103Z 
2026-10-02T18:18:43.7490176Z [1;31merror[0m: error 88
2026-10-02T18:18:43.7490274Z 
2026-10-02T18:18:43.7490276Z 
2026-10-02T18:18:43.7490350Z [1;31merror[0m: error 89
2026-10-02T18:18:43.7490448Z 
2026-10-02T18:18:43.7490451Z 
2026-10-02T18:18:43.7490530Z [1;31merror[0m: error 90
2026-10-02T18:18:43.7490620Z 
2026-10-02T18:18:43.7490625Z 
2026-10-02T18:18:43.7490707Z [1;31merror[0m: error 91
2026-10-02T18:18:43.7490796Z 
2026-10-02T18:18:43.7490798Z 
2026-10-02T18:18:43.7490880Z [1;31merror[0m: error 92
2026-10-02T18:18:43.7490975Z 
2026-10-02T18:18:43.7490977Z 
2026-10-02T18:18:43.7491049Z [1;31merror[0m: error 93
2026-10-02T18:18:43.7491145Z 
2026-10-02T18:18:43.7491147Z 
2026-10-02T18:18:43.7491221Z [1;31merror[0m: error 94
2026-10-02T18:18:43.7491378Z 
2026-10-02T18:18:43.7491381Z 
2026-10-02T18:18:43.7491508Z [1;31merror[0m: error 95
2026-10-02T18:18:43.7491735Z 
2026-10-02T18:18:43.7491737Z 
2026-10-02T18:18:43.7491823Z [1;31merror[0m: error 96
2026-10-02T18:18:43.7491914Z 
2026-10-02T18:18:43.7491917Z 
2026-10-02T18:18:43.7492000Z [1;31merror[0m: error 97
2026-10-02T18:18:43.7492088Z 
2026-10-02T18:18:43.7492091Z 
2026-10-02T18:18:43.7492173Z [1;31merror[0m: error 98
2026-10-02T18:18:43.7492290Z 
2026-10-02T18:18:43.7492293Z 
2026-10-02T18:18:43.7493360Z [1;31merror[0m: error 99
2026-10-02T18:18:43.7493728Z 
2026-10-02T18:18:43.7493730Z 
2026-10-02T18:18:43.7493841Z [1;33mwarning[0m: warning 0
2026-10-02T18:18:43.7494047Z   [1;34m-->[0m test.sn:1:1
2026-10-02T18:18:43.7494214Z       source
2026-10-02T18:18:43.7494366Z       [1;33m^[0m
2026-10-02T18:18:43.7494448Z 
2026-10-02T18:18:43.7494451Z 
2026-10-02T18:18:43.7494544Z [1;33mwarning[0m: warning 1
2026-10-02T18:18:43.7494738Z   [1;34m-->[0m test.sn:1:1
2026-10-02T18:18:43.7494889Z       source
2026-10-02T18:18:43.7495030Z       [1;33m^[0m
2026-10-02T18:18:43.7495117Z 
2026-10-02T18:18:43.7495119Z 
2026-10-02T18:18:43.7495199Z [1;33mwarning[0m: warning 2
2026-10-02T18:18:43.7495380Z   [1;34m-->[0m test.sn:1:1
2026-10-02T18:18:43.7495528Z       source
2026-10-02T18:18:43.7495670Z       [1;33m^[0m
2026-10-02T18:18:43.7495757Z 
2026-10-02T18:18:43.7495759Z 
2026-10-02T18:18:43.7495844Z [1;33mwarning[0m: warning 3
2026-10-02T18:18:43.7496020Z   [1;34m-->[0m test.sn:1:1
2026-10-02T18:18:43.7496169Z       source
2026-10-02T18:18:43.7496309Z       [1;33m^[0m
2026-10-02T18:18:43.7496384Z 
2026-10-02T18:18:43.7496386Z 
2026-10-02T18:18:43.7496473Z [1;33mwarning[0m: warning 4
2026-10-02T18:18:43.7496646Z   [1;34m-->[0m test.sn:1:1
2026-10-02T18:18:43.7496790Z       source
2026-10-02T18:18:43.7496927Z       [1;33m^[0m
2026-10-02T18:18:43.7497009Z 
2026-10-02T18:18:43.7497011Z 
2026-10-02T18:18:43.7497089Z [1;33mwarning[0m: warning 5
2026-10-02T18:18:43.7497275Z   [1;34m-->[0m test.sn:1:1
2026-10-02T18:18:43.7497417Z       source
2026-10-02T18:18:43.7497557Z       [1;33m^[0m
2026-10-02T18:18:43.7497630Z 
2026-10-02T18:18:43.7497632Z 
2026-10-02T18:18:43.7497716Z [1;33mwarning[0m: warning 6
2026-10-02T18:18:43.7497890Z   [1;34m-->[0m test.sn:1:1
2026-10-02T18:18:43.7498034Z       source
2026-10-02T18:18:43.7498177Z       [1;33m^[0m
2026-10-02T18:18:43.7498260Z 
2026-10-02T18:18:43.7498262Z 
2026-10-02T18:18:43.7498342Z [1;33mwarning[0m: warning 7
2026-10-02T18:18:43.7498522Z   [1;34m-->[0m test.sn:1:1
2026-10-02T18:18:43.7498668Z       source
2026-10-02T18:18:43.7498810Z       [1;33m^[0m
2026-10-02T18:18:43.7498883Z 
2026-10-02T18:18:43.7498886Z 
2026-10-02T18:18:43.7498972Z [1;33mwarning[0m: warning 8
2026-10-02T18:18:43.7499153Z   [1;34m-->[0m test.sn:1:1
2026-10-02T18:18:43.7499299Z       source
2026-10-02T18:18:43.7499438Z       [1;33m^[0m
2026-10-02T18:18:43.7499517Z 
2026-10-02T18:18:43.7499520Z 
2026-10-02T18:18:43.7499598Z [1;33mwarning[0m: warning 9
2026-10-02T18:18:43.7499773Z   [1;34m-->[0m test.sn:1:1
2026-10-02T18:18:43.7499921Z       source
2026-10-02T18:18:43.7500059Z       [1;33m^[0m
2026-10-02T18:18:43.7500140Z 
2026-10-02T18:18:43.7500142Z 
2026-10-02T18:18:43.7500236Z [1;33mwarning[0m: warning 10
2026-10-02T18:18:43.7500424Z   [1;34m-->[0m test.sn:1:1
2026-10-02T18:18:43.7500567Z       source
2026-10-02T18:18:43.7500704Z       [1;33m^[0m
2026-10-02T18:18:43.7500776Z 
2026-10-02T18:18:43.7500781Z 
2026-10-02T18:18:43.7500868Z [1;33mwarning[0m: warning 11
2026-10-02T18:18:43.7501049Z   [1;34m-->[0m test.sn:1:1
2026-10-02T18:18:43.7501194Z       source
2026-10-02T18:18:43.7501329Z       [1;33m^[0m
2026-10-02T18:18:43.7501411Z 
2026-10-02T18:18:43.7501414Z 
2026-10-02T18:18:43.7501494Z [1;33mwarning[0m: warning 12
2026-10-02T18:18:43.7501685Z   [1;34m-->[0m test.sn:1:1
2026-10-02T18:18:43.7501851Z       source
2026-10-02T18:18:43.7501995Z       [1;33m^[0m
2026-10-02T18:18:43.7502071Z 
2026-10-02T18:18:43.7502073Z 
2026-10-02T18:18:43.7502248Z [1;33mwarning[0m: warning 13
2026-10-02T18:18:43.7502428Z   [1;34m-->[0m test.sn:1:1
2026-10-02T18:18:43.7502575Z       source
2026-10-02T18:18:43.7502734Z       [1;33m^[0m
2026-10-02T18:18:43.7502818Z 
2026-10-02T18:18:43.7502820Z 
2026-10-02T18:18:43.7502901Z [1;33mwarning[0m: warning 14
2026-10-02T18:18:43.7503103Z   [1;34m-->[0m test.sn:1:1
2026-10-02T18:18:43.7503246Z       source
2026-10-02T18:18:43.7503461Z       [1;33m^[0m
2026-10-02T18:18:43.7503538Z 
2026-10-02T18:18:43.7503541Z 
2026-10-02T18:18:43.7503627Z [1;33mwarning[0m: warning 15
2026-10-02T18:18:43.7503808Z   [1;34m-->[0m test.sn:1:1
2026-10-02T18:18:43.7503954Z       source
2026-10-02T18:18:43.7504087Z       [1;33m^[0m
2026-10-02T18:18:43.7504163Z 
2026-10-02T18:18:43.7504166Z 
2026-10-02T18:18:43.7504242Z [1;33mwarning[0m: warning 16
2026-10-02T18:18:43.7504420Z   [1;34m-->[0m test.sn:1:1
2026-10-02T18:18:43.7504563Z       source
2026-10-02T18:18:43.7504700Z       [1;33m^[0m
2026-10-02T18:18:43.7504786Z 
2026-10-02T18:18:43.7504789Z 
2026-10-02T18:18:43.7504873Z [1;33mwarning[0m: warning 17
2026-10-02T18:18:43.7505051Z   [1;34m-->[0m test.sn:1:1
2026-10-02T18:18:43.7505196Z       source
2026-10-02T18:18:43.7505332Z       [1;33m^[0m
2026-10-02T18:18:43.7505407Z 
2026-10-02T18:18:43.7505409Z 
2026-10-02T18:18:43.7505496Z [1;33mwarning[0m: warning 18
2026-10-02T18:18:43.7505670Z   [1;34m-->[0m test.sn:1:1
2026-10-02T18:18:43.7505817Z       source
2026-10-02T18:18:43.7505953Z       [1;33m^[0m
2026-10-02T18:18:43.7506031Z 
2026-10-02T18:18:43.7506033Z 
2026-10-02T18:18:43.7506111Z [1;33mwarning[0m: warning 19
2026-10-02T18:18:43.7506291Z   [1;34m-->[0m test.sn:1:1
2026-10-02T18:18:43.7506441Z       source
2026-10-02T18:18:43.7506581Z       [1;33m^[0m
2026-10-02T18:18:43.7506652Z 
2026-10-02T18:18:43.7506655Z 
2026-10-02T18:18:43.7506740Z [1;33mwarning[0m: warning 20
2026-10-02T18:18:43.7506921Z   [1;34m-->[0m test.sn:1:1
2026-10-02T18:18:43.7507067Z       source
2026-10-02T18:18:43.7507204Z       [1;33m^[0m
2026-10-02T18:18:43.7507284Z 
2026-10-02T18:18:43.7507286Z 
2026-10-02T18:18:43.7507363Z [1;33mwarning[0m: warning 21
2026-10-02T18:18:43.7507544Z   [1;34m-->[0m test.sn:1:1
2026-10-02T18:18:43.7507687Z       source
2026-10-02T18:18:43.7507824Z       [1;33m^[0m
2026-10-02T18:18:43.7507904Z 
2026-10-02T18:18:43.7507906Z 
2026-10-02T18:18:43.7507993Z [1;33mwarning[0m: warning 22
2026-10-02T18:18:43.7508167Z   [1;34m-->[0m test.sn:1:1
2026-10-02T18:18:43.7508311Z       source
2026-10-02T18:18:43.7508449Z       [1;33m^[0m
2026-10-02T18:18:43.7508521Z 
2026-10-02T18:18:43.7508530Z 
2026-10-02T18:18:43.7508611Z [1;33mwarning[0m: warning 23
2026-10-02T18:18:43.7508786Z   [1;34m-->[0m test.sn:1:1
2026-10-02T18:18:43.7508933Z       source
2026-10-02T18:18:43.7509068Z       [1;33m^[0m
2026-10-02T18:18:43.7509149Z 
2026-10-02T18:18:43.7509151Z 
2026-10-02T18:18:43.7509236Z [1;33mwarning[0m: warning 24
2026-10-02T18:18:43.7509419Z   [1;34m-->[0m test.sn:1:1
2026-10-02T18:18:43.7509560Z       source
2026-10-02T18:18:43.7509696Z       [1;33m^[0m
2026-10-02T18:18:43.7509768Z 
2026-10-02T18:18:43.7509770Z 
2026-10-02T18:18:43.7509857Z [1;33mwarning[0m: warning 25
2026-10-02T18:18:43.7510036Z   [1;34m-->[0m test.sn:1:1
2026-10-02T18:18:43.7510180Z       source
2026-10-02T18:18:43.7510314Z       [1;33m^[0m
2026-10-02T18:18:43.7510395Z 
2026-10-02T18:18:43.7510400Z 
2026-10-02T18:18:43.7510478Z [1;33mwarning[0m: warning 26
2026-10-02T18:18:43.7510653Z   [1;34m-->[0m test.sn:1:1
2026-10-02T18:18:43.7510803Z       source
2026-10-02T18:18:43.7510940Z       [1;33m^[0m
2026-10-02T18:18:43.7511014Z 
2026-10-02T18:18:43.7511016Z 
2026-10-02T18:18:43.7511101Z [1;33mwarning[0m: warning 27
2026-10-02T18:18:43.7511279Z   [1;34m-->[0m test.sn:1:1
2026-10-02T18:18:43.7511419Z       source
2026-10-02T18:18:43.7511655Z       [1;33m^[0m
2026-10-02T18:18:43.7511801Z 
2026-10-02T18:18:43.7511902Z 
2026-10-02T18:18:43.7511990Z [1;33mwarning[0m: warning 28
2026-10-02T18:18:43.7512179Z   [1;34m-->[0m test.sn:1:1
2026-10-02T18:18:43.7512324Z       source
2026-10-02T18:18:43.7512462Z       [1;33m^[0m
2026-10-02T18:18:43.7512543Z 
2026-10-02T18:18:43.7512546Z 
2026-10-02T18:18:43.7512628Z [1;33mwarning[0m: warning 29
2026-10-02T18:18:43.7512802Z   [1;34m-->[0m test.sn:1:1
2026-10-02T18:18:43.7512944Z       source
2026-10-02T18:18:43.7513156Z       [1;33m^[0m
2026-10-02T18:18:43.7513230Z 
2026-10-02T18:18:43.7513239Z 
2026-10-02T18:18:43.7513321Z [1;33mwarning[0m: warning 30
2026-10-02T18:18:43.7513565Z   [1;34m-->[0m test.sn:1:1
2026-10-02T18:18:43.7513990Z       source
2026-10-02T18:18:43.7514137Z       [1;33m^[0m
2026-10-02T18:18:43.7514217Z 
2026-10-02T18:18:43.7514220Z 
2026-10-02T18:18:43.7514299Z [1;33mwarning[0m: warning 31
2026-10-02T18:18:43.7514486Z   [1;34m-->[0m test.sn:1:1
2026-10-02T18:18:43.7514627Z       source
2026-10-02T18:18:43.7514766Z       [1;33m^[0m
2026-10-02T18:18:43.7514846Z 
2026-10-02T18:18:43.7514848Z 
2026-10-02T18:18:43.7514934Z [1;33mwarning[0m: warning 32
2026-10-02T18:18:43.7515114Z   [1;34m-->[0m test.sn:1:1
2026-10-02T18:18:43.7515256Z       source
2026-10-02T18:18:43.7515392Z       [1;33m^[0m
2026-10-02T18:18:43.7515473Z 
2026-10-02T18:18:43.7515476Z 
2026-10-02T18:18:43.7515556Z [1;33mwarning[0m: warning 33
2026-10-02T18:18:43.7515739Z   [1;34m-->[0m test.sn:1:1
2026-10-02T18:18:43.7515892Z       source
2026-10-02T18:18:43.7516030Z       [1;33m^[0m
2026-10-02T18:18:43.7516104Z 
2026-10-02T18:18:43.7516106Z 
2026-10-02T18:18:43.7516194Z [1;33mwarning[0m: warning 34
2026-10-02T18:18:43.7516371Z   [1;34m-->[0m test.sn:1:1
2026-10-02T18:18:43.7516518Z       source
2026-10-02T18:18:43.7516651Z       [1;33m^[0m
2026-10-02T18:18:43.7516728Z 
2026-10-02T18:18:43.7516730Z 
2026-10-02T18:18:43.7516808Z [1;33mwarning[0m: warning 35
2026-10-02T18:18:43.7516988Z   [1;34m-->[0m test.sn:1:1
2026-10-02T18:18:43.7517136Z       source
2026-10-02T18:18:43.7517281Z       [1;33m^[0m
2026-10-02T18:18:43.7517355Z 
2026-10-02T18:18:43.7517357Z 
2026-10-02T18:18:43.7517445Z [1;33mwarning[0m: warning 36
2026-10-02T18:18:43.7517620Z   [1;34m-->[0m test.sn:1:1
2026-10-02T18:18:43.7517765Z       source
2026-10-02T18:18:43.7517902Z       [1;33m^[0m
2026-10-02T18:18:43.7517982Z 
2026-10-02T18:18:43.7517984Z 
2026-10-02T18:18:43.7518068Z [1;33mwarning[0m: warning 37
2026-10-02T18:18:43.7518243Z   [1;34m-->[0m test.sn:1:1
2026-10-02T18:18:43.7518388Z       source
2026-10-02T18:18:43.7518528Z       [1;33m^[0m
2026-10-02T18:18:43.7518607Z 
2026-10-02T18:18:43.7518609Z 
2026-10-02T18:18:43.7518692Z [1;33mwarning[0m: warning 38
2026-10-02T18:18:43.7518866Z   [1;34m-->[0m test.sn:1:1
2026-10-02T18:18:43.7519009Z       source
2026-10-02T18:18:43.7519143Z       [1;33m^[0m
2026-10-02T18:18:43.7519214Z 
2026-10-02T18:18:43.7519217Z 
2026-10-02T18:18:43.7519302Z [1;33mwarning[0m: warning 39
2026-10-02T18:18:43.7519485Z   [1;34m-->[0m test.sn:1:1
2026-10-02T18:18:43.7519627Z       source
2026-10-02T18:18:43.7519766Z       [1;33m^[0m
2026-10-02T18:18:43.7519844Z 
2026-10-02T18:18:43.7519846Z 
2026-10-02T18:18:43.7519923Z [1;33mwarning[0m: warning 40
2026-10-02T18:18:43.7520102Z   [1;34m-->[0m test.sn:1:1
2026-10-02T18:18:43.7520251Z       source
2026-10-02T18:18:43.7520386Z       [1;33m^[0m
2026-10-02T18:18:43.7520459Z 
2026-10-02T18:18:43.7520465Z 
2026-10-02T18:18:43.7520550Z [1;33mwarning[0m: warning 41
2026-10-02T18:18:43.7520729Z   [1;34m-->[0m test.sn:1:1
2026-10-02T18:18:43.7520875Z       source
2026-10-02T18:18:43.7521007Z       [1;33m^[0m
2026-10-02T18:18:43.7521085Z 
2026-10-02T18:18:43.7521088Z 
2026-10-02T18:18:43.7521167Z [1;33mwarning[0m: warning 42
2026-10-02T18:18:43.7521344Z   [1;34m-->[0m test.sn:1:1
2026-10-02T18:18:43.7521488Z       source
2026-10-02T18:18:43.7521628Z       [1;33m^[0m
2026-10-02T18:18:43.7521709Z 
2026-10-02T18:18:43.7521818Z 
2026-10-02T18:18:43.7521904Z [1;33mwarning[0m: warning 43
2026-10-02T18:18:43.7522087Z   [1;34m-->[0m test.sn:1:1
2026-10-02T18:18:43.7522230Z       source
2026-10-02T18:18:43.7522369Z       [1;33m^[0m
2026-10-02T18:18:43.7522441Z 
2026-10-02T18:18:43.7522449Z 
2026-10-02T18:18:43.7522527Z [1;33mwarning[0m: warning 44
2026-10-02T18:18:43.7522704Z   [1;34m-->[0m test.sn:1:1
2026-10-02T18:18:43.7522851Z       source
2026-10-02T18:18:43.7523062Z       [1;33m^[0m
2026-10-02T18:18:43.7523146Z 
2026-10-02T18:18:43.7523148Z 
2026-10-02T18:18:43.7523228Z [1;33mwarning[0m: warning 45
2026-10-02T18:18:43.7523419Z   [1;34m-->[0m test.sn:1:1
2026-10-02T18:18:43.7523565Z       source
2026-10-02T18:18:43.7523705Z       [1;33m^[0m
2026-10-02T18:18:43.7523786Z 
2026-10-02T18:18:43.7523789Z 
2026-10-02T18:18:43.7523875Z [1;33mwarning[0m: warning 46
2026-10-02T18:18:43.7524054Z   [1;34m-->[0m test.sn:1:1
2026-10-02T18:18:43.7524199Z       source
2026-10-02T18:18:43.7524340Z       [1;33m^[0m
2026-10-02T18:18:43.7524421Z 
2026-10-02T18:18:43.7524423Z 
2026-10-02T18:18:43.7524501Z [1;33mwarning[0m: warning 47
2026-10-02T18:18:43.7524676Z   [1;34m-->[0m test.sn:1:1
2026-10-02T18:18:43.7524825Z       source
2026-10-02T18:18:43.7524960Z       [1;33m^[0m
2026-10-02T18:18:43.7525033Z 
2026-10-02T18:18:43.7525035Z 
2026-10-02T18:18:43.7525118Z [1;33mwarning[0m: warning 48
2026-10-02T18:18:43.7525296Z   [1;34m-->[0m test.sn:1:1
2026-10-02T18:18:43.7525443Z       source
2026-10-02T18:18:43.7525581Z       [1;33m^[0m
2026-10-02T18:18:43.7525663Z 
2026-10-02T18:18:43.7525665Z 
2026-10-02T18:18:43.7525744Z [1;33mwarning[0m: warning 49
2026-10-02T18:18:43.7525919Z   [1;34m-->[0m test.sn:1:1
2026-10-02T18:18:43.7526065Z       source
2026-10-02T18:18:43.7526202Z       [1;33m^[0m
2026-10-02T18:18:43.7526283Z 
2026-10-02T18:18:43.7526285Z 
2026-10-02T18:18:43.7526368Z [1;33mwarning[0m: warning 50
2026-10-02T18:18:43.7526543Z   [1;34m-->[0m test.sn:1:1
2026-10-02T18:18:43.7526694Z       source
2026-10-02T18:18:43.7526833Z       [1;33m^[0m
2026-10-02T18:18:43.7526908Z 
2026-10-02T18:18:43.7526910Z 
2026-10-02T18:18:43.7526997Z [1;33mwarning[0m: warning 51
2026-10-02T18:18:43.7527173Z   [1;34m-->[0m test.sn:1:1
2026-10-02T18:18:43.7527315Z       source
2026-10-02T18:18:43.7527451Z       [1;33m^[0m
2026-10-02T18:18:43.7527533Z 
2026-10-02T18:18:43.7527535Z 
2026-10-02T18:18:43.7527616Z [1;33mwarning[0m: warning 52
2026-10-02T18:18:43.7527802Z   [1;34m-->[0m test.sn:1:1
2026-10-02T18:18:43.7527947Z       source
2026-10-02T18:18:43.7528083Z       [1;33m^[0m
2026-10-02T18:18:43.7528155Z 
2026-10-02T18:18:43.7528157Z 
2026-10-02T18:18:43.7528242Z [1;33mwarning[0m: warning 53
2026-10-02T18:18:43.7528420Z   [1;34m-->[0m test.sn:1:1
2026-10-02T18:18:43.7528565Z       source
2026-10-02T18:18:43.7528696Z       [1;33m^[0m
2026-10-02T18:18:43.7528774Z 
2026-10-02T18:18:43.7528777Z 
2026-10-02T18:18:43.7528855Z [1;33mwarning[0m: warning 54
2026-10-02T18:18:43.7529035Z   [1;34m-->[0m test.sn:1:1
2026-10-02T18:18:43.7529279Z       source
2026-10-02T18:18:43.7529510Z       [1;33m^[0m
2026-10-02T18:18:43.7529599Z 
2026-10-02T18:18:43.7529602Z 
2026-10-02T18:18:43.7529693Z [1;33mwarning[0m: warning 55
2026-10-02T18:18:43.7529873Z   [1;34m-->[0m test.sn:1:1
2026-10-02T18:18:43.7530020Z       source
2026-10-02T18:18:43.7530161Z       [1;33m^[0m
2026-10-02T18:18:43.7530245Z 
2026-10-02T18:18:43.7530248Z 
2026-10-02T18:18:43.7530327Z [1;33mwarning[0m: warning 56
2026-10-02T18:18:43.7530503Z   [1;34m-->[0m test.sn:1:1
2026-10-02T18:18:43.7530647Z       source
2026-10-02T18:18:43.7530784Z       [1;33m^[0m
2026-10-02T18:18:43.7530868Z 
2026-10-02T18:18:43.7530871Z 
2026-10-02T18:18:43.7530955Z [1;33mwarning[0m: warning 57
2026-10-02T18:18:43.7531132Z   [1;34m-->[0m test.sn:1:1
2026-10-02T18:18:43.7531450Z       source
2026-10-02T18:18:43.7531596Z       [1;33m^[0m
2026-10-02T18:18:43.7531669Z 
2026-10-02T18:18:43.7531758Z 
2026-10-02T18:18:43.7531846Z [1;33mwarning[0m: warning 58
2026-10-02T18:18:43.7532027Z   [1;34m-->[0m test.sn:1:1
2026-10-02T18:18:43.7532172Z       source
2026-10-02T18:18:43.7532306Z       [1;33m^[0m
2026-10-02T18:18:43.7532386Z 
2026-10-02T18:18:43.7532388Z 
2026-10-02T18:18:43.7532466Z [1;33mwarning[0m: warning 59
2026-10-02T18:18:43.7532646Z   [1;34m-->[0m test.sn:1:1
2026-10-02T18:18:43.7532867Z       source
2026-10-02T18:18:43.7533008Z       [1;33m^[0m
2026-10-02T18:18:43.7533082Z 
2026-10-02T18:18:43.7533084Z 
2026-10-02T18:18:43.7533170Z [1;33mwarning[0m: warning 60
2026-10-02T18:18:43.7533346Z   [1;34m-->[0m test.sn:1:1
2026-10-02T18:18:43.7533488Z       source
2026-10-02T18:18:43.7533626Z       [1;33m^[0m
2026-10-02T18:18:43.7533707Z 
2026-10-02T18:18:43.7533709Z 
2026-10-02T18:18:43.7533788Z [1;33mwarning[0m: warning 61
2026-10-02T18:18:43.7533968Z   [1;34m-->[0m test.sn:1:1
2026-10-02T18:18:43.7534112Z       source
2026-10-02T18:18:43.7534261Z       [1;33m^[0m
2026-10-02T18:18:43.7534337Z 
2026-10-02T18:18:43.7534339Z 
2026-10-02T18:18:43.7534425Z [1;33mwarning[0m: warning 62
2026-10-02T18:18:43.7534616Z   [1;34m-->[0m test.sn:1:1
2026-10-02T18:18:43.7534765Z       source
2026-10-02T18:18:43.7534906Z       [1;33m^[0m
2026-10-02T18:18:43.7534983Z 
2026-10-02T18:18:43.7534986Z 
2026-10-02T18:18:43.7535063Z [1;33mwarning[0m: warning 63
2026-10-02T18:18:43.7535240Z   [1;34m-->[0m test.sn:1:1
2026-10-02T18:18:43.7535390Z       source
2026-10-02T18:18:43.7535534Z       [1;33m^[0m
2026-10-02T18:18:43.7535606Z 
2026-10-02T18:18:43.7535608Z 
2026-10-02T18:18:43.7535695Z [1;33mwarning[0m: warning 64
2026-10-02T18:18:43.7535868Z   [1;34m-->[0m test.sn:1:1
2026-10-02T18:18:43.7536014Z       source
2026-10-02T18:18:43.7536151Z       [1;33m^[0m
2026-10-02T18:18:43.7536229Z 
2026-10-02T18:18:43.7536231Z 
2026-10-02T18:18:43.7536309Z [1;33mwarning[0m: warning 65
2026-10-02T18:18:43.7536483Z   [1;34m-->[0m test.sn:1:1
2026-10-02T18:18:43.7536638Z       source
2026-10-02T18:18:43.7536777Z       [1;33m^[0m
2026-10-02T18:18:43.7536856Z 
2026-10-02T18:18:43.7536858Z 
2026-10-02T18:18:43.7536942Z [1;33mwarning[0m: warning 66
2026-10-02T18:18:43.7537126Z   [1;34m-->[0m test.sn:1:1
2026-10-02T18:18:43.7537274Z       source
2026-10-02T18:18:43.7537412Z       [1;33m^[0m
2026-10-02T18:18:43.7537484Z 
2026-10-02T18:18:43.7537486Z 
2026-10-02T18:18:43.7537572Z [1;33mwarning[0m: warning 67
2026-10-02T18:18:43.7537750Z   [1;34m-->[0m test.sn:1:1
2026-10-02T18:18:43.7537893Z       source
2026-10-02T18:18:43.7538068Z       [1;33m^[0m
2026-10-02T18:18:43.7538193Z 
2026-10-02T18:18:43.7538195Z 
2026-10-02T18:18:43.7538307Z [1;33mwarning[0m: warning 68
2026-10-02T18:18:43.7538601Z   [1;34m-->[0m test.sn:1:1
2026-10-02T18:18:43.7538756Z       source
2026-10-02T18:18:43.7538896Z       [1;33m^[0m
2026-10-02T18:18:43.7538972Z 
2026-10-02T18:18:43.7538974Z 
2026-10-02T18:18:43.7539066Z [1;33mwarning[0m: warning 69
2026-10-02T18:18:43.7539247Z   [1;34m-->[0m test.sn:1:1
2026-10-02T18:18:43.7539396Z       source
2026-10-02T18:18:43.7539531Z       [1;33m^[0m
2026-10-02T18:18:43.7539611Z 
2026-10-02T18:18:43.7539614Z 
2026-10-02T18:18:43.7539692Z [1;33mwarning[0m: warning 70
2026-10-02T18:18:43.7539869Z   [1;34m-->[0m test.sn:1:1
2026-10-02T18:18:43.7540009Z       source
2026-10-02T18:18:43.7540148Z       [1;33m^[0m
2026-10-02T18:18:43.7540227Z 
2026-10-02T18:18:43.7540229Z 
2026-10-02T18:18:43.7540371Z [1;33mwarning[0m: warning 71
2026-10-02T18:18:43.7540654Z   [1;34m-->[0m test.sn:1:1
2026-10-02T18:18:43.7540909Z       source
2026-10-02T18:18:43.7541127Z       [1;33m^[0m
2026-10-02T18:18:43.7541243Z 
2026-10-02T18:18:43.7541246Z 
2026-10-02T18:18:43.7541331Z [1;33mwarning[0m: warning 72
2026-10-02T18:18:43.7541513Z   [1;34m-->[0m test.sn:1:1
2026-10-02T18:18:43.7541748Z       source
2026-10-02T18:18:43.7541976Z       [1;33m^[0m
2026-10-02T18:18:43.7542262Z 
2026-10-02T18:18:43.7542266Z 
2026-10-02T18:18:43.7542405Z [1;33mwarning[0m: warning 73
2026-10-02T18:18:43.7542700Z   [1;34m-->[0m test.sn:1:1
2026-10-02T18:18:43.7542944Z       source
2026-10-02T18:18:43.7543196Z       [1;33m^[0m
2026-10-02T18:18:43.7543316Z 
2026-10-02T18:18:43.7543320Z 
2026-10-02T18:18:43.7543469Z [1;33mwarning[0m: warning 74
2026-10-02T18:18:43.7543716Z   [1;34m-->[0m test.sn:1:1
2026-10-02T18:18:43.7544709Z       source
2026-10-02T18:18:43.7545272Z       [1;33m^[0m
2026-10-02T18:18:43.7545380Z 
2026-10-02T18:18:43.7545383Z 
2026-10-02T18:18:43.7545496Z [1;33mwarning[0m: warning 75
2026-10-02T18:18:43.7545698Z   [1;34m-->[0m test.sn:1:1
2026-10-02T18:18:43.7546172Z       source
2026-10-02T18:18:43.7546676Z       [1;33m^[0m
2026-10-02T18:18:43.7546998Z 
2026-10-02T18:18:43.7547005Z 
2026-10-02T18:18:43.7547191Z [1;33mwarning[0m: warning 76
2026-10-02T18:18:43.7547501Z   [1;34m-->[0m test.sn:1:1
2026-10-02T18:18:43.7547899Z       source
2026-10-02T18:18:43.7548254Z       [1;33m^[0m
2026-10-02T18:18:43.7548371Z 
2026-10-02T18:18:43.7548375Z 
2026-10-02T18:18:43.7548470Z [1;33mwarning[0m: warning 77
2026-10-02T18:18:43.7548682Z   [1;34m-->[0m test.sn:1:1
2026-10-02T18:18:43.7548847Z       source
2026-10-02T18:18:43.7549003Z       [1;33m^[0m
2026-10-02T18:18:43.7549091Z 
2026-10-02T18:18:43.7549094Z 
2026-10-02T18:18:43.7549185Z [1;33mwarning[0m: warning 78
2026-10-02T18:18:43.7549543Z   [1;34m-->[0m test.sn:1:1
2026-10-02T18:18:43.7549699Z       source
2026-10-02T18:18:43.7549896Z       [1;33m^[0m
2026-10-02T18:18:43.7549979Z 
2026-10-02T18:18:43.7549982Z 
2026-10-02T18:18:43.7550061Z [1;33mwarning[0m: warning 79
2026-10-02T18:18:43.7550243Z   [1;34m-->[0m test.sn:1:1
2026-10-02T18:18:43.7550392Z       source
2026-10-02T18:18:43.7550533Z       [1;33m^[0m
2026-10-02T18:18:43.7550615Z 
2026-10-02T18:18:43.7550617Z 
2026-10-02T18:18:43.7550705Z [1;33mwarning[0m: warning 80
2026-10-02T18:18:43.7550903Z   [1;34m-->[0m test.sn:1:1
2026-10-02T18:18:43.7551061Z       source
2026-10-02T18:18:43.7551211Z       [1;33m^[0m
2026-10-02T18:18:43.7551296Z 
2026-10-02T18:18:43.7551301Z 
2026-10-02T18:18:43.7551482Z [1;33mwarning[0m: warning 81
2026-10-02T18:18:43.7551706Z   [1;34m-->[0m test.sn:1:1
2026-10-02T18:18:43.7551855Z       source
2026-10-02T18:18:43.7552005Z       [1;33m^[0m
2026-10-02T18:18:43.7552093Z 
2026-10-02T18:18:43.7552100Z 
2026-10-02T18:18:43.7552182Z [1;33mwarning[0m: warning 82
2026-10-02T18:18:43.7552365Z   [1;34m-->[0m test.sn:1:1
2026-10-02T18:18:43.7552521Z       source
2026-10-02T18:18:43.7552659Z       [1;33m^[0m
2026-10-02T18:18:43.7552735Z 
2026-10-02T18:18:43.7552738Z 
2026-10-02T18:18:43.7552825Z [1;33mwarning[0m: warning 83
2026-10-02T18:18:43.7553007Z   [1;34m-->[0m test.sn:1:1
2026-10-02T18:18:43.7553155Z       source
2026-10-02T18:18:43.7553300Z       [1;33m^[0m
2026-10-02T18:18:43.7553378Z 
2026-10-02T18:18:43.7553381Z 
2026-10-02T18:18:43.7553463Z [1;33mwarning[0m: warning 84
2026-10-02T18:18:43.7553641Z   [1;34m-->[0m test.sn:1:1
2026-10-02T18:18:43.7553802Z       source
2026-10-02T18:18:43.7553955Z       [1;33m^[0m
2026-10-02T18:18:43.7554038Z 
2026-10-02T18:18:43.7554041Z 
2026-10-02T18:18:43.7554126Z [1;33mwarning[0m: warning 85
2026-10-02T18:18:43.7554310Z   [1;34m-->[0m test.sn:1:1
2026-10-02T18:18:43.7554460Z       source
2026-10-02T18:18:43.7554602Z       [1;33m^[0m
2026-10-02T18:18:43.7554677Z 
2026-10-02T18:18:43.7554686Z 
2026-10-02T18:18:43.7554767Z [1;33mwarning[0m: warning 86
2026-10-02T18:18:43.7554948Z   [1;34m-->[0m test.sn:1:1
2026-10-02T18:18:43.7555093Z       source
2026-10-02T18:18:43.7555231Z       [1;33m^[0m
2026-10-02T18:18:43.7555312Z 
2026-10-02T18:18:43.7555315Z 
2026-10-02T18:18:43.7555400Z [1;33mwarning[0m: warning 87
2026-10-02T18:18:43.7555581Z   [1;34m-->[0m test.sn:1:1
2026-10-02T18:18:43.7555729Z       source
2026-10-02T18:18:43.7555896Z       [1;33m^[0m
2026-10-02T18:18:43.7556495Z 
2026-10-02T18:18:43.7556497Z 
2026-10-02T18:18:43.7556588Z [1;33mwarning[0m: warning 88
2026-10-02T18:18:43.7556774Z   [1;34m-->[0m test.sn:1:1
2026-10-02T18:18:43.7556921Z       source
2026-10-02T18:18:43.7557055Z       [1;33m^[0m
2026-10-02T18:18:43.7557133Z 
2026-10-02T18:18:43.7557136Z 
2026-10-02T18:18:43.7557216Z [1;33mwarning[0m: warning 89
2026-10-02T18:18:43.7557394Z   [1;34m-->[0m test.sn:1:1
2026-10-02T18:18:43.7557620Z       source
2026-10-02T18:18:43.7557764Z       [1;33m^[0m
2026-10-02T18:18:43.7557845Z 
2026-10-02T18:18:43.7557847Z 
2026-10-02T18:18:43.7557935Z [1;33mwarning[0m: warning 90
2026-10-02T18:18:43.7558120Z   [1;34m-->[0m test.sn:1:1
2026-10-02T18:18:43.7558272Z       source
2026-10-02T18:18:43.7558419Z       [1;33m^[0m
2026-10-02T18:18:43.7558502Z 
2026-10-02T18:18:43.7558504Z 
2026-10-02T18:18:43.7558586Z [1;33mwarning[0m: warning 91
2026-10-02T18:18:43.7558769Z   [1;34m-->[0m test.sn:1:1
2026-10-02T18:18:43.7558921Z       source
2026-10-02T18:18:43.7559067Z       [1;33m^[0m
2026-10-02T18:18:43.7559150Z 
2026-10-02T18:18:43.7559153Z 
2026-10-02T18:18:43.7559240Z [1;33mwarning[0m: warning 92
2026-10-02T18:18:43.7559417Z   [1;34m-->[0m test.sn:1:1
2026-10-02T18:18:43.7559565Z       source
2026-10-02T18:18:43.7559703Z       [1;33m^[0m
2026-10-02T18:18:43.7559776Z 
2026-10-02T18:18:43.7559786Z 
2026-10-02T18:18:43.7559870Z [1;33mwarning[0m: warning 93
2026-10-02T18:18:43.7560048Z   [1;34m-->[0m test.sn:1:1
2026-10-02T18:18:43.7560193Z       source
2026-10-02T18:18:43.7560331Z       [1;33m^[0m
2026-10-02T18:18:43.7560414Z 
2026-10-02T18:18:43.7560417Z 
2026-10-02T18:18:43.7560496Z [1;33mwarning[0m: warning 94
2026-10-02T18:18:43.7560683Z   [1;34m-->[0m test.sn:1:1
2026-10-02T18:18:43.7560833Z       source
2026-10-02T18:18:43.7560983Z       [1;33m^[0m
2026-10-02T18:18:43.7561065Z 
2026-10-02T18:18:43.7561067Z 
2026-10-02T18:18:43.7561156Z [1;33mwarning[0m: warning 95
2026-10-02T18:18:43.7561344Z   [1;34m-->[0m test.sn:1:1
2026-10-02T18:18:43.7561495Z       source
2026-10-02T18:18:43.7561638Z       [1;33m^[0m
2026-10-02T18:18:43.7561720Z 
2026-10-02T18:18:43.7561722Z 
2026-10-02T18:18:43.7561805Z [1;33mwarning[0m: warning 96
2026-10-02T18:18:43.7561986Z   [1;34m-->[0m test.sn:1:1
2026-10-02T18:18:43.7562139Z       source
2026-10-02T18:18:43.7562280Z       [1;33m^[0m
2026-10-02T18:18:43.7562356Z 
2026-10-02T18:18:43.7562362Z 
2026-10-02T18:18:43.7562450Z [1;33mwarning[0m: warning 97
2026-10-02T18:18:43.7562633Z   [1;34m-->[0m test.sn:1:1
2026-10-02T18:18:43.7562780Z       source
2026-10-02T18:18:43.7562920Z       [1;33m^[0m
2026-10-02T18:18:43.7562996Z 
2026-10-02T18:18:43.7562998Z 
2026-10-02T18:18:43.7563078Z [1;33mwarning[0m: warning 98
2026-10-02T18:18:43.7563257Z   [1;34m-->[0m test.sn:1:1
2026-10-02T18:18:43.7563406Z       source
2026-10-02T18:18:43.7563544Z       [1;33m^[0m
2026-10-02T18:18:43.7563626Z 
2026-10-02T18:18:43.7563628Z 
2026-10-02T18:18:43.7563720Z [1;33mwarning[0m: warning 99
2026-10-02T18:18:43.7563900Z   [1;34m-->[0m test.sn:1:1
2026-10-02T18:18:43.7564045Z       source
2026-10-02T18:18:43.7564187Z       [1;33m^[0m
2026-10-02T18:18:43.7564259Z 
2026-10-02T18:18:43.7564261Z 
2026-10-02T18:18:43.7564625Z [1;31merror[0m: error 0
2026-10-02T18:18:43.7564731Z 
2026-10-02T18:18:43.7564733Z 
2026-10-02T18:18:43.7564818Z [1;33mwarning[0m: warning 0
2026-10-02T18:18:43.7565008Z   [1;34m-->[0m test.sn:1:1
2026-10-02T18:18:43.7565195Z       source
2026-10-02T18:18:43.7565547Z       [1;33m^[0m
2026-10-02T18:18:43.7565654Z 
2026-10-02T18:18:43.7565657Z 
2026-10-02T18:18:43.7565742Z [1;31merror[0m: error 1
2026-10-02T18:18:43.7565834Z 
2026-10-02T18:18:43.7565836Z 
2026-10-02T18:18:43.7565923Z [1;33mwarning[0m: warning 1
2026-10-02T18:18:43.7566105Z   [1;34m-->[0m test.sn:1:1
2026-10-02T18:18:43.7566258Z       source
2026-10-02T18:18:43.7566398Z       [1;33m^[0m
2026-10-02T18:18:43.7566481Z 
2026-10-02T18:18:43.7566814Z 
2026-10-02T18:18:43.7566895Z [1;31merror[0m: error 2
2026-10-02T18:18:43.7566992Z 
2026-10-02T18:18:43.7566994Z 
2026-10-02T18:18:43.7567073Z [1;33mwarning[0m: warning 2
2026-10-02T18:18:43.7567265Z   [1;34m-->[0m test.sn:1:1
2026-10-02T18:18:43.7567421Z       source
2026-10-02T18:18:43.7567559Z       [1;33m^[0m
2026-10-02T18:18:43.7567634Z 
2026-10-02T18:18:43.7567636Z 
2026-10-02T18:18:43.7567789Z [1;31merror[0m: error 3
2026-10-02T18:18:43.7567880Z 
2026-10-02T18:18:43.7567882Z 
2026-10-02T18:18:43.7567968Z [1;33mwarning[0m: warning 3
2026-10-02T18:18:43.7568157Z   [1;34m-->[0m test.sn:1:1
2026-10-02T18:18:43.7568301Z       source
2026-10-02T18:18:43.7568442Z       [1;33m^[0m
2026-10-02T18:18:43.7568522Z 
2026-10-02T18:18:43.7568524Z 
2026-10-02T18:18:43.7568599Z [1;31merror[0m: error 4
2026-10-02T18:18:43.7568694Z 
2026-10-02T18:18:43.7568697Z 
2026-10-02T18:18:43.7568782Z [1;33mwarning[0m: warning 4
2026-10-02T18:18:43.7568962Z   [1;34m-->[0m test.sn:1:1
2026-10-02T18:18:43.7569113Z       source
2026-10-02T18:18:43.7569254Z       [1;33m^[0m
2026-10-02T18:18:43.7569328Z 
2026-10-02T18:18:43.7569331Z 
2026-10-02T18:18:43.7569413Z [1;31merror[0m: error 5
2026-10-02T18:18:43.7569506Z 
2026-10-02T18:18:43.7569509Z 
2026-10-02T18:18:43.7569587Z [1;33mwarning[0m: warning 5
2026-10-02T18:18:43.7569767Z   [1;34m-->[0m test.sn:1:1
2026-10-02T18:18:43.7569916Z       source
2026-10-02T18:18:43.7570060Z       [1;33m^[0m
2026-10-02T18:18:43.7570142Z 
2026-10-02T18:18:43.7570144Z 
2026-10-02T18:18:43.7570224Z [1;31merror[0m: error 6
2026-10-02T18:18:43.7570313Z 
2026-10-02T18:18:43.7570315Z 
2026-10-02T18:18:43.7570398Z [1;33mwarning[0m: warning 6
2026-10-02T18:18:43.7570789Z   [1;34m-->[0m test.sn:1:1
2026-10-02T18:18:43.7570939Z       source
2026-10-02T18:18:43.7571082Z       [1;33m^[0m
2026-10-02T18:18:43.7571166Z 
2026-10-02T18:18:43.7571168Z 
2026-10-02T18:18:43.7571242Z [1;31merror[0m: error 7
2026-10-02T18:18:43.7571337Z 
2026-10-02T18:18:43.7571340Z 
2026-10-02T18:18:43.7571450Z [1;33mwarning[0m: warning 7
2026-10-02T18:18:43.7571741Z   [1;34m-->[0m test.sn:1:1
2026-10-02T18:18:43.7571914Z       source
2026-10-02T18:18:43.7572066Z       [1;33m^[0m
2026-10-02T18:18:43.7572146Z 
2026-10-02T18:18:43.7572148Z 
2026-10-02T18:18:43.7572232Z [1;31merror[0m: error 8
2026-10-02T18:18:43.7572324Z 
2026-10-02T18:18:43.7572326Z 
2026-10-02T18:18:43.7572418Z [1;33mwarning[0m: warning 8
2026-10-02T18:18:43.7572597Z   [1;34m-->[0m test.sn:1:1
2026-10-02T18:18:43.7572744Z       source
2026-10-02T18:18:43.7572887Z       [1;33m^[0m
2026-10-02T18:18:43.7572973Z 
2026-10-02T18:18:43.7572975Z 
2026-10-02T18:18:43.7573049Z [1;31merror[0m: error 9
2026-10-02T18:18:43.7573145Z 
2026-10-02T18:18:43.7573147Z 
2026-10-02T18:18:43.7573234Z [1;33mwarning[0m: warning 9
2026-10-02T18:18:43.7573417Z   [1;34m-->[0m test.sn:1:1
2026-10-02T18:18:43.7573566Z       source
2026-10-02T18:18:43.7573714Z       [1;33m^[0m
2026-10-02T18:18:43.7573787Z 
2026-10-02T18:18:43.7573789Z 
2026-10-02T18:18:43.7573877Z [1;31merror[0m: error 10
2026-10-02T18:18:43.7573981Z 
2026-10-02T18:18:43.7573983Z 
2026-10-02T18:18:43.7574065Z [1;33mwarning[0m: warning 10
2026-10-02T18:18:43.7574250Z   [1;34m-->[0m test.sn:1:1
2026-10-02T18:18:43.7574397Z       source
2026-10-02T18:18:43.7574543Z       [1;33m^[0m
2026-10-02T18:18:43.7574634Z 
2026-10-02T18:18:43.7574639Z 
2026-10-02T18:18:43.7574725Z [1;31merror[0m: error 11
2026-10-02T18:18:43.7574817Z 
2026-10-02T18:18:43.7574821Z 
2026-10-02T18:18:43.7574916Z [1;33mwarning[0m: warning 11
2026-10-02T18:18:43.7575097Z   [1;34m-->[0m test.sn:1:1
2026-10-02T18:18:43.7575245Z       source
2026-10-02T18:18:43.7575394Z       [1;33m^[0m
2026-10-02T18:18:43.7575475Z 
2026-10-02T18:18:43.7575477Z 
2026-10-02T18:18:43.7575556Z [1;31merror[0m: error 12
2026-10-02T18:18:43.7575655Z 
2026-10-02T18:18:43.7575657Z 
2026-10-02T18:18:43.7575737Z [1;33mwarning[0m: warning 12
2026-10-02T18:18:43.7576190Z   [1;34m-->[0m test.sn:1:1
2026-10-02T18:18:43.7576348Z       source
2026-10-02T18:18:43.7576488Z       [1;33m^[0m
2026-10-02T18:18:43.7576563Z 
2026-10-02T18:18:43.7576565Z 
2026-10-02T18:18:43.7576647Z [1;31merror[0m: error 13
2026-10-02T18:18:43.7576739Z 
2026-10-02T18:18:43.7576741Z 
2026-10-02T18:18:43.7576828Z [1;33mwarning[0m: warning 13
2026-10-02T18:18:43.7577085Z   [1;34m-->[0m test.sn:1:1
2026-10-02T18:18:43.7577234Z       source
2026-10-02T18:18:43.7577379Z       [1;33m^[0m
2026-10-02T18:18:43.7577460Z 
2026-10-02T18:18:43.7577462Z 
2026-10-02T18:18:43.7577537Z [1;31merror[0m: error 14
2026-10-02T18:18:43.7577636Z 
2026-10-02T18:18:43.7577638Z 
2026-10-02T18:18:43.7577726Z [1;33mwarning[0m: warning 14
2026-10-02T18:18:43.7577905Z   [1;34m-->[0m test.sn:1:1
2026-10-02T18:18:43.7578051Z       source
2026-10-02T18:18:43.7578191Z       [1;33m^[0m
2026-10-02T18:18:43.7578265Z 
2026-10-02T18:18:43.7578271Z 
2026-10-02T18:18:43.7578355Z [1;31merror[0m: error 15
2026-10-02T18:18:43.7578454Z 
2026-10-02T18:18:43.7578457Z 
2026-10-02T18:18:43.7578539Z [1;33mwarning[0m: warning 15
2026-10-02T18:18:43.7578731Z   [1;34m-->[0m test.sn:1:1
2026-10-02T18:18:43.7578891Z       source
2026-10-02T18:18:43.7579032Z       [1;33m^[0m
2026-10-02T18:18:43.7579112Z 
2026-10-02T18:18:43.7579114Z 
2026-10-02T18:18:43.7579197Z [1;31merror[0m: error 16
2026-10-02T18:18:43.7579293Z 
2026-10-02T18:18:43.7579295Z 
2026-10-02T18:18:43.7579382Z [1;33mwarning[0m: warning 16
2026-10-02T18:18:43.7579566Z   [1;34m-->[0m test.sn:1:1
2026-10-02T18:18:43.7579715Z       source
2026-10-02T18:18:43.7579854Z       [1;33m^[0m
2026-10-02T18:18:43.7579934Z 
2026-10-02T18:18:43.7579936Z 
2026-10-02T18:18:43.7580012Z [1;31merror[0m: error 17
2026-10-02T18:18:43.7580106Z 
2026-10-02T18:18:43.7580108Z 
2026-10-02T18:18:43.7580187Z [1;33mwarning[0m: warning 17
2026-10-02T18:18:43.7580368Z   [1;34m-->[0m test.sn:1:1
2026-10-02T18:18:43.7580528Z       source
2026-10-02T18:18:43.7580668Z       [1;33m^[0m
2026-10-02T18:18:43.7580742Z 
2026-10-02T18:18:43.7580745Z 
2026-10-02T18:18:43.7580826Z [1;31merror[0m: error 18
2026-10-02T18:18:43.7580916Z 
2026-10-02T18:18:43.7580919Z 
2026-10-02T18:18:43.7581007Z [1;33mwarning[0m: warning 18
2026-10-02T18:18:43.7581188Z   [1;34m-->[0m test.sn:1:1
2026-10-02T18:18:43.7581338Z       source
2026-10-02T18:18:43.7581477Z       [1;33m^[0m
2026-10-02T18:18:43.7581559Z 
2026-10-02T18:18:43.7581561Z 
2026-10-02T18:18:43.7581637Z [1;31merror[0m: error 19
2026-10-02T18:18:43.7581735Z 
2026-10-02T18:18:43.7581737Z 
2026-10-02T18:18:43.7581825Z [1;33mwarning[0m: warning 19
2026-10-02T18:18:43.7582005Z   [1;34m-->[0m test.sn:1:1
2026-10-02T18:18:43.7582152Z       source
2026-10-02T18:18:43.7582296Z       [1;33m^[0m
2026-10-02T18:18:43.7582371Z 
2026-10-02T18:18:43.7582373Z 
2026-10-02T18:18:43.7582455Z [1;31merror[0m: error 20
2026-10-02T18:18:43.7582556Z 
2026-10-02T18:18:43.7582558Z 
2026-10-02T18:18:43.7582637Z [1;33mwarning[0m: warning 20
2026-10-02T18:18:43.7582815Z   [1;34m-->[0m test.sn:1:1
2026-10-02T18:18:43.7582959Z       source
2026-10-02T18:18:43.7583101Z       [1;33m^[0m
2026-10-02T18:18:43.7583181Z 
2026-10-02T18:18:43.7583183Z 
2026-10-02T18:18:43.7583265Z [1;31merror[0m: error 21
2026-10-02T18:18:43.7583357Z 
2026-10-02T18:18:43.7583359Z 
2026-10-02T18:18:43.7583446Z [1;33mwarning[0m: warning 21
2026-10-02T18:18:43.7583627Z   [1;34m-->[0m test.sn:1:1
2026-10-02T18:18:43.7583773Z       source
2026-10-02T18:18:43.7583914Z       [1;33m^[0m
2026-10-02T18:18:43.7583993Z 
2026-10-02T18:18:43.7583995Z 
2026-10-02T18:18:43.7584070Z [1;31merror[0m: error 22
2026-10-02T18:18:43.7584166Z 
2026-10-02T18:18:43.7584168Z 
2026-10-02T18:18:43.7584247Z [1;33mwarning[0m: warning 22
2026-10-02T18:18:43.7584427Z   [1;34m-->[0m test.sn:1:1
2026-10-02T18:18:43.7584573Z       source
2026-10-02T18:18:43.7584719Z       [1;33m^[0m
2026-10-02T18:18:43.7585138Z 
2026-10-02T18:18:43.7585140Z 
2026-10-02T18:18:43.7585226Z [1;31merror[0m: error 23
2026-10-02T18:18:43.7585319Z 
2026-10-02T18:18:43.7585321Z 
2026-10-02T18:18:43.7585409Z [1;33mwarning[0m: warning 23
2026-10-02T18:18:43.7585591Z   [1;34m-->[0m test.sn:1:1
2026-10-02T18:18:43.7585738Z       source
2026-10-02T18:18:43.7585880Z       [1;33m^[0m
2026-10-02T18:18:43.7585964Z 
2026-10-02T18:18:43.7586034Z 
2026-10-02T18:18:43.7586111Z [1;31merror[0m: error 24
2026-10-02T18:18:43.7586207Z 
2026-10-02T18:18:43.7586210Z 
2026-10-02T18:18:43.7586295Z [1;33mwarning[0m: warning 24
2026-10-02T18:18:43.7586477Z   [1;34m-->[0m test.sn:1:1
2026-10-02T18:18:43.7586625Z       source
2026-10-02T18:18:43.7586770Z       [1;33m^[0m
2026-10-02T18:18:43.7586851Z 
2026-10-02T18:18:43.7586853Z 
2026-10-02T18:18:43.7586940Z [1;31merror[0m: error 25
2026-10-02T18:18:43.7587042Z 
2026-10-02T18:18:43.7587045Z 
2026-10-02T18:18:43.7587126Z [1;33mwarning[0m: warning 25
2026-10-02T18:18:43.7587310Z   [1;34m-->[0m test.sn:1:1
2026-10-02T18:18:43.7587467Z       source
2026-10-02T18:18:43.7587612Z       [1;33m^[0m
2026-10-02T18:18:43.7587698Z 
2026-10-02T18:18:43.7587700Z 
2026-10-02T18:18:43.7587782Z [1;31merror[0m: error 26
2026-10-02T18:18:43.7587873Z 
2026-10-02T18:18:43.7587875Z 
2026-10-02T18:18:43.7587964Z [1;33mwarning[0m: warning 26
2026-10-02T18:18:43.7588147Z   [1;34m-->[0m test.sn:1:1
2026-10-02T18:18:43.7588295Z       source
2026-10-02T18:18:43.7588440Z       [1;33m^[0m
2026-10-02T18:18:43.7588519Z 
2026-10-02T18:18:43.7588522Z 
2026-10-02T18:18:43.7588595Z [1;31merror[0m: error 27
2026-10-02T18:18:43.7588693Z 
2026-10-02T18:18:43.7588696Z 
2026-10-02T18:18:43.7588777Z [1;33mwarning[0m: warning 27
2026-10-02T18:18:43.7588957Z   [1;34m-->[0m test.sn:1:1
2026-10-02T18:18:43.7589107Z       source
2026-10-02T18:18:43.7589259Z       [1;33m^[0m
2026-10-02T18:18:43.7589336Z 
2026-10-02T18:18:43.7589338Z 
2026-10-02T18:18:43.7589427Z [1;31merror[0m: error 28
2026-10-02T18:18:43.7589519Z 
2026-10-02T18:18:43.7589521Z 
2026-10-02T18:18:43.7589609Z [1;33mwarning[0m: warning 28
2026-10-02T18:18:43.7589788Z   [1;34m-->[0m test.sn:1:1
2026-10-02T18:18:43.7589930Z       source
2026-10-02T18:18:43.7590070Z       [1;33m^[0m
2026-10-02T18:18:43.7590150Z 
2026-10-02T18:18:43.7590152Z 
2026-10-02T18:18:43.7590228Z [1;31merror[0m: error 29
2026-10-02T18:18:43.7590331Z 
2026-10-02T18:18:43.7590334Z 
2026-10-02T18:18:43.7590414Z [1;33mwarning[0m: warning 29
2026-10-02T18:18:43.7590783Z   [1;34m-->[0m test.sn:1:1
2026-10-02T18:18:43.7590934Z       source
2026-10-02T18:18:43.7591082Z       [1;33m^[0m
2026-10-02T18:18:43.7591156Z 
2026-10-02T18:18:43.7591159Z 
2026-10-02T18:18:43.7591244Z [1;31merror[0m: error 30
2026-10-02T18:18:43.7591342Z 
2026-10-02T18:18:43.7591344Z 
2026-10-02T18:18:43.7591427Z [1;33mwarning[0m: warning 30
2026-10-02T18:18:43.7591692Z   [1;34m-->[0m test.sn:1:1
2026-10-02T18:18:43.7591936Z       source
2026-10-02T18:18:43.7592083Z       [1;33m^[0m
2026-10-02T18:18:43.7592164Z 
2026-10-02T18:18:43.7592166Z 
2026-10-02T18:18:43.7592248Z [1;31merror[0m: error 31
2026-10-02T18:18:43.7592339Z 
2026-10-02T18:18:43.7592341Z 
2026-10-02T18:18:43.7592428Z [1;33mwarning[0m: warning 31
2026-10-02T18:18:43.7592609Z   [1;34m-->[0m test.sn:1:1
2026-10-02T18:18:43.7592758Z       source
2026-10-02T18:18:43.7592906Z       [1;33m^[0m
2026-10-02T18:18:43.7592991Z 
2026-10-02T18:18:43.7592993Z 
2026-10-02T18:18:43.7593069Z [1;31merror[0m: error 32
2026-10-02T18:18:43.7593168Z 
2026-10-02T18:18:43.7593171Z 
2026-10-02T18:18:43.7593251Z [1;33mwarning[0m: warning 32
2026-10-02T18:18:43.7593429Z   [1;34m-->[0m test.sn:1:1
2026-10-02T18:18:43.7593581Z       source
2026-10-02T18:18:43.7593731Z       [1;33m^[0m
2026-10-02T18:18:43.7593805Z 
2026-10-02T18:18:43.7593807Z 
2026-10-02T18:18:43.7593887Z [1;31merror[0m: error 33
2026-10-02T18:18:43.7593977Z 
2026-10-02T18:18:43.7594085Z 
2026-10-02T18:18:43.7594177Z [1;33mwarning[0m: warning 33
2026-10-02T18:18:43.7594363Z   [1;34m-->[0m test.sn:1:1
2026-10-02T18:18:43.7594515Z       source
2026-10-02T18:18:43.7594652Z       [1;33m^[0m
2026-10-02T18:18:43.7594733Z 
2026-10-02T18:18:43.7594735Z 
2026-10-02T18:18:43.7594809Z [1;31merror[0m: error 34
2026-10-02T18:18:43.7594907Z 
2026-10-02T18:18:43.7594909Z 
2026-10-02T18:18:43.7595054Z [1;33mwarning[0m: warning 34
2026-10-02T18:18:43.7595246Z   [1;34m-->[0m test.sn:1:1
2026-10-02T18:18:43.7595394Z       source
2026-10-02T18:18:43.7595534Z       [1;33m^[0m
2026-10-02T18:18:43.7595608Z 
2026-10-02T18:18:43.7595610Z 
2026-10-02T18:18:43.7595696Z [1;31merror[0m: error 35
2026-10-02T18:18:43.7595785Z 
2026-10-02T18:18:43.7595793Z 
2026-10-02T18:18:43.7595874Z [1;33mwarning[0m: warning 35
2026-10-02T18:18:43.7596053Z   [1;34m-->[0m test.sn:1:1
2026-10-02T18:18:43.7596199Z       source
2026-10-02T18:18:43.7596338Z       [1;33m^[0m
2026-10-02T18:18:43.7596424Z 
2026-10-02T18:18:43.7596426Z 
2026-10-02T18:18:43.7596522Z [1;31merror[0m: error 36
2026-10-02T18:18:43.7601727Z 
2026-10-02T18:18:43.7601730Z 
2026-10-02T18:18:43.7601856Z [1;33mwarning[0m: warning 36
2026-10-02T18:18:43.7602066Z   [1;34m-->[0m test.sn:1:1
2026-10-02T18:18:43.7602221Z       source
2026-10-02T18:18:43.7602372Z       [1;33m^[0m
2026-10-02T18:18:43.7602447Z 
2026-10-02T18:18:43.7602458Z 
2026-10-02T18:18:43.7602539Z [1;31merror[0m: error 37
2026-10-02T18:18:43.7602640Z 
2026-10-02T18:18:43.7602643Z 
2026-10-02T18:18:43.7602724Z [1;33mwarning[0m: warning 37
2026-10-02T18:18:43.7602961Z   [1;34m-->[0m test.sn:1:1
2026-10-02T18:18:43.7603189Z       source
2026-10-02T18:18:43.7603412Z       [1;33m^[0m
2026-10-02T18:18:43.7603549Z 
2026-10-02T18:18:43.7603553Z 
2026-10-02T18:18:43.7603677Z [1;31merror[0m: error 38
2026-10-02T18:18:43.7603771Z 
2026-10-02T18:18:43.7603774Z 
2026-10-02T18:18:43.7603869Z [1;33mwarning[0m: warning 38
2026-10-02T18:18:43.7604058Z   [1;34m-->[0m test.sn:1:1
2026-10-02T18:18:43.7604212Z       source
2026-10-02T18:18:43.7604351Z       [1;33m^[0m
2026-10-02T18:18:43.7604431Z 
2026-10-02T18:18:43.7604434Z 
2026-10-02T18:18:43.7604510Z [1;31merror[0m: error 39
2026-10-02T18:18:43.7604610Z 
2026-10-02T18:18:43.7604613Z 
2026-10-02T18:18:43.7604691Z [1;33mwarning[0m: warning 39
2026-10-02T18:18:43.7604876Z   [1;34m-->[0m test.sn:1:1
2026-10-02T18:18:43.7605030Z       source
2026-10-02T18:18:43.7605176Z       [1;33m^[0m
2026-10-02T18:18:43.7605250Z 
2026-10-02T18:18:43.7605252Z 
2026-10-02T18:18:43.7605340Z [1;31merror[0m: error 40
2026-10-02T18:18:43.7605431Z 
2026-10-02T18:18:43.7605433Z 
2026-10-02T18:18:43.7605520Z [1;33mwarning[0m: warning 40
2026-10-02T18:18:43.7605700Z   [1;34m-->[0m test.sn:1:1
2026-10-02T18:18:43.7605852Z       source
2026-10-02T18:18:43.7605998Z       [1;33m^[0m
2026-10-02T18:18:43.7606072Z 
2026-10-02T18:18:43.7606082Z 
2026-10-02T18:18:43.7606164Z [1;31merror[0m: error 41
2026-10-02T18:18:43.7606260Z 
2026-10-02T18:18:43.7606263Z 
2026-10-02T18:18:43.7606343Z [1;33mwarning[0m: warning 41
2026-10-02T18:18:43.7606526Z   [1;34m-->[0m test.sn:1:1
2026-10-02T18:18:43.7606678Z       source
2026-10-02T18:18:43.7606827Z       [1;33m^[0m
2026-10-02T18:18:43.7606901Z 
2026-10-02T18:18:43.7606904Z 
2026-10-02T18:18:43.7606989Z [1;31merror[0m: error 42
2026-10-02T18:18:43.7607083Z 
2026-10-02T18:18:43.7607086Z 
2026-10-02T18:18:43.7607176Z [1;33mwarning[0m: warning 42
2026-10-02T18:18:43.7607362Z   [1;34m-->[0m test.sn:1:1
2026-10-02T18:18:43.7607512Z       source
2026-10-02T18:18:43.7607654Z       [1;33m^[0m
2026-10-02T18:18:43.7607736Z 
2026-10-02T18:18:43.7607738Z 
2026-10-02T18:18:43.7607815Z [1;31merror[0m: error 43
2026-10-02T18:18:43.7607912Z 
2026-10-02T18:18:43.7607915Z 
2026-10-02T18:18:43.7607996Z [1;33mwarning[0m: warning 43
2026-10-02T18:18:43.7608185Z   [1;34m-->[0m test.sn:1:1
2026-10-02T18:18:43.7608467Z       source
2026-10-02T18:18:43.7608614Z       [1;33m^[0m
2026-10-02T18:18:43.7608691Z 
2026-10-02T18:18:43.7608693Z 
2026-10-02T18:18:43.7608775Z [1;31merror[0m: error 44
2026-10-02T18:18:43.7608898Z 
2026-10-02T18:18:43.7608902Z 
2026-10-02T18:18:43.7609043Z [1;33mwarning[0m: warning 44
2026-10-02T18:18:43.7609289Z   [1;34m-->[0m test.sn:1:1
2026-10-02T18:18:43.7609515Z       source
2026-10-02T18:18:43.7609882Z       [1;33m^[0m
2026-10-02T18:18:43.7609971Z 
2026-10-02T18:18:43.7609974Z 
2026-10-02T18:18:43.7610061Z [1;31merror[0m: error 45
2026-10-02T18:18:43.7610152Z 
2026-10-02T18:18:43.7610154Z 
2026-10-02T18:18:43.7610306Z [1;33mwarning[0m: warning 45
2026-10-02T18:18:43.7610586Z   [1;34m-->[0m test.sn:1:1
2026-10-02T18:18:43.7611010Z       source
2026-10-02T18:18:43.7611217Z       [1;33m^[0m
2026-10-02T18:18:43.7611338Z 
2026-10-02T18:18:43.7611342Z 
2026-10-02T18:18:43.7611464Z [1;31merror[0m: error 46
2026-10-02T18:18:43.7611623Z 
2026-10-02T18:18:43.7611633Z 
2026-10-02T18:18:43.7611770Z [1;33mwarning[0m: warning 46
2026-10-02T18:18:43.7612083Z   [1;34m-->[0m test.sn:1:1
2026-10-02T18:18:43.7612324Z       source
2026-10-02T18:18:43.7612529Z       [1;33m^[0m
2026-10-02T18:18:43.7612647Z 
2026-10-02T18:18:43.7612651Z 
2026-10-02T18:18:43.7612781Z [1;31merror[0m: error 47
2026-10-02T18:18:43.7612939Z 
2026-10-02T18:18:43.7612953Z 
2026-10-02T18:18:43.7613081Z [1;33mwarning[0m: warning 47
2026-10-02T18:18:43.7613342Z   [1;34m-->[0m test.sn:1:1
2026-10-02T18:18:43.7613568Z       source
2026-10-02T18:18:43.7613772Z       [1;33m^[0m
2026-10-02T18:18:43.7613885Z 
2026-10-02T18:18:43.7613889Z 
2026-10-02T18:18:43.7613996Z [1;31merror[0m: error 48
2026-10-02T18:18:43.7614139Z 
2026-10-02T18:18:43.7614142Z 
2026-10-02T18:18:43.7614272Z [1;33mwarning[0m: warning 48
2026-10-02T18:18:43.7614533Z   [1;34m-->[0m test.sn:1:1
2026-10-02T18:18:43.7614741Z       source
2026-10-02T18:18:43.7614944Z       [1;33m^[0m
2026-10-02T18:18:43.7615490Z 
2026-10-02T18:18:43.7615497Z 
2026-10-02T18:18:43.7615692Z [1;31merror[0m: error 49
2026-10-02T18:18:43.7615875Z 
2026-10-02T18:18:43.7615879Z 
2026-10-02T18:18:43.7616031Z [1;33mwarning[0m: warning 49
2026-10-02T18:18:43.7616365Z   [1;34m-->[0m test.sn:1:1
2026-10-02T18:18:43.7616617Z       source
2026-10-02T18:18:43.7616859Z       [1;33m^[0m
2026-10-02T18:18:43.7619133Z 
2026-10-02T18:18:43.7619138Z 
2026-10-02T18:18:43.7633197Z [1;31merror[0m: xxxxxxxxxxxxxxxxxxxxxxxxxxxxxxxxxxxxxxxxxxxxxxxxxxxxxxxxxxxxxxxxxxxxxxxxxxxxxxxxxxxxxxxxxxxxxxxxxxxxxxxxxxxxxxxxxxxxxxxxxxxxxxxxxxxxxxxxxxxxxxxxxxxxxxxxxxxxxxxxxxxxxxxxxxxxxxxxxxxxxxxxxxxxxxxxxxxxxxxxxxxxxxxxxxxxxxxxxxxxxxxxxxxxxxxxxxxxxxxxxxxxxxxxxxxxxxxxxxxxxxxxxxxxxxxxxxxxxxxxxxxxxxxxxxxxxxxxxxxxxxxxxxxxxxxxxxxxxxxxxxxxxxxxxxxxxxxxxxxxxxxxxxxxxxxxxxxxxxxxxxxxxxxxxxxxxxxxxxxxxxxxxxxxxxxxxxxxxxxxxxxxxxxxxxxxxxxxxxxxxxxxxxxxxxxxxxxxxxxxxxxxxxxxxxxxxxxxxxxxxxxxxxxxxxxxxxxxxxxxxxxxxxxxxxxxxxxxxxxxxxxxxxxxxxx
2026-10-02T18:18:43.7643147Z 
2026-10-02T18:18:43.7643153Z 
2026-10-02T18:18:43.7643811Z [1;31merror[0m: error with special chars: <>"'&%
2026-10-02T18:18:43.7644112Z 
2026-10-02T18:18:43.7644117Z 
2026-10-02T18:18:43.7644268Z [1;31merror[0m: error
2026-10-02T18:18:43.7644427Z 
2026-10-02T18:18:43.7644431Z 
2026-10-02T18:18:43.7644817Z [1;31merror[0m: error
2026-10-02T18:18:43.7645270Z 
2026-10-02T18:18:43.7645275Z 
2026-10-02T18:18:43.7645855Z [1;31merror[0m: error
2026-10-02T18:18:43.7646813Z 
2026-10-02T18:18:43.7646819Z 
2026-10-02T18:18:43.7647294Z [1;31merror[0m: error
2026-10-02T18:18:43.7647463Z 
2026-10-02T18:18:43.7647467Z 
2026-10-02T18:18:43.7647797Z [1;31merror[0m: error
2026-10-02T18:18:43.7648536Z 
2026-10-02T18:18:43.7648544Z 
2026-10-02T18:18:43.7648769Z [1;31merror[0m: error
2026-10-02T18:18:43.7648943Z 
2026-10-02T18:18:43.7648947Z 
2026-10-02T18:18:43.7649085Z [1;31merror[0m: error
2026-10-02T18:18:43.7649228Z 
2026-10-02T18:18:43.7649232Z 
2026-10-02T18:18:43.7649541Z [1;31merror[0m: error
2026-10-02T18:18:43.7649672Z 
2026-10-02T18:18:43.7649676Z 
2026-10-02T18:18:43.7649793Z [1;31merror[0m: error
2026-10-02T18:18:43.7649935Z 
2026-10-02T18:18:43.7649938Z 
2026-10-02T18:18:43.7650048Z [1;31merror[0m: error
2026-10-02T18:18:43.7650182Z 
2026-10-02T18:18:43.7650185Z 
2026-10-02T18:18:43.7650289Z [1;31merror[0m: error
2026-10-02T18:18:43.7650430Z 
2026-10-02T18:18:43.7650434Z 
2026-10-02T18:18:43.7650635Z [1;31merror[0m: error
2026-10-02T18:18:43.7650753Z 
2026-10-02T18:18:43.7650757Z 
2026-10-02T18:18:43.7650877Z [1;31merror[0m: error
2026-10-02T18:18:43.7651004Z 
2026-10-02T18:18:43.7651007Z 
2026-10-02T18:18:43.7651374Z [1;31merror[0m: error
2026-10-02T18:18:43.7651505Z 
2026-10-02T18:18:43.7651516Z 
2026-10-02T18:18:43.7651627Z [1;31merror[0m: error
2026-10-02T18:18:43.7651771Z 
2026-10-02T18:18:43.7651774Z 
2026-10-02T18:18:43.7651888Z [1;31merror[0m: error
2026-10-02T18:18:43.7652029Z 
2026-10-02T18:18:43.7652032Z 
2026-10-02T18:18:43.7652152Z [1;31merror[0m: error
2026-10-02T18:18:43.7652304Z 
2026-10-02T18:18:43.7652307Z 
2026-10-02T18:18:43.7652430Z [1;31merror[0m: error
2026-10-02T18:18:43.7652570Z 
2026-10-02T18:18:43.7652575Z 
2026-10-02T18:18:43.7652696Z [1;31merror[0m: error
2026-10-02T18:18:43.7652839Z 
2026-10-02T18:18:43.7652842Z 
2026-10-02T18:18:43.7652966Z [1;31merror[0m: error
2026-10-02T18:18:43.7653097Z 
2026-10-02T18:18:43.7653107Z 
2026-10-02T18:18:43.7653225Z [1;31merror[0m: error
2026-10-02T18:18:43.7653367Z 
2026-10-02T18:18:43.7653370Z 
2026-10-02T18:18:43.7653487Z [1;31merror[0m: error
2026-10-02T18:18:43.7653637Z 
2026-10-02T18:18:43.7653641Z 
2026-10-02T18:18:43.7653759Z [1;31merror[0m: error
2026-10-02T18:18:43.7653901Z 
2026-10-02T18:18:43.7653904Z 
2026-10-02T18:18:43.7654018Z [1;31merror[0m: error
2026-10-02T18:18:43.7654152Z 
2026-10-02T18:18:43.7654156Z 
2026-10-02T18:18:43.7654278Z [1;31merror[0m: error
2026-10-02T18:18:43.7654413Z 
2026-10-02T18:18:43.7654423Z 
2026-10-02T18:18:43.7654542Z [1;31merror[0m: error
2026-10-02T18:18:43.7654671Z 
2026-10-02T18:18:43.7654685Z 
2026-10-02T18:18:43.7654792Z [1;31merror[0m: error
2026-10-02T18:18:43.7654934Z 
2026-10-02T18:18:43.7654938Z 
2026-10-02T18:18:43.7655053Z [1;31merror[0m: error
2026-10-02T18:18:43.7655206Z 
2026-10-02T18:18:43.7655209Z 
2026-10-02T18:18:43.7655321Z [1;31merror[0m: error
2026-10-02T18:18:43.7655469Z 
2026-10-02T18:18:43.7655477Z 
2026-10-02T18:18:43.7655597Z [1;31merror[0m: error
2026-10-02T18:18:43.7655737Z 
2026-10-02T18:18:43.7655741Z 
2026-10-02T18:18:43.7655865Z [1;31merror[0m: error
2026-10-02T18:18:43.7656003Z 
2026-10-02T18:18:43.7656006Z 
2026-10-02T18:18:43.7656129Z [1;31merror[0m: error
2026-10-02T18:18:43.7656276Z 
2026-10-02T18:18:43.7656280Z 
2026-10-02T18:18:43.7656397Z [1;31merror[0m: error
2026-10-02T18:18:43.7656541Z 
2026-10-02T18:18:43.7656544Z 
2026-10-02T18:18:43.7656656Z [1;31merror[0m: error
2026-10-02T18:18:43.7656814Z 
2026-10-02T18:18:43.7656817Z 
2026-10-02T18:18:43.7656930Z [1;31merror[0m: error
2026-10-02T18:18:43.7657081Z 
2026-10-02T18:18:43.7657085Z 
2026-10-02T18:18:43.7657202Z [1;31merror[0m: error
2026-10-02T18:18:43.7657327Z 
2026-10-02T18:18:43.7657331Z 
2026-10-02T18:18:43.7657435Z [1;31merror[0m: error
2026-10-02T18:18:43.7657551Z 
2026-10-02T18:18:43.7657554Z 
2026-10-02T18:18:43.7657665Z [1;31merror[0m: error
2026-10-02T18:18:43.7657803Z 
2026-10-02T18:18:43.7657807Z 
2026-10-02T18:18:43.7657914Z [1;31merror[0m: error
2026-10-02T18:18:43.7658047Z 
2026-10-02T18:18:43.7658050Z 
2026-10-02T18:18:43.7658156Z [1;31merror[0m: error
2026-10-02T18:18:43.7658298Z 
2026-10-02T18:18:43.7658301Z 
2026-10-02T18:18:43.7658410Z [1;31merror[0m: error
2026-10-02T18:18:43.7658564Z 
2026-10-02T18:18:43.7658567Z 
2026-10-02T18:18:43.7658689Z [1;31merror[0m: error
2026-10-02T18:18:43.7658834Z 
2026-10-02T18:18:43.7658837Z 
2026-10-02T18:18:43.7658962Z [1;31merror[0m: error
2026-10-02T18:18:43.7659266Z 
2026-10-02T18:18:43.7659270Z 
2026-10-02T18:18:43.7659399Z [1;31merror[0m: error
2026-10-02T18:18:43.7659551Z 
2026-10-02T18:18:43.7659555Z 
2026-10-02T18:18:43.7659674Z [1;31merror[0m: error
2026-10-02T18:18:43.7659822Z 
2026-10-02T18:18:43.7659825Z 
2026-10-02T18:18:43.7659937Z [1;31merror[0m: error
2026-10-02T18:18:43.7660080Z 
2026-10-02T18:18:43.7660083Z 
2026-10-02T18:18:43.7660197Z [1;31merror[0m: error
2026-10-02T18:18:43.7660439Z 
2026-10-02T18:18:43.7660443Z 
2026-10-02T18:18:43.7660571Z [1;31merror[0m: error
2026-10-02T18:18:43.7660698Z 
2026-10-02T18:18:43.7660702Z 
2026-10-02T18:18:43.7660819Z [1;31merror[0m: error
2026-10-02T18:18:43.7660945Z 
2026-10-02T18:18:43.7660949Z 
2026-10-02T18:18:43.7661068Z [1;31merror[0m: error
2026-10-02T18:18:43.7661204Z 
2026-10-02T18:18:43.7661207Z 
2026-10-02T18:18:43.7661323Z [1;31merror[0m: error
2026-10-02T18:18:43.7662200Z 
2026-10-02T18:18:43.7662206Z 
2026-10-02T18:18:43.7662397Z [1;31merror[0m: error
2026-10-02T18:18:43.7662588Z 
2026-10-02T18:18:43.7662592Z 
2026-10-02T18:18:43.7662726Z [1;31merror[0m: error
2026-10-02T18:18:43.7662876Z 
2026-10-02T18:18:43.7662879Z 
2026-10-02T18:18:43.7663009Z [1;31merror[0m: error
2026-10-02T18:18:43.7663153Z 
2026-10-02T18:18:43.7663157Z 
2026-10-02T18:18:43.7663282Z [1;31merror[0m: error
2026-10-02T18:18:43.7663416Z 
2026-10-02T18:18:43.7663419Z 
2026-10-02T18:18:43.7663558Z [1;31merror[0m: error
2026-10-02T18:18:43.7663705Z 
2026-10-02T18:18:43.7663709Z 
2026-10-02T18:18:43.7663837Z [1;31merror[0m: error
2026-10-02T18:18:43.7663989Z 
2026-10-02T18:18:43.7663994Z 
2026-10-02T18:18:43.7664115Z [1;31merror[0m: error
2026-10-02T18:18:43.7664258Z 
2026-10-02T18:18:43.7664261Z 
2026-10-02T18:18:43.7664384Z [1;31merror[0m: error
2026-10-02T18:18:43.7664524Z 
2026-10-02T18:18:43.7664528Z 
2026-10-02T18:18:43.7664654Z [1;31merror[0m: error
2026-10-02T18:18:43.7664797Z 
2026-10-02T18:18:43.7664801Z 
2026-10-02T18:18:43.7664936Z [1;31merror[0m: error
2026-10-02T18:18:43.7665075Z 
2026-10-02T18:18:43.7665078Z 
2026-10-02T18:18:43.7665207Z [1;31merror[0m: error
2026-10-02T18:18:43.7665339Z 
2026-10-02T18:18:43.7665342Z 
2026-10-02T18:18:43.7665417Z [1;31merror[0m: error
2026-10-02T18:18:43.7665518Z 
2026-10-02T18:18:43.7665520Z 
2026-10-02T18:18:43.7665600Z [1;31merror[0m: error
2026-10-02T18:18:43.7665701Z 
2026-10-02T18:18:43.7665703Z 
2026-10-02T18:18:43.7665785Z [1;31merror[0m: error
2026-10-02T18:18:43.7665933Z 
2026-10-02T18:18:43.7665937Z 
2026-10-02T18:18:43.7666066Z [1;31merror[0m: error
2026-10-02T18:18:43.7666179Z 
2026-10-02T18:18:43.7666183Z 
2026-10-02T18:18:43.7666264Z [1;31merror[0m: error
2026-10-02T18:18:43.7666358Z 
2026-10-02T18:18:43.7666360Z 
2026-10-02T18:18:43.7666446Z [1;31merror[0m: error
2026-10-02T18:18:43.7666540Z 
2026-10-02T18:18:43.7666543Z 
2026-10-02T18:18:43.7666613Z [1;31merror[0m: error
2026-10-02T18:18:43.7666763Z 
2026-10-02T18:18:43.7666767Z 
2026-10-02T18:18:43.7674716Z [1;31merror[0m: error
2026-10-02T18:18:43.7674905Z 
2026-10-02T18:18:43.7674910Z 
2026-10-02T18:18:43.7675045Z [1;31merror[0m: error
2026-10-02T18:18:43.7675199Z 
2026-10-02T18:18:43.7675202Z 
2026-10-02T18:18:43.7675327Z [1;31merror[0m: error
2026-10-02T18:18:43.7675468Z 
2026-10-02T18:18:43.7675471Z 
2026-10-02T18:18:43.7675600Z [1;31merror[0m: error
2026-10-02T18:18:43.7675740Z 
2026-10-02T18:18:43.7675761Z 
2026-10-02T18:18:43.7675873Z [1;31merror[0m: error
2026-10-02T18:18:43.7676017Z 
2026-10-02T18:18:43.7676021Z 
2026-10-02T18:18:43.7676135Z [1;31merror[0m: error
2026-10-02T18:18:43.7676287Z 
2026-10-02T18:18:43.7676290Z 
2026-10-02T18:18:43.7676408Z [1;31merror[0m: error
2026-10-02T18:18:43.7676551Z 
2026-10-02T18:18:43.7676554Z 
2026-10-02T18:18:43.7676679Z [1;31merror[0m: error
2026-10-02T18:18:43.7676816Z 
2026-10-02T18:18:43.7676819Z 
2026-10-02T18:18:43.7676944Z [1;31merror[0m: error
2026-10-02T18:18:43.7677087Z 
2026-10-02T18:18:43.7677273Z 
2026-10-02T18:18:43.7677404Z [1;31merror[0m: error
2026-10-02T18:18:43.7677545Z 
2026-10-02T18:18:43.7677558Z 
2026-10-02T18:18:43.7677673Z [1;31merror[0m: error
2026-10-02T18:18:43.7677824Z 
2026-10-02T18:18:43.7677827Z 
2026-10-02T18:18:43.7677945Z [1;31merror[0m: error
2026-10-02T18:18:43.7678100Z 
2026-10-02T18:18:43.7678104Z 
2026-10-02T18:18:43.7678224Z [1;31merror[0m: error
2026-10-02T18:18:43.7678369Z 
2026-10-02T18:18:43.7678491Z 
2026-10-02T18:18:43.7678622Z [1;31merror[0m: error
2026-10-02T18:18:43.7678772Z 
2026-10-02T18:18:43.7678775Z 
2026-10-02T18:18:43.7678906Z [1;31merror[0m: error
2026-10-02T18:18:43.7679047Z 
2026-10-02T18:18:43.7679051Z 
2026-10-02T18:18:43.7679174Z [1;31merror[0m: error
2026-10-02T18:18:43.7679317Z 
2026-10-02T18:18:43.7679321Z 
2026-10-02T18:18:43.7679437Z [1;31merror[0m: error
2026-10-02T18:18:43.7679586Z 
2026-10-02T18:18:43.7679589Z 
2026-10-02T18:18:43.7679704Z [1;31merror[0m: error
2026-10-02T18:18:43.7679853Z 
2026-10-02T18:18:43.7679857Z 
2026-10-02T18:18:43.7679972Z [1;31merror[0m: error
2026-10-02T18:18:43.7680118Z 
2026-10-02T18:18:43.7680122Z 
2026-10-02T18:18:43.7680245Z [1;31merror[0m: error
2026-10-02T18:18:43.7680386Z 
2026-10-02T18:18:43.7680390Z 
2026-10-02T18:18:43.7680513Z [1;31merror[0m: error
2026-10-02T18:18:43.7680655Z 
2026-10-02T18:18:43.7680659Z 
2026-10-02T18:18:43.7680783Z [1;31merror[0m: error
2026-10-02T18:18:43.7680946Z 
2026-10-02T18:18:43.7680950Z 
2026-10-02T18:18:43.7681056Z [1;31merror[0m: error
2026-10-02T18:18:43.7681198Z 
2026-10-02T18:18:43.7681201Z 
2026-10-02T18:18:43.7681324Z [1;31merror[0m: error
2026-10-02T18:18:43.7681473Z 
2026-10-02T18:18:43.7681476Z 
2026-10-02T18:18:43.7681591Z [1;31merror[0m: error
2026-10-02T18:18:43.7681737Z 
2026-10-02T18:18:43.7681741Z 
2026-10-02T18:18:43.7681859Z [1;31merror[0m: error
2026-10-02T18:18:43.7681997Z 
2026-10-02T18:18:43.7682001Z 
2026-10-02T18:18:43.7682127Z [1;31merror[0m: error
2026-10-02T18:18:43.7682281Z 
2026-10-02T18:18:43.7682285Z 
2026-10-02T18:18:43.7682429Z [1;31merror[0m: error
2026-10-02T18:18:43.7682573Z 
2026-10-02T18:18:43.7682577Z 
2026-10-02T18:18:43.7682694Z [1;31merror[0m: error
2026-10-02T18:18:43.7682844Z 
2026-10-02T18:18:43.7682848Z 
2026-10-02T18:18:43.7682967Z [1;31merror[0m: error
2026-10-02T18:18:43.7683110Z 
2026-10-02T18:18:43.7683113Z 
2026-10-02T18:18:43.7683232Z [1;31merror[0m: error
2026-10-02T18:18:43.7683377Z 
2026-10-02T18:18:43.7683380Z 
2026-10-02T18:18:43.7683508Z [1;31merror[0m: error
2026-10-02T18:18:43.7683652Z 
2026-10-02T18:18:43.7684203Z [ERROR] D:/a/sindarin-compiler/sindarin-compiler/src/ast/ast_type.c:332: Cannot create function type: param_types is NULL but param_count > 0
2026-10-02T18:18:43.7685328Z [ERROR] D:/a/sindarin-compiler/sindarin-compiler/src/ast/ast_expr_basic.c:8: Cannot create comparison with NULL expressions
2026-10-02T18:18:43.7687492Z [ERROR] D:/a/sindarin-compiler/sindarin-compiler/src/ast/ast_expr_basic.c:8: Cannot create comparison with NULL expressions
2026-10-02T18:18:43.7688518Z [ERROR] D:/a/sindarin-compiler/sindarin-compiler/src/ast/ast_expr_struct.c:73: Cannot create member access with NULL object
2026-10-02T18:18:43.7691477Z 
2026-10-02T18:18:43.7693670Z [1;31merror[0m: 'static' at module level can only be used with 'var' or 'sync var'. Did you mean 'static var' or 'static sync var'? (got 'fn')
2026-10-02T18:18:43.7694478Z   [1;34m-->[0m test.sn:1:1
2026-10-02T18:18:43.7694740Z       source
2026-10-02T18:18:43.7694988Z       [1;31m^^[0m
2026-10-02T18:18:43.7695122Z 
2026-10-02T18:18:43.7695127Z 
2026-10-02T18:18:43.7697230Z [1;31merror[0m: Expected expression (got '')
2026-10-02T18:18:43.7701963Z   [1;34m-->[0m test.sn:2:1
2026-10-02T18:18:43.7702178Z 
2026-10-02T18:18:43.7702182Z 
2026-10-02T18:18:43.7702534Z [1;31merror[0m: Cannot use reserved keyword 'for' as namespace name (got 'for')
2026-10-02T18:18:43.7703253Z   [1;34m-->[0m test.sn:1:1
2026-10-02T18:18:43.7703692Z       source
2026-10-02T18:18:43.7703950Z       [1;31m^^^[0m
2026-10-02T18:18:43.7704771Z 
2026-10-02T18:18:43.7704777Z 
2026-10-02T18:18:43.7705796Z [1;31merror[0m: Expected namespace identifier after 'as' (got '
2026-10-02T18:18:43.7706221Z ')
2026-10-02T18:18:43.7706487Z   [1;34m-->[0m test.sn:2:1
2026-10-02T18:18:43.7714225Z 
2026-10-02T18:18:43.7714480Z 
2026-10-02T18:18:43.7722180Z [1;31merror[0m: Cannot use reserved keyword 'var' as namespace name (got 'var')
2026-10-02T18:18:43.7723498Z   [1;34m-->[0m test.sn:1:1
2026-10-02T18:18:43.7723770Z       source
2026-10-02T18:18:43.7725763Z       [1;31m^^^[0m
2026-10-02T18:18:43.7726314Z 
2026-10-02T18:18:43.7726320Z 
2026-10-02T18:18:43.7731491Z [1;31merror[0m: Cannot use reserved keyword 'fn' as namespace name (got 'fn')
2026-10-02T18:18:43.7737403Z   [1;34m-->[0m test.sn:1:1
2026-10-02T18:18:43.7739174Z       source
2026-10-02T18:18:43.7739518Z       [1;31m^^[0m
2026-10-02T18:18:43.7740249Z 
2026-10-02T18:18:43.7740267Z 
2026-10-02T18:18:43.7745868Z [1;31merror[0m: Cannot use reserved keyword 'return' as namespace name (got 'return')
2026-10-02T18:18:43.7754816Z   [1;34m-->[0m test.sn:1:1
2026-10-02T18:18:43.7755453Z       source
2026-10-02T18:18:43.7757468Z       [1;31m^^^^^^[0m
2026-10-02T18:18:43.7760578Z 
2026-10-02T18:18:43.7760592Z 
2026-10-02T18:18:43.7762331Z [1;31merror[0m: Cannot use reserved keyword 'import' as namespace name (got 'import')
2026-10-02T18:18:43.7764720Z   [1;34m-->[0m test.sn:1:1
2026-10-02T18:18:43.7766310Z       source
2026-10-02T18:18:43.7767158Z       [1;31m^^^^^^[0m
2026-10-02T18:18:43.7767490Z 
2026-10-02T18:18:43.7767496Z 
2026-10-02T18:18:43.7768461Z [1;31merror[0m: Cannot use reserved keyword 'str' as namespace name (got 'str')
2026-10-02T18:18:43.7771506Z   [1;34m-->[0m test.sn:1:1
2026-10-02T18:18:43.7771789Z       source
2026-10-02T18:18:43.7772041Z       [1;31m^^^[0m
2026-10-02T18:18:43.7772189Z 
2026-10-02T18:18:43.7772194Z 
2026-10-02T18:18:43.7774241Z [1;31merror[0m: Cannot use reserved keyword 'int' as namespace name (got 'int')
2026-10-02T18:18:43.7774904Z   [1;34m-->[0m test.sn:1:1
2026-10-02T18:18:43.7775385Z       source
2026-10-02T18:18:43.7776949Z       [1;31m^^^[0m
2026-10-02T18:18:43.7777099Z 
2026-10-02T18:18:43.7777103Z 
2026-10-02T18:18:43.7777361Z [1;31merror[0m: Expected namespace identifier after 'as' (got '
2026-10-02T18:18:43.7778095Z ')
2026-10-02T18:18:43.7778362Z   [1;34m-->[0m test.sn:2:1
2026-10-02T18:18:43.7778539Z 
2026-10-02T18:18:43.7778544Z 
2026-10-02T18:18:43.7778833Z [1;31merror[0m: Expected namespace identifier after 'as' (got '123')
2026-10-02T18:18:43.7779292Z   [1;34m-->[0m test.sn:1:1
2026-10-02T18:18:43.7779538Z       source
2026-10-02T18:18:43.7779772Z       [1;31m^^^[0m
2026-10-02T18:18:43.7779923Z 
2026-10-02T18:18:43.7779928Z 
2026-10-02T18:18:43.7784389Z [1;31merror[0m: Duplicate field name 'x' in struct 'Point' (got 'x')
2026-10-02T18:18:43.7788774Z   [1;34m-->[0m test.sn:4:1
2026-10-02T18:18:43.7790029Z 
2026-10-02T18:18:43.7790035Z 
2026-10-02T18:18:43.7792682Z [1;31merror[0m: Pointer field 'ptr' not allowed in struct 'Data'. Use 'native struct' for structs with pointer fields:
2026-10-02T18:18:43.7795795Z     native struct Data =>
2026-10-02T18:18:43.7796461Z         ptr: *... (got 'ptr')
2026-10-02T18:18:43.7798462Z   [1;34m-->[0m test.sn:2:1
2026-10-02T18:18:43.7799076Z 
2026-10-02T18:18:43.7799379Z 
2026-10-02T18:18:43.7799766Z [1;31merror[0m: Expected '=>' after struct name or 'as ref'/'as val' (got '
2026-10-02T18:18:43.7804449Z ')
2026-10-02T18:18:43.7809101Z   [1;34m-->[0m test.sn:2:1
2026-10-02T18:18:43.7810148Z 
2026-10-02T18:18:43.7810294Z 
2026-10-02T18:18:43.7811083Z [1;31merror[0m: Expected type (got '
2026-10-02T18:18:43.7812224Z ')
2026-10-02T18:18:43.7813454Z   [1;34m-->[0m test.sn:3:1
2026-10-02T18:18:43.7813857Z 
2026-10-02T18:18:43.7813862Z 
2026-10-02T18:18:43.7814516Z [1;31merror[0m: Expected ':' after field name (got '1.0')
2026-10-02T18:18:43.7816353Z   [1;34m-->[0m test.sn:4:1
2026-10-02T18:18:43.7816873Z 
2026-10-02T18:18:43.7816877Z 
2026-10-02T18:18:43.7817259Z [1;31merror[0m: Expected field name in struct literal (got '123')
2026-10-02T18:18:43.7820588Z   [1;34m-->[0m test.sn:4:1
2026-10-02T18:18:43.7821255Z 
2026-10-02T18:18:43.7822687Z [ERROR] D:/a/sindarin-compiler/sindarin-compiler/src/symbol_table/symbol_table_core.c:245: NULL arena in symbol_table_init
2026-10-02T18:18:43.7823831Z [ERROR] D:/a/sindarin-compiler/sindarin-compiler/src/symbol_table/symbol_table_core.c:406: No active scope when adding symbol
2026-10-02T18:18:43.7824989Z [ERROR] D:/a/sindarin-compiler/sindarin-compiler/src/symbol_table/symbol_table_core.c:680: Symbol not found in get_symbol_offset: 'bad_offset'
2026-10-02T18:18:43.7826146Z [ERROR] D:/a/sindarin-compiler/sindarin-compiler/src/symbol_table/symbol_table_thread.c:82: Cannot mark NULL symbol as pending
2026-10-02T18:18:43.7827288Z [ERROR] D:/a/sindarin-compiler/sindarin-compiler/src/symbol_table/symbol_table_thread.c:100: Cannot mark NULL symbol as synchronized
2026-10-02T18:18:43.7828394Z [ERROR] D:/a/sindarin-compiler/sindarin-compiler/src/symbol_table/symbol_table_namespace_basic.c:116: Namespace 'badns' not found
2026-10-02T18:18:43.7829636Z [ERROR] D:/a/sindarin-compiler/sindarin-compiler/src/symbol_table/symbol_table_namespace_basic.c:29: Namespace 'dupns' already exists in global scope
2026-10-02T18:18:43.7831253Z [ERROR] D:/a/sindarin-compiler/sindarin-compiler/src/symbol_table/symbol_table_core.c:680: Symbol not found in get_symbol_offset: 'anything'
2026-10-02T18:18:43.7832242Z [ERROR] D:/a/sindarin-compiler/sindarin-compiler/src/token.c:52: Invalid SnTokenType: -1
2026-10-02T18:18:43.7833057Z [ERROR] D:/a/sindarin-compiler/sindarin-compiler/src/token.c:52: Invalid SnTokenType: 999
2026-10-02T18:18:43.7833354Z [ERROR] D:/a/sindarin-compiler/sindarin-compiler/src/token.c:52: Invalid SnTokenType: 999
2026-10-02T18:18:43.7833370Z 
2026-10-02T18:18:43.7833694Z [1;31merror[0m: Initializer type does not match variable type
2026-10-02T18:18:43.7833852Z   [1;34m-->[0m test.sn:1:1
2026-10-02T18:18:43.7833934Z       source
2026-10-02T18:18:43.7834063Z       [1;31m^^^[0m
2026-10-02T18:18:43.7834068Z 
2026-10-02T18:18:43.7834073Z 
2026-10-02T18:18:43.7834246Z [1;31merror[0m: Cannot access non-array
2026-10-02T18:18:43.7834393Z   [1;34m-->[0m test.sn:2:1
2026-10-02T18:18:43.7834398Z 
2026-10-02T18:18:43.7834408Z 
2026-10-02T18:18:43.7834604Z [1;31merror[0m: Array index must be numeric type
2026-10-02T18:18:43.7834737Z   [1;34m-->[0m test.sn:2:1
2026-10-02T18:18:43.7834743Z 
2026-10-02T18:18:43.7834747Z 
2026-10-02T18:18:43.7834929Z [1;31merror[0m: Type mismatch in assignment
2026-10-02T18:18:43.7835057Z   [1;34m-->[0m test.sn:1:1
2026-10-02T18:18:43.7835149Z       source
2026-10-02T18:18:43.7835265Z       [1;31m^^^[0m
2026-10-02T18:18:43.7835280Z 
2026-10-02T18:18:43.7835284Z 
2026-10-02T18:18:43.7835511Z [1;31merror[0m: Cannot slice non-array, non-pointer type
2026-10-02T18:18:43.7835652Z   [1;34m-->[0m test.sn:1:1
2026-10-02T18:18:43.7835731Z       source
2026-10-02T18:18:43.7835862Z       [1;31m^[0m
2026-10-02T18:18:43.7835867Z 
2026-10-02T18:18:43.7835870Z 
2026-10-02T18:18:43.7836140Z [1;31merror[0m: Default value type does not match array element type
2026-10-02T18:18:43.7836279Z   [1;34m-->[0m test.sn:1:1
2026-10-02T18:18:43.7836370Z       source
2026-10-02T18:18:43.7836487Z       [1;31m^^^[0m
2026-10-02T18:18:43.7836492Z 
2026-10-02T18:18:43.7836496Z 
2026-10-02T18:18:43.7836699Z [1;31merror[0m: Array size must be an integer type
2026-10-02T18:18:43.7836827Z   [1;34m-->[0m test.sn:1:1
2026-10-02T18:18:43.7836914Z       source
2026-10-02T18:18:43.7837030Z       [1;31m^^^[0m
2026-10-02T18:18:43.7837044Z 
2026-10-02T18:18:43.7837047Z 
2026-10-02T18:18:43.7837246Z [1;31merror[0m: Type 'array' has no member 'invalid'
2026-10-02T18:18:43.7837251Z 
2026-10-02T18:18:43.7837255Z 
2026-10-02T18:18:43.7837769Z [1;33mwarning[0m: 'as ref' on string/array type has no effect (already heap-allocated)
2026-10-02T18:18:43.7837902Z   [1;34m-->[0m test.sn:1:1
2026-10-02T18:18:43.7837985Z       source
2026-10-02T18:18:43.7838097Z       [1;33m^^^[0m
2026-10-02T18:18:43.7838102Z 
2026-10-02T18:18:43.7838117Z 
2026-10-02T18:18:43.7838380Z [1;31merror[0m: 'as ref' only applies to primitive or struct parameters
2026-10-02T18:18:43.7839213Z   [1;34m-->[0m test.sn:1:1
2026-10-02T18:18:43.7839305Z       source
2026-10-02T18:18:43.7839435Z       [1;31m^[0m
2026-10-02T18:18:43.7839440Z 
2026-10-02T18:18:43.7839445Z 
2026-10-02T18:18:43.7839611Z [1;31merror[0m: Parameter type is missing
2026-10-02T18:18:43.7839751Z   [1;34m-->[0m test.sn:1:1
2026-10-02T18:18:43.7839835Z       source
2026-10-02T18:18:43.7839940Z       [1;31m^[0m
2026-10-02T18:18:43.7839943Z 
2026-10-02T18:18:43.7839947Z 
2026-10-02T18:18:43.7840129Z [1;31merror[0m: Invalid types for + operator
2026-10-02T18:18:43.7840274Z   [1;34m-->[0m test.sn:1:1
2026-10-02T18:18:43.7840365Z       source
2026-10-02T18:18:43.7840476Z       [1;31m^[0m
2026-10-02T18:18:43.7840480Z 
2026-10-02T18:18:43.7840484Z 
2026-10-02T18:18:43.7840695Z [1;31merror[0m: Thread spawn requires function call
2026-10-02T18:18:43.7840824Z   [1;34m-->[0m test.sn:1:1
2026-10-02T18:18:43.7840901Z       source
2026-10-02T18:18:43.7841017Z       [1;31m^[0m
2026-10-02T18:18:43.7841026Z 
2026-10-02T18:18:43.7841030Z 
2026-10-02T18:18:43.7841234Z [1;31merror[0m: Thread spawn requires function call
2026-10-02T18:18:43.7841370Z   [1;34m-->[0m test.sn:1:1
2026-10-02T18:18:43.7841444Z       source
2026-10-02T18:18:43.7841569Z       [1;31m^[0m
2026-10-02T18:18:43.7841574Z 
2026-10-02T18:18:43.7841578Z 
2026-10-02T18:18:43.7841827Z [1;31merror[0m: Cannot assign void thread spawn to variable
2026-10-02T18:18:43.7841951Z   [1;34m-->[0m test.sn:2:1
2026-10-02T18:18:43.7841956Z 
2026-10-02T18:18:43.7841960Z 
2026-10-02T18:18:43.7842247Z [1;31merror[0m: Thread spawn return type does not match variable type
2026-10-02T18:18:43.7842375Z   [1;34m-->[0m test.sn:2:1
2026-10-02T18:18:43.7842387Z 
2026-10-02T18:18:43.7842391Z 
2026-10-02T18:18:43.7842592Z [1;31merror[0m: Sync requires thread handle variable
2026-10-02T18:18:43.7842729Z   [1;34m-->[0m test.sn:1:1
2026-10-02T18:18:43.7842805Z       source
2026-10-02T18:18:43.7842919Z       [1;31m^[0m
2026-10-02T18:18:43.7842927Z 
2026-10-02T18:18:43.7842931Z 
2026-10-02T18:18:43.7843096Z [1;31merror[0m: Cannot sync unknown variable
2026-10-02T18:18:43.7843229Z   [1;34m-->[0m test.sn:1:1
2026-10-02T18:18:43.7843313Z       source
2026-10-02T18:18:43.7843421Z       [1;31m^[0m
2026-10-02T18:18:43.7843426Z 
2026-10-02T18:18:43.7843429Z 
2026-10-02T18:18:43.7843678Z [1;31merror[0m: Multi-sync requires [var1, var2, ...]! syntax
2026-10-02T18:18:43.7843803Z   [1;34m-->[0m test.sn:1:1
2026-10-02T18:18:43.7843887Z       source
2026-10-02T18:18:43.7843993Z       [1;31m^[0m
2026-10-02T18:18:43.7844001Z 
2026-10-02T18:18:43.7844010Z 
2026-10-02T18:18:43.7844269Z [1;31merror[0m: Sync list elements must be thread handle variables
2026-10-02T18:18:43.7844402Z   [1;34m-->[0m test.sn:1:1
2026-10-02T18:18:43.7844475Z       source
2026-10-02T18:18:43.7844591Z       [1;31m^[0m
2026-10-02T18:18:43.7844595Z 
2026-10-02T18:18:43.7844599Z 
2026-10-02T18:18:43.7844825Z [1;31merror[0m: Sync list element is not a thread variable
2026-10-02T18:18:43.7844959Z   [1;34m-->[0m test.sn:1:1
2026-10-02T18:18:43.7845048Z       source
2026-10-02T18:18:43.7845159Z       [1;31m^[0m
2026-10-02T18:18:43.7845163Z 
2026-10-02T18:18:43.7845166Z 
2026-10-02T18:18:43.7845730Z [1;31merror[0m: Cannot access pending thread variable 'pendingResult' before synchronization (use pendingResult! to sync)
2026-10-02T18:18:43.7845860Z   [1;34m-->[0m test.sn:1:1
2026-10-02T18:18:43.7845946Z       source
2026-10-02T18:18:43.7846082Z       [1;31m^^^^^^^^^^^^^[0m
2026-10-02T18:18:43.7846201Z 
2026-10-02T18:18:43.7846213Z 
2026-10-02T18:18:43.7846695Z [1;31merror[0m: Cannot reassign pending thread variable 'pendingResult' (use pendingResult! to sync first)
2026-10-02T18:18:43.7846831Z   [1;34m-->[0m test.sn:1:1
2026-10-02T18:18:43.7846909Z       source
2026-10-02T18:18:43.7847046Z       [1;31m^^^^^^^^^^^^^[0m
2026-10-02T18:18:43.7847050Z 
2026-10-02T18:18:43.7847054Z 
2026-10-02T18:18:43.7861553Z [1;31merror[0m: Cannot dereference pointer to opaque type
2026-10-02T18:18:43.7861837Z   [1;34m-->[0m test.sn:4:1
2026-10-02T18:18:43.7861844Z 
2026-10-02T18:18:43.7861848Z 
2026-10-02T18:18:43.7862133Z [1;31merror[0m: Function 'printf' requires at least 1 argument(s), got 0
2026-10-02T18:18:43.7862269Z   [1;34m-->[0m test.sn:3:1
2026-10-02T18:18:43.7862274Z 
2026-10-02T18:18:43.7862279Z 
2026-10-02T18:18:43.7863689Z [1;31merror[0m: Native callback parameter type must be C-compatible (primitives, pointers, or opaque types)
2026-10-02T18:18:43.7864992Z   [1;34m-->[0m test.sn:1:1
2026-10-02T18:18:43.7865852Z       source
2026-10-02T18:18:43.7871801Z       [1;31m^^^^^^^^^^^[0m
2026-10-02T18:18:43.7871817Z 
2026-10-02T18:18:43.7871822Z 
2026-10-02T18:18:43.7878734Z [1;31merror[0m: Native callback return type must be C-compatible (primitives, pointers, or opaque types)
2026-10-02T18:18:43.7878909Z   [1;34m-->[0m test.sn:1:1
2026-10-02T18:18:43.7878966Z       source
2026-10-02T18:18:43.7879075Z       [1;31m^^^^^^^^^^^[0m
2026-10-02T18:18:43.7879081Z 
2026-10-02T18:18:43.7879085Z 
2026-10-02T18:18:43.7879372Z [1;31merror[0m: Native lambda cannot capture variable 'counter' - use void* userdata pattern instead
2026-10-02T18:18:43.7879462Z   [1;34m-->[0m test.sn:4:1
2026-10-02T18:18:43.7879466Z 
2026-10-02T18:18:43.7879468Z 
2026-10-02T18:18:43.7879661Z [1;31merror[0m: Native lambda parameter count does not match callback type
2026-10-02T18:18:43.7879740Z   [1;34m-->[0m test.sn:3:1
2026-10-02T18:18:43.7879744Z 
2026-10-02T18:18:43.7879750Z 
2026-10-02T18:18:43.7880179Z [1;31merror[0m: Cannot slice non-array, non-pointer type
2026-10-02T18:18:43.7880271Z   [1;34m-->[0m test.sn:2:1
2026-10-02T18:18:43.7880275Z 
2026-10-02T18:18:43.7880278Z 
2026-10-02T18:18:43.7880536Z [1;31merror[0m: Pointer slice in non-native function requires valueOf() (e.g., valueOf(ptr[0..len]))
2026-10-02T18:18:43.7880687Z   [1;34m-->[0m test.sn:2:1
2026-10-02T18:18:43.7880691Z 
2026-10-02T18:18:43.7880700Z 
2026-10-02T18:18:43.7880901Z [1;31merror[0m: Cannot slice non-array, non-pointer type
2026-10-02T18:18:43.7881030Z   [1;34m-->[0m test.sn:2:1
2026-10-02T18:18:43.7881033Z 
2026-10-02T18:18:43.7881037Z 
2026-10-02T18:18:43.7881236Z [1;31merror[0m: Invalid operand in valueOf() expression
2026-10-02T18:18:43.7881357Z   [1;34m-->[0m test.sn:2:1
2026-10-02T18:18:43.7881361Z 
2026-10-02T18:18:43.7881365Z 
2026-10-02T18:18:43.7881741Z [1;31merror[0m: Pointer slicing does not support step parameter (ptr[start..end:step] invalid)
2026-10-02T18:18:43.7881870Z   [1;34m-->[0m test.sn:2:1
2026-10-02T18:18:43.7881879Z 
2026-10-02T18:18:43.7881882Z 
2026-10-02T18:18:43.7882073Z [1;31merror[0m: Invalid operand in valueOf() expression
2026-10-02T18:18:43.7882213Z   [1;34m-->[0m test.sn:2:1
2026-10-02T18:18:43.7882218Z 
2026-10-02T18:18:43.7882221Z 
2026-10-02T18:18:43.7882493Z [1;31merror[0m: Pointer variables can only be declared in native functions
2026-10-02T18:18:43.7882635Z   [1;34m-->[0m test.sn:1:1
2026-10-02T18:18:43.7883021Z       source
2026-10-02T18:18:43.7883231Z       [1;31m^[0m
2026-10-02T18:18:43.7883237Z 
2026-10-02T18:18:43.7883241Z 
2026-10-02T18:18:43.7884044Z [1;31merror[0m: Pointer arithmetic is not allowed
2026-10-02T18:18:43.7884469Z   [1;34m-->[0m test.sn:1:1
2026-10-02T18:18:43.7884567Z       source
2026-10-02T18:18:43.7886563Z       [1;31m^[0m
2026-10-02T18:18:43.7886578Z 
2026-10-02T18:18:43.7886582Z 
2026-10-02T18:18:43.7886848Z [1;31merror[0m: Pointer arithmetic is not allowed
2026-10-02T18:18:43.7887103Z   [1;34m-->[0m test.sn:1:1
2026-10-02T18:18:43.7887156Z       source
2026-10-02T18:18:43.7887231Z       [1;31m^[0m
2026-10-02T18:18:43.7887235Z 
2026-10-02T18:18:43.7887238Z 
2026-10-02T18:18:43.7887364Z [1;31merror[0m: Pointer arithmetic is not allowed
2026-10-02T18:18:43.7887458Z   [1;34m-->[0m test.sn:1:1
2026-10-02T18:18:43.7887510Z       source
2026-10-02T18:18:43.7887584Z       [1;31m^[0m
2026-10-02T18:18:43.7888354Z 
2026-10-02T18:18:43.7888360Z 
2026-10-02T18:18:43.7888527Z [1;31merror[0m: Pointer arithmetic is not allowed
2026-10-02T18:18:43.7888615Z   [1;34m-->[0m test.sn:1:1
2026-10-02T18:18:43.7888673Z       source
2026-10-02T18:18:43.7888747Z       [1;31m^[0m
2026-10-02T18:18:43.7888750Z 
2026-10-02T18:18:43.7888753Z 
2026-10-02T18:18:43.7888883Z [1;31merror[0m: Pointer arithmetic is not allowed
2026-10-02T18:18:43.7888973Z   [1;34m-->[0m test.sn:1:1
2026-10-02T18:18:43.7889024Z       source
2026-10-02T18:18:43.7889100Z       [1;31m^[0m
2026-10-02T18:18:43.7889107Z 
2026-10-02T18:18:43.7889110Z 
2026-10-02T18:18:43.7889294Z [1;31merror[0m: 'as ref' only applies to primitive or struct parameters
2026-10-02T18:18:43.7889388Z   [1;34m-->[0m test.sn:2:1
2026-10-02T18:18:43.7889391Z 
2026-10-02T18:18:43.7889393Z 
2026-10-02T18:18:43.7889624Z [1;31merror[0m: 'as ref' parameter requires a variable or field, not a literal or expression
2026-10-02T18:18:43.7889715Z   [1;34m-->[0m test.sn:5:1
2026-10-02T18:18:43.7889718Z 
2026-10-02T18:18:43.7890086Z Assertion failed: no_error == 1, file D:/a/sindarin-compiler/sindarin-compiler/tests/unit/type_checker/type_checker_tests_native_pointer_inline.c, line 69
2026-10-02T18:21:00.7277070Z 
2026-10-02T18:21:00.7277487Z ------------------------------------------------------------
2026-10-02T18:21:00.7277806Z Unit tests failed  (403ms)
2026-10-02T18:21:00.7277926Z 
2026-10-02T18:21:00.7277998Z Code Generation Tests
2026-10-02T18:21:00.7278183Z ============================================================
2026-10-02T18:21:00.7278446Z   Running 107 tests with 4 workers...
2026-10-02T18:21:00.7278588Z 
2026-10-02T18:21:00.7278662Z                                                             
2026-10-02T18:21:00.7278809Z 
2026-10-02T18:21:00.7278898Z ------------------------------------------------------------
2026-10-02T18:21:00.7279155Z Results: 107 passed, 0 failed, 0 skipped  (9.50s)
2026-10-02T18:21:00.7279317Z 
2026-10-02T18:21:00.7279406Z Model Generation Tests
2026-10-02T18:21:00.7279578Z ============================================================
2026-10-02T18:21:00.7279788Z   Running 79 tests with 4 workers...
2026-10-02T18:21:00.7279911Z 
2026-10-02T18:21:00.7279987Z                                                             
2026-10-02T18:21:00.7280131Z 
2026-10-02T18:21:00.7280223Z ------------------------------------------------------------
2026-10-02T18:21:00.7280467Z Results: 79 passed, 0 failed, 0 skipped  (420ms)
2026-10-02T18:21:00.7280622Z 
2026-10-02T18:21:00.7280686Z Integration Tests
2026-10-02T18:21:00.7280855Z ============================================================
2026-10-02T18:21:00.7281081Z   Running 1141 tests with 4 workers...
2026-10-02T18:21:00.7281205Z 
2026-10-02T18:21:00.7281281Z                                                             
2026-10-02T18:21:00.7281416Z 
2026-10-02T18:21:00.7281508Z ------------------------------------------------------------
2026-10-02T18:21:00.7281757Z Results: 1141 passed, 0 failed, 0 skipped  (101.00s)
2026-10-02T18:21:00.7281918Z 
2026-10-02T18:21:00.7281983Z Integration Error Tests
2026-10-02T18:21:00.7282152Z ============================================================
2026-10-02T18:21:00.7282356Z   Running 58 tests with 4 workers...
2026-10-02T18:21:00.7282485Z 
2026-10-02T18:21:00.7282549Z                                                             
2026-10-02T18:21:00.7282686Z 
2026-10-02T18:21:00.7282778Z ------------------------------------------------------------
2026-10-02T18:21:00.7283258Z Results: 58 passed, 0 failed, 0 skipped  (958ms)
2026-10-02T18:21:00.7283406Z 
2026-10-02T18:21:00.7283475Z Exploratory Tests
2026-10-02T18:21:00.7283635Z ============================================================
2026-10-02T18:21:00.7283839Z   Running 224 tests with 4 workers...
2026-10-02T18:21:00.7283970Z 
2026-10-02T18:21:00.7284035Z                                                             
2026-10-02T18:21:00.7284173Z 
2026-10-02T18:21:00.7284395Z ------------------------------------------------------------
2026-10-02T18:21:00.7284643Z Results: 224 passed, 0 failed, 0 skipped  (24.51s)
2026-10-02T18:21:00.7284799Z 
2026-10-02T18:21:00.7284869Z Exploratory Error Tests
2026-10-02T18:21:00.7285040Z ============================================================
2026-10-02T18:21:00.7285238Z   Running 11 tests with 4 workers...
2026-10-02T18:21:00.7285355Z 
2026-10-02T18:21:00.7285427Z                                                             
2026-10-02T18:21:00.7285563Z 
2026-10-02T18:21:00.7285649Z ------------------------------------------------------------
2026-10-02T18:21:00.7285878Z Results: 11 passed, 0 failed, 0 skipped  (187ms)
2026-10-02T18:21:00.7286029Z 
2026-10-02T18:21:00.7286094Z Some tests failed!  (total: 136.98s)
2026-10-02T18:21:00.7481073Z make: *** [Makefile:173: test] Error 1
2026-10-02T18:21:00.7543421Z ##[error]Process completed with exit code 2.
2026-10-02T18:21:00.7746016Z Post job cleanup.
2026-10-02T18:21:00.9219127Z [command]"C:\Program Files\Git\bin\git.exe" version
2026-10-02T18:21:00.9494557Z git version 2.55.0.windows.5
2026-10-02T18:21:00.9547789Z Temporarily overriding HOME='D:\a\_temp\986612b7-5293-4158-b90c-ef4930cd2e0b' before making global git config changes
2026-10-02T18:21:00.9548716Z Adding repository directory to the temporary git global config as a safe directory
2026-10-02T18:21:00.9557330Z [command]"C:\Program Files\Git\bin\git.exe" config --global --add safe.directory D:\a\sindarin-compiler\sindarin-compiler
2026-10-02T18:21:00.9800434Z Removing SSH command configuration
2026-10-02T18:21:00.9809934Z [command]"C:\Program Files\Git\bin\git.exe" config --local --name-only --get-regexp core\.sshCommand
2026-10-02T18:21:01.0064949Z [command]"C:\Program Files\Git\bin\git.exe" submodule foreach --recursive "sh -c \"git config --local --name-only --get-regexp 'core\.sshCommand' && git config --local --unset-all 'core.sshCommand' || :\""
2026-10-02T18:21:01.4786823Z Removing HTTP extra header
2026-10-02T18:21:01.4795498Z [command]"C:\Program Files\Git\bin\git.exe" config --local --name-only --get-regexp http\.https\:\/\/github\.com\/\.extraheader
2026-10-02T18:21:01.5046298Z [command]"C:\Program Files\Git\bin\git.exe" submodule foreach --recursive "sh -c \"git config --local --name-only --get-regexp 'http\.https\:\/\/github\.com\/\.extraheader' && git config --local --unset-all 'http.https://github.com/.extraheader' || :\""
2026-10-02T18:21:01.9675565Z Removing includeIf entries pointing to credentials config files
2026-10-02T18:21:01.9684349Z [command]"C:\Program Files\Git\bin\git.exe" config --local --name-only --get-regexp ^includeIf\.gitdir:
2026-10-02T18:21:01.9925924Z includeif.gitdir:D:/a/sindarin-compiler/sindarin-compiler/.git.path
2026-10-02T18:21:01.9926588Z includeif.gitdir:D:/a/sindarin-compiler/sindarin-compiler/.git/worktrees/*.path
2026-10-02T18:21:01.9927055Z includeif.gitdir:/github/workspace/.git.path
2026-10-02T18:21:01.9927512Z includeif.gitdir:/github/workspace/.git/worktrees/*.path
2026-10-02T18:21:01.9965507Z [command]"C:\Program Files\Git\bin\git.exe" config --local --get-all includeif.gitdir:D:/a/sindarin-compiler/sindarin-compiler/.git.path
2026-10-02T18:21:02.0181918Z D:\a\_temp\git-credentials-f63e5527-c682-4a8f-945a-6c21fe9472fe.config
2026-10-02T18:21:02.0219520Z [command]"C:\Program Files\Git\bin\git.exe" config --local --unset includeif.gitdir:D:/a/sindarin-compiler/sindarin-compiler/.git.path D\:\\a\\_temp\\git\-credentials\-f63e5527\-c682\-4a8f\-945a\-6c21fe9472fe\.config
2026-10-02T18:21:02.0510522Z [command]"C:\Program Files\Git\bin\git.exe" config --local --get-all includeif.gitdir:D:/a/sindarin-compiler/sindarin-compiler/.git/worktrees/*.path
2026-10-02T18:21:02.0714323Z D:\a\_temp\git-credentials-f63e5527-c682-4a8f-945a-6c21fe9472fe.config
2026-10-02T18:21:02.0745859Z [command]"C:\Program Files\Git\bin\git.exe" config --local --unset includeif.gitdir:D:/a/sindarin-compiler/sindarin-compiler/.git/worktrees/*.path D\:\\a\\_temp\\git\-credentials\-f63e5527\-c682\-4a8f\-945a\-6c21fe9472fe\.config
2026-10-02T18:21:02.0987379Z [command]"C:\Program Files\Git\bin\git.exe" config --local --get-all includeif.gitdir:/github/workspace/.git.path
2026-10-02T18:21:02.1201465Z /github/runner_temp/git-credentials-f63e5527-c682-4a8f-945a-6c21fe9472fe.config
2026-10-02T18:21:02.1235074Z [command]"C:\Program Files\Git\bin\git.exe" config --local --unset includeif.gitdir:/github/workspace/.git.path \/github\/runner_temp\/git\-credentials\-f63e5527\-c682\-4a8f\-945a\-6c21fe9472fe\.config
2026-10-02T18:21:02.1480417Z [command]"C:\Program Files\Git\bin\git.exe" config --local --get-all includeif.gitdir:/github/workspace/.git/worktrees/*.path
2026-10-02T18:21:02.1684311Z /github/runner_temp/git-credentials-f63e5527-c682-4a8f-945a-6c21fe9472fe.config
2026-10-02T18:21:02.1720149Z [command]"C:\Program Files\Git\bin\git.exe" config --local --unset includeif.gitdir:/github/workspace/.git/worktrees/*.path \/github\/runner_temp\/git\-credentials\-f63e5527\-c682\-4a8f\-945a\-6c21fe9472fe\.config
2026-10-02T18:21:02.1960866Z [command]"C:\Program Files\Git\bin\git.exe" submodule foreach --recursive "git config --local --show-origin --name-only --get-regexp remote.origin.url"
2026-10-02T18:21:02.6469181Z Removing credentials config 'D:\a\_temp\git-credentials-f63e5527-c682-4a8f-945a-6c21fe9472fe.config'
2026-10-02T18:21:02.6642033Z Cleaning up orphan processes
