2026-10-02T18:51:37.5894011Z Current runner version: '2.337.0'
2026-10-02T18:51:37.5916403Z ##[group]Runner Image Provisioner
2026-10-02T18:51:37.5917085Z Hosted Compute Agent
2026-10-02T18:51:37.5917534Z Version: 20260901.588
2026-10-02T18:51:37.5918001Z Commit: f88ec8081b781fac6c440065ac7ff9e710ce3d0b
2026-10-02T18:51:37.5918556Z Build Date: 2026-09-01T19:56:44Z
2026-10-02T18:51:37.5919062Z Worker ID: {798b5aba-5782-4100-9d2b-ccdb859501c1}
2026-10-02T18:51:37.5919591Z Azure Region: westus3
2026-10-02T18:51:37.5920048Z ##[endgroup]
2026-10-02T18:51:37.5921526Z ##[group]Operating System
2026-10-02T18:51:37.5922027Z Microsoft Windows Server 2025
2026-10-02T18:51:37.5922544Z 10.0.26100
2026-10-02T18:51:37.5922919Z Datacenter
2026-10-02T18:51:37.5923324Z ##[endgroup]
2026-10-02T18:51:37.5923731Z ##[group]Runner Image
2026-10-02T18:51:37.5924161Z Image: windows-2025-vs2026
2026-10-02T18:51:37.5924705Z Version: 20260925.250.1
2026-10-02T18:51:37.5925844Z Included Software: https://github.com/actions/runner-images/blob/win25-vs2026/20260925.250/images/windows/Windows2025-VS2026-Readme.md
2026-10-02T18:51:37.5927090Z Image Release: https://github.com/actions/runner-images/releases/tag/win25-vs2026%2F20260925.250
2026-10-02T18:51:37.5927822Z ##[endgroup]
2026-10-02T18:51:37.5928684Z ##[group]GITHUB_TOKEN Permissions
2026-10-02T18:51:37.5930247Z Contents: read
2026-10-02T18:51:37.5930731Z Metadata: read
2026-10-02T18:51:37.5931144Z ##[endgroup]
2026-10-02T18:51:37.5932746Z Secret source: Actions
2026-10-02T18:51:37.5933427Z Cache mode: write
2026-10-02T18:51:37.5933947Z Prepare workflow directory
2026-10-02T18:51:37.6213153Z Prepare all required actions
2026-10-02T18:51:37.6268741Z Getting action download info
2026-10-02T18:51:37.9141236Z Download action repository 'actions/checkout@v7' (SHA:3d3c42e5aac5ba805825da76410c181273ba90b1)
2026-10-02T18:51:38.0188706Z Download action repository 'actions/upload-artifact@v7' (SHA:043fb46d1a93c77aae656e7c1c64a875d1fc6a0a)
2026-10-02T18:51:38.2046076Z Complete job name: Rust runtime (windows-latest)
2026-10-02T18:51:38.3223415Z ##[group]Run actions/checkout@v7
2026-10-02T18:51:38.3224290Z with:
2026-10-02T18:51:38.3224645Z   repository: SindarinSDK/sindarin-compiler
2026-10-02T18:51:38.3227721Z   token: ***
2026-10-02T18:51:38.3228038Z   ssh-strict: true
2026-10-02T18:51:38.3228347Z   ssh-user: git
2026-10-02T18:51:38.3228662Z   persist-credentials: true
2026-10-02T18:51:38.3229013Z   clean: true
2026-10-02T18:51:38.3229335Z   sparse-checkout-cone-mode: true
2026-10-02T18:51:38.3229990Z   fetch-depth: 1
2026-10-02T18:51:38.3230297Z   fetch-tags: false
2026-10-02T18:51:38.3230616Z   show-progress: true
2026-10-02T18:51:38.3230929Z   lfs: false
2026-10-02T18:51:38.3231218Z   submodules: false
2026-10-02T18:51:38.3231529Z   set-safe-directory: true
2026-10-02T18:51:38.3231882Z   allow-unsafe-pr-checkout: false
2026-10-02T18:51:38.3232439Z ##[endgroup]
2026-10-02T18:51:38.4412800Z Syncing repository: SindarinSDK/sindarin-compiler
2026-10-02T18:51:38.4414284Z ##[group]Getting Git version info
2026-10-02T18:51:38.4414844Z Working directory is 'D:\a\sindarin-compiler\sindarin-compiler'
2026-10-02T18:51:38.4838319Z [command]"C:\Program Files\Git\bin\git.exe" version
2026-10-02T18:51:38.6347652Z git version 2.55.0.windows.5
2026-10-02T18:51:38.6387186Z ##[endgroup]
2026-10-02T18:51:38.6400149Z Temporarily overriding HOME='D:\a\_temp\c89c0efa-7e49-4f39-9ad8-682ebbdeb280' before making global git config changes
2026-10-02T18:51:38.6402185Z Adding repository directory to the temporary git global config as a safe directory
2026-10-02T18:51:38.6410010Z [command]"C:\Program Files\Git\bin\git.exe" config --global --add safe.directory D:\a\sindarin-compiler\sindarin-compiler
2026-10-02T18:51:38.6683222Z Deleting the contents of 'D:\a\sindarin-compiler\sindarin-compiler'
2026-10-02T18:51:38.6687587Z ##[group]Determining repository object format
2026-10-02T18:51:38.6689234Z ##[endgroup]
2026-10-02T18:51:38.6690263Z ##[group]Initializing the repository
2026-10-02T18:51:38.6699150Z [command]"C:\Program Files\Git\bin\git.exe" init D:\a\sindarin-compiler\sindarin-compiler
2026-10-02T18:51:38.7129373Z Initialized empty Git repository in D:/a/sindarin-compiler/sindarin-compiler/.git/
2026-10-02T18:51:38.7163498Z [command]"C:\Program Files\Git\bin\git.exe" remote add origin https://github.com/SindarinSDK/sindarin-compiler
2026-10-02T18:51:38.7418497Z ##[endgroup]
2026-10-02T18:51:38.7419085Z ##[group]Disabling automatic garbage collection
2026-10-02T18:51:38.7425973Z [command]"C:\Program Files\Git\bin\git.exe" config --local gc.auto 0
2026-10-02T18:51:38.7650802Z ##[endgroup]
2026-10-02T18:51:38.7651322Z ##[group]Setting up auth
2026-10-02T18:51:38.7651764Z Removing SSH command configuration
2026-10-02T18:51:38.7660332Z [command]"C:\Program Files\Git\bin\git.exe" config --local --name-only --get-regexp core\.sshCommand
2026-10-02T18:51:38.7891524Z [command]"C:\Program Files\Git\bin\git.exe" submodule foreach --recursive "sh -c \"git config --local --name-only --get-regexp 'core\.sshCommand' && git config --local --unset-all 'core.sshCommand' || :\""
2026-10-02T18:51:39.8262769Z Removing HTTP extra header
2026-10-02T18:51:39.8271242Z [command]"C:\Program Files\Git\bin\git.exe" config --local --name-only --get-regexp http\.https\:\/\/github\.com\/\.extraheader
2026-10-02T18:51:39.8521738Z [command]"C:\Program Files\Git\bin\git.exe" submodule foreach --recursive "sh -c \"git config --local --name-only --get-regexp 'http\.https\:\/\/github\.com\/\.extraheader' && git config --local --unset-all 'http.https://github.com/.extraheader' || :\""
2026-10-02T18:51:40.3052677Z Removing includeIf entries pointing to credentials config files
2026-10-02T18:51:40.3063089Z [command]"C:\Program Files\Git\bin\git.exe" config --local --name-only --get-regexp ^includeIf\.gitdir:
2026-10-02T18:51:40.3318555Z [command]"C:\Program Files\Git\bin\git.exe" submodule foreach --recursive "git config --local --show-origin --name-only --get-regexp remote.origin.url"
2026-10-02T18:51:40.7816025Z [command]"C:\Program Files\Git\bin\git.exe" config --file D:\a\_temp\git-credentials-8aa5025c-e6a8-4a09-a3a9-d6440b4627d8.config http.https://github.com/.extraheader "AUTHORIZATION: basic ***"
2026-10-02T18:51:40.8068212Z [command]"C:\Program Files\Git\bin\git.exe" config --local includeIf.gitdir:D:/a/sindarin-compiler/sindarin-compiler/.git.path D:\a\_temp\git-credentials-8aa5025c-e6a8-4a09-a3a9-d6440b4627d8.config
2026-10-02T18:51:40.8312723Z [command]"C:\Program Files\Git\bin\git.exe" config --local includeIf.gitdir:D:/a/sindarin-compiler/sindarin-compiler/.git/worktrees/*.path D:\a\_temp\git-credentials-8aa5025c-e6a8-4a09-a3a9-d6440b4627d8.config
2026-10-02T18:51:40.8569831Z [command]"C:\Program Files\Git\bin\git.exe" config --local includeIf.gitdir:/github/workspace/.git.path /github/runner_temp/git-credentials-8aa5025c-e6a8-4a09-a3a9-d6440b4627d8.config
2026-10-02T18:51:40.8828807Z [command]"C:\Program Files\Git\bin\git.exe" config --local includeIf.gitdir:/github/workspace/.git/worktrees/*.path /github/runner_temp/git-credentials-8aa5025c-e6a8-4a09-a3a9-d6440b4627d8.config
2026-10-02T18:51:40.9078994Z ##[endgroup]
2026-10-02T18:51:40.9079430Z ##[group]Fetching the repository
2026-10-02T18:51:40.9092311Z [command]"C:\Program Files\Git\bin\git.exe" -c protocol.version=2 fetch --no-tags --prune --no-recurse-submodules --depth=1 origin +ed2d39cf99f23358e1d387e59dae33f7c2cdf0b2:refs/remotes/pull/142/merge
2026-10-02T18:51:43.0445279Z From https://github.com/SindarinSDK/sindarin-compiler
2026-10-02T18:51:43.0445937Z  * [new ref]         ed2d39cf99f23358e1d387e59dae33f7c2cdf0b2 -> pull/142/merge
2026-10-02T18:51:43.0481482Z ##[endgroup]
2026-10-02T18:51:43.0482066Z ##[group]Determining the checkout info
2026-10-02T18:51:43.0482668Z ##[endgroup]
2026-10-02T18:51:43.0491145Z [command]"C:\Program Files\Git\bin\git.exe" sparse-checkout disable
2026-10-02T18:51:43.0810142Z [command]"C:\Program Files\Git\bin\git.exe" config --local --unset-all extensions.worktreeConfig
2026-10-02T18:51:43.1057156Z ##[group]Checking out the ref
2026-10-02T18:51:43.1064703Z [command]"C:\Program Files\Git\bin\git.exe" checkout --progress --force refs/remotes/pull/142/merge
2026-10-02T18:51:44.1484563Z Updating files:  85% (5422/6345)
2026-10-02T18:51:44.1597612Z Updating files:  86% (5457/6345)
2026-10-02T18:51:44.1719721Z Updating files:  87% (5521/6345)
2026-10-02T18:51:44.1831529Z Updating files:  88% (5584/6345)
2026-10-02T18:51:44.1945565Z Updating files:  89% (5648/6345)
2026-10-02T18:51:44.2060928Z Updating files:  90% (5711/6345)
2026-10-02T18:51:44.2169744Z Updating files:  91% (5774/6345)
2026-10-02T18:51:44.2269992Z Updating files:  92% (5838/6345)
2026-10-02T18:51:44.2380307Z Updating files:  93% (5901/6345)
2026-10-02T18:51:44.2483022Z Updating files:  94% (5965/6345)
2026-10-02T18:51:44.2590765Z Updating files:  95% (6028/6345)
2026-10-02T18:51:44.2706607Z Updating files:  96% (6092/6345)
2026-10-02T18:51:44.2833776Z Updating files:  97% (6155/6345)
2026-10-02T18:51:44.2961897Z Updating files:  98% (6219/6345)
2026-10-02T18:51:44.3091080Z Updating files:  99% (6282/6345)
2026-10-02T18:51:44.3091639Z Updating files: 100% (6345/6345)
2026-10-02T18:51:44.3091976Z Updating files: 100% (6345/6345), done.
2026-10-02T18:51:44.3235523Z Note: switching to 'refs/remotes/pull/142/merge'.
2026-10-02T18:51:44.3235955Z 
2026-10-02T18:51:44.3236199Z You are in 'detached HEAD' state. You can look around, make experimental
2026-10-02T18:51:44.3236729Z changes and commit them, and you can discard any commits you make in this
2026-10-02T18:51:44.3237287Z state without impacting any branches by switching back to a branch.
2026-10-02T18:51:44.3237670Z 
2026-10-02T18:51:44.3237913Z If you want to create a new branch to retain commits you create, you may
2026-10-02T18:51:44.3238379Z do so (now or later) by using -c with the switch command. Example:
2026-10-02T18:51:44.3238714Z 
2026-10-02T18:51:44.3238862Z   git switch -c <new-branch-name>
2026-10-02T18:51:44.3239001Z 
2026-10-02T18:51:44.3239082Z Or undo this operation with:
2026-10-02T18:51:44.3240125Z 
2026-10-02T18:51:44.3240219Z   git switch -
2026-10-02T18:51:44.3240323Z 
2026-10-02T18:51:44.3240480Z Turn off this advice by setting config variable advice.detachedHead to false
2026-10-02T18:51:44.3240717Z 
2026-10-02T18:51:44.3241017Z HEAD is now at ed2d39c Merge 8382f3577d14dbd6cd2afebe169c92e0d82a0b8f into cbaf22b852292496aa26841b11cdd978808a7032
2026-10-02T18:51:44.3304529Z ##[endgroup]
2026-10-02T18:51:44.3585982Z [command]"C:\Program Files\Git\bin\git.exe" log -1 --format=%H
2026-10-02T18:51:44.3819204Z ed2d39cf99f23358e1d387e59dae33f7c2cdf0b2
2026-10-02T18:51:44.4253245Z ##[group]Run # LLVM 19's ASan cannot decode the Windows 11 24H2 CRT prologue.
2026-10-02T18:51:44.4253816Z [36;1m# LLVM 19's ASan cannot decode the Windows 11 24H2 CRT prologue.[0m
2026-10-02T18:51:44.4254099Z [36;1m$version = "20260616"[0m
2026-10-02T18:51:44.4254558Z [36;1m$url = "https://github.com/mstorsjo/llvm-mingw/releases/download/$version/llvm-mingw-$version-ucrt-x86_64.zip"[0m
2026-10-02T18:51:44.4255019Z [36;1m$zipPath = "$env:TEMP\llvm-mingw.zip"[0m
2026-10-02T18:51:44.4255331Z [36;1m$extractPath = Join-Path $env:GITHUB_WORKSPACE ".sn\toolchains\llvm-mingw"[0m
2026-10-02T18:51:44.4255654Z [36;1m[0m
2026-10-02T18:51:44.4255843Z [36;1mInvoke-WebRequest -Uri $url -OutFile $zipPath[0m
2026-10-02T18:51:44.4256202Z [36;1m$expectedHash = "b9b68a4d276e16fa25802aaba458e4638f64b3884c290aaccdc2d87083b6ca35"[0m
2026-10-02T18:51:44.4256687Z [36;1mif ((Get-FileHash $zipPath -Algorithm SHA256).Hash.ToLowerInvariant() -ne $expectedHash) {[0m
2026-10-02T18:51:44.4257540Z [36;1m  throw "LLVM-MinGW archive SHA-256 mismatch"[0m
2026-10-02T18:51:44.4257756Z [36;1m}[0m
2026-10-02T18:51:44.4257996Z [36;1mExpand-Archive -Path $zipPath -DestinationPath $extractPath -Force[0m
2026-10-02T18:51:44.4258270Z [36;1m[0m
2026-10-02T18:51:44.4258523Z [36;1m$llvmDir = Get-ChildItem -Path $extractPath -Directory | Select-Object -First 1[0m
2026-10-02T18:51:44.4258875Z [36;1m$binPath = Join-Path $llvmDir.FullName "bin"[0m
2026-10-02T18:51:44.4259405Z [36;1mecho "$binPath" | Out-File -FilePath $env:GITHUB_PATH -Encoding utf8 -Append[0m
2026-10-02T18:51:44.4360145Z shell: C:\Program Files\PowerShell\7\pwsh.EXE -command ". '{0}'"
2026-10-02T18:51:44.4360481Z ##[endgroup]
2026-10-02T18:52:01.2136044Z ##[group]Run choco install make ninja -y
2026-10-02T18:52:01.2136361Z [36;1mchoco install make ninja -y[0m
2026-10-02T18:52:01.2198647Z shell: C:\Program Files\PowerShell\7\pwsh.EXE -command ". '{0}'"
2026-10-02T18:52:01.2198931Z ##[endgroup]
2026-10-02T18:52:03.4254659Z Chocolatey v2.7.4
2026-10-02T18:52:03.6603670Z Installing the following packages:
2026-10-02T18:52:03.6608208Z make;ninja
2026-10-02T18:52:03.6611987Z By installing, you accept licenses for the packages.
2026-10-02T18:52:06.6491819Z Downloading package from source 'https://community.chocolatey.org/api/v2/'
2026-10-02T18:52:06.7896457Z 
2026-10-02T18:52:06.7898360Z Progress: Downloading make 4.4.1... %
2026-10-02T18:52:06.7899984Z Progress: Downloading make 4.4.1... 1%
2026-10-02T18:52:06.7901128Z Progress: Downloading make 4.4.1... 1%
2026-10-02T18:52:06.7901857Z Progress: Downloading make 4.4.1... 1%
2026-10-02T18:52:06.7902458Z Progress: Downloading make 4.4.1... 1%
2026-10-02T18:52:06.7902892Z Progress: Downloading make 4.4.1... 2%
2026-10-02T18:52:06.7903467Z Progress: Downloading make 4.4.1... 2%
2026-10-02T18:52:06.7903779Z Progress: Downloading make 4.4.1... 2%
2026-10-02T18:52:06.7904079Z Progress: Downloading make 4.4.1... 3%
2026-10-02T18:52:06.7904388Z Progress: Downloading make 4.4.1... 3%
2026-10-02T18:52:06.7904699Z Progress: Downloading make 4.4.1... 3%
2026-10-02T18:52:06.7905009Z Progress: Downloading make 4.4.1... 4%
2026-10-02T18:52:06.7905336Z Progress: Downloading make 4.4.1... 4%
2026-10-02T18:52:06.7905866Z Progress: Downloading make 4.4.1... 4%
2026-10-02T18:52:06.7906289Z Progress: Downloading make 4.4.1... 5%
2026-10-02T18:52:06.7906600Z Progress: Downloading make 4.4.1... 5%
2026-10-02T18:52:06.7906923Z Progress: Downloading make 4.4.1... 5%
2026-10-02T18:52:06.7907237Z Progress: Downloading make 4.4.1... 6%
2026-10-02T18:52:06.7907564Z Progress: Downloading make 4.4.1... 6%
2026-10-02T18:52:06.7907871Z Progress: Downloading make 4.4.1... 6%
2026-10-02T18:52:06.7908388Z Progress: Downloading make 4.4.1... 7%
2026-10-02T18:52:06.7908703Z Progress: Downloading make 4.4.1... 7%
2026-10-02T18:52:06.7909027Z Progress: Downloading make 4.4.1... 7%
2026-10-02T18:52:06.7909334Z Progress: Downloading make 4.4.1... 8%
2026-10-02T18:52:06.7909647Z Progress: Downloading make 4.4.1... 8%
2026-10-02T18:52:06.7909943Z Progress: Downloading make 4.4.1... 8%
2026-10-02T18:52:06.7910233Z Progress: Downloading make 4.4.1... 9%
2026-10-02T18:52:06.7910551Z Progress: Downloading make 4.4.1... 9%
2026-10-02T18:52:06.7910956Z Progress: Downloading make 4.4.1... 9%
2026-10-02T18:52:06.7911371Z Progress: Downloading make 4.4.1... 10%
2026-10-02T18:52:06.7911676Z Progress: Downloading make 4.4.1... 10%
2026-10-02T18:52:06.7912006Z Progress: Downloading make 4.4.1... 10%
2026-10-02T18:52:06.7912319Z Progress: Downloading make 4.4.1... 11%
2026-10-02T18:52:06.7912733Z Progress: Downloading make 4.4.1... 11%
2026-10-02T18:52:06.7913080Z Progress: Downloading make 4.4.1... 11%
2026-10-02T18:52:06.7913400Z Progress: Downloading make 4.4.1... 12%
2026-10-02T18:52:06.7913705Z Progress: Downloading make 4.4.1... 12%
2026-10-02T18:52:06.7914010Z Progress: Downloading make 4.4.1... 12%
2026-10-02T18:52:06.7914312Z Progress: Downloading make 4.4.1... 13%
2026-10-02T18:52:06.7914744Z Progress: Downloading make 4.4.1... 13%
2026-10-02T18:52:06.7915055Z Progress: Downloading make 4.4.1... 14%
2026-10-02T18:52:06.7915362Z Progress: Downloading make 4.4.1... 15%
2026-10-02T18:52:06.7915671Z Progress: Downloading make 4.4.1... 16%
2026-10-02T18:52:06.7915977Z Progress: Downloading make 4.4.1... 17%
2026-10-02T18:52:06.7916293Z Progress: Downloading make 4.4.1... 18%
2026-10-02T18:52:06.7916882Z Progress: Downloading make 4.4.1... 19%
2026-10-02T18:52:06.7917146Z Progress: Downloading make 4.4.1... 20%
2026-10-02T18:52:06.7917478Z Progress: Downloading make 4.4.1... 21%
2026-10-02T18:52:06.7917810Z Progress: Downloading make 4.4.1... 22%
2026-10-02T18:52:06.7920199Z Progress: Downloading make 4.4.1... 23%
2026-10-02T18:52:06.7920654Z Progress: Downloading make 4.4.1... 24%
2026-10-02T18:52:06.7920996Z Progress: Downloading make 4.4.1... 25%
2026-10-02T18:52:06.7921310Z Progress: Downloading make 4.4.1... 26%
2026-10-02T18:52:06.7921625Z Progress: Downloading make 4.4.1... 27%
2026-10-02T18:52:06.7921954Z Progress: Downloading make 4.4.1... 28%
2026-10-02T18:52:06.7922277Z Progress: Downloading make 4.4.1... 29%
2026-10-02T18:52:06.7922605Z Progress: Downloading make 4.4.1... 30%
2026-10-02T18:52:06.7922937Z Progress: Downloading make 4.4.1... 31%
2026-10-02T18:52:06.7923254Z Progress: Downloading make 4.4.1... 32%
2026-10-02T18:52:06.7923607Z Progress: Downloading make 4.4.1... 33%
2026-10-02T18:52:06.7923958Z Progress: Downloading make 4.4.1... 34%
2026-10-02T18:52:06.7924267Z Progress: Downloading make 4.4.1... 35%
2026-10-02T18:52:06.7924574Z Progress: Downloading make 4.4.1... 36%
2026-10-02T18:52:06.7924857Z Progress: Downloading make 4.4.1... 37%
2026-10-02T18:52:06.7925166Z Progress: Downloading make 4.4.1... 38%
2026-10-02T18:52:06.7925465Z Progress: Downloading make 4.4.1... 39%
2026-10-02T18:52:06.7925754Z Progress: Downloading make 4.4.1... 40%
2026-10-02T18:52:06.7926060Z Progress: Downloading make 4.4.1... 41%
2026-10-02T18:52:06.7926353Z Progress: Downloading make 4.4.1... 42%
2026-10-02T18:52:06.7926883Z Progress: Downloading make 4.4.1... 43%
2026-10-02T18:52:06.7927187Z Progress: Downloading make 4.4.1... 44%
2026-10-02T18:52:06.7927504Z Progress: Downloading make 4.4.1... 45%
2026-10-02T18:52:06.7927834Z Progress: Downloading make 4.4.1... 46%
2026-10-02T18:52:06.7928089Z Progress: Downloading make 4.4.1... 47%
2026-10-02T18:52:06.7928313Z Progress: Downloading make 4.4.1... 48%
2026-10-02T18:52:06.7928540Z Progress: Downloading make 4.4.1... 49%
2026-10-02T18:52:06.7928725Z Progress: Downloading make 4.4.1... 50%
2026-10-02T18:52:06.7928924Z Progress: Downloading make 4.4.1... 51%
2026-10-02T18:52:06.7929116Z Progress: Downloading make 4.4.1... 52%
2026-10-02T18:52:06.7929302Z Progress: Downloading make 4.4.1... 53%
2026-10-02T18:52:06.7929489Z Progress: Downloading make 4.4.1... 54%
2026-10-02T18:52:06.7929680Z Progress: Downloading make 4.4.1... 56%
2026-10-02T18:52:06.7929870Z Progress: Downloading make 4.4.1... 58%
2026-10-02T18:52:06.7930071Z Progress: Downloading make 4.4.1... 60%
2026-10-02T18:52:06.7930255Z Progress: Downloading make 4.4.1... 62%
2026-10-02T18:52:06.7930454Z Progress: Downloading make 4.4.1... 64%
2026-10-02T18:52:06.7992627Z Progress: Downloading make 4.4.1... 66%
2026-10-02T18:52:06.7993084Z Progress: Downloading make 4.4.1... 68%
2026-10-02T18:52:06.7993421Z Progress: Downloading make 4.4.1... 70%
2026-10-02T18:52:06.7993739Z Progress: Downloading make 4.4.1... 72%
2026-10-02T18:52:06.7996562Z Progress: Downloading make 4.4.1... 74%
2026-10-02T18:52:06.7997068Z Progress: Downloading make 4.4.1... 76%
2026-10-02T18:52:06.7997643Z Progress: Downloading make 4.4.1... 78%
2026-10-02T18:52:06.7997980Z Progress: Downloading make 4.4.1... 80%
2026-10-02T18:52:06.8005235Z Progress: Downloading make 4.4.1... 82%
2026-10-02T18:52:06.8005694Z Progress: Downloading make 4.4.1... 84%
2026-10-02T18:52:06.8006739Z Progress: Downloading make 4.4.1... 86%
2026-10-02T18:52:06.8007125Z Progress: Downloading make 4.4.1... 88%
2026-10-02T18:52:06.8007615Z Progress: Downloading make 4.4.1... 90%
2026-10-02T18:52:06.8007960Z Progress: Downloading make 4.4.1... 92%
2026-10-02T18:52:06.8014566Z Progress: Downloading make 4.4.1... 94%
2026-10-02T18:52:06.8014919Z Progress: Downloading make 4.4.1... 96%
2026-10-02T18:52:06.8015247Z Progress: Downloading make 4.4.1... 98%
2026-10-02T18:52:06.8015689Z Progress: Downloading make 4.4.1... 100%
2026-10-02T18:52:06.8016871Z Progress: Downloading make 4.4.1... 100%
2026-10-02T18:52:07.0968573Z 
2026-10-02T18:52:07.0969041Z make v4.4.1 [Approved]
2026-10-02T18:52:07.1204855Z make package files install completed. Performing other installation steps.
2026-10-02T18:52:07.9048988Z  ShimGen has successfully created a shim for make.exe
2026-10-02T18:52:07.9492949Z  The install of make was successful.
2026-10-02T18:52:07.9495627Z   Deployed to 'C:\ProgramData\chocolatey\lib\make'
2026-10-02T18:52:08.0558801Z ninja v1.13.2 already installed.
2026-10-02T18:52:08.0559170Z  Use --force to reinstall, specify a version to install, or try upgrade.
2026-10-02T18:52:08.0626335Z 
2026-10-02T18:52:08.0626673Z Chocolatey installed 1/2 packages. 
2026-10-02T18:52:08.0627150Z  See the log for details (C:\ProgramData\chocolatey\logs\chocolatey.log).
2026-10-02T18:52:08.0629449Z 
2026-10-02T18:52:08.0631770Z Warnings:
2026-10-02T18:52:08.0635717Z  - ninja - ninja v1.13.2 already installed.
2026-10-02T18:52:08.0636173Z  Use --force to reinstall, specify a version to install, or try upgrade.
2026-10-02T18:52:08.2096777Z ##[group]Run rustup toolchain install 1.93.1 --profile minimal
2026-10-02T18:52:08.2097320Z [36;1mrustup toolchain install 1.93.1 --profile minimal[0m
2026-10-02T18:52:08.2097661Z [36;1mrustup default 1.93.1[0m
2026-10-02T18:52:08.2097922Z [36;1mif [ -n "x86_64-pc-windows-gnullvm" ]; then[0m
2026-10-02T18:52:08.2098344Z [36;1m  rustup target add --toolchain 1.93.1 "x86_64-pc-windows-gnullvm"[0m
2026-10-02T18:52:08.2098709Z [36;1mfi[0m
2026-10-02T18:52:08.2098889Z [36;1mrustc --version --verbose[0m
2026-10-02T18:52:08.2099197Z [36;1mif [ "$RUNNER_OS" = "Windows" ]; then clang --version; fi[0m
2026-10-02T18:52:08.2115587Z shell: C:\Program Files\Git\bin\bash.EXE --noprofile --norc -e -o pipefail {0}
2026-10-02T18:52:08.2115945Z ##[endgroup]
2026-10-02T18:52:08.9692809Z info: syncing channel updates for 1.93.1-x86_64-pc-windows-msvc
2026-10-02T18:52:09.5205213Z info: latest update on 2026-02-12 for version 1.93.1 (01f6ddf75 2026-02-11)
2026-10-02T18:52:09.5345016Z info: downloading 3 components
2026-10-02T18:52:16.2517942Z 
2026-10-02T18:52:17.5946387Z   1.93.1-x86_64-pc-windows-msvc installed - rustc 1.93.1 (01f6ddf75 2026-02-11)
2026-10-02T18:52:17.5946928Z 
2026-10-02T18:52:17.6264326Z info: using existing install for 1.93.1-x86_64-pc-windows-msvc
2026-10-02T18:52:17.6986903Z info: default toolchain set to 1.93.1-x86_64-pc-windows-msvc
2026-10-02T18:52:17.6987246Z 
2026-10-02T18:52:17.7164940Z   1.93.1-x86_64-pc-windows-msvc unchanged - rustc 1.93.1 (01f6ddf75 2026-02-11)
2026-10-02T18:52:17.7165240Z 
2026-10-02T18:52:17.7924700Z info: downloading component rust-std
2026-10-02T18:52:21.4497170Z rustc 1.93.1 (01f6ddf75 2026-02-11)
2026-10-02T18:52:21.4497444Z binary: rustc
2026-10-02T18:52:21.4497649Z commit-hash: 01f6ddf7588f42ae2d7eb0a2f21d44e8e96674cf
2026-10-02T18:52:21.4497902Z commit-date: 2026-02-11
2026-10-02T18:52:21.4498085Z host: x86_64-pc-windows-msvc
2026-10-02T18:52:21.4498302Z release: 1.93.1
2026-10-02T18:52:21.4500145Z LLVM version: 21.1.8
2026-10-02T18:52:21.5061359Z clang version 22.1.8 (https://github.com/llvm/llvm-project.git ca7933e47d3a3451d81e72ac174dcb5aa28b59d1)
2026-10-02T18:52:21.5062058Z Target: x86_64-w64-windows-gnu
2026-10-02T18:52:21.5062353Z Thread model: posix
2026-10-02T18:52:21.5062979Z InstalledDir: D:/a/sindarin-compiler/sindarin-compiler/.sn/toolchains/llvm-mingw/llvm-mingw-20260616-ucrt-x86_64/bin
2026-10-02T18:52:21.5064999Z Configuration file: D:/a/sindarin-compiler/sindarin-compiler/.sn/toolchains/llvm-mingw/llvm-mingw-20260616-ucrt-x86_64/bin/x86_64-w64-windows-gnu.cfg
2026-10-02T18:52:21.5298711Z ##[group]Run make setup
2026-10-02T18:52:21.5298953Z [36;1mmake setup[0m
2026-10-02T18:52:21.5312726Z shell: C:\Program Files\Git\bin\bash.EXE --noprofile --norc -e -o pipefail {0}
2026-10-02T18:52:21.5313018Z env:
2026-10-02T18:52:21.5315029Z   GH_TOKEN: ***
2026-10-02T18:52:21.5315198Z   SN_SKIP_PREREQS: 1
2026-10-02T18:52:21.5315514Z ##[endgroup]
2026-10-02T18:52:21.6385624Z Setting up build dependencies for Windows...
2026-10-02T18:52:21.9558861Z 
2026-10-02T18:52:21.9572250Z ========================================
2026-10-02T18:52:21.9578532Z     Sindarin Compiler Installer
2026-10-02T18:52:21.9584567Z ========================================
2026-10-02T18:52:21.9588057Z 
2026-10-02T18:52:21.9682537Z [*] Using prerequisites supplied by caller (SN_SKIP_PREREQS=1)
2026-10-02T18:52:21.9713423Z [*] Fetching latest version...
2026-10-02T18:52:22.4729427Z [+] Found release: v0.0.83
2026-10-02T18:52:22.4890784Z [*] Downloading sindarin-0.0.83-windows-x64.zip...
2026-10-02T18:52:32.2276870Z [+] Download complete
2026-10-02T18:52:32.2475415Z [*] Extracting to C:\Users\runneradmin\.sn...
2026-10-02T18:52:34.5640122Z [*] Flattening nested directory structure...
2026-10-02T18:52:34.5707532Z [+] Extraction complete
2026-10-02T18:52:34.5769055Z [*] Configuring PATH...
2026-10-02T18:52:34.5784887Z [*] GitHub Actions detected, registering in GITHUB_PATH...
2026-10-02T18:52:34.5860496Z [+] Added C:\Users\runneradmin\.sn\bin to GITHUB_PATH
2026-10-02T18:52:34.5864172Z 
2026-10-02T18:52:34.5872454Z [+] Sindarin compiler installed successfully!
2026-10-02T18:52:34.5876107Z 
2026-10-02T18:52:34.5883501Z   Installed to: C:\Users\runneradmin\.sn
2026-10-02T18:52:34.5889373Z   Version:      v0.0.83
2026-10-02T18:52:34.5892781Z 
2026-10-02T18:52:34.5898507Z   ============================================
2026-10-02T18:52:34.5904237Z   IMPORTANT: Please restart your terminal
2026-10-02T18:52:34.5909713Z   for PATH changes to take effect.
2026-10-02T18:52:34.5915549Z   ============================================
2026-10-02T18:52:34.5918495Z 
2026-10-02T18:52:34.5924237Z   After restarting, you can compile Sindarin programs:
2026-10-02T18:52:34.5949339Z     sn myprogram.sn -o myprogram.exe
2026-10-02T18:52:34.5949596Z 
2026-10-02T18:52:34.7307950Z Installing dependencies from sn.yaml...
2026-10-02T18:52:35.2821638Z   sindarin-pkg-libs (main) ... [1;36mdone[0m
2026-10-02T18:52:35.2821935Z     running install script...
2026-10-02T18:52:36.2669325Z sindarin-pkg-libs - native library installer
2026-10-02T18:52:36.2678362Z ========================================
2026-10-02T18:52:36.2725226Z Detected: windows (x64)
2026-10-02T18:52:36.2733432Z Package version: v0.0.18
2026-10-02T18:52:36.2799944Z Downloading sindarin-pkg-libs v0.0.18 for windows-x64...
2026-10-02T18:52:46.1866664Z Extracting to D:\a\sindarin-compiler\sindarin-compiler\.sn\sindarin-pkg-libs\libs\windows...
2026-10-02T18:52:56.7109297Z Successfully installed sindarin-pkg-libs v0.0.18 to D:\a\sindarin-compiler\sindarin-compiler\.sn\sindarin-pkg-libs\libs\windows
2026-10-02T18:52:56.7161131Z 
2026-10-02T18:52:56.7170773Z Installation complete!
2026-10-02T18:52:56.7625420Z Pre-built libraries ready!
2026-10-02T18:52:56.7818725Z Run 'make build' to build the compiler.
2026-10-02T18:52:56.8007408Z ##[group]Run $toolchainRoot = Join-Path $env:GITHUB_WORKSPACE ".sn\toolchains\llvm-mingw"
2026-10-02T18:52:56.8007980Z [36;1m$toolchainRoot = Join-Path $env:GITHUB_WORKSPACE ".sn\toolchains\llvm-mingw"[0m
2026-10-02T18:52:56.8008408Z [36;1m$toolchain = Get-ChildItem $toolchainRoot -Directory | Select-Object -First 1[0m
2026-10-02T18:52:56.8008792Z [36;1m$expected = Join-Path $toolchain.FullName "bin\clang.exe"[0m
2026-10-02T18:52:56.8009080Z [36;1m$selected = (Get-Command clang.exe).Source[0m
2026-10-02T18:52:56.8009442Z [36;1mif ($selected -ne $expected) { throw "Expected pinned clang $expected, selected $selected" }[0m
2026-10-02T18:52:56.8009785Z [36;1mclang --version[0m
2026-10-02T18:52:56.8066266Z shell: C:\Program Files\PowerShell\7\pwsh.EXE -command ". '{0}'"
2026-10-02T18:52:56.8066545Z ##[endgroup]
2026-10-02T18:52:57.1411652Z clang version 22.1.8 (https://github.com/llvm/llvm-project.git ca7933e47d3a3451d81e72ac174dcb5aa28b59d1)
2026-10-02T18:52:57.1412324Z Target: x86_64-w64-windows-gnu
2026-10-02T18:52:57.1412894Z Thread model: posix
2026-10-02T18:52:57.1414333Z InstalledDir: D:/a/sindarin-compiler/sindarin-compiler/.sn/toolchains/llvm-mingw/llvm-mingw-20260616-ucrt-x86_64/bin
2026-10-02T18:52:57.1415509Z Configuration file: D:/a/sindarin-compiler/sindarin-compiler/.sn/toolchains/llvm-mingw/llvm-mingw-20260616-ucrt-x86_64/bin/x86_64-w64-windows-gnu.cfg
2026-10-02T18:52:57.2006413Z ##[group]Run make build
2026-10-02T18:52:57.2006686Z [36;1mmake build[0m
2026-10-02T18:52:57.2018344Z shell: C:\Program Files\Git\bin\bash.EXE --noprofile --norc -e -o pipefail {0}
2026-10-02T18:52:57.2018657Z ##[endgroup]
2026-10-02T18:52:57.3185093Z Building Sindarin compiler...
2026-10-02T18:52:57.3389293Z Platform: windows
2026-10-02T18:52:57.3584570Z Generator: Ninja
2026-10-02T18:52:57.3599828Z cmake -S . -B build -G "Ninja" \
2026-10-02T18:52:57.3600232Z 	-DCMAKE_BUILD_TYPE=Release \
2026-10-02T18:52:57.3600537Z 	-DCMAKE_C_COMPILER=clang
2026-10-02T18:52:58.3488636Z -- The C compiler identification is Clang 22.1.8
2026-10-02T18:52:58.6245812Z -- Detecting C compiler ABI info
2026-10-02T18:52:59.2497479Z -- Detecting C compiler ABI info - done
2026-10-02T18:52:59.2783779Z -- Check for working C compiler: D:/a/sindarin-compiler/sindarin-compiler/.sn/toolchains/llvm-mingw/llvm-mingw-20260616-ucrt-x86_64/bin/clang.exe - skipped
2026-10-02T18:52:59.2793943Z -- Detecting C compile features
2026-10-02T18:52:59.2802984Z -- Detecting C compile features - done
2026-10-02T18:52:59.3191182Z -- Installing: D:/a/sindarin-compiler/sindarin-compiler/bin/sn.linux.cfg
2026-10-02T18:52:59.3195661Z -- Installing: D:/a/sindarin-compiler/sindarin-compiler/bin/sn.darwin.cfg
2026-10-02T18:52:59.3200083Z -- Installing: D:/a/sindarin-compiler/sindarin-compiler/bin/sn.windows.cfg
2026-10-02T18:52:59.3208256Z -- Installing: D:/a/sindarin-compiler/sindarin-compiler/bin/include/runtime/sn_arith.h
2026-10-02T18:52:59.3212762Z -- Installing: D:/a/sindarin-compiler/sindarin-compiler/bin/include/runtime/sn_array.h
2026-10-02T18:52:59.3216999Z -- Installing: D:/a/sindarin-compiler/sindarin-compiler/bin/include/runtime/sn_byte.h
2026-10-02T18:52:59.3221067Z -- Installing: D:/a/sindarin-compiler/sindarin-compiler/bin/include/runtime/sn_conv.h
2026-10-02T18:52:59.3225341Z -- Installing: D:/a/sindarin-compiler/sindarin-compiler/bin/include/runtime/sn_core.h
2026-10-02T18:52:59.3229801Z -- Installing: D:/a/sindarin-compiler/sindarin-compiler/bin/include/runtime/sn_minimal.h
2026-10-02T18:52:59.3234115Z -- Installing: D:/a/sindarin-compiler/sindarin-compiler/bin/include/runtime/sn_reflect.h
2026-10-02T18:52:59.3239810Z -- Installing: D:/a/sindarin-compiler/sindarin-compiler/bin/include/runtime/sn_serial.h
2026-10-02T18:52:59.3244570Z -- Installing: D:/a/sindarin-compiler/sindarin-compiler/bin/include/runtime/sn_string.h
2026-10-02T18:52:59.3248632Z -- Installing: D:/a/sindarin-compiler/sindarin-compiler/bin/include/runtime/sn_thread.h
2026-10-02T18:52:59.3252944Z -- Installing: D:/a/sindarin-compiler/sindarin-compiler/bin/include/minimal/sn_arith.h
2026-10-02T18:52:59.3257209Z -- Installing: D:/a/sindarin-compiler/sindarin-compiler/bin/include/minimal/sn_array.h
2026-10-02T18:52:59.3261623Z -- Installing: D:/a/sindarin-compiler/sindarin-compiler/bin/include/minimal/sn_byte.h
2026-10-02T18:52:59.3265480Z -- Installing: D:/a/sindarin-compiler/sindarin-compiler/bin/include/minimal/sn_conv.h
2026-10-02T18:52:59.3269721Z -- Installing: D:/a/sindarin-compiler/sindarin-compiler/bin/include/minimal/sn_core.h
2026-10-02T18:52:59.3273832Z -- Installing: D:/a/sindarin-compiler/sindarin-compiler/bin/include/minimal/sn_minimal.h
2026-10-02T18:52:59.3278103Z -- Installing: D:/a/sindarin-compiler/sindarin-compiler/bin/include/minimal/sn_reflect.h
2026-10-02T18:52:59.3283363Z -- Installing: D:/a/sindarin-compiler/sindarin-compiler/bin/include/minimal/sn_serial.h
2026-10-02T18:52:59.3287607Z -- Installing: D:/a/sindarin-compiler/sindarin-compiler/bin/include/minimal/sn_string.h
2026-10-02T18:52:59.3291880Z -- Installing: D:/a/sindarin-compiler/sindarin-compiler/bin/include/minimal/sn_thread.h
2026-10-02T18:52:59.3298247Z -- Installing: D:/a/sindarin-compiler/sindarin-compiler/bin/include/platform/compat_dirent.h
2026-10-02T18:52:59.3302953Z -- Installing: D:/a/sindarin-compiler/sindarin-compiler/bin/include/platform/compat_io.h
2026-10-02T18:52:59.3309040Z -- Installing: D:/a/sindarin-compiler/sindarin-compiler/bin/include/platform/compat_net.h
2026-10-02T18:52:59.3311602Z -- Installing: D:/a/sindarin-compiler/sindarin-compiler/bin/include/platform/compat_pthread.h
2026-10-02T18:52:59.3316241Z -- Installing: D:/a/sindarin-compiler/sindarin-compiler/bin/include/platform/compat_time.h
2026-10-02T18:52:59.3320486Z -- Installing: D:/a/sindarin-compiler/sindarin-compiler/bin/include/platform/compat_windows.h
2026-10-02T18:52:59.3325928Z -- Installing: D:/a/sindarin-compiler/sindarin-compiler/bin/include/platform/platform.h
2026-10-02T18:52:59.3516016Z -- Found libs submodule: D:/a/sindarin-compiler/sindarin-compiler/.sn/sindarin-pkg-libs/libs/windows
2026-10-02T18:52:59.3516510Z --   Copying zlib headers...
2026-10-02T18:52:59.3516937Z -- Installing: D:/a/sindarin-compiler/sindarin-compiler/bin/deps/include/zlib.h
2026-10-02T18:52:59.3524635Z -- Installing: D:/a/sindarin-compiler/sindarin-compiler/bin/deps/include/zconf.h
2026-10-02T18:52:59.3528928Z --   Copying yyjson headers...
2026-10-02T18:52:59.3530221Z -- Installing: D:/a/sindarin-compiler/sindarin-compiler/bin/deps/include/yyjson.h
2026-10-02T18:52:59.3539084Z --   Copying json-c headers...
2026-10-02T18:52:59.3540106Z -- Installing: D:/a/sindarin-compiler/sindarin-compiler/bin/deps/include/json-c
2026-10-02T18:52:59.3543909Z -- Installing: D:/a/sindarin-compiler/sindarin-compiler/bin/deps/include/json-c/arraylist.h
2026-10-02T18:52:59.3548646Z -- Installing: D:/a/sindarin-compiler/sindarin-compiler/bin/deps/include/json-c/debug.h
2026-10-02T18:52:59.3553113Z -- Installing: D:/a/sindarin-compiler/sindarin-compiler/bin/deps/include/json-c/json.h
2026-10-02T18:52:59.3557163Z -- Installing: D:/a/sindarin-compiler/sindarin-compiler/bin/deps/include/json-c/json_config.h
2026-10-02T18:52:59.3561190Z -- Installing: D:/a/sindarin-compiler/sindarin-compiler/bin/deps/include/json-c/json_c_version.h
2026-10-02T18:52:59.3565251Z -- Installing: D:/a/sindarin-compiler/sindarin-compiler/bin/deps/include/json-c/json_inttypes.h
2026-10-02T18:52:59.3570778Z -- Installing: D:/a/sindarin-compiler/sindarin-compiler/bin/deps/include/json-c/json_object.h
2026-10-02T18:52:59.3577270Z -- Installing: D:/a/sindarin-compiler/sindarin-compiler/bin/deps/include/json-c/json_object_iterator.h
2026-10-02T18:52:59.3581593Z -- Installing: D:/a/sindarin-compiler/sindarin-compiler/bin/deps/include/json-c/json_patch.h
2026-10-02T18:52:59.3586052Z -- Installing: D:/a/sindarin-compiler/sindarin-compiler/bin/deps/include/json-c/json_pointer.h
2026-10-02T18:52:59.3590536Z -- Installing: D:/a/sindarin-compiler/sindarin-compiler/bin/deps/include/json-c/json_tokener.h
2026-10-02T18:52:59.3595230Z -- Installing: D:/a/sindarin-compiler/sindarin-compiler/bin/deps/include/json-c/json_types.h
2026-10-02T18:52:59.3599469Z -- Installing: D:/a/sindarin-compiler/sindarin-compiler/bin/deps/include/json-c/json_util.h
2026-10-02T18:52:59.3603504Z -- Installing: D:/a/sindarin-compiler/sindarin-compiler/bin/deps/include/json-c/json_visit.h
2026-10-02T18:52:59.3607475Z -- Installing: D:/a/sindarin-compiler/sindarin-compiler/bin/deps/include/json-c/linkhash.h
2026-10-02T18:52:59.3612173Z -- Installing: D:/a/sindarin-compiler/sindarin-compiler/bin/deps/include/json-c/printbuf.h
2026-10-02T18:52:59.3616245Z --   Copying libxml2 headers...
2026-10-02T18:52:59.3617373Z -- Installing: D:/a/sindarin-compiler/sindarin-compiler/bin/deps/include/libxml
2026-10-02T18:52:59.3621836Z -- Installing: D:/a/sindarin-compiler/sindarin-compiler/bin/deps/include/libxml/c14n.h
2026-10-02T18:52:59.3626008Z -- Installing: D:/a/sindarin-compiler/sindarin-compiler/bin/deps/include/libxml/catalog.h
2026-10-02T18:52:59.3630282Z -- Installing: D:/a/sindarin-compiler/sindarin-compiler/bin/deps/include/libxml/chvalid.h
2026-10-02T18:52:59.3635344Z -- Installing: D:/a/sindarin-compiler/sindarin-compiler/bin/deps/include/libxml/debugXML.h
2026-10-02T18:52:59.3639263Z -- Installing: D:/a/sindarin-compiler/sindarin-compiler/bin/deps/include/libxml/dict.h
2026-10-02T18:52:59.3644027Z -- Installing: D:/a/sindarin-compiler/sindarin-compiler/bin/deps/include/libxml/encoding.h
2026-10-02T18:52:59.3647627Z -- Installing: D:/a/sindarin-compiler/sindarin-compiler/bin/deps/include/libxml/entities.h
2026-10-02T18:52:59.3653778Z -- Installing: D:/a/sindarin-compiler/sindarin-compiler/bin/deps/include/libxml/globals.h
2026-10-02T18:52:59.3658039Z -- Installing: D:/a/sindarin-compiler/sindarin-compiler/bin/deps/include/libxml/hash.h
2026-10-02T18:52:59.3662668Z -- Installing: D:/a/sindarin-compiler/sindarin-compiler/bin/deps/include/libxml/HTMLparser.h
2026-10-02T18:52:59.3667194Z -- Installing: D:/a/sindarin-compiler/sindarin-compiler/bin/deps/include/libxml/HTMLtree.h
2026-10-02T18:52:59.3671746Z -- Installing: D:/a/sindarin-compiler/sindarin-compiler/bin/deps/include/libxml/list.h
2026-10-02T18:52:59.3675952Z -- Installing: D:/a/sindarin-compiler/sindarin-compiler/bin/deps/include/libxml/nanoftp.h
2026-10-02T18:52:59.3680284Z -- Installing: D:/a/sindarin-compiler/sindarin-compiler/bin/deps/include/libxml/nanohttp.h
2026-10-02T18:52:59.3684263Z -- Installing: D:/a/sindarin-compiler/sindarin-compiler/bin/deps/include/libxml/parser.h
2026-10-02T18:52:59.3689331Z -- Installing: D:/a/sindarin-compiler/sindarin-compiler/bin/deps/include/libxml/parserInternals.h
2026-10-02T18:52:59.3694134Z -- Installing: D:/a/sindarin-compiler/sindarin-compiler/bin/deps/include/libxml/pattern.h
2026-10-02T18:52:59.3698248Z -- Installing: D:/a/sindarin-compiler/sindarin-compiler/bin/deps/include/libxml/relaxng.h
2026-10-02T18:52:59.3702686Z -- Installing: D:/a/sindarin-compiler/sindarin-compiler/bin/deps/include/libxml/SAX.h
2026-10-02T18:52:59.3706521Z -- Installing: D:/a/sindarin-compiler/sindarin-compiler/bin/deps/include/libxml/SAX2.h
2026-10-02T18:52:59.3711335Z -- Installing: D:/a/sindarin-compiler/sindarin-compiler/bin/deps/include/libxml/schemasInternals.h
2026-10-02T18:52:59.3715818Z -- Installing: D:/a/sindarin-compiler/sindarin-compiler/bin/deps/include/libxml/schematron.h
2026-10-02T18:52:59.3720152Z -- Installing: D:/a/sindarin-compiler/sindarin-compiler/bin/deps/include/libxml/threads.h
2026-10-02T18:52:59.3724422Z -- Installing: D:/a/sindarin-compiler/sindarin-compiler/bin/deps/include/libxml/tree.h
2026-10-02T18:52:59.3729212Z -- Installing: D:/a/sindarin-compiler/sindarin-compiler/bin/deps/include/libxml/uri.h
2026-10-02T18:52:59.3733751Z -- Installing: D:/a/sindarin-compiler/sindarin-compiler/bin/deps/include/libxml/valid.h
2026-10-02T18:52:59.3738064Z -- Installing: D:/a/sindarin-compiler/sindarin-compiler/bin/deps/include/libxml/xinclude.h
2026-10-02T18:52:59.3742058Z -- Installing: D:/a/sindarin-compiler/sindarin-compiler/bin/deps/include/libxml/xlink.h
2026-10-02T18:52:59.3750420Z -- Installing: D:/a/sindarin-compiler/sindarin-compiler/bin/deps/include/libxml/xmlautomata.h
2026-10-02T18:52:59.3758884Z -- Installing: D:/a/sindarin-compiler/sindarin-compiler/bin/deps/include/libxml/xmlerror.h
2026-10-02T18:52:59.3765173Z -- Installing: D:/a/sindarin-compiler/sindarin-compiler/bin/deps/include/libxml/xmlexports.h
2026-10-02T18:52:59.3769617Z -- Installing: D:/a/sindarin-compiler/sindarin-compiler/bin/deps/include/libxml/xmlIO.h
2026-10-02T18:52:59.3774651Z -- Installing: D:/a/sindarin-compiler/sindarin-compiler/bin/deps/include/libxml/xmlmemory.h
2026-10-02T18:52:59.3778640Z -- Installing: D:/a/sindarin-compiler/sindarin-compiler/bin/deps/include/libxml/xmlmodule.h
2026-10-02T18:52:59.3782719Z -- Installing: D:/a/sindarin-compiler/sindarin-compiler/bin/deps/include/libxml/xmlreader.h
2026-10-02T18:52:59.3786858Z -- Installing: D:/a/sindarin-compiler/sindarin-compiler/bin/deps/include/libxml/xmlregexp.h
2026-10-02T18:52:59.3791495Z -- Installing: D:/a/sindarin-compiler/sindarin-compiler/bin/deps/include/libxml/xmlsave.h
2026-10-02T18:52:59.3795607Z -- Installing: D:/a/sindarin-compiler/sindarin-compiler/bin/deps/include/libxml/xmlschemas.h
2026-10-02T18:52:59.3799861Z -- Installing: D:/a/sindarin-compiler/sindarin-compiler/bin/deps/include/libxml/xmlschemastypes.h
2026-10-02T18:52:59.5396260Z -- Installing: D:/a/sindarin-compiler/sindarin-compiler/bin/deps/include/libxml/xmlstring.h
2026-10-02T18:52:59.5400072Z -- Installing: D:/a/sindarin-compiler/sindarin-compiler/bin/deps/include/libxml/xmlunicode.h
2026-10-02T18:52:59.5403748Z -- Installing: D:/a/sindarin-compiler/sindarin-compiler/bin/deps/include/libxml/xmlversion.h
2026-10-02T18:52:59.5408037Z -- Installing: D:/a/sindarin-compiler/sindarin-compiler/bin/deps/include/libxml/xmlwriter.h
2026-10-02T18:52:59.5412861Z -- Installing: D:/a/sindarin-compiler/sindarin-compiler/bin/deps/include/libxml/xpath.h
2026-10-02T18:52:59.5417976Z -- Installing: D:/a/sindarin-compiler/sindarin-compiler/bin/deps/include/libxml/xpathInternals.h
2026-10-02T18:52:59.5422392Z -- Installing: D:/a/sindarin-compiler/sindarin-compiler/bin/deps/include/libxml/xpointer.h
2026-10-02T18:52:59.5426312Z --   Copying libyaml headers...
2026-10-02T18:52:59.5427404Z -- Installing: D:/a/sindarin-compiler/sindarin-compiler/bin/deps/include/yaml.h
2026-10-02T18:52:59.5432806Z --   Copying openssl headers...
2026-10-02T18:52:59.5433741Z -- Installing: D:/a/sindarin-compiler/sindarin-compiler/bin/deps/include/openssl
2026-10-02T18:52:59.5439304Z -- Installing: D:/a/sindarin-compiler/sindarin-compiler/bin/deps/include/openssl/aes.h
2026-10-02T18:52:59.5443185Z -- Installing: D:/a/sindarin-compiler/sindarin-compiler/bin/deps/include/openssl/asn1.h
2026-10-02T18:52:59.5448088Z -- Installing: D:/a/sindarin-compiler/sindarin-compiler/bin/deps/include/openssl/asn1err.h
2026-10-02T18:52:59.5452453Z -- Installing: D:/a/sindarin-compiler/sindarin-compiler/bin/deps/include/openssl/asn1t.h
2026-10-02T18:52:59.5457065Z -- Installing: D:/a/sindarin-compiler/sindarin-compiler/bin/deps/include/openssl/async.h
2026-10-02T18:52:59.5460889Z -- Installing: D:/a/sindarin-compiler/sindarin-compiler/bin/deps/include/openssl/asyncerr.h
2026-10-02T18:52:59.5464847Z -- Installing: D:/a/sindarin-compiler/sindarin-compiler/bin/deps/include/openssl/bio.h
2026-10-02T18:52:59.5471423Z -- Installing: D:/a/sindarin-compiler/sindarin-compiler/bin/deps/include/openssl/bioerr.h
2026-10-02T18:52:59.5475621Z -- Installing: D:/a/sindarin-compiler/sindarin-compiler/bin/deps/include/openssl/blowfish.h
2026-10-02T18:52:59.5479381Z -- Installing: D:/a/sindarin-compiler/sindarin-compiler/bin/deps/include/openssl/bn.h
2026-10-02T18:52:59.5484015Z -- Installing: D:/a/sindarin-compiler/sindarin-compiler/bin/deps/include/openssl/bnerr.h
2026-10-02T18:52:59.5487988Z -- Installing: D:/a/sindarin-compiler/sindarin-compiler/bin/deps/include/openssl/buffer.h
2026-10-02T18:52:59.5492235Z -- Installing: D:/a/sindarin-compiler/sindarin-compiler/bin/deps/include/openssl/buffererr.h
2026-10-02T18:52:59.5495900Z -- Installing: D:/a/sindarin-compiler/sindarin-compiler/bin/deps/include/openssl/byteorder.h
2026-10-02T18:52:59.5499939Z -- Installing: D:/a/sindarin-compiler/sindarin-compiler/bin/deps/include/openssl/camellia.h
2026-10-02T18:52:59.5503699Z -- Installing: D:/a/sindarin-compiler/sindarin-compiler/bin/deps/include/openssl/cast.h
2026-10-02T18:52:59.5507668Z -- Installing: D:/a/sindarin-compiler/sindarin-compiler/bin/deps/include/openssl/cmac.h
2026-10-02T18:52:59.5512078Z -- Installing: D:/a/sindarin-compiler/sindarin-compiler/bin/deps/include/openssl/cmp.h
2026-10-02T18:52:59.5517013Z -- Installing: D:/a/sindarin-compiler/sindarin-compiler/bin/deps/include/openssl/cmperr.h
2026-10-02T18:52:59.5521037Z -- Installing: D:/a/sindarin-compiler/sindarin-compiler/bin/deps/include/openssl/cmp_util.h
2026-10-02T18:52:59.5524881Z -- Installing: D:/a/sindarin-compiler/sindarin-compiler/bin/deps/include/openssl/cms.h
2026-10-02T18:52:59.5529420Z -- Installing: D:/a/sindarin-compiler/sindarin-compiler/bin/deps/include/openssl/cmserr.h
2026-10-02T18:52:59.5533743Z -- Installing: D:/a/sindarin-compiler/sindarin-compiler/bin/deps/include/openssl/comp.h
2026-10-02T18:52:59.5537686Z -- Installing: D:/a/sindarin-compiler/sindarin-compiler/bin/deps/include/openssl/comperr.h
2026-10-02T18:52:59.5541636Z -- Installing: D:/a/sindarin-compiler/sindarin-compiler/bin/deps/include/openssl/conf.h
2026-10-02T18:52:59.5545606Z -- Installing: D:/a/sindarin-compiler/sindarin-compiler/bin/deps/include/openssl/conferr.h
2026-10-02T18:52:59.5550600Z -- Installing: D:/a/sindarin-compiler/sindarin-compiler/bin/deps/include/openssl/configuration.h
2026-10-02T18:52:59.5554683Z -- Installing: D:/a/sindarin-compiler/sindarin-compiler/bin/deps/include/openssl/conftypes.h
2026-10-02T18:52:59.5559070Z -- Installing: D:/a/sindarin-compiler/sindarin-compiler/bin/deps/include/openssl/conf_api.h
2026-10-02T18:52:59.5562749Z -- Installing: D:/a/sindarin-compiler/sindarin-compiler/bin/deps/include/openssl/core.h
2026-10-02T18:52:59.5567103Z -- Installing: D:/a/sindarin-compiler/sindarin-compiler/bin/deps/include/openssl/core_dispatch.h
2026-10-02T18:52:59.5572124Z -- Installing: D:/a/sindarin-compiler/sindarin-compiler/bin/deps/include/openssl/core_names.h
2026-10-02T18:52:59.5576595Z -- Installing: D:/a/sindarin-compiler/sindarin-compiler/bin/deps/include/openssl/core_object.h
2026-10-02T18:52:59.5580328Z -- Installing: D:/a/sindarin-compiler/sindarin-compiler/bin/deps/include/openssl/crmf.h
2026-10-02T18:52:59.5584838Z -- Installing: D:/a/sindarin-compiler/sindarin-compiler/bin/deps/include/openssl/crmferr.h
2026-10-02T18:52:59.5589063Z -- Installing: D:/a/sindarin-compiler/sindarin-compiler/bin/deps/include/openssl/crypto.h
2026-10-02T18:52:59.5593515Z -- Installing: D:/a/sindarin-compiler/sindarin-compiler/bin/deps/include/openssl/cryptoerr.h
2026-10-02T18:52:59.5597424Z -- Installing: D:/a/sindarin-compiler/sindarin-compiler/bin/deps/include/openssl/cryptoerr_legacy.h
2026-10-02T18:52:59.5602727Z -- Installing: D:/a/sindarin-compiler/sindarin-compiler/bin/deps/include/openssl/ct.h
2026-10-02T18:52:59.5607222Z -- Installing: D:/a/sindarin-compiler/sindarin-compiler/bin/deps/include/openssl/cterr.h
2026-10-02T18:52:59.5613483Z -- Installing: D:/a/sindarin-compiler/sindarin-compiler/bin/deps/include/openssl/decoder.h
2026-10-02T18:52:59.5617561Z -- Installing: D:/a/sindarin-compiler/sindarin-compiler/bin/deps/include/openssl/decodererr.h
2026-10-02T18:52:59.5621886Z -- Installing: D:/a/sindarin-compiler/sindarin-compiler/bin/deps/include/openssl/des.h
2026-10-02T18:52:59.5625966Z -- Installing: D:/a/sindarin-compiler/sindarin-compiler/bin/deps/include/openssl/dh.h
2026-10-02T18:52:59.5630593Z -- Installing: D:/a/sindarin-compiler/sindarin-compiler/bin/deps/include/openssl/dherr.h
2026-10-02T18:52:59.5634417Z -- Installing: D:/a/sindarin-compiler/sindarin-compiler/bin/deps/include/openssl/dsa.h
2026-10-02T18:52:59.5638576Z -- Installing: D:/a/sindarin-compiler/sindarin-compiler/bin/deps/include/openssl/dsaerr.h
2026-10-02T18:52:59.5642435Z -- Installing: D:/a/sindarin-compiler/sindarin-compiler/bin/deps/include/openssl/dtls1.h
2026-10-02T18:52:59.5646328Z -- Installing: D:/a/sindarin-compiler/sindarin-compiler/bin/deps/include/openssl/ebcdic.h
2026-10-02T18:52:59.5650601Z -- Installing: D:/a/sindarin-compiler/sindarin-compiler/bin/deps/include/openssl/ec.h
2026-10-02T18:52:59.5655443Z -- Installing: D:/a/sindarin-compiler/sindarin-compiler/bin/deps/include/openssl/ecdh.h
2026-10-02T18:52:59.5659255Z -- Installing: D:/a/sindarin-compiler/sindarin-compiler/bin/deps/include/openssl/ecdsa.h
2026-10-02T18:52:59.5662819Z -- Installing: D:/a/sindarin-compiler/sindarin-compiler/bin/deps/include/openssl/ecerr.h
2026-10-02T18:52:59.5666607Z -- Installing: D:/a/sindarin-compiler/sindarin-compiler/bin/deps/include/openssl/encoder.h
2026-10-02T18:52:59.5672087Z -- Installing: D:/a/sindarin-compiler/sindarin-compiler/bin/deps/include/openssl/encodererr.h
2026-10-02T18:52:59.5675881Z -- Installing: D:/a/sindarin-compiler/sindarin-compiler/bin/deps/include/openssl/engine.h
2026-10-02T18:52:59.5681105Z -- Installing: D:/a/sindarin-compiler/sindarin-compiler/bin/deps/include/openssl/engineerr.h
2026-10-02T18:52:59.5684720Z -- Installing: D:/a/sindarin-compiler/sindarin-compiler/bin/deps/include/openssl/err.h
2026-10-02T18:52:59.5691064Z -- Installing: D:/a/sindarin-compiler/sindarin-compiler/bin/deps/include/openssl/ess.h
2026-10-02T18:52:59.5694388Z -- Installing: D:/a/sindarin-compiler/sindarin-compiler/bin/deps/include/openssl/esserr.h
2026-10-02T18:52:59.5699745Z -- Installing: D:/a/sindarin-compiler/sindarin-compiler/bin/deps/include/openssl/evp.h
2026-10-02T18:52:59.5705707Z -- Installing: D:/a/sindarin-compiler/sindarin-compiler/bin/deps/include/openssl/evperr.h
2026-10-02T18:52:59.5710409Z -- Installing: D:/a/sindarin-compiler/sindarin-compiler/bin/deps/include/openssl/e_os2.h
2026-10-02T18:52:59.5714566Z -- Installing: D:/a/sindarin-compiler/sindarin-compiler/bin/deps/include/openssl/e_ostime.h
2026-10-02T18:52:59.5718579Z -- Installing: D:/a/sindarin-compiler/sindarin-compiler/bin/deps/include/openssl/fipskey.h
2026-10-02T18:52:59.5722371Z -- Installing: D:/a/sindarin-compiler/sindarin-compiler/bin/deps/include/openssl/fips_names.h
2026-10-02T18:52:59.5726104Z -- Installing: D:/a/sindarin-compiler/sindarin-compiler/bin/deps/include/openssl/hmac.h
2026-10-02T18:52:59.5730313Z -- Installing: D:/a/sindarin-compiler/sindarin-compiler/bin/deps/include/openssl/hpke.h
2026-10-02T18:52:59.5734538Z -- Installing: D:/a/sindarin-compiler/sindarin-compiler/bin/deps/include/openssl/http.h
2026-10-02T18:52:59.5738586Z -- Installing: D:/a/sindarin-compiler/sindarin-compiler/bin/deps/include/openssl/httperr.h
2026-10-02T18:52:59.5742487Z -- Installing: D:/a/sindarin-compiler/sindarin-compiler/bin/deps/include/openssl/idea.h
2026-10-02T18:52:59.5746240Z -- Installing: D:/a/sindarin-compiler/sindarin-compiler/bin/deps/include/openssl/indicator.h
2026-10-02T18:52:59.5750506Z -- Installing: D:/a/sindarin-compiler/sindarin-compiler/bin/deps/include/openssl/kdf.h
2026-10-02T18:52:59.5754545Z -- Installing: D:/a/sindarin-compiler/sindarin-compiler/bin/deps/include/openssl/kdferr.h
2026-10-02T18:52:59.5758912Z -- Installing: D:/a/sindarin-compiler/sindarin-compiler/bin/deps/include/openssl/lhash.h
2026-10-02T18:52:59.5763547Z -- Installing: D:/a/sindarin-compiler/sindarin-compiler/bin/deps/include/openssl/macros.h
2026-10-02T18:52:59.5768174Z -- Installing: D:/a/sindarin-compiler/sindarin-compiler/bin/deps/include/openssl/md2.h
2026-10-02T18:52:59.5772458Z -- Installing: D:/a/sindarin-compiler/sindarin-compiler/bin/deps/include/openssl/md4.h
2026-10-02T18:52:59.5776201Z -- Installing: D:/a/sindarin-compiler/sindarin-compiler/bin/deps/include/openssl/md5.h
2026-10-02T18:52:59.5779961Z -- Installing: D:/a/sindarin-compiler/sindarin-compiler/bin/deps/include/openssl/mdc2.h
2026-10-02T18:52:59.5783793Z -- Installing: D:/a/sindarin-compiler/sindarin-compiler/bin/deps/include/openssl/ml_kem.h
2026-10-02T18:52:59.5789304Z -- Installing: D:/a/sindarin-compiler/sindarin-compiler/bin/deps/include/openssl/modes.h
2026-10-02T18:52:59.5793428Z -- Installing: D:/a/sindarin-compiler/sindarin-compiler/bin/deps/include/openssl/objects.h
2026-10-02T18:52:59.5797857Z -- Installing: D:/a/sindarin-compiler/sindarin-compiler/bin/deps/include/openssl/objectserr.h
2026-10-02T18:52:59.5802069Z -- Installing: D:/a/sindarin-compiler/sindarin-compiler/bin/deps/include/openssl/obj_mac.h
2026-10-02T18:52:59.5812087Z -- Installing: D:/a/sindarin-compiler/sindarin-compiler/bin/deps/include/openssl/ocsp.h
2026-10-02T18:52:59.5816737Z -- Installing: D:/a/sindarin-compiler/sindarin-compiler/bin/deps/include/openssl/ocsperr.h
2026-10-02T18:52:59.5820805Z -- Installing: D:/a/sindarin-compiler/sindarin-compiler/bin/deps/include/openssl/opensslconf.h
2026-10-02T18:52:59.5825813Z -- Installing: D:/a/sindarin-compiler/sindarin-compiler/bin/deps/include/openssl/opensslv.h
2026-10-02T18:52:59.5830245Z -- Installing: D:/a/sindarin-compiler/sindarin-compiler/bin/deps/include/openssl/ossl_typ.h
2026-10-02T18:52:59.5834355Z -- Installing: D:/a/sindarin-compiler/sindarin-compiler/bin/deps/include/openssl/params.h
2026-10-02T18:52:59.5838744Z -- Installing: D:/a/sindarin-compiler/sindarin-compiler/bin/deps/include/openssl/param_build.h
2026-10-02T18:52:59.5843301Z -- Installing: D:/a/sindarin-compiler/sindarin-compiler/bin/deps/include/openssl/pem.h
2026-10-02T18:52:59.5848185Z -- Installing: D:/a/sindarin-compiler/sindarin-compiler/bin/deps/include/openssl/pem2.h
2026-10-02T18:52:59.5852690Z -- Installing: D:/a/sindarin-compiler/sindarin-compiler/bin/deps/include/openssl/pemerr.h
2026-10-02T18:52:59.5856822Z -- Installing: D:/a/sindarin-compiler/sindarin-compiler/bin/deps/include/openssl/pkcs12.h
2026-10-02T18:52:59.5861565Z -- Installing: D:/a/sindarin-compiler/sindarin-compiler/bin/deps/include/openssl/pkcs12err.h
2026-10-02T18:52:59.5866614Z -- Installing: D:/a/sindarin-compiler/sindarin-compiler/bin/deps/include/openssl/pkcs7.h
2026-10-02T18:52:59.5871226Z -- Installing: D:/a/sindarin-compiler/sindarin-compiler/bin/deps/include/openssl/pkcs7err.h
2026-10-02T18:52:59.5875418Z -- Installing: D:/a/sindarin-compiler/sindarin-compiler/bin/deps/include/openssl/proverr.h
2026-10-02T18:52:59.5881679Z -- Installing: D:/a/sindarin-compiler/sindarin-compiler/bin/deps/include/openssl/provider.h
2026-10-02T18:52:59.5886099Z -- Installing: D:/a/sindarin-compiler/sindarin-compiler/bin/deps/include/openssl/prov_ssl.h
2026-10-02T18:52:59.5890166Z -- Installing: D:/a/sindarin-compiler/sindarin-compiler/bin/deps/include/openssl/quic.h
2026-10-02T18:52:59.5894750Z -- Installing: D:/a/sindarin-compiler/sindarin-compiler/bin/deps/include/openssl/rand.h
2026-10-02T18:52:59.5898793Z -- Installing: D:/a/sindarin-compiler/sindarin-compiler/bin/deps/include/openssl/randerr.h
2026-10-02T18:52:59.5903159Z -- Installing: D:/a/sindarin-compiler/sindarin-compiler/bin/deps/include/openssl/rc2.h
2026-10-02T18:52:59.5907511Z -- Installing: D:/a/sindarin-compiler/sindarin-compiler/bin/deps/include/openssl/rc4.h
2026-10-02T18:52:59.5911864Z -- Installing: D:/a/sindarin-compiler/sindarin-compiler/bin/deps/include/openssl/rc5.h
2026-10-02T18:52:59.5915910Z -- Installing: D:/a/sindarin-compiler/sindarin-compiler/bin/deps/include/openssl/ripemd.h
2026-10-02T18:52:59.5919876Z -- Installing: D:/a/sindarin-compiler/sindarin-compiler/bin/deps/include/openssl/rsa.h
2026-10-02T18:52:59.5924498Z -- Installing: D:/a/sindarin-compiler/sindarin-compiler/bin/deps/include/openssl/rsaerr.h
2026-10-02T18:52:59.5928731Z -- Installing: D:/a/sindarin-compiler/sindarin-compiler/bin/deps/include/openssl/safestack.h
2026-10-02T18:52:59.5933578Z -- Installing: D:/a/sindarin-compiler/sindarin-compiler/bin/deps/include/openssl/seed.h
2026-10-02T18:52:59.5937699Z -- Installing: D:/a/sindarin-compiler/sindarin-compiler/bin/deps/include/openssl/self_test.h
2026-10-02T18:52:59.5942034Z -- Installing: D:/a/sindarin-compiler/sindarin-compiler/bin/deps/include/openssl/sha.h
2026-10-02T18:52:59.5946731Z -- Installing: D:/a/sindarin-compiler/sindarin-compiler/bin/deps/include/openssl/srp.h
2026-10-02T18:52:59.5951169Z -- Installing: D:/a/sindarin-compiler/sindarin-compiler/bin/deps/include/openssl/srtp.h
2026-10-02T18:52:59.5955276Z -- Installing: D:/a/sindarin-compiler/sindarin-compiler/bin/deps/include/openssl/ssl.h
2026-10-02T18:52:59.5962246Z -- Installing: D:/a/sindarin-compiler/sindarin-compiler/bin/deps/include/openssl/ssl2.h
2026-10-02T18:52:59.5966481Z -- Installing: D:/a/sindarin-compiler/sindarin-compiler/bin/deps/include/openssl/ssl3.h
2026-10-02T18:52:59.5970930Z -- Installing: D:/a/sindarin-compiler/sindarin-compiler/bin/deps/include/openssl/sslerr.h
2026-10-02T18:52:59.5977413Z -- Installing: D:/a/sindarin-compiler/sindarin-compiler/bin/deps/include/openssl/sslerr_legacy.h
2026-10-02T18:52:59.5982444Z -- Installing: D:/a/sindarin-compiler/sindarin-compiler/bin/deps/include/openssl/stack.h
2026-10-02T18:52:59.5987108Z -- Installing: D:/a/sindarin-compiler/sindarin-compiler/bin/deps/include/openssl/store.h
2026-10-02T18:52:59.5991547Z -- Installing: D:/a/sindarin-compiler/sindarin-compiler/bin/deps/include/openssl/storeerr.h
2026-10-02T18:52:59.5995692Z -- Installing: D:/a/sindarin-compiler/sindarin-compiler/bin/deps/include/openssl/symhacks.h
2026-10-02T18:52:59.5999738Z -- Installing: D:/a/sindarin-compiler/sindarin-compiler/bin/deps/include/openssl/thread.h
2026-10-02T18:52:59.6004189Z -- Installing: D:/a/sindarin-compiler/sindarin-compiler/bin/deps/include/openssl/tls1.h
2026-10-02T18:52:59.6009410Z -- Installing: D:/a/sindarin-compiler/sindarin-compiler/bin/deps/include/openssl/trace.h
2026-10-02T18:52:59.6014145Z -- Installing: D:/a/sindarin-compiler/sindarin-compiler/bin/deps/include/openssl/ts.h
2026-10-02T18:52:59.6018593Z -- Installing: D:/a/sindarin-compiler/sindarin-compiler/bin/deps/include/openssl/tserr.h
2026-10-02T18:52:59.6023280Z -- Installing: D:/a/sindarin-compiler/sindarin-compiler/bin/deps/include/openssl/txt_db.h
2026-10-02T18:52:59.6027563Z -- Installing: D:/a/sindarin-compiler/sindarin-compiler/bin/deps/include/openssl/types.h
2026-10-02T18:52:59.6031954Z -- Installing: D:/a/sindarin-compiler/sindarin-compiler/bin/deps/include/openssl/ui.h
2026-10-02T18:52:59.6036581Z -- Installing: D:/a/sindarin-compiler/sindarin-compiler/bin/deps/include/openssl/uierr.h
2026-10-02T18:52:59.6040672Z -- Installing: D:/a/sindarin-compiler/sindarin-compiler/bin/deps/include/openssl/whrlpool.h
2026-10-02T18:52:59.6045358Z -- Installing: D:/a/sindarin-compiler/sindarin-compiler/bin/deps/include/openssl/x509.h
2026-10-02T18:52:59.6050978Z -- Installing: D:/a/sindarin-compiler/sindarin-compiler/bin/deps/include/openssl/x509err.h
2026-10-02T18:52:59.6055297Z -- Installing: D:/a/sindarin-compiler/sindarin-compiler/bin/deps/include/openssl/x509v3.h
2026-10-02T18:52:59.6061753Z -- Installing: D:/a/sindarin-compiler/sindarin-compiler/bin/deps/include/openssl/x509v3err.h
2026-10-02T18:52:59.6066265Z -- Installing: D:/a/sindarin-compiler/sindarin-compiler/bin/deps/include/openssl/x509_acert.h
2026-10-02T18:52:59.6070863Z -- Installing: D:/a/sindarin-compiler/sindarin-compiler/bin/deps/include/openssl/x509_vfy.h
2026-10-02T18:52:59.6078057Z --   Copying libssh headers...
2026-10-02T18:52:59.6079271Z -- Installing: D:/a/sindarin-compiler/sindarin-compiler/bin/deps/include/libssh
2026-10-02T18:52:59.6084446Z -- Installing: D:/a/sindarin-compiler/sindarin-compiler/bin/deps/include/libssh/callbacks.h
2026-10-02T18:52:59.6089489Z -- Installing: D:/a/sindarin-compiler/sindarin-compiler/bin/deps/include/libssh/legacy.h
2026-10-02T18:52:59.6094082Z -- Installing: D:/a/sindarin-compiler/sindarin-compiler/bin/deps/include/libssh/libssh.h
2026-10-02T18:52:59.6098972Z -- Installing: D:/a/sindarin-compiler/sindarin-compiler/bin/deps/include/libssh/libsshpp.hpp
2026-10-02T18:52:59.6107254Z -- Installing: D:/a/sindarin-compiler/sindarin-compiler/bin/deps/include/libssh/libssh_version.h
2026-10-02T18:52:59.6111675Z -- Installing: D:/a/sindarin-compiler/sindarin-compiler/bin/deps/include/libssh/server.h
2026-10-02T18:52:59.6116940Z -- Installing: D:/a/sindarin-compiler/sindarin-compiler/bin/deps/include/libssh/sftp.h
2026-10-02T18:52:59.6125578Z -- Installing: D:/a/sindarin-compiler/sindarin-compiler/bin/deps/include/libssh/sftpserver.h
2026-10-02T18:52:59.6130841Z -- Installing: D:/a/sindarin-compiler/sindarin-compiler/bin/deps/include/libssh/ssh2.h
2026-10-02T18:52:59.6135020Z --   Copying libgit2 headers...
2026-10-02T18:52:59.6136218Z -- Installing: D:/a/sindarin-compiler/sindarin-compiler/bin/deps/include/git2.h
2026-10-02T18:52:59.6142016Z -- Installing: D:/a/sindarin-compiler/sindarin-compiler/bin/deps/include/git2
2026-10-02T18:52:59.6146782Z -- Installing: D:/a/sindarin-compiler/sindarin-compiler/bin/deps/include/git2/annotated_commit.h
2026-10-02T18:52:59.6151563Z -- Installing: D:/a/sindarin-compiler/sindarin-compiler/bin/deps/include/git2/apply.h
2026-10-02T18:52:59.6156047Z -- Installing: D:/a/sindarin-compiler/sindarin-compiler/bin/deps/include/git2/attr.h
2026-10-02T18:52:59.6160437Z -- Installing: D:/a/sindarin-compiler/sindarin-compiler/bin/deps/include/git2/blame.h
2026-10-02T18:52:59.6165658Z -- Installing: D:/a/sindarin-compiler/sindarin-compiler/bin/deps/include/git2/blob.h
2026-10-02T18:52:59.6170549Z -- Installing: D:/a/sindarin-compiler/sindarin-compiler/bin/deps/include/git2/branch.h
2026-10-02T18:52:59.6174880Z -- Installing: D:/a/sindarin-compiler/sindarin-compiler/bin/deps/include/git2/buffer.h
2026-10-02T18:52:59.6180214Z -- Installing: D:/a/sindarin-compiler/sindarin-compiler/bin/deps/include/git2/cert.h
2026-10-02T18:52:59.6185996Z -- Installing: D:/a/sindarin-compiler/sindarin-compiler/bin/deps/include/git2/checkout.h
2026-10-02T18:52:59.6190468Z -- Installing: D:/a/sindarin-compiler/sindarin-compiler/bin/deps/include/git2/cherrypick.h
2026-10-02T18:52:59.6194568Z -- Installing: D:/a/sindarin-compiler/sindarin-compiler/bin/deps/include/git2/clone.h
2026-10-02T18:52:59.6198875Z -- Installing: D:/a/sindarin-compiler/sindarin-compiler/bin/deps/include/git2/commit.h
2026-10-02T18:52:59.6203983Z -- Installing: D:/a/sindarin-compiler/sindarin-compiler/bin/deps/include/git2/common.h
2026-10-02T18:52:59.6210083Z -- Installing: D:/a/sindarin-compiler/sindarin-compiler/bin/deps/include/git2/config.h
2026-10-02T18:52:59.6215241Z -- Installing: D:/a/sindarin-compiler/sindarin-compiler/bin/deps/include/git2/credential.h
2026-10-02T18:52:59.6220215Z -- Installing: D:/a/sindarin-compiler/sindarin-compiler/bin/deps/include/git2/credential_helpers.h
2026-10-02T18:52:59.6224913Z -- Installing: D:/a/sindarin-compiler/sindarin-compiler/bin/deps/include/git2/cred_helpers.h
2026-10-02T18:52:59.6228829Z -- Installing: D:/a/sindarin-compiler/sindarin-compiler/bin/deps/include/git2/deprecated.h
2026-10-02T18:52:59.6233926Z -- Installing: D:/a/sindarin-compiler/sindarin-compiler/bin/deps/include/git2/describe.h
2026-10-02T18:52:59.6238315Z -- Installing: D:/a/sindarin-compiler/sindarin-compiler/bin/deps/include/git2/diff.h
2026-10-02T18:52:59.6244249Z -- Installing: D:/a/sindarin-compiler/sindarin-compiler/bin/deps/include/git2/email.h
2026-10-02T18:52:59.6248203Z -- Installing: D:/a/sindarin-compiler/sindarin-compiler/bin/deps/include/git2/errors.h
2026-10-02T18:52:59.6252543Z -- Installing: D:/a/sindarin-compiler/sindarin-compiler/bin/deps/include/git2/experimental.h
2026-10-02T18:52:59.6256293Z -- Installing: D:/a/sindarin-compiler/sindarin-compiler/bin/deps/include/git2/filter.h
2026-10-02T18:52:59.6260606Z -- Installing: D:/a/sindarin-compiler/sindarin-compiler/bin/deps/include/git2/global.h
2026-10-02T18:52:59.6265097Z -- Installing: D:/a/sindarin-compiler/sindarin-compiler/bin/deps/include/git2/graph.h
2026-10-02T18:52:59.6269106Z -- Installing: D:/a/sindarin-compiler/sindarin-compiler/bin/deps/include/git2/ignore.h
2026-10-02T18:52:59.6273146Z -- Installing: D:/a/sindarin-compiler/sindarin-compiler/bin/deps/include/git2/index.h
2026-10-02T18:52:59.6278684Z -- Installing: D:/a/sindarin-compiler/sindarin-compiler/bin/deps/include/git2/indexer.h
2026-10-02T18:52:59.6283645Z -- Installing: D:/a/sindarin-compiler/sindarin-compiler/bin/deps/include/git2/mailmap.h
2026-10-02T18:52:59.6287777Z -- Installing: D:/a/sindarin-compiler/sindarin-compiler/bin/deps/include/git2/merge.h
2026-10-02T18:52:59.6292495Z -- Installing: D:/a/sindarin-compiler/sindarin-compiler/bin/deps/include/git2/message.h
2026-10-02T18:52:59.6297137Z -- Installing: D:/a/sindarin-compiler/sindarin-compiler/bin/deps/include/git2/net.h
2026-10-02T18:52:59.6301581Z -- Installing: D:/a/sindarin-compiler/sindarin-compiler/bin/deps/include/git2/notes.h
2026-10-02T18:52:59.6306524Z -- Installing: D:/a/sindarin-compiler/sindarin-compiler/bin/deps/include/git2/object.h
2026-10-02T18:52:59.6311461Z -- Installing: D:/a/sindarin-compiler/sindarin-compiler/bin/deps/include/git2/odb.h
2026-10-02T18:52:59.6316210Z -- Installing: D:/a/sindarin-compiler/sindarin-compiler/bin/deps/include/git2/odb_backend.h
2026-10-02T18:52:59.6320683Z -- Installing: D:/a/sindarin-compiler/sindarin-compiler/bin/deps/include/git2/oid.h
2026-10-02T18:52:59.6325558Z -- Installing: D:/a/sindarin-compiler/sindarin-compiler/bin/deps/include/git2/oidarray.h
2026-10-02T18:52:59.6330980Z -- Installing: D:/a/sindarin-compiler/sindarin-compiler/bin/deps/include/git2/pack.h
2026-10-02T18:52:59.6335296Z -- Installing: D:/a/sindarin-compiler/sindarin-compiler/bin/deps/include/git2/patch.h
2026-10-02T18:52:59.6340738Z -- Installing: D:/a/sindarin-compiler/sindarin-compiler/bin/deps/include/git2/pathspec.h
2026-10-02T18:52:59.6344595Z -- Installing: D:/a/sindarin-compiler/sindarin-compiler/bin/deps/include/git2/proxy.h
2026-10-02T18:52:59.6348836Z -- Installing: D:/a/sindarin-compiler/sindarin-compiler/bin/deps/include/git2/rebase.h
2026-10-02T18:52:59.6353189Z -- Installing: D:/a/sindarin-compiler/sindarin-compiler/bin/deps/include/git2/refdb.h
2026-10-02T18:52:59.6357261Z -- Installing: D:/a/sindarin-compiler/sindarin-compiler/bin/deps/include/git2/reflog.h
2026-10-02T18:52:59.6362764Z -- Installing: D:/a/sindarin-compiler/sindarin-compiler/bin/deps/include/git2/refs.h
2026-10-02T18:52:59.6367250Z -- Installing: D:/a/sindarin-compiler/sindarin-compiler/bin/deps/include/git2/refspec.h
2026-10-02T18:52:59.6371273Z -- Installing: D:/a/sindarin-compiler/sindarin-compiler/bin/deps/include/git2/remote.h
2026-10-02T18:52:59.6376161Z -- Installing: D:/a/sindarin-compiler/sindarin-compiler/bin/deps/include/git2/repository.h
2026-10-02T18:52:59.6382391Z -- Installing: D:/a/sindarin-compiler/sindarin-compiler/bin/deps/include/git2/reset.h
2026-10-02T18:52:59.6386746Z -- Installing: D:/a/sindarin-compiler/sindarin-compiler/bin/deps/include/git2/revert.h
2026-10-02T18:52:59.6391367Z -- Installing: D:/a/sindarin-compiler/sindarin-compiler/bin/deps/include/git2/revparse.h
2026-10-02T18:52:59.6395888Z -- Installing: D:/a/sindarin-compiler/sindarin-compiler/bin/deps/include/git2/revwalk.h
2026-10-02T18:52:59.6400281Z -- Installing: D:/a/sindarin-compiler/sindarin-compiler/bin/deps/include/git2/signature.h
2026-10-02T18:52:59.6404934Z -- Installing: D:/a/sindarin-compiler/sindarin-compiler/bin/deps/include/git2/stash.h
2026-10-02T18:52:59.6409344Z -- Installing: D:/a/sindarin-compiler/sindarin-compiler/bin/deps/include/git2/status.h
2026-10-02T18:52:59.6413686Z -- Installing: D:/a/sindarin-compiler/sindarin-compiler/bin/deps/include/git2/stdint.h
2026-10-02T18:52:59.6418390Z -- Installing: D:/a/sindarin-compiler/sindarin-compiler/bin/deps/include/git2/strarray.h
2026-10-02T18:52:59.6423922Z -- Installing: D:/a/sindarin-compiler/sindarin-compiler/bin/deps/include/git2/submodule.h
2026-10-02T18:52:59.6428591Z -- Installing: D:/a/sindarin-compiler/sindarin-compiler/bin/deps/include/git2/sys
2026-10-02T18:52:59.6432927Z -- Installing: D:/a/sindarin-compiler/sindarin-compiler/bin/deps/include/git2/sys/alloc.h
2026-10-02T18:52:59.6437143Z -- Installing: D:/a/sindarin-compiler/sindarin-compiler/bin/deps/include/git2/sys/commit.h
2026-10-02T18:52:59.6441913Z -- Installing: D:/a/sindarin-compiler/sindarin-compiler/bin/deps/include/git2/sys/commit_graph.h
2026-10-02T18:52:59.6446896Z -- Installing: D:/a/sindarin-compiler/sindarin-compiler/bin/deps/include/git2/sys/config.h
2026-10-02T18:52:59.6451202Z -- Installing: D:/a/sindarin-compiler/sindarin-compiler/bin/deps/include/git2/sys/cred.h
2026-10-02T18:52:59.6455149Z -- Installing: D:/a/sindarin-compiler/sindarin-compiler/bin/deps/include/git2/sys/credential.h
2026-10-02T18:52:59.6459183Z -- Installing: D:/a/sindarin-compiler/sindarin-compiler/bin/deps/include/git2/sys/diff.h
2026-10-02T18:52:59.6464663Z -- Installing: D:/a/sindarin-compiler/sindarin-compiler/bin/deps/include/git2/sys/email.h
2026-10-02T18:52:59.6468683Z -- Installing: D:/a/sindarin-compiler/sindarin-compiler/bin/deps/include/git2/sys/errors.h
2026-10-02T18:52:59.6472809Z -- Installing: D:/a/sindarin-compiler/sindarin-compiler/bin/deps/include/git2/sys/filter.h
2026-10-02T18:52:59.6477153Z -- Installing: D:/a/sindarin-compiler/sindarin-compiler/bin/deps/include/git2/sys/hashsig.h
2026-10-02T18:52:59.6481534Z -- Installing: D:/a/sindarin-compiler/sindarin-compiler/bin/deps/include/git2/sys/index.h
2026-10-02T18:52:59.6486043Z -- Installing: D:/a/sindarin-compiler/sindarin-compiler/bin/deps/include/git2/sys/mempack.h
2026-10-02T18:52:59.6490129Z -- Installing: D:/a/sindarin-compiler/sindarin-compiler/bin/deps/include/git2/sys/merge.h
2026-10-02T18:52:59.6494507Z -- Installing: D:/a/sindarin-compiler/sindarin-compiler/bin/deps/include/git2/sys/midx.h
2026-10-02T18:52:59.6498634Z -- Installing: D:/a/sindarin-compiler/sindarin-compiler/bin/deps/include/git2/sys/odb_backend.h
2026-10-02T18:52:59.6503273Z -- Installing: D:/a/sindarin-compiler/sindarin-compiler/bin/deps/include/git2/sys/openssl.h
2026-10-02T18:52:59.6507414Z -- Installing: D:/a/sindarin-compiler/sindarin-compiler/bin/deps/include/git2/sys/path.h
2026-10-02T18:52:59.6511560Z -- Installing: D:/a/sindarin-compiler/sindarin-compiler/bin/deps/include/git2/sys/refdb_backend.h
2026-10-02T18:52:59.6515900Z -- Installing: D:/a/sindarin-compiler/sindarin-compiler/bin/deps/include/git2/sys/refs.h
2026-10-02T18:52:59.6520831Z -- Installing: D:/a/sindarin-compiler/sindarin-compiler/bin/deps/include/git2/sys/remote.h
2026-10-02T18:52:59.6528411Z -- Installing: D:/a/sindarin-compiler/sindarin-compiler/bin/deps/include/git2/sys/repository.h
2026-10-02T18:52:59.6533066Z -- Installing: D:/a/sindarin-compiler/sindarin-compiler/bin/deps/include/git2/sys/stream.h
2026-10-02T18:52:59.6537266Z -- Installing: D:/a/sindarin-compiler/sindarin-compiler/bin/deps/include/git2/sys/transport.h
2026-10-02T18:52:59.6542216Z -- Installing: D:/a/sindarin-compiler/sindarin-compiler/bin/deps/include/git2/tag.h
2026-10-02T18:52:59.6546895Z -- Installing: D:/a/sindarin-compiler/sindarin-compiler/bin/deps/include/git2/trace.h
2026-10-02T18:52:59.6551104Z -- Installing: D:/a/sindarin-compiler/sindarin-compiler/bin/deps/include/git2/transaction.h
2026-10-02T18:52:59.6555293Z -- Installing: D:/a/sindarin-compiler/sindarin-compiler/bin/deps/include/git2/transport.h
2026-10-02T18:52:59.6560104Z -- Installing: D:/a/sindarin-compiler/sindarin-compiler/bin/deps/include/git2/tree.h
2026-10-02T18:52:59.6565001Z -- Installing: D:/a/sindarin-compiler/sindarin-compiler/bin/deps/include/git2/types.h
2026-10-02T18:52:59.6569503Z -- Installing: D:/a/sindarin-compiler/sindarin-compiler/bin/deps/include/git2/version.h
2026-10-02T18:52:59.6573562Z -- Installing: D:/a/sindarin-compiler/sindarin-compiler/bin/deps/include/git2/worktree.h
2026-10-02T18:52:59.6578191Z --   Copying curl headers...
2026-10-02T18:52:59.6579807Z -- Installing: D:/a/sindarin-compiler/sindarin-compiler/bin/deps/include/curl
2026-10-02T18:52:59.6583537Z -- Installing: D:/a/sindarin-compiler/sindarin-compiler/bin/deps/include/curl/curl.h
2026-10-02T18:52:59.6590136Z -- Installing: D:/a/sindarin-compiler/sindarin-compiler/bin/deps/include/curl/curlver.h
2026-10-02T18:52:59.6594152Z -- Installing: D:/a/sindarin-compiler/sindarin-compiler/bin/deps/include/curl/easy.h
2026-10-02T18:52:59.6598206Z -- Installing: D:/a/sindarin-compiler/sindarin-compiler/bin/deps/include/curl/header.h
2026-10-02T18:52:59.6610621Z -- Installing: D:/a/sindarin-compiler/sindarin-compiler/bin/deps/include/curl/mprintf.h
2026-10-02T18:52:59.6611943Z -- Installing: D:/a/sindarin-compiler/sindarin-compiler/bin/deps/include/curl/multi.h
2026-10-02T18:52:59.6612693Z -- Installing: D:/a/sindarin-compiler/sindarin-compiler/bin/deps/include/curl/options.h
2026-10-02T18:52:59.6619136Z -- Installing: D:/a/sindarin-compiler/sindarin-compiler/bin/deps/include/curl/stdcheaders.h
2026-10-02T18:52:59.6623818Z -- Installing: D:/a/sindarin-compiler/sindarin-compiler/bin/deps/include/curl/system.h
2026-10-02T18:52:59.6628134Z -- Installing: D:/a/sindarin-compiler/sindarin-compiler/bin/deps/include/curl/typecheck-gcc.h
2026-10-02T18:52:59.6633735Z -- Installing: D:/a/sindarin-compiler/sindarin-compiler/bin/deps/include/curl/urlapi.h
2026-10-02T18:52:59.6638480Z -- Installing: D:/a/sindarin-compiler/sindarin-compiler/bin/deps/include/curl/websockets.h
2026-10-02T18:52:59.6649915Z --   Copying library: D:/a/sindarin-compiler/sindarin-compiler/.sn/sindarin-pkg-libs/libs/windows/lib/libzlib.a
2026-10-02T18:52:59.6650906Z -- Installing: D:/a/sindarin-compiler/sindarin-compiler/bin/deps/lib/libzlib.a
2026-10-02T18:52:59.6657814Z --   Copying library: D:/a/sindarin-compiler/sindarin-compiler/.sn/sindarin-pkg-libs/libs/windows/lib/libzs.a
2026-10-02T18:52:59.6658978Z -- Installing: D:/a/sindarin-compiler/sindarin-compiler/bin/deps/lib/libzs.a
2026-10-02T18:52:59.6664744Z --   Copying library: D:/a/sindarin-compiler/sindarin-compiler/.sn/sindarin-pkg-libs/libs/windows/lib/libyyjson.a
2026-10-02T18:52:59.6665719Z -- Installing: D:/a/sindarin-compiler/sindarin-compiler/bin/deps/lib/libyyjson.a
2026-10-02T18:52:59.6675713Z --   Copying library: D:/a/sindarin-compiler/sindarin-compiler/.sn/sindarin-pkg-libs/libs/windows/lib/libxml2.a
2026-10-02T18:52:59.6676699Z -- Installing: D:/a/sindarin-compiler/sindarin-compiler/bin/deps/lib/libxml2.a
2026-10-02T18:52:59.6712154Z --   Copying library: D:/a/sindarin-compiler/sindarin-compiler/.sn/sindarin-pkg-libs/libs/windows/lib/libyaml.a
2026-10-02T18:52:59.6713167Z -- Installing: D:/a/sindarin-compiler/sindarin-compiler/bin/deps/lib/libyaml.a
2026-10-02T18:52:59.6720301Z --   Copying library: D:/a/sindarin-compiler/sindarin-compiler/.sn/sindarin-pkg-libs/libs/windows/lib/libcrypto.a
2026-10-02T18:52:59.6721436Z -- Installing: D:/a/sindarin-compiler/sindarin-compiler/bin/deps/lib/libcrypto.a
2026-10-02T18:52:59.6893872Z --   Copying library: D:/a/sindarin-compiler/sindarin-compiler/.sn/sindarin-pkg-libs/libs/windows/lib/libssl.a
2026-10-02T18:52:59.6895007Z -- Installing: D:/a/sindarin-compiler/sindarin-compiler/bin/deps/lib/libssl.a
2026-10-02T18:52:59.6925686Z --   Copying library: D:/a/sindarin-compiler/sindarin-compiler/.sn/sindarin-pkg-libs/libs/windows/lib/libssh.a
2026-10-02T18:52:59.6926349Z -- Installing: D:/a/sindarin-compiler/sindarin-compiler/bin/deps/lib/libssh.a
2026-10-02T18:52:59.6940957Z --   Copying library: D:/a/sindarin-compiler/sindarin-compiler/.sn/sindarin-pkg-libs/libs/windows/lib/libssh2.a
2026-10-02T18:52:59.6941930Z -- Installing: D:/a/sindarin-compiler/sindarin-compiler/bin/deps/lib/libssh2.a
2026-10-02T18:52:59.6951924Z --   Copying library: D:/a/sindarin-compiler/sindarin-compiler/.sn/sindarin-pkg-libs/libs/windows/lib/libgit2.a
2026-10-02T18:52:59.6952934Z -- Installing: D:/a/sindarin-compiler/sindarin-compiler/bin/deps/lib/libgit2.a
2026-10-02T18:52:59.6989378Z --   Copying library: D:/a/sindarin-compiler/sindarin-compiler/.sn/sindarin-pkg-libs/libs/windows/lib/libhttp_parser.a
2026-10-02T18:52:59.6990147Z -- Installing: D:/a/sindarin-compiler/sindarin-compiler/bin/deps/lib/libhttp_parser.a
2026-10-02T18:52:59.6995771Z --   Copying library: D:/a/sindarin-compiler/sindarin-compiler/.sn/sindarin-pkg-libs/libs/windows/lib/libpcre2-8.a
2026-10-02T18:52:59.6996752Z -- Installing: D:/a/sindarin-compiler/sindarin-compiler/bin/deps/lib/libpcre2-8.a
2026-10-02T18:52:59.7015920Z --   Copying library: D:/a/sindarin-compiler/sindarin-compiler/.sn/sindarin-pkg-libs/libs/windows/lib/libssh2.a
2026-10-02T18:52:59.7017129Z -- Up-to-date: D:/a/sindarin-compiler/sindarin-compiler/bin/deps/lib/libssh2.a
2026-10-02T18:52:59.7017786Z --   Copying library: D:/a/sindarin-compiler/sindarin-compiler/.sn/sindarin-pkg-libs/libs/windows/lib/libcurl.a
2026-10-02T18:52:59.7018860Z -- Installing: D:/a/sindarin-compiler/sindarin-compiler/bin/deps/lib/libcurl.a
2026-10-02T18:52:59.7039846Z --   Dependencies copied to: D:/a/sindarin-compiler/sindarin-compiler/bin/deps
2026-10-02T18:52:59.7040584Z -- Using zlib archive: D:/a/sindarin-compiler/sindarin-compiler/.sn/sindarin-pkg-libs/libs/windows/lib/libzlib.a
2026-10-02T18:52:59.7041132Z -- Found sindarin-template (handlebars)
2026-10-02T18:52:59.7050843Z -- Found libcurl - enabling auto-update feature
2026-10-02T18:52:59.7051889Z -- Found libgit2 and libyaml - enabling package manager
2026-10-02T18:52:59.7214675Z -- 
2026-10-02T18:52:59.7214972Z -- Sindarin Compiler Build Configuration:
2026-10-02T18:52:59.7215309Z --   Version:      1.0.0
2026-10-02T18:52:59.7215870Z --   Platform:     Windows
2026-10-02T18:52:59.7216112Z --   Compiler:     Clang 22.1.8
2026-10-02T18:52:59.7216292Z --   Build Type:   Release
2026-10-02T18:52:59.7216450Z --   Debug:        OFF
2026-10-02T18:52:59.7216601Z --   ASAN:         OFF
2026-10-02T18:52:59.7217140Z --   Output:       D:/a/sindarin-compiler/sindarin-compiler/bin
2026-10-02T18:52:59.7217487Z -- 
2026-10-02T18:52:59.7219401Z -- Configuring done (1.9s)
2026-10-02T18:52:59.8182518Z -- Generating done (0.1s)
2026-10-02T18:52:59.8193283Z -- Build files have been written to: D:/a/sindarin-compiler/sindarin-compiler/build
2026-10-02T18:52:59.8366279Z cmake --build build
2026-10-02T18:52:59.8862005Z [0/2] Re-checking globbed directories...
2026-10-02T18:53:00.0086798Z [1/232] Building C object CMakeFiles/sn_fake_rustc.dir/tests/fixtures/fake_rustc.c.obj
2026-10-02T18:53:00.0462360Z [2/232] Building C object CMakeFiles/sn_runtime_min.dir/src/runtime/sn_byte.c.obj
2026-10-02T18:53:00.0648673Z [3/232] Synchronizing runtime headers
2026-10-02T18:53:00.0955545Z [4/232] Building C object CMakeFiles/sn_runtime_min.dir/src/runtime/sn_array.c.obj
2026-10-02T18:53:00.0990868Z [5/232] Building C object CMakeFiles/sn_runtime_min.dir/src/runtime/sn_string.c.obj
2026-10-02T18:53:00.1784704Z [6/232] Building C object CMakeFiles/sn.dir/src/arena.c.obj
2026-10-02T18:53:00.1818762Z [7/232] Copying templates to bin/templates
2026-10-02T18:53:00.1833310Z [8/232] Building C object CMakeFiles/sn.dir/src/file.c.obj
2026-10-02T18:53:00.2238393Z [9/232] Building C object CMakeFiles/sn.dir/src/token.c.obj
2026-10-02T18:53:00.2733680Z [10/232] Building C object CMakeFiles/sn.dir/src/debug.c.obj
2026-10-02T18:53:00.2963471Z [11/232] Linking C executable bin\sn_fake_rustc.exe
2026-10-02T18:53:00.3058058Z [12/232] Building C object CMakeFiles/sn.dir/src/compiler.c.obj
2026-10-02T18:53:00.3647853Z [13/232] Building C object CMakeFiles/sn.dir/src/diagnostic.c.obj
2026-10-02T18:53:00.4197882Z [14/232] Building C object CMakeFiles/sn.dir/src/lexer/lexer_util.c.obj
2026-10-02T18:53:00.4261641Z [15/232] Building C object CMakeFiles/sn.dir/src/lexer.c.obj
2026-10-02T18:53:00.5426481Z [16/232] Building C object CMakeFiles/sn.dir/src/ast.c.obj
2026-10-02T18:53:00.5783478Z [17/232] Building C object CMakeFiles/sn.dir/src/lexer/lexer_scan.c.obj
2026-10-02T18:53:00.5901612Z [18/232] Building C object CMakeFiles/sn.dir/src/ast/ast_expr.c.obj
2026-10-02T18:53:00.6250352Z [19/232] Building C object CMakeFiles/sn.dir/src/ast/ast_type.c.obj
2026-10-02T18:53:00.6317455Z [20/232] Building C object CMakeFiles/sn.dir/src/main.c.obj
2026-10-02T18:53:00.7412680Z [21/232] Building C object CMakeFiles/sn.dir/src/ast/ast_stmt.c.obj
2026-10-02T18:53:00.8191121Z [22/232] Building C object CMakeFiles/sn.dir/src/ast/ast_print.c.obj
2026-10-02T18:53:00.8357490Z [23/232] Building C object CMakeFiles/sn.dir/src/parser/util/parser_util.c.obj
2026-10-02T18:53:00.8845500Z [24/232] Building C object CMakeFiles/sn.dir/src/parser/expr/parser_expr.c.obj
2026-10-02T18:53:00.8941146Z [25/232] Building C object CMakeFiles/sn.dir/src/parser.c.obj
2026-10-02T18:53:00.9004611Z [26/232] Building C object CMakeFiles/sn.dir/src/parser/expr/parser_expr_interpol.c.obj
2026-10-02T18:53:00.9503050Z [27/232] Building C object CMakeFiles/sn.dir/src/parser/expr/parser_expr_match.c.obj
2026-10-02T18:53:00.9711194Z [28/232] Building C object CMakeFiles/sn.dir/src/parser/expr/parser_expr_struct.c.obj
2026-10-02T18:53:01.0136932Z [29/232] Building C object CMakeFiles/sn.dir/src/parser/expr/parser_expr_lambda.c.obj
2026-10-02T18:53:01.0690151Z [30/232] Building C object CMakeFiles/sn.dir/src/parser/stmt/parser_stmt.c.obj
2026-10-02T18:53:01.0743244Z [31/232] Building C object CMakeFiles/sn.dir/src/parser/stmt/parser_stmt_control.c.obj
2026-10-02T18:53:01.1444746Z [32/232] Building C object CMakeFiles/sn.dir/src/symbol_table.c.obj
2026-10-02T18:53:01.1543918Z [33/232] Building C object CMakeFiles/sn.dir/src/parser/stmt/parser_stmt_decl.c.obj
2026-10-02T18:53:01.2177510Z [34/232] Building C object CMakeFiles/sn.dir/src/symbol_table/symbol_table_thread.c.obj
2026-10-02T18:53:01.2377686Z [35/232] Building C object CMakeFiles/sn.dir/src/symbol_table/symbol_table_namespace.c.obj
2026-10-02T18:53:01.2395386Z [36/232] Building C object CMakeFiles/sn.dir/src/symbol_table/symbol_table_core.c.obj
2026-10-02T18:53:01.2659338Z [37/232] Building C object CMakeFiles/sn.dir/src/formatter.c.obj
2026-10-02T18:53:01.3263541Z [38/232] Building C object CMakeFiles/sn.dir/src/type_checker.c.obj
2026-10-02T18:53:01.3546377Z [39/232] Building C object CMakeFiles/sn.dir/src/type_checker/util/type_checker_util_escape.c.obj
2026-10-02T18:53:01.3700101Z [40/232] Building C object CMakeFiles/sn.dir/src/type_checker/util/type_checker_util.c.obj
2026-10-02T18:53:01.3952275Z [41/232] Building C object CMakeFiles/sn.dir/src/type_checker/util/type_checker_util_suggest.c.obj
2026-10-02T18:53:01.3992094Z [42/232] Building C object CMakeFiles/sn.dir/src/type_checker/type_checker_generics.c.obj
2026-10-02T18:53:01.4056956Z [43/232] Building C object CMakeFiles/sn.dir/src/type_checker/util/type_checker_util_struct.c.obj
2026-10-02T18:53:01.4733719Z [44/232] Building C object CMakeFiles/sn.dir/src/type_checker/util/type_checker_util_layout.c.obj
2026-10-02T18:53:01.5029727Z [45/232] Building C object CMakeFiles/sn.dir/src/type_checker/expr/type_checker_expr_assign.c.obj
2026-10-02T18:53:01.5072296Z [46/232] Building C object CMakeFiles/sn.dir/src/type_checker/expr/type_checker_expr.c.obj
2026-10-02T18:53:01.5220520Z [47/232] Building C object CMakeFiles/sn.dir/src/type_checker/expr/type_checker_expr_ops.c.obj
2026-10-02T18:53:01.5640200Z [48/232] Building C object CMakeFiles/sn.dir/src/type_checker/expr/type_checker_expr_thread.c.obj
2026-10-02T18:53:01.5897788Z [49/232] Building C object CMakeFiles/sn.dir/src/type_checker/expr/type_checker_expr_member.c.obj
2026-10-02T18:53:01.6226957Z [50/232] Building C object CMakeFiles/sn.dir/src/type_checker/expr/type_checker_expr_basic.c.obj
2026-10-02T18:53:01.6540062Z [51/232] Building C object CMakeFiles/sn.dir/src/type_checker/expr/type_checker_expr_cast.c.obj
2026-10-02T18:53:01.6540960Z [52/232] Building C object CMakeFiles/sn.dir/src/type_checker/expr/type_checker_expr_struct.c.obj
2026-10-02T18:53:01.6589361Z [53/232] Building C object CMakeFiles/sn.dir/src/type_checker/expr/type_checker_expr_access.c.obj
2026-10-02T18:53:01.7018878Z [54/232] Building C object CMakeFiles/sn.dir/src/type_checker/expr/type_checker_expr_array.c.obj
2026-10-02T18:53:01.7077770Z [55/232] Building C object CMakeFiles/sn.dir/src/type_checker/expr/type_checker_expr_misc.c.obj
2026-10-02T18:53:01.7142261Z [56/232] Building C object CMakeFiles/sn.dir/src/type_checker/expr/call/type_checker_expr_call.c.obj
2026-10-02T18:53:01.7860171Z [57/232] Building C object CMakeFiles/sn.dir/src/type_checker/expr/call/type_checker_expr_call_array.c.obj
2026-10-02T18:53:01.7903488Z [58/232] Building C object CMakeFiles/sn.dir/src/type_checker/expr/type_checker_expr_lambda.c.obj
2026-10-02T18:53:01.7935914Z [59/232] Building C object CMakeFiles/sn.dir/src/type_checker/expr/call/type_checker_expr_call_core.c.obj
2026-10-02T18:53:01.8111255Z [60/232] Building C object CMakeFiles/sn.dir/src/type_checker/expr/call/type_checker_expr_call_int.c.obj
2026-10-02T18:53:01.8167644Z [61/232] Building C object CMakeFiles/sn.dir/src/type_checker/expr/call/type_checker_expr_call_char.c.obj
2026-10-02T18:53:01.8662104Z [62/232] Building C object CMakeFiles/sn.dir/src/type_checker/expr/call/type_checker_expr_call_long.c.obj
2026-10-02T18:53:01.8757825Z [63/232] Building C object CMakeFiles/sn.dir/src/type_checker/expr/call/type_checker_expr_call_double.c.obj
2026-10-02T18:53:01.8907283Z [64/232] Building C object CMakeFiles/sn.dir/src/type_checker/expr/call/type_checker_expr_call_byte.c.obj
2026-10-02T18:53:01.8964139Z [65/232] Building C object CMakeFiles/sn.dir/src/type_checker/expr/call/type_checker_expr_call_uint.c.obj
2026-10-02T18:53:01.9345085Z [66/232] Building C object CMakeFiles/sn.dir/src/type_checker/expr/call/type_checker_expr_call_bool.c.obj
2026-10-02T18:53:01.9574647Z [67/232] Building C object CMakeFiles/sn.dir/src/type_checker/expr/call/type_checker_expr_call_string.c.obj
2026-10-02T18:53:01.9757414Z [68/232] Building C object CMakeFiles/sn.dir/src/type_checker/stmt/type_checker_stmt.c.obj
2026-10-02T18:53:02.0251168Z [69/232] Building C object CMakeFiles/sn.dir/src/type_checker/stmt/type_checker_stmt_var_util.c.obj
2026-10-02T18:53:02.0310119Z [70/232] Building C object CMakeFiles/sn.dir/src/type_checker/stmt/type_checker_stmt_var.c.obj
2026-10-02T18:53:02.0346051Z [71/232] Building C object CMakeFiles/sn.dir/src/type_checker/stmt/type_checker_stmt_func.c.obj
2026-10-02T18:53:02.0649324Z [72/232] Building C object CMakeFiles/sn.dir/src/type_checker/stmt/type_checker_stmt_control.c.obj
2026-10-02T18:53:02.0985532Z [73/232] Building C object CMakeFiles/sn.dir/src/type_checker/stmt/type_checker_stmt_struct.c.obj
2026-10-02T18:53:02.1073931Z [74/232] Building C object CMakeFiles/sn.dir/src/type_checker/stmt/type_checker_stmt_interface.c.obj
2026-10-02T18:53:02.1620380Z [75/232] Building C object CMakeFiles/sn.dir/src/type_checker/stmt/type_checker_stmt_import.c.obj
2026-10-02T18:53:02.1644525Z [76/232] Building C object CMakeFiles/sn.dir/src/type_checker/stmt/type_checker_stmt_import_ns_util.c.obj
2026-10-02T18:53:02.1703120Z [77/232] Building C object CMakeFiles/sn.dir/src/type_checker/stmt/type_checker_stmt_import_ns.c.obj
2026-10-02T18:53:02.1745187Z [78/232] Building C object CMakeFiles/sn.dir/src/optimizer.c.obj
2026-10-02T18:53:02.2569984Z [79/232] Building C object CMakeFiles/sn.dir/src/optimizer/optimizer_tail_call.c.obj
2026-10-02T18:53:02.2719700Z [80/232] Building C object CMakeFiles/sn.dir/src/optimizer/optimizer_util.c.obj
2026-10-02T18:53:02.2764666Z [81/232] Building C object CMakeFiles/sn.dir/src/optimizer/optimizer_string.c.obj
2026-10-02T18:53:02.3337914Z [82/232] Building C object CMakeFiles/sn.dir/src/cgen/gen_model_type.c.obj
2026-10-02T18:53:02.3616771Z [83/232] Building C object CMakeFiles/sn.dir/src/cgen/gen_model_stmt.c.obj
2026-10-02T18:53:02.3708744Z [84/232] Building C object CMakeFiles/sn.dir/src/cgen/gen_model.c.obj
2026-10-02T18:53:02.4656169Z [85/232] Building C object CMakeFiles/sn.dir/src/cgen/gen_model_chain_flatten.c.obj
2026-10-02T18:53:02.4844460Z [86/232] Building C object CMakeFiles/sn.dir/src/cgen/gen_model_func.c.obj
2026-10-02T18:53:02.4981733Z [87/232] Building C object CMakeFiles/sn.dir/src/cgen/gen_model_render_common.c.obj
2026-10-02T18:53:02.5442556Z [88/232] Building C object CMakeFiles/sn.dir/src/cgen/gen_model_struct.c.obj
2026-10-02T18:53:02.5908616Z [89/232] Building C object CMakeFiles/sn.dir/src/cgen/ownership.c.obj
2026-10-02T18:53:02.5926144Z [90/232] Building C object CMakeFiles/sn.dir/src/cgen/gen_model_render_modular.c.obj
2026-10-02T18:53:02.5995490Z [91/232] Building C object CMakeFiles/sn.dir/src/cgen/gen_model_split.c.obj
2026-10-02T18:53:02.6119758Z [92/232] Building C object CMakeFiles/sn.dir/src/cgen/c/gen_model_render_min_c.c.obj
2026-10-02T18:53:02.7428689Z [93/232] Building C object CMakeFiles/sn.dir/src/cgen/gen_model_expr.c.obj
2026-10-02T18:53:02.7731987Z [94/232] Building C object CMakeFiles/sn.dir/src/target/target.c.obj
2026-10-02T18:53:03.0324830Z [95/232] Building C object CMakeFiles/sn.dir/src/target/rust/rust_render.c.obj
2026-10-02T18:53:03.3362101Z [96/232] Building C object CMakeFiles/sn.dir/src/gcc_backend_pkgconfig.c.obj
2026-10-02T18:53:03.3429127Z [97/232] Building C object CMakeFiles/sn.dir/src/gcc_backend_config.c.obj
2026-10-02T18:53:03.3459686Z [98/232] Building C object CMakeFiles/sn.dir/src/gcc_backend.c.obj
2026-10-02T18:53:03.3515841Z [99/232] Building C object CMakeFiles/sn.dir/src/target/rust/rust_native_plan.c.obj
2026-10-02T18:53:03.4908869Z [100/232] Building C object CMakeFiles/sn.dir/src/target/rust/rust_native_render.c.obj
2026-10-02T18:53:03.5172652Z [101/232] Building C object CMakeFiles/sn.dir/src/target/rust/rust_native_build.c.obj
2026-10-02T18:53:03.6082927Z [102/232] Building C object CMakeFiles/sn.dir/src/target/rust/projection/rust_model.c.obj
2026-10-02T18:53:03.6766346Z [103/232] Building C object CMakeFiles/sn.dir/src/target/rust/cc_sidecar.c.obj
2026-10-02T18:53:03.7176286Z [104/232] Building C object CMakeFiles/sn.dir/src/target/rust/projection/rust_model_stmt.c.obj
2026-10-02T18:53:03.8049528Z [105/232] Building C object CMakeFiles/sn.dir/src/target/rust/projection/rust_model_func.c.obj
2026-10-02T18:53:03.8339114Z [106/232] Building C object CMakeFiles/sn.dir/src/target/rust/projection/rust_model_expr.c.obj
2026-10-02T18:53:03.8406263Z [107/232] Building C object CMakeFiles/sn.dir/src/target/rust/projection/rust_model_struct.c.obj
2026-10-02T18:53:03.8635342Z [108/232] Building C object CMakeFiles/sn.dir/src/target/rust/projection/rust_ownership.c.obj
2026-10-02T18:53:03.8676709Z [109/232] Building C object CMakeFiles/sn.dir/src/target/rust/projection/rust_model_type.c.obj
2026-10-02T18:53:03.9622089Z [110/232] Building C object CMakeFiles/sn.dir/src/runtime/sn_byte.c.obj
2026-10-02T18:53:03.9660048Z [111/232] Building C object CMakeFiles/sn.dir/src/runtime/sn_array.c.obj
2026-10-02T18:53:03.9716026Z [112/232] Building C object CMakeFiles/sn.dir/src/runtime/sn_string.c.obj
2026-10-02T18:53:04.0599516Z [113/232] Building C object CMakeFiles/sn.dir/src/package/package_yaml.c.obj
2026-10-02T18:53:04.0939695Z [114/232] Building C object CMakeFiles/sn.dir/src/package.c.obj
2026-10-02T18:53:04.2377624Z [115/232] Building C object CMakeFiles/tests.dir/src/arena.c.obj
2026-10-02T18:53:04.2764067Z [116/232] Building C object CMakeFiles/sn.dir/src/target/rust/rust_target.c.obj
2026-10-02T18:53:04.2958258Z In file included from D:/a/sindarin-compiler/sindarin-compiler/src/target/rust/rust_target.c:148:
2026-10-02T18:53:04.3008838Z D:/a/sindarin-compiler/sindarin-compiler/src/target/rust/rust_thread_arrays.c:131:23: warning: comparison of integers of different signs: 'size_t' (aka 'unsigned long long') and 'int' [-Wsign-compare]
2026-10-02T18:53:04.3117865Z   131 |     } while (previous != json_object_object_length(names));
2026-10-02T18:53:04.3184253Z       |              ~~~~~~~~ ^  ~~~~~~~~~~~~~~~~~~~~~~~~~~~~~~~~
2026-10-02T18:53:04.3326822Z 1 warning generated.
2026-10-02T18:53:04.3465183Z [117/232] Building C object CMakeFiles/tests.dir/src/file.c.obj
2026-10-02T18:53:04.4012701Z [118/232] Building C object CMakeFiles/tests.dir/src/token.c.obj
2026-10-02T18:53:04.4088895Z [119/232] Building C object CMakeFiles/tests.dir/src/debug.c.obj
2026-10-02T18:53:04.5411951Z [120/232] Building C object CMakeFiles/tests.dir/src/diagnostic.c.obj
2026-10-02T18:53:04.5451904Z [121/232] Building C object CMakeFiles/sn.dir/src/package/package_git.c.obj
2026-10-02T18:53:04.5621248Z [122/232] Building C object CMakeFiles/tests.dir/src/compiler.c.obj
2026-10-02T18:53:04.7072636Z [123/232] Building C object CMakeFiles/tests.dir/src/lexer/lexer_util.c.obj
2026-10-02T18:53:04.7202035Z [124/232] Building C object CMakeFiles/tests.dir/src/lexer.c.obj
2026-10-02T18:53:04.7657262Z [125/232] Building C object CMakeFiles/sn.dir/src/package/lfs/package_lfs.c.obj
2026-10-02T18:53:04.8028696Z [126/232] Building C object CMakeFiles/tests.dir/src/lexer/lexer_scan.c.obj
2026-10-02T18:53:04.8559046Z [127/232] Building C object CMakeFiles/tests.dir/src/ast.c.obj
2026-10-02T18:53:04.9458485Z [128/232] Building C object CMakeFiles/tests.dir/src/ast/ast_expr.c.obj
2026-10-02T18:53:04.9564741Z [129/232] Building C object CMakeFiles/tests.dir/src/ast/ast_type.c.obj
2026-10-02T18:53:05.0034530Z [130/232] Building C object CMakeFiles/tests.dir/src/ast/ast_stmt.c.obj
2026-10-02T18:53:05.1825456Z [131/232] Building C object CMakeFiles/tests.dir/src/ast/ast_print.c.obj
2026-10-02T18:53:05.1947261Z [132/232] Building C object CMakeFiles/tests.dir/src/parser/util/parser_util.c.obj
2026-10-02T18:53:05.2305678Z [133/232] Building C object CMakeFiles/tests.dir/src/parser.c.obj
2026-10-02T18:53:05.2595870Z [134/232] Building C object CMakeFiles/tests.dir/src/parser/expr/parser_expr.c.obj
2026-10-02T18:53:05.3286208Z [135/232] Building C object CMakeFiles/tests.dir/src/parser/expr/parser_expr_interpol.c.obj
2026-10-02T18:53:05.3352701Z [136/232] Building C object CMakeFiles/tests.dir/src/parser/expr/parser_expr_match.c.obj
2026-10-02T18:53:05.3425865Z [137/232] Building C object CMakeFiles/tests.dir/src/parser/expr/parser_expr_struct.c.obj
2026-10-02T18:53:05.4380473Z [138/232] Building C object CMakeFiles/tests.dir/src/parser/expr/parser_expr_lambda.c.obj
2026-10-02T18:53:05.4632652Z [139/232] Building C object CMakeFiles/tests.dir/src/formatter.c.obj
2026-10-02T18:53:05.4724465Z [140/232] Building C object CMakeFiles/tests.dir/src/parser/stmt/parser_stmt_control.c.obj
2026-10-02T18:53:05.4849760Z [141/232] Building C object CMakeFiles/tests.dir/src/parser/stmt/parser_stmt.c.obj
2026-10-02T18:53:05.6100292Z [142/232] Building C object CMakeFiles/tests.dir/src/symbol_table.c.obj
2026-10-02T18:53:05.6137693Z [143/232] Building C object CMakeFiles/tests.dir/src/parser/stmt/parser_stmt_decl.c.obj
2026-10-02T18:53:05.6284610Z [144/232] Building C object CMakeFiles/tests.dir/src/symbol_table/symbol_table_thread.c.obj
2026-10-02T18:53:05.6463110Z [145/232] Building C object CMakeFiles/tests.dir/src/symbol_table/symbol_table_namespace.c.obj
2026-10-02T18:53:05.6491525Z [146/232] Building C object CMakeFiles/tests.dir/src/symbol_table/symbol_table_core.c.obj
2026-10-02T18:53:05.7566899Z [147/232] Building C object CMakeFiles/tests.dir/src/type_checker.c.obj
2026-10-02T18:53:05.7776527Z [148/232] Building C object CMakeFiles/tests.dir/src/type_checker/util/type_checker_util_escape.c.obj
2026-10-02T18:53:05.8068568Z [149/232] Building C object CMakeFiles/tests.dir/src/type_checker/util/type_checker_util_suggest.c.obj
2026-10-02T18:53:05.8663235Z [150/232] Building C object CMakeFiles/tests.dir/src/type_checker/util/type_checker_util.c.obj
2026-10-02T18:53:05.8855991Z [151/232] Building C object CMakeFiles/tests.dir/src/type_checker/type_checker_generics.c.obj
2026-10-02T18:53:05.9024874Z [152/232] Building C object CMakeFiles/tests.dir/src/type_checker/util/type_checker_util_layout.c.obj
2026-10-02T18:53:05.9278683Z [153/232] Building C object CMakeFiles/tests.dir/src/type_checker/util/type_checker_util_struct.c.obj
2026-10-02T18:53:05.9358062Z [154/232] Building C object CMakeFiles/tests.dir/src/type_checker/expr/type_checker_expr.c.obj
2026-10-02T18:53:06.0306384Z [155/232] Building C object CMakeFiles/tests.dir/src/type_checker/expr/type_checker_expr_ops.c.obj
2026-10-02T18:53:06.0331822Z [156/232] Building C object CMakeFiles/tests.dir/src/type_checker/expr/type_checker_expr_assign.c.obj
2026-10-02T18:53:06.0349336Z [157/232] Building C object CMakeFiles/tests.dir/src/type_checker/expr/type_checker_expr_member.c.obj
2026-10-02T18:53:06.0385020Z [158/232] Building C object CMakeFiles/tests.dir/src/type_checker/expr/type_checker_expr_basic.c.obj
2026-10-02T18:53:06.0409513Z [159/232] Building C object CMakeFiles/tests.dir/src/type_checker/expr/type_checker_expr_thread.c.obj
2026-10-02T18:53:06.1480340Z [160/232] Building C object CMakeFiles/tests.dir/src/type_checker/expr/type_checker_expr_cast.c.obj
2026-10-02T18:53:06.1582205Z [161/232] Building C object CMakeFiles/tests.dir/src/type_checker/expr/type_checker_expr_misc.c.obj
2026-10-02T18:53:06.1640643Z [162/232] Building C object CMakeFiles/tests.dir/src/type_checker/expr/type_checker_expr_access.c.obj
2026-10-02T18:53:06.1684170Z [163/232] Building C object CMakeFiles/tests.dir/src/type_checker/expr/type_checker_expr_array.c.obj
2026-10-02T18:53:06.1818908Z [164/232] Building C object CMakeFiles/tests.dir/src/type_checker/expr/type_checker_expr_struct.c.obj
2026-10-02T18:53:06.2559596Z [165/232] Building C object CMakeFiles/tests.dir/src/type_checker/expr/call/type_checker_expr_call.c.obj
2026-10-02T18:53:06.2806097Z [166/232] Building C object CMakeFiles/tests.dir/src/type_checker/expr/call/type_checker_expr_call_array.c.obj
2026-10-02T18:53:06.2894378Z [167/232] Building C object CMakeFiles/tests.dir/src/type_checker/expr/call/type_checker_expr_call_char.c.obj
2026-10-02T18:53:06.2934255Z [168/232] Building C object CMakeFiles/tests.dir/src/type_checker/expr/type_checker_expr_lambda.c.obj
2026-10-02T18:53:06.3542432Z [169/232] Building C object CMakeFiles/tests.dir/src/type_checker/expr/call/type_checker_expr_call_core.c.obj
2026-10-02T18:53:06.4079986Z [170/232] Building C object CMakeFiles/tests.dir/src/type_checker/expr/call/type_checker_expr_call_long.c.obj
2026-10-02T18:53:06.4128303Z [171/232] Building C object CMakeFiles/tests.dir/src/type_checker/expr/call/type_checker_expr_call_int.c.obj
2026-10-02T18:53:06.4162733Z [172/232] Building C object CMakeFiles/tests.dir/src/type_checker/expr/call/type_checker_expr_call_double.c.obj
2026-10-02T18:53:06.4440642Z [173/232] Building C object CMakeFiles/tests.dir/src/type_checker/expr/call/type_checker_expr_call_uint.c.obj
2026-10-02T18:53:06.5019541Z [174/232] Building C object CMakeFiles/tests.dir/src/type_checker/expr/call/type_checker_expr_call_byte.c.obj
2026-10-02T18:53:06.5142988Z [175/232] Building C object CMakeFiles/tests.dir/src/type_checker/expr/call/type_checker_expr_call_string.c.obj
2026-10-02T18:53:06.5207170Z [176/232] Building C object CMakeFiles/tests.dir/src/type_checker/expr/call/type_checker_expr_call_bool.c.obj
2026-10-02T18:53:06.5455876Z [177/232] Building C object CMakeFiles/tests.dir/src/type_checker/stmt/type_checker_stmt.c.obj
2026-10-02T18:53:06.6222826Z [178/232] Building C object CMakeFiles/tests.dir/src/type_checker/stmt/type_checker_stmt_var.c.obj
2026-10-02T18:53:06.6262515Z [179/232] Building C object CMakeFiles/tests.dir/src/type_checker/stmt/type_checker_stmt_var_util.c.obj
2026-10-02T18:53:06.6348141Z [180/232] Building C object CMakeFiles/tests.dir/src/type_checker/stmt/type_checker_stmt_func.c.obj
2026-10-02T18:53:06.6478234Z [181/232] Building C object CMakeFiles/tests.dir/src/type_checker/stmt/type_checker_stmt_control.c.obj
2026-10-02T18:53:06.6757931Z [182/232] Building C object CMakeFiles/tests.dir/src/type_checker/stmt/type_checker_stmt_struct.c.obj
2026-10-02T18:53:06.7430413Z [183/232] Building C object CMakeFiles/tests.dir/src/type_checker/stmt/type_checker_stmt_interface.c.obj
2026-10-02T18:53:06.7470146Z [184/232] Building C object CMakeFiles/tests.dir/src/type_checker/stmt/type_checker_stmt_import.c.obj
2026-10-02T18:53:06.7726877Z [185/232] Building C object CMakeFiles/tests.dir/src/type_checker/stmt/type_checker_stmt_import_ns.c.obj
2026-10-02T18:53:06.7883978Z [186/232] Building C object CMakeFiles/tests.dir/src/type_checker/stmt/type_checker_stmt_import_ns_util.c.obj
2026-10-02T18:53:06.8657333Z [187/232] Building C object CMakeFiles/tests.dir/src/optimizer.c.obj
2026-10-02T18:53:06.8723795Z [188/232] Building C object CMakeFiles/tests.dir/src/optimizer/optimizer_tail_call.c.obj
2026-10-02T18:53:06.8817501Z [189/232] Building C object CMakeFiles/tests.dir/src/optimizer/optimizer_string.c.obj
2026-10-02T18:53:06.9073353Z [190/232] Building C object CMakeFiles/tests.dir/src/optimizer/optimizer_util.c.obj
2026-10-02T18:53:07.0482600Z [191/232] Building C object CMakeFiles/tests.dir/src/cgen/gen_model.c.obj
2026-10-02T18:53:07.0579865Z [192/232] Building C object CMakeFiles/tests.dir/src/cgen/gen_model_type.c.obj
2026-10-02T18:53:07.0641705Z [193/232] Building C object CMakeFiles/tests.dir/src/cgen/gen_model_stmt.c.obj
2026-10-02T18:53:07.1432239Z [194/232] Building C object CMakeFiles/tests.dir/src/cgen/gen_model_chain_flatten.c.obj
2026-10-02T18:53:07.2099940Z [195/232] Building C object CMakeFiles/tests.dir/src/cgen/gen_model_render_common.c.obj
2026-10-02T18:53:07.2524913Z [196/232] Building C object CMakeFiles/tests.dir/src/cgen/gen_model_struct.c.obj
2026-10-02T18:53:07.2619138Z [197/232] Building C object CMakeFiles/tests.dir/src/cgen/gen_model_func.c.obj
2026-10-02T18:53:07.2975632Z [198/232] Building C object CMakeFiles/tests.dir/src/cgen/gen_model_expr.c.obj
2026-10-02T18:53:07.3454763Z [199/232] Building C object CMakeFiles/tests.dir/src/cgen/gen_model_split.c.obj
2026-10-02T18:53:07.3522977Z [200/232] Building C object CMakeFiles/tests.dir/src/cgen/ownership.c.obj
2026-10-02T18:53:07.3587020Z [201/232] Building C object CMakeFiles/tests.dir/src/cgen/gen_model_render_modular.c.obj
2026-10-02T18:53:07.4842352Z [202/232] Building C object CMakeFiles/tests.dir/src/cgen/c/gen_model_render_min_c.c.obj
2026-10-02T18:53:07.5382400Z [203/232] Building C object CMakeFiles/tests.dir/src/target/target.c.obj
2026-10-02T18:53:07.8284443Z [204/232] Building C object CMakeFiles/tests.dir/src/target/rust/rust_render.c.obj
2026-10-02T18:53:08.0578829Z [205/232] Building C object CMakeFiles/tests.dir/src/gcc_backend_config.c.obj
2026-10-02T18:53:08.1188093Z [206/232] Building C object CMakeFiles/tests.dir/src/gcc_backend.c.obj
2026-10-02T18:53:08.1225601Z [207/232] Building C object CMakeFiles/tests.dir/src/gcc_backend_pkgconfig.c.obj
2026-10-02T18:53:08.3047235Z [208/232] Building C object CMakeFiles/tests.dir/src/target/rust/rust_native_render.c.obj
2026-10-02T18:53:08.3301847Z [209/232] Building C object CMakeFiles/tests.dir/src/target/rust/rust_native_build.c.obj
2026-10-02T18:53:08.4148851Z [210/232] Building C object CMakeFiles/tests.dir/src/target/rust/rust_native_plan.c.obj
2026-10-02T18:53:08.6248391Z [211/232] Building C object CMakeFiles/tests.dir/src/target/rust/projection/rust_model.c.obj
2026-10-02T18:53:08.6806706Z [212/232] Building C object CMakeFiles/tests.dir/src/target/rust/cc_sidecar.c.obj
2026-10-02T18:53:08.7257148Z [213/232] Building C object CMakeFiles/tests.dir/src/target/rust/projection/rust_model_stmt.c.obj
2026-10-02T18:53:08.8746552Z [214/232] Building C object CMakeFiles/tests.dir/src/target/rust/projection/rust_model_expr.c.obj
2026-10-02T18:53:08.8858388Z [215/232] Building C object CMakeFiles/tests.dir/src/target/rust/projection/rust_model_struct.c.obj
2026-10-02T18:53:08.8899065Z [216/232] Building C object CMakeFiles/tests.dir/src/target/rust/projection/rust_model_func.c.obj
2026-10-02T18:53:08.9162289Z [217/232] Building C object CMakeFiles/tests.dir/src/target/rust/projection/rust_model_type.c.obj
2026-10-02T18:53:09.0284790Z [218/232] Building C object CMakeFiles/tests.dir/src/target/rust/projection/rust_ownership.c.obj
2026-10-02T18:53:09.0313322Z [219/232] Building C object CMakeFiles/tests.dir/src/runtime/sn_string.c.obj
2026-10-02T18:53:09.0352683Z [220/232] Building C object CMakeFiles/tests.dir/src/runtime/sn_array.c.obj
2026-10-02T18:53:09.0383405Z [221/232] Building C object CMakeFiles/tests.dir/src/runtime/sn_byte.c.obj
2026-10-02T18:53:09.1409476Z [222/232] Building C object CMakeFiles/tests.dir/src/target/rust/rust_target.c.obj
2026-10-02T18:53:09.1558891Z In file included from D:/a/sindarin-compiler/sindarin-compiler/src/target/rust/rust_target.c:148:
2026-10-02T18:53:09.1640530Z D:/a/sindarin-compiler/sindarin-compiler/src/target/rust/rust_thread_arrays.c:131:23: warning: comparison of integers of different signs: 'size_t' (aka 'unsigned long long') and 'int' [-Wsign-compare]
2026-10-02T18:53:09.1776947Z   131 |     } while (previous != json_object_object_length(names));
2026-10-02T18:53:09.1873793Z       |              ~~~~~~~~ ^  ~~~~~~~~~~~~~~~~~~~~~~~~~~~~~~~~
2026-10-02T18:53:09.1988385Z 1 warning generated.
2026-10-02T18:53:09.2014844Z [223/232] Building C object CMakeFiles/tests.dir/src/package/package_yaml.c.obj
2026-10-02T18:53:09.2391311Z [224/232] Building C object CMakeFiles/tests.dir/src/package.c.obj
2026-10-02T18:53:09.4080384Z [225/232] Linking C static library bin\lib\clang\libsn_runtime_min.a
2026-10-02T18:53:09.5542061Z [226/232] Building C object CMakeFiles/tests.dir/src/package/package_git.c.obj
2026-10-02T18:53:09.6651974Z [227/232] Building C object CMakeFiles/tests.dir/src/package/lfs/package_lfs.c.obj
2026-10-02T18:53:10.2064352Z [228/232] Building C object CMakeFiles/tests.dir/tests/unit/_all_.c.obj
2026-10-02T18:53:14.5781193Z [229/232] Linking C executable bin\sn.exe
2026-10-02T18:53:18.1428301Z [230/232] Linking C executable bin\tests.exe
2026-10-02T18:53:18.2782621Z [231/232] Staging compiler artifacts in bin
2026-10-02T18:53:18.3035097Z 
2026-10-02T18:53:18.3224045Z Build complete!
2026-10-02T18:53:18.3408142Z Compiler: bin/sn.exe
2026-10-02T18:53:18.3604944Z ##[group]Run if [ ! -f "bin/sn.exe" ]; then
2026-10-02T18:53:18.3605275Z [36;1mif [ ! -f "bin/sn.exe" ]; then[0m
2026-10-02T18:53:18.3605504Z [36;1m  echo "ERROR: bin/sn.exe not found"[0m
2026-10-02T18:53:18.3605719Z [36;1m  exit 1[0m
2026-10-02T18:53:18.3605866Z [36;1mfi[0m
2026-10-02T18:53:18.3617306Z shell: C:\Program Files\Git\bin\bash.EXE --noprofile --norc -e -o pipefail {0}
2026-10-02T18:53:18.3617608Z ##[endgroup]
2026-10-02T18:53:18.4067352Z ##[group]Run overall_rc=0
2026-10-02T18:53:18.4067656Z [36;1moverall_rc=0[0m
2026-10-02T18:53:18.4067817Z [36;1m[0m
2026-10-02T18:53:18.4067951Z [36;1mrun_gate() {[0m
2026-10-02T18:53:18.4068114Z [36;1m  gate_name="$1"[0m
2026-10-02T18:53:18.4068275Z [36;1m  shift[0m
2026-10-02T18:53:18.4068427Z [36;1m  echo "::group::$gate_name"[0m
2026-10-02T18:53:18.4068615Z [36;1m  if "$@"; then[0m
2026-10-02T18:53:18.4068798Z [36;1m    gate_rc=0[0m
2026-10-02T18:53:18.4068948Z [36;1m  else[0m
2026-10-02T18:53:18.4069098Z [36;1m    gate_rc=$?[0m
2026-10-02T18:53:18.4069249Z [36;1m  fi[0m
2026-10-02T18:53:18.4069393Z [36;1m  echo "::endgroup::"[0m
2026-10-02T18:53:18.4069580Z [36;1m  if [ "$gate_rc" -eq 0 ]; then[0m
2026-10-02T18:53:18.4069823Z [36;1m    echo "- PASS: $gate_name" >> "$GITHUB_STEP_SUMMARY"[0m
2026-10-02T18:53:18.4070053Z [36;1m  else[0m
2026-10-02T18:53:18.4070322Z [36;1m    echo "- FAIL: $gate_name (exit $gate_rc)" >> "$GITHUB_STEP_SUMMARY"[0m
2026-10-02T18:53:18.4070588Z [36;1m    overall_rc=1[0m
2026-10-02T18:53:18.4070742Z [36;1m  fi[0m
2026-10-02T18:53:18.4070871Z [36;1m}[0m
2026-10-02T18:53:18.4070996Z [36;1m[0m
2026-10-02T18:53:18.4071188Z [36;1mrun_gate "tagged native C/Rust parity (6 fixtures)" \[0m
2026-10-02T18:53:18.4071531Z [36;1m  python3 scripts/run_rust_tests.py rust-native-tagged --verbose \[0m
2026-10-02T18:53:18.4071857Z [36;1m    --require-count 6 --fail-on-skip[0m
2026-10-02T18:53:18.4072154Z [36;1mrun_gate "native scalar ABI and raw bool/char fixture (12 fixtures)" \[0m
2026-10-02T18:53:18.4072509Z [36;1m  python3 scripts/run_rust_tests.py rust-native-extra --verbose \[0m
2026-10-02T18:53:18.4072792Z [36;1m    --require-count 12 --fail-on-skip[0m
2026-10-02T18:53:18.4073043Z [36;1mrun_gate "imported native alias origin (1 fixture)" \[0m
2026-10-02T18:53:18.4073351Z [36;1m  python3 scripts/run_rust_tests.py rust-native-origin --verbose \[0m
2026-10-02T18:53:18.4073631Z [36;1m    --require-count 1 --fail-on-skip[0m
2026-10-02T18:53:18.4074064Z [36;1mecho "Unix byte coverage requires 30 raw-output C/Rust pairs (60 target executions) plus 3 Rust-only raw-byte argv executions."[0m
2026-10-02T18:53:18.4074708Z [36;1mecho "Windows byte coverage requires 30 exact C/Rust text-mode raw-output pairs plus 3 Rust-only UTF-16/WTF-8 argv executions."[0m
2026-10-02T18:53:18.4075174Z [36;1mrun_gate "platform-specific raw byte-string behavior" \[0m
2026-10-02T18:53:18.4075458Z [36;1m  python3 tests/rgen/byte_string_compare.py[0m
2026-10-02T18:53:18.4075755Z [36;1mrun_gate "exact Rust/C text output, native flush, and diagnostics" \[0m
2026-10-02T18:53:18.4076076Z [36;1m  python3 tests/rgen/windows_text_transport_compare.py[0m
2026-10-02T18:53:18.4076359Z [36;1mrun_gate "indexed member Rust runtime composition" \[0m
2026-10-02T18:53:18.4076705Z [36;1m  python3 scripts/run_rust_tests.py rgen --filter indexed_member_assignment \[0m
2026-10-02T18:53:18.4077038Z [36;1m    --verbose --require-count 1 --fail-on-skip[0m
2026-10-02T18:53:18.4077277Z [36;1mrun_gate "Windows text helper logic" \[0m
2026-10-02T18:53:18.4077514Z [36;1m  python3 tests/rgen/windows_text_helpers.py[0m
2026-10-02T18:53:18.4077898Z [36;1mrun_gate "complete Rust generation, diagnostics, native, closure, concurrency and toolchain suites" \[0m
2026-10-02T18:53:18.4078333Z [36;1m  python3 scripts/run_rust_tests.py all --verbose --fail-on-skip[0m
2026-10-02T18:53:18.4078858Z [36;1mrun_gate "core C/Rust differential coverage at O0/O1/O2" \[0m
2026-10-02T18:53:18.4079124Z [36;1m  make test-rust-parity-core[0m
2026-10-02T18:53:18.4079419Z [36;1mrun_gate "concurrency C/Rust differential coverage (17 sources, O0/O1/O2)" \[0m
2026-10-02T18:53:18.4079735Z [36;1m  make test-rust-parity-concurrency[0m
2026-10-02T18:53:18.4080090Z [36;1mrun_gate "thread ownership and array identity (23 sources, all optimization/arithmetic modes)" \[0m
2026-10-02T18:53:18.4081698Z [36;1m  make test-rust-parity-thread-ownership[0m
2026-10-02T18:53:18.4081934Z [36;1m[0m
2026-10-02T18:53:18.4082072Z [36;1mexit "$overall_rc"[0m
2026-10-02T18:53:18.4093531Z shell: C:\Program Files\Git\bin\bash.EXE --noprofile --norc -e -o pipefail {0}
2026-10-02T18:53:18.4093822Z env:
2026-10-02T18:53:18.4093960Z   SN_CC: clang
2026-10-02T18:53:18.4094248Z   SN_CFLAGS: --target=x86_64-w64-mingw32 -fuse-ld=lld -rtlib=compiler-rt -unwindlib=none
2026-10-02T18:53:18.4094584Z   SN_RELEASE_CFLAGS: -O3 -fwrapv
2026-10-02T18:53:18.4094829Z   SN_RUSTFLAGS: --target=x86_64-pc-windows-gnullvm -C linker=clang
2026-10-02T18:53:18.4095088Z   SN_EXCLUDE_TESTS: 
2026-10-02T18:53:18.4095247Z   PYTHONUNBUFFERED: 1
2026-10-02T18:53:18.4095401Z ##[endgroup]
2026-10-02T18:53:18.4391928Z ##[group]tagged native C/Rust parity (6 fixtures)
2026-10-02T18:53:19.9405758Z Compiler: D:\a\sindarin-compiler\sindarin-compiler\bin\sn.exe
2026-10-02T18:53:19.9406078Z Platform: Windows
2026-10-02T18:53:19.9406239Z Parallel: 4 workers
2026-10-02T18:53:19.9415184Z 
2026-10-02T18:53:19.9415518Z Tagged Native Scalar/Source/Link Parity Tests
2026-10-02T18:53:19.9415802Z ============================================================
2026-10-02T18:53:19.9455426Z   Running 6 tests with 4 workers...
2026-10-02T18:53:21.7531953Z 
2026-10-02T18:53:21.7532480Z                                                             
2026-10-02T18:53:21.7532717Z 
2026-10-02T18:53:21.7532852Z ------------------------------------------------------------
2026-10-02T18:53:21.7533126Z Results: 6 passed, 0 failed, 0 skipped  (1.81s)
2026-10-02T18:53:21.7573400Z 
2026-10-02T18:53:21.7573791Z All tests passed!  (total: 1.81s)
2026-10-02T18:53:21.7796086Z ##[endgroup]
2026-10-02T18:53:21.7802553Z ##[group]native scalar ABI and raw bool/char fixture (12 fixtures)
2026-10-02T18:53:21.9025019Z Compiler: D:\a\sindarin-compiler\sindarin-compiler\bin\sn.exe
2026-10-02T18:53:21.9025334Z Platform: Windows
2026-10-02T18:53:21.9025486Z Parallel: 4 workers
2026-10-02T18:53:21.9032499Z 
2026-10-02T18:53:21.9032729Z Post-Tag Rust Native Extra Coverage
2026-10-02T18:53:21.9033142Z ============================================================
2026-10-02T18:53:21.9089851Z   Running 12 tests with 4 workers...
2026-10-02T18:53:29.1220286Z 
2026-10-02T18:53:29.1220814Z                                                             
2026-10-02T18:53:29.1221133Z 
2026-10-02T18:53:29.1221282Z ------------------------------------------------------------
2026-10-02T18:53:29.1221704Z Results: 12 passed, 0 failed, 0 skipped  (7.22s)
2026-10-02T18:53:29.1516992Z 
2026-10-02T18:53:29.1517518Z All tests passed!  (total: 7.22s)
2026-10-02T18:53:29.1642422Z ##[endgroup]
2026-10-02T18:53:29.1647752Z ##[group]imported native alias origin (1 fixture)
2026-10-02T18:53:29.2842074Z Compiler: D:\a\sindarin-compiler\sindarin-compiler\bin\sn.exe
2026-10-02T18:53:29.2842480Z Platform: Windows
2026-10-02T18:53:29.2851499Z Parallel: 4 workers
2026-10-02T18:53:29.2851791Z 
2026-10-02T18:53:29.2851942Z Rust Native Imported-Origin Extra Coverage
2026-10-02T18:53:29.2853380Z ============================================================
2026-10-02T18:53:29.2854479Z   Running 1 tests with 4 workers...
2026-10-02T18:53:29.7414825Z 
2026-10-02T18:53:29.7415429Z                                                             
2026-10-02T18:53:29.7415656Z 
2026-10-02T18:53:29.7415767Z ------------------------------------------------------------
2026-10-02T18:53:29.7416326Z Results: 1 passed, 0 failed, 0 skipped  (456ms)
2026-10-02T18:53:29.7421616Z 
2026-10-02T18:53:29.7421773Z All tests passed!  (total: 456ms)
2026-10-02T18:53:29.7538825Z ##[endgroup]
2026-10-02T18:53:29.7542691Z Unix byte coverage requires 30 raw-output C/Rust pairs (60 target executions) plus 3 Rust-only raw-byte argv executions.
2026-10-02T18:53:29.7543516Z Windows byte coverage requires 30 exact C/Rust text-mode raw-output pairs plus 3 Rust-only UTF-16/WTF-8 argv executions.
2026-10-02T18:53:29.7544991Z ##[group]platform-specific raw byte-string behavior
2026-10-02T18:53:31.6585466Z PASS array_text_utf8: Windows C/Rust text-mode exact raw bytes O0/O1/O2
2026-10-02T18:53:33.7632350Z PASS byte_array_to_string: Windows C/Rust text-mode exact raw bytes O0/O1/O2
2026-10-02T18:53:36.0195326Z PASS split_empty_utf8: Windows C/Rust text-mode exact raw bytes O0/O1/O2
2026-10-02T18:53:38.0996756Z PASS string_apis: Windows C/Rust text-mode exact raw bytes O0/O1/O2
2026-10-02T18:53:40.0515840Z PASS struct_text_bytes: Windows C/Rust text-mode exact raw bytes O0/O1/O2
2026-10-02T18:53:41.6914147Z PASS invalid_utf8_concat: Windows C/Rust text-mode exact raw bytes O0/O1/O2
2026-10-02T18:53:43.3853308Z PASS invalid_utf8_interpolation: Windows C/Rust text-mode exact raw bytes O0/O1/O2
2026-10-02T18:53:45.1478857Z PASS invalid_utf8_literal: Windows C/Rust text-mode exact raw bytes O0/O1/O2
2026-10-02T18:53:46.7751625Z PASS invalid_utf8_pattern: Windows C/Rust text-mode exact raw bytes O0/O1/O2
2026-10-02T18:53:48.5534618Z PASS invalid_utf8_result: Windows C/Rust text-mode exact raw bytes O0/O1/O2
2026-10-02T18:53:49.9632068Z PASS raw_argv: Windows Rust O0/O1/O2 UTF-16/WTF-8 argument transport
2026-10-02T18:53:49.9632588Z PASS: 30 Windows C/Rust raw-output pairs (60 target executions) + 3 Rust-only Windows UTF-16/WTF-8 argv executions
2026-10-02T18:53:50.0035314Z ##[endgroup]
2026-10-02T18:53:50.0038482Z ##[group]exact Rust/C text output, native flush, and diagnostics
2026-10-02T18:53:52.0441991Z PASS native initializer/body/return printing and C flush: 2 target executions
2026-10-02T18:53:52.0442432Z PASS native C output ordered between Rust writes: 2 target executions
2026-10-02T18:53:52.0442746Z PASS checked diagnostic stderr/status: 2 target executions
2026-10-02T18:53:52.0521254Z ##[endgroup]
2026-10-02T18:53:52.0524933Z ##[group]indexed member Rust runtime composition
2026-10-02T18:53:52.1686169Z Compiler: D:\a\sindarin-compiler\sindarin-compiler\bin\sn.exe
2026-10-02T18:53:52.1686489Z Platform: Windows
2026-10-02T18:53:52.1686684Z Parallel: 4 workers
2026-10-02T18:53:52.1692734Z 
2026-10-02T18:53:52.1692909Z Rust Generation Tests
2026-10-02T18:53:52.1693122Z ============================================================
2026-10-02T18:53:52.1723773Z   Running 1 tests with 4 workers...
2026-10-02T18:53:52.9142748Z 
2026-10-02T18:53:52.9143251Z                                                             
2026-10-02T18:53:52.9143555Z 
2026-10-02T18:53:52.9143873Z ------------------------------------------------------------
2026-10-02T18:53:52.9144191Z Results: 1 passed, 0 failed, 0 skipped  (745ms)
2026-10-02T18:53:52.9151281Z 
2026-10-02T18:53:52.9151433Z All tests passed!  (total: 745ms)
2026-10-02T18:53:52.9265707Z ##[endgroup]
2026-10-02T18:53:52.9269869Z ##[group]Windows text helper logic
2026-10-02T18:53:54.4239608Z PASS Windows helper logic: scalar formatting, LF/CRLF, raw bytes, stderr
2026-10-02T18:53:54.4342877Z ##[endgroup]
2026-10-02T18:53:54.4346240Z ##[group]complete Rust generation, diagnostics, native, closure, concurrency and toolchain suites
2026-10-02T18:53:54.5555194Z Compiler: D:\a\sindarin-compiler\sindarin-compiler\bin\sn.exe
2026-10-02T18:53:54.5555664Z Platform: Windows
2026-10-02T18:53:54.5555880Z Parallel: 4 workers
2026-10-02T18:53:54.5562621Z 
2026-10-02T18:53:54.5562879Z Rust Generation Tests
2026-10-02T18:53:54.5563169Z ============================================================
2026-10-02T18:53:54.5630826Z   Running 316 tests with 4 workers...
2026-10-02T18:54:46.8376514Z 
2026-10-02T18:54:46.8409615Z                                                             
2026-10-02T18:54:46.8409926Z 
2026-10-02T18:54:46.8410077Z ------------------------------------------------------------
2026-10-02T18:54:46.8410495Z Results: 316 passed, 0 failed, 0 skipped  (52.29s)
2026-10-02T18:54:46.8496100Z 
2026-10-02T18:54:46.8496625Z Rust Generation Error Tests
2026-10-02T18:54:46.8497014Z ============================================================
2026-10-02T18:54:46.8542826Z   Running 172 tests with 4 workers...
2026-10-02T18:54:47.6403539Z 
2026-10-02T18:54:47.6411029Z                                                             
2026-10-02T18:54:47.6411268Z 
2026-10-02T18:54:47.6411381Z ------------------------------------------------------------
2026-10-02T18:54:47.6411667Z Results: 172 passed, 0 failed, 0 skipped  (791ms)
2026-10-02T18:54:47.6413721Z 
2026-10-02T18:54:47.6413907Z Tagged Native Scalar/Source/Link Parity Tests
2026-10-02T18:54:47.6414208Z ============================================================
2026-10-02T18:54:47.6415783Z   Running 6 tests with 4 workers...
2026-10-02T18:54:49.4198025Z 
2026-10-02T18:54:49.4198655Z                                                             
2026-10-02T18:54:49.4198926Z 
2026-10-02T18:54:49.4199094Z ------------------------------------------------------------
2026-10-02T18:54:49.4199451Z Results: 6 passed, 0 failed, 0 skipped  (1.78s)
2026-10-02T18:54:49.4199621Z 
2026-10-02T18:54:49.4199701Z Post-Tag Rust Native Extra Coverage
2026-10-02T18:54:49.4199940Z ============================================================
2026-10-02T18:54:49.4208364Z   Running 12 tests with 4 workers...
2026-10-02T18:54:56.5794583Z 
2026-10-02T18:54:56.5795074Z                                                             
2026-10-02T18:54:56.5795363Z 
2026-10-02T18:54:56.5795545Z ------------------------------------------------------------
2026-10-02T18:54:56.5795909Z Results: 12 passed, 0 failed, 0 skipped  (7.16s)
2026-10-02T18:54:56.5796114Z 
2026-10-02T18:54:56.5796207Z Rust Native Imported-Origin Extra Coverage
2026-10-02T18:54:56.5796429Z ============================================================
2026-10-02T18:54:56.5799746Z   Running 1 tests with 4 workers...
2026-10-02T18:54:57.0525270Z 
2026-10-02T18:54:57.0525742Z                                                             
2026-10-02T18:54:57.0526048Z 
2026-10-02T18:54:57.0526202Z ------------------------------------------------------------
2026-10-02T18:54:57.0526914Z Results: 1 passed, 0 failed, 0 skipped  (473ms)
2026-10-02T18:54:57.0527196Z 
2026-10-02T18:54:57.0527308Z Rust Native Scalar Error Tests
2026-10-02T18:54:57.0527614Z ============================================================
2026-10-02T18:54:57.0528615Z   Running 2 tests with 4 workers...
2026-10-02T18:54:57.1115600Z 
2026-10-02T18:54:57.1116015Z                                                             
2026-10-02T18:54:57.1116370Z 
2026-10-02T18:54:57.1116508Z ------------------------------------------------------------
2026-10-02T18:54:57.1117174Z Results: 2 passed, 0 failed, 0 skipped  (59ms)
2026-10-02T18:54:57.1117470Z 
2026-10-02T18:54:57.1117584Z Rust Closure Value Tests
2026-10-02T18:54:57.1117886Z ============================================================
2026-10-02T18:54:57.1127292Z   Running 36 tests with 4 workers...
2026-10-02T18:55:04.0287869Z 
2026-10-02T18:55:04.0289303Z                                                             
2026-10-02T18:55:04.0289563Z 
2026-10-02T18:55:04.0289701Z ------------------------------------------------------------
2026-10-02T18:55:04.0289991Z Results: 36 passed, 0 failed, 0 skipped  (6.92s)
2026-10-02T18:55:04.0290264Z 
2026-10-02T18:55:04.0290364Z Rust Closure Value Error Tests
2026-10-02T18:55:04.0290600Z ============================================================
2026-10-02T18:55:04.0292375Z   Running 1 tests with 4 workers...
2026-10-02T18:55:04.0403412Z 
2026-10-02T18:55:04.0404175Z                                                             
2026-10-02T18:55:04.0404458Z 
2026-10-02T18:55:04.0404603Z ------------------------------------------------------------
2026-10-02T18:55:04.0405023Z Results: 1 passed, 0 failed, 0 skipped  (11ms)
2026-10-02T18:55:04.0405283Z 
2026-10-02T18:55:04.0405426Z Rust Concurrency Tests
2026-10-02T18:55:04.0405690Z ============================================================
2026-10-02T18:55:04.0408713Z   Running 10 tests with 4 workers...
2026-10-02T18:55:06.5019340Z 
2026-10-02T18:55:06.5020397Z                                                             
2026-10-02T18:55:06.5020782Z 
2026-10-02T18:55:06.5020935Z ------------------------------------------------------------
2026-10-02T18:55:06.5021391Z Results: 10 passed, 0 failed, 0 skipped  (2.46s)
2026-10-02T18:55:06.5021655Z 
2026-10-02T18:55:06.5021817Z Promoted Rust Concurrency Tests
2026-10-02T18:55:06.5022142Z ============================================================
2026-10-02T18:55:06.5025026Z   Running 7 tests with 4 workers...
2026-10-02T18:55:07.3525577Z 
2026-10-02T18:55:07.3526227Z                                                             
2026-10-02T18:55:07.3526463Z 
2026-10-02T18:55:07.3526579Z ------------------------------------------------------------
2026-10-02T18:55:07.3526869Z Results: 7 passed, 0 failed, 0 skipped  (850ms)
2026-10-02T18:55:07.3527030Z 
2026-10-02T18:55:07.3527112Z Rust Concurrency Error Tests
2026-10-02T18:55:07.3527305Z ============================================================
2026-10-02T18:55:07.3528316Z   Running 1 tests with 4 workers...
2026-10-02T18:55:07.3627408Z 
2026-10-02T18:55:07.3627730Z                                                             
2026-10-02T18:55:07.3628010Z 
2026-10-02T18:55:07.3628122Z ------------------------------------------------------------
2026-10-02T18:55:07.3628398Z Results: 1 passed, 0 failed, 0 skipped  (10ms)
2026-10-02T18:55:07.3628564Z 
2026-10-02T18:55:07.3628677Z Rust Toolchain and Artifact Lifecycle Tests
2026-10-02T18:55:07.3628906Z ============================================================
2026-10-02T18:55:07.4023292Z   subprocess_utf8_boundary                      PASS  (38ms)
2026-10-02T18:55:08.1455241Z   rustc_invocation_records                      PASS  (743ms)
2026-10-02T18:55:08.1888006Z   pure_rust_has_no_c_dependency                 PASS  (43ms)
2026-10-02T18:55:08.2002580Z   native_emit_requires_bundle                   PASS  (11ms)
2026-10-02T18:55:09.0639659Z   native_c_link_driver_contract                 PASS  (864ms)
2026-10-02T18:55:09.5166315Z   native_debug_sanitizer_link                   PASS  (453ms)
2026-10-02T18:55:10.3590463Z   native_compile_and_link_failures              PASS  (842ms)
2026-10-02T18:55:10.3754206Z   missing_rustc                                 PASS  (16ms)
2026-10-02T18:55:10.3967978Z   failing_rustc                                 PASS  (21ms)
2026-10-02T18:55:10.4915535Z   failing_rustc_build                           PASS  (95ms)
2026-10-02T18:55:10.5800111Z   rust_generated_artifact_lifecycle             PASS  (88ms)
2026-10-02T18:55:11.9669810Z   rust_native_artifact_lifecycle                PASS  (1.39s)
2026-10-02T18:55:11.9764364Z 
2026-10-02T18:55:11.9764735Z ------------------------------------------------------------
2026-10-02T18:55:11.9765220Z Results: 12 passed, 0 failed  (4.61s)
2026-10-02T18:55:12.2082556Z 
2026-10-02T18:55:12.2082967Z All tests passed!  (total: 77.41s)
2026-10-02T18:55:12.2226502Z ##[endgroup]
2026-10-02T18:55:12.2230938Z ##[group]core C/Rust differential coverage at O0/O1/O2
2026-10-02T18:55:12.3168843Z Building Sindarin compiler...
2026-10-02T18:55:12.3361407Z Platform: windows
2026-10-02T18:55:12.3547063Z Generator: Ninja
2026-10-02T18:55:12.3562185Z cmake -S . -B build -G "Ninja" \
2026-10-02T18:55:12.3562444Z 	-DCMAKE_BUILD_TYPE=Release \
2026-10-02T18:55:12.3562651Z 	-DCMAKE_C_COMPILER=clang
2026-10-02T18:55:12.5344843Z -- Up-to-date: D:/a/sindarin-compiler/sindarin-compiler/bin/sn.linux.cfg
2026-10-02T18:55:12.5345747Z -- Up-to-date: D:/a/sindarin-compiler/sindarin-compiler/bin/sn.darwin.cfg
2026-10-02T18:55:12.5347304Z -- Up-to-date: D:/a/sindarin-compiler/sindarin-compiler/bin/sn.windows.cfg
2026-10-02T18:55:12.5363443Z -- Installing: D:/a/sindarin-compiler/sindarin-compiler/bin/include/runtime/sn_arith.h
2026-10-02T18:55:12.5367722Z -- Installing: D:/a/sindarin-compiler/sindarin-compiler/bin/include/runtime/sn_array.h
2026-10-02T18:55:12.5371929Z -- Installing: D:/a/sindarin-compiler/sindarin-compiler/bin/include/runtime/sn_byte.h
2026-10-02T18:55:12.5376748Z -- Installing: D:/a/sindarin-compiler/sindarin-compiler/bin/include/runtime/sn_conv.h
2026-10-02T18:55:12.5380538Z -- Installing: D:/a/sindarin-compiler/sindarin-compiler/bin/include/runtime/sn_core.h
2026-10-02T18:55:12.5384236Z -- Installing: D:/a/sindarin-compiler/sindarin-compiler/bin/include/runtime/sn_minimal.h
2026-10-02T18:55:12.5388041Z -- Installing: D:/a/sindarin-compiler/sindarin-compiler/bin/include/runtime/sn_reflect.h
2026-10-02T18:55:12.5391785Z -- Installing: D:/a/sindarin-compiler/sindarin-compiler/bin/include/runtime/sn_serial.h
2026-10-02T18:55:12.5396497Z -- Installing: D:/a/sindarin-compiler/sindarin-compiler/bin/include/runtime/sn_string.h
2026-10-02T18:55:12.5400405Z -- Installing: D:/a/sindarin-compiler/sindarin-compiler/bin/include/runtime/sn_thread.h
2026-10-02T18:55:12.5404416Z -- Installing: D:/a/sindarin-compiler/sindarin-compiler/bin/include/minimal/sn_arith.h
2026-10-02T18:55:12.5408121Z -- Installing: D:/a/sindarin-compiler/sindarin-compiler/bin/include/minimal/sn_array.h
2026-10-02T18:55:12.5412220Z -- Installing: D:/a/sindarin-compiler/sindarin-compiler/bin/include/minimal/sn_byte.h
2026-10-02T18:55:12.5416085Z -- Installing: D:/a/sindarin-compiler/sindarin-compiler/bin/include/minimal/sn_conv.h
2026-10-02T18:55:12.5420430Z -- Installing: D:/a/sindarin-compiler/sindarin-compiler/bin/include/minimal/sn_core.h
2026-10-02T18:55:12.5424085Z -- Installing: D:/a/sindarin-compiler/sindarin-compiler/bin/include/minimal/sn_minimal.h
2026-10-02T18:55:12.5427790Z -- Installing: D:/a/sindarin-compiler/sindarin-compiler/bin/include/minimal/sn_reflect.h
2026-10-02T18:55:12.5431472Z -- Installing: D:/a/sindarin-compiler/sindarin-compiler/bin/include/minimal/sn_serial.h
2026-10-02T18:55:12.5436043Z -- Installing: D:/a/sindarin-compiler/sindarin-compiler/bin/include/minimal/sn_string.h
2026-10-02T18:55:12.5439937Z -- Installing: D:/a/sindarin-compiler/sindarin-compiler/bin/include/minimal/sn_thread.h
2026-10-02T18:55:12.5445808Z -- Up-to-date: D:/a/sindarin-compiler/sindarin-compiler/bin/include/platform/compat_dirent.h
2026-10-02T18:55:12.5446771Z -- Up-to-date: D:/a/sindarin-compiler/sindarin-compiler/bin/include/platform/compat_io.h
2026-10-02T18:55:12.5447710Z -- Up-to-date: D:/a/sindarin-compiler/sindarin-compiler/bin/include/platform/compat_net.h
2026-10-02T18:55:12.5448658Z -- Up-to-date: D:/a/sindarin-compiler/sindarin-compiler/bin/include/platform/compat_pthread.h
2026-10-02T18:55:12.5449572Z -- Up-to-date: D:/a/sindarin-compiler/sindarin-compiler/bin/include/platform/compat_time.h
2026-10-02T18:55:12.5450464Z -- Up-to-date: D:/a/sindarin-compiler/sindarin-compiler/bin/include/platform/compat_windows.h
2026-10-02T18:55:12.5451350Z -- Up-to-date: D:/a/sindarin-compiler/sindarin-compiler/bin/include/platform/platform.h
2026-10-02T18:55:12.5479181Z -- Found libs submodule: D:/a/sindarin-compiler/sindarin-compiler/.sn/sindarin-pkg-libs/libs/windows
2026-10-02T18:55:12.5479682Z --   Copying zlib headers...
2026-10-02T18:55:12.5481116Z -- Up-to-date: D:/a/sindarin-compiler/sindarin-compiler/bin/deps/include/zlib.h
2026-10-02T18:55:12.5482490Z -- Up-to-date: D:/a/sindarin-compiler/sindarin-compiler/bin/deps/include/zconf.h
2026-10-02T18:55:12.5483415Z --   Copying yyjson headers...
2026-10-02T18:55:12.5484508Z -- Up-to-date: D:/a/sindarin-compiler/sindarin-compiler/bin/deps/include/yyjson.h
2026-10-02T18:55:12.5485264Z --   Copying json-c headers...
2026-10-02T18:55:12.5486500Z -- Up-to-date: D:/a/sindarin-compiler/sindarin-compiler/bin/deps/include/json-c
2026-10-02T18:55:12.5488300Z -- Up-to-date: D:/a/sindarin-compiler/sindarin-compiler/bin/deps/include/json-c/arraylist.h
2026-10-02T18:55:12.5489492Z -- Up-to-date: D:/a/sindarin-compiler/sindarin-compiler/bin/deps/include/json-c/debug.h
2026-10-02T18:55:12.5490632Z -- Up-to-date: D:/a/sindarin-compiler/sindarin-compiler/bin/deps/include/json-c/json.h
2026-10-02T18:55:12.5491822Z -- Up-to-date: D:/a/sindarin-compiler/sindarin-compiler/bin/deps/include/json-c/json_config.h
2026-10-02T18:55:12.5493170Z -- Up-to-date: D:/a/sindarin-compiler/sindarin-compiler/bin/deps/include/json-c/json_c_version.h
2026-10-02T18:55:12.5494348Z -- Up-to-date: D:/a/sindarin-compiler/sindarin-compiler/bin/deps/include/json-c/json_inttypes.h
2026-10-02T18:55:12.5495854Z -- Up-to-date: D:/a/sindarin-compiler/sindarin-compiler/bin/deps/include/json-c/json_object.h
2026-10-02T18:55:12.5496860Z -- Up-to-date: D:/a/sindarin-compiler/sindarin-compiler/bin/deps/include/json-c/json_object_iterator.h
2026-10-02T18:55:12.5497789Z -- Up-to-date: D:/a/sindarin-compiler/sindarin-compiler/bin/deps/include/json-c/json_patch.h
2026-10-02T18:55:12.5498906Z -- Up-to-date: D:/a/sindarin-compiler/sindarin-compiler/bin/deps/include/json-c/json_pointer.h
2026-10-02T18:55:12.5500050Z -- Up-to-date: D:/a/sindarin-compiler/sindarin-compiler/bin/deps/include/json-c/json_tokener.h
2026-10-02T18:55:12.5501127Z -- Up-to-date: D:/a/sindarin-compiler/sindarin-compiler/bin/deps/include/json-c/json_types.h
2026-10-02T18:55:12.5502274Z -- Up-to-date: D:/a/sindarin-compiler/sindarin-compiler/bin/deps/include/json-c/json_util.h
2026-10-02T18:55:12.5503371Z -- Up-to-date: D:/a/sindarin-compiler/sindarin-compiler/bin/deps/include/json-c/json_visit.h
2026-10-02T18:55:12.5504463Z -- Up-to-date: D:/a/sindarin-compiler/sindarin-compiler/bin/deps/include/json-c/linkhash.h
2026-10-02T18:55:12.5505556Z -- Up-to-date: D:/a/sindarin-compiler/sindarin-compiler/bin/deps/include/json-c/printbuf.h
2026-10-02T18:55:12.5506446Z --   Copying libxml2 headers...
2026-10-02T18:55:12.5507566Z -- Up-to-date: D:/a/sindarin-compiler/sindarin-compiler/bin/deps/include/libxml
2026-10-02T18:55:12.5509765Z -- Up-to-date: D:/a/sindarin-compiler/sindarin-compiler/bin/deps/include/libxml/c14n.h
2026-10-02T18:55:12.5511057Z -- Up-to-date: D:/a/sindarin-compiler/sindarin-compiler/bin/deps/include/libxml/catalog.h
2026-10-02T18:55:12.5512247Z -- Up-to-date: D:/a/sindarin-compiler/sindarin-compiler/bin/deps/include/libxml/chvalid.h
2026-10-02T18:55:12.5513405Z -- Up-to-date: D:/a/sindarin-compiler/sindarin-compiler/bin/deps/include/libxml/debugXML.h
2026-10-02T18:55:12.5514756Z -- Up-to-date: D:/a/sindarin-compiler/sindarin-compiler/bin/deps/include/libxml/dict.h
2026-10-02T18:55:12.5515944Z -- Up-to-date: D:/a/sindarin-compiler/sindarin-compiler/bin/deps/include/libxml/encoding.h
2026-10-02T18:55:12.5517319Z -- Up-to-date: D:/a/sindarin-compiler/sindarin-compiler/bin/deps/include/libxml/entities.h
2026-10-02T18:55:12.5518448Z -- Up-to-date: D:/a/sindarin-compiler/sindarin-compiler/bin/deps/include/libxml/globals.h
2026-10-02T18:55:12.5519546Z -- Up-to-date: D:/a/sindarin-compiler/sindarin-compiler/bin/deps/include/libxml/hash.h
2026-10-02T18:55:12.5520762Z -- Up-to-date: D:/a/sindarin-compiler/sindarin-compiler/bin/deps/include/libxml/HTMLparser.h
2026-10-02T18:55:12.5521886Z -- Up-to-date: D:/a/sindarin-compiler/sindarin-compiler/bin/deps/include/libxml/HTMLtree.h
2026-10-02T18:55:12.5523005Z -- Up-to-date: D:/a/sindarin-compiler/sindarin-compiler/bin/deps/include/libxml/list.h
2026-10-02T18:55:12.5524148Z -- Up-to-date: D:/a/sindarin-compiler/sindarin-compiler/bin/deps/include/libxml/nanoftp.h
2026-10-02T18:55:12.5525270Z -- Up-to-date: D:/a/sindarin-compiler/sindarin-compiler/bin/deps/include/libxml/nanohttp.h
2026-10-02T18:55:12.5526399Z -- Up-to-date: D:/a/sindarin-compiler/sindarin-compiler/bin/deps/include/libxml/parser.h
2026-10-02T18:55:12.5527583Z -- Up-to-date: D:/a/sindarin-compiler/sindarin-compiler/bin/deps/include/libxml/parserInternals.h
2026-10-02T18:55:12.5528996Z -- Up-to-date: D:/a/sindarin-compiler/sindarin-compiler/bin/deps/include/libxml/pattern.h
2026-10-02T18:55:12.5530127Z -- Up-to-date: D:/a/sindarin-compiler/sindarin-compiler/bin/deps/include/libxml/relaxng.h
2026-10-02T18:55:12.5531208Z -- Up-to-date: D:/a/sindarin-compiler/sindarin-compiler/bin/deps/include/libxml/SAX.h
2026-10-02T18:55:12.5532319Z -- Up-to-date: D:/a/sindarin-compiler/sindarin-compiler/bin/deps/include/libxml/SAX2.h
2026-10-02T18:55:12.5533650Z -- Up-to-date: D:/a/sindarin-compiler/sindarin-compiler/bin/deps/include/libxml/schemasInternals.h
2026-10-02T18:55:12.5534923Z -- Up-to-date: D:/a/sindarin-compiler/sindarin-compiler/bin/deps/include/libxml/schematron.h
2026-10-02T18:55:12.5536100Z -- Up-to-date: D:/a/sindarin-compiler/sindarin-compiler/bin/deps/include/libxml/threads.h
2026-10-02T18:55:12.5537186Z -- Up-to-date: D:/a/sindarin-compiler/sindarin-compiler/bin/deps/include/libxml/tree.h
2026-10-02T18:55:12.5538260Z -- Up-to-date: D:/a/sindarin-compiler/sindarin-compiler/bin/deps/include/libxml/uri.h
2026-10-02T18:55:12.5539420Z -- Up-to-date: D:/a/sindarin-compiler/sindarin-compiler/bin/deps/include/libxml/valid.h
2026-10-02T18:55:12.5540519Z -- Up-to-date: D:/a/sindarin-compiler/sindarin-compiler/bin/deps/include/libxml/xinclude.h
2026-10-02T18:55:12.5541630Z -- Up-to-date: D:/a/sindarin-compiler/sindarin-compiler/bin/deps/include/libxml/xlink.h
2026-10-02T18:55:12.5542776Z -- Up-to-date: D:/a/sindarin-compiler/sindarin-compiler/bin/deps/include/libxml/xmlautomata.h
2026-10-02T18:55:12.5543923Z -- Up-to-date: D:/a/sindarin-compiler/sindarin-compiler/bin/deps/include/libxml/xmlerror.h
2026-10-02T18:55:12.5545057Z -- Up-to-date: D:/a/sindarin-compiler/sindarin-compiler/bin/deps/include/libxml/xmlexports.h
2026-10-02T18:55:12.5546191Z -- Up-to-date: D:/a/sindarin-compiler/sindarin-compiler/bin/deps/include/libxml/xmlIO.h
2026-10-02T18:55:12.5547401Z -- Up-to-date: D:/a/sindarin-compiler/sindarin-compiler/bin/deps/include/libxml/xmlmemory.h
2026-10-02T18:55:12.5548568Z -- Up-to-date: D:/a/sindarin-compiler/sindarin-compiler/bin/deps/include/libxml/xmlmodule.h
2026-10-02T18:55:12.5549732Z -- Up-to-date: D:/a/sindarin-compiler/sindarin-compiler/bin/deps/include/libxml/xmlreader.h
2026-10-02T18:55:12.5550833Z -- Up-to-date: D:/a/sindarin-compiler/sindarin-compiler/bin/deps/include/libxml/xmlregexp.h
2026-10-02T18:55:12.5551946Z -- Up-to-date: D:/a/sindarin-compiler/sindarin-compiler/bin/deps/include/libxml/xmlsave.h
2026-10-02T18:55:12.5553095Z -- Up-to-date: D:/a/sindarin-compiler/sindarin-compiler/bin/deps/include/libxml/xmlschemas.h
2026-10-02T18:55:12.5554236Z -- Up-to-date: D:/a/sindarin-compiler/sindarin-compiler/bin/deps/include/libxml/xmlschemastypes.h
2026-10-02T18:55:12.5555750Z -- Up-to-date: D:/a/sindarin-compiler/sindarin-compiler/bin/deps/include/libxml/xmlstring.h
2026-10-02T18:55:12.5556761Z -- Up-to-date: D:/a/sindarin-compiler/sindarin-compiler/bin/deps/include/libxml/xmlunicode.h
2026-10-02T18:55:12.5557862Z -- Up-to-date: D:/a/sindarin-compiler/sindarin-compiler/bin/deps/include/libxml/xmlversion.h
2026-10-02T18:55:12.5558973Z -- Up-to-date: D:/a/sindarin-compiler/sindarin-compiler/bin/deps/include/libxml/xmlwriter.h
2026-10-02T18:55:12.5560066Z -- Up-to-date: D:/a/sindarin-compiler/sindarin-compiler/bin/deps/include/libxml/xpath.h
2026-10-02T18:55:12.5561251Z -- Up-to-date: D:/a/sindarin-compiler/sindarin-compiler/bin/deps/include/libxml/xpathInternals.h
2026-10-02T18:55:12.5562353Z -- Up-to-date: D:/a/sindarin-compiler/sindarin-compiler/bin/deps/include/libxml/xpointer.h
2026-10-02T18:55:12.5563211Z --   Copying libyaml headers...
2026-10-02T18:55:12.5564391Z -- Up-to-date: D:/a/sindarin-compiler/sindarin-compiler/bin/deps/include/yaml.h
2026-10-02T18:55:12.5565272Z --   Copying openssl headers...
2026-10-02T18:55:12.5566403Z -- Up-to-date: D:/a/sindarin-compiler/sindarin-compiler/bin/deps/include/openssl
2026-10-02T18:55:12.5569146Z -- Up-to-date: D:/a/sindarin-compiler/sindarin-compiler/bin/deps/include/openssl/aes.h
2026-10-02T18:55:12.5570362Z -- Up-to-date: D:/a/sindarin-compiler/sindarin-compiler/bin/deps/include/openssl/asn1.h
2026-10-02T18:55:12.5571465Z -- Up-to-date: D:/a/sindarin-compiler/sindarin-compiler/bin/deps/include/openssl/asn1err.h
2026-10-02T18:55:12.5572587Z -- Up-to-date: D:/a/sindarin-compiler/sindarin-compiler/bin/deps/include/openssl/asn1t.h
2026-10-02T18:55:12.5573724Z -- Up-to-date: D:/a/sindarin-compiler/sindarin-compiler/bin/deps/include/openssl/async.h
2026-10-02T18:55:12.5574960Z -- Up-to-date: D:/a/sindarin-compiler/sindarin-compiler/bin/deps/include/openssl/asyncerr.h
2026-10-02T18:55:12.5576256Z -- Up-to-date: D:/a/sindarin-compiler/sindarin-compiler/bin/deps/include/openssl/bio.h
2026-10-02T18:55:12.5577343Z -- Up-to-date: D:/a/sindarin-compiler/sindarin-compiler/bin/deps/include/openssl/bioerr.h
2026-10-02T18:55:12.5578473Z -- Up-to-date: D:/a/sindarin-compiler/sindarin-compiler/bin/deps/include/openssl/blowfish.h
2026-10-02T18:55:12.5579532Z -- Up-to-date: D:/a/sindarin-compiler/sindarin-compiler/bin/deps/include/openssl/bn.h
2026-10-02T18:55:12.5580643Z -- Up-to-date: D:/a/sindarin-compiler/sindarin-compiler/bin/deps/include/openssl/bnerr.h
2026-10-02T18:55:12.5581770Z -- Up-to-date: D:/a/sindarin-compiler/sindarin-compiler/bin/deps/include/openssl/buffer.h
2026-10-02T18:55:12.5582914Z -- Up-to-date: D:/a/sindarin-compiler/sindarin-compiler/bin/deps/include/openssl/buffererr.h
2026-10-02T18:55:12.5584011Z -- Up-to-date: D:/a/sindarin-compiler/sindarin-compiler/bin/deps/include/openssl/byteorder.h
2026-10-02T18:55:12.5585092Z -- Up-to-date: D:/a/sindarin-compiler/sindarin-compiler/bin/deps/include/openssl/camellia.h
2026-10-02T18:55:12.5586216Z -- Up-to-date: D:/a/sindarin-compiler/sindarin-compiler/bin/deps/include/openssl/cast.h
2026-10-02T18:55:12.5587306Z -- Up-to-date: D:/a/sindarin-compiler/sindarin-compiler/bin/deps/include/openssl/cmac.h
2026-10-02T18:55:12.5588417Z -- Up-to-date: D:/a/sindarin-compiler/sindarin-compiler/bin/deps/include/openssl/cmp.h
2026-10-02T18:55:12.5589597Z -- Up-to-date: D:/a/sindarin-compiler/sindarin-compiler/bin/deps/include/openssl/cmperr.h
2026-10-02T18:55:12.5590699Z -- Up-to-date: D:/a/sindarin-compiler/sindarin-compiler/bin/deps/include/openssl/cmp_util.h
2026-10-02T18:55:12.5591793Z -- Up-to-date: D:/a/sindarin-compiler/sindarin-compiler/bin/deps/include/openssl/cms.h
2026-10-02T18:55:12.5593513Z -- Up-to-date: D:/a/sindarin-compiler/sindarin-compiler/bin/deps/include/openssl/cmserr.h
2026-10-02T18:55:12.5594491Z -- Up-to-date: D:/a/sindarin-compiler/sindarin-compiler/bin/deps/include/openssl/comp.h
2026-10-02T18:55:12.5595595Z -- Up-to-date: D:/a/sindarin-compiler/sindarin-compiler/bin/deps/include/openssl/comperr.h
2026-10-02T18:55:12.5596654Z -- Up-to-date: D:/a/sindarin-compiler/sindarin-compiler/bin/deps/include/openssl/conf.h
2026-10-02T18:55:12.5597960Z -- Up-to-date: D:/a/sindarin-compiler/sindarin-compiler/bin/deps/include/openssl/conferr.h
2026-10-02T18:55:12.5599145Z -- Up-to-date: D:/a/sindarin-compiler/sindarin-compiler/bin/deps/include/openssl/configuration.h
2026-10-02T18:55:12.5600232Z -- Up-to-date: D:/a/sindarin-compiler/sindarin-compiler/bin/deps/include/openssl/conftypes.h
2026-10-02T18:55:12.5601340Z -- Up-to-date: D:/a/sindarin-compiler/sindarin-compiler/bin/deps/include/openssl/conf_api.h
2026-10-02T18:55:12.5602410Z -- Up-to-date: D:/a/sindarin-compiler/sindarin-compiler/bin/deps/include/openssl/core.h
2026-10-02T18:55:12.5603585Z -- Up-to-date: D:/a/sindarin-compiler/sindarin-compiler/bin/deps/include/openssl/core_dispatch.h
2026-10-02T18:55:12.5604676Z -- Up-to-date: D:/a/sindarin-compiler/sindarin-compiler/bin/deps/include/openssl/core_names.h
2026-10-02T18:55:12.5605935Z -- Up-to-date: D:/a/sindarin-compiler/sindarin-compiler/bin/deps/include/openssl/core_object.h
2026-10-02T18:55:12.5607056Z -- Up-to-date: D:/a/sindarin-compiler/sindarin-compiler/bin/deps/include/openssl/crmf.h
2026-10-02T18:55:12.5608162Z -- Up-to-date: D:/a/sindarin-compiler/sindarin-compiler/bin/deps/include/openssl/crmferr.h
2026-10-02T18:55:12.5609503Z -- Up-to-date: D:/a/sindarin-compiler/sindarin-compiler/bin/deps/include/openssl/crypto.h
2026-10-02T18:55:12.5610703Z -- Up-to-date: D:/a/sindarin-compiler/sindarin-compiler/bin/deps/include/openssl/cryptoerr.h
2026-10-02T18:55:12.5611761Z -- Up-to-date: D:/a/sindarin-compiler/sindarin-compiler/bin/deps/include/openssl/cryptoerr_legacy.h
2026-10-02T18:55:12.5612973Z -- Up-to-date: D:/a/sindarin-compiler/sindarin-compiler/bin/deps/include/openssl/ct.h
2026-10-02T18:55:12.5614767Z -- Up-to-date: D:/a/sindarin-compiler/sindarin-compiler/bin/deps/include/openssl/cterr.h
2026-10-02T18:55:12.5615441Z -- Up-to-date: D:/a/sindarin-compiler/sindarin-compiler/bin/deps/include/openssl/decoder.h
2026-10-02T18:55:12.5616669Z -- Up-to-date: D:/a/sindarin-compiler/sindarin-compiler/bin/deps/include/openssl/decodererr.h
2026-10-02T18:55:12.5618232Z -- Up-to-date: D:/a/sindarin-compiler/sindarin-compiler/bin/deps/include/openssl/des.h
2026-10-02T18:55:12.5619335Z -- Up-to-date: D:/a/sindarin-compiler/sindarin-compiler/bin/deps/include/openssl/dh.h
2026-10-02T18:55:12.5620422Z -- Up-to-date: D:/a/sindarin-compiler/sindarin-compiler/bin/deps/include/openssl/dherr.h
2026-10-02T18:55:12.5621677Z -- Up-to-date: D:/a/sindarin-compiler/sindarin-compiler/bin/deps/include/openssl/dsa.h
2026-10-02T18:55:12.5622769Z -- Up-to-date: D:/a/sindarin-compiler/sindarin-compiler/bin/deps/include/openssl/dsaerr.h
2026-10-02T18:55:12.5623836Z -- Up-to-date: D:/a/sindarin-compiler/sindarin-compiler/bin/deps/include/openssl/dtls1.h
2026-10-02T18:55:12.5624981Z -- Up-to-date: D:/a/sindarin-compiler/sindarin-compiler/bin/deps/include/openssl/ebcdic.h
2026-10-02T18:55:12.5626091Z -- Up-to-date: D:/a/sindarin-compiler/sindarin-compiler/bin/deps/include/openssl/ec.h
2026-10-02T18:55:12.5627199Z -- Up-to-date: D:/a/sindarin-compiler/sindarin-compiler/bin/deps/include/openssl/ecdh.h
2026-10-02T18:55:12.5628318Z -- Up-to-date: D:/a/sindarin-compiler/sindarin-compiler/bin/deps/include/openssl/ecdsa.h
2026-10-02T18:55:12.5629406Z -- Up-to-date: D:/a/sindarin-compiler/sindarin-compiler/bin/deps/include/openssl/ecerr.h
2026-10-02T18:55:12.5630565Z -- Up-to-date: D:/a/sindarin-compiler/sindarin-compiler/bin/deps/include/openssl/encoder.h
2026-10-02T18:55:12.5631936Z -- Up-to-date: D:/a/sindarin-compiler/sindarin-compiler/bin/deps/include/openssl/encodererr.h
2026-10-02T18:55:12.5633168Z -- Up-to-date: D:/a/sindarin-compiler/sindarin-compiler/bin/deps/include/openssl/engine.h
2026-10-02T18:55:12.5634356Z -- Up-to-date: D:/a/sindarin-compiler/sindarin-compiler/bin/deps/include/openssl/engineerr.h
2026-10-02T18:55:12.5635445Z -- Up-to-date: D:/a/sindarin-compiler/sindarin-compiler/bin/deps/include/openssl/err.h
2026-10-02T18:55:12.5636531Z -- Up-to-date: D:/a/sindarin-compiler/sindarin-compiler/bin/deps/include/openssl/ess.h
2026-10-02T18:55:12.5637621Z -- Up-to-date: D:/a/sindarin-compiler/sindarin-compiler/bin/deps/include/openssl/esserr.h
2026-10-02T18:55:12.5638871Z -- Up-to-date: D:/a/sindarin-compiler/sindarin-compiler/bin/deps/include/openssl/evp.h
2026-10-02T18:55:12.5639978Z -- Up-to-date: D:/a/sindarin-compiler/sindarin-compiler/bin/deps/include/openssl/evperr.h
2026-10-02T18:55:12.5641072Z -- Up-to-date: D:/a/sindarin-compiler/sindarin-compiler/bin/deps/include/openssl/e_os2.h
2026-10-02T18:55:12.5642195Z -- Up-to-date: D:/a/sindarin-compiler/sindarin-compiler/bin/deps/include/openssl/e_ostime.h
2026-10-02T18:55:12.5643290Z -- Up-to-date: D:/a/sindarin-compiler/sindarin-compiler/bin/deps/include/openssl/fipskey.h
2026-10-02T18:55:12.5644406Z -- Up-to-date: D:/a/sindarin-compiler/sindarin-compiler/bin/deps/include/openssl/fips_names.h
2026-10-02T18:55:12.5645434Z -- Up-to-date: D:/a/sindarin-compiler/sindarin-compiler/bin/deps/include/openssl/hmac.h
2026-10-02T18:55:12.5646526Z -- Up-to-date: D:/a/sindarin-compiler/sindarin-compiler/bin/deps/include/openssl/hpke.h
2026-10-02T18:55:12.5647611Z -- Up-to-date: D:/a/sindarin-compiler/sindarin-compiler/bin/deps/include/openssl/http.h
2026-10-02T18:55:12.5648744Z -- Up-to-date: D:/a/sindarin-compiler/sindarin-compiler/bin/deps/include/openssl/httperr.h
2026-10-02T18:55:12.5649793Z -- Up-to-date: D:/a/sindarin-compiler/sindarin-compiler/bin/deps/include/openssl/idea.h
2026-10-02T18:55:12.5650922Z -- Up-to-date: D:/a/sindarin-compiler/sindarin-compiler/bin/deps/include/openssl/indicator.h
2026-10-02T18:55:12.5651991Z -- Up-to-date: D:/a/sindarin-compiler/sindarin-compiler/bin/deps/include/openssl/kdf.h
2026-10-02T18:55:12.5653323Z -- Up-to-date: D:/a/sindarin-compiler/sindarin-compiler/bin/deps/include/openssl/kdferr.h
2026-10-02T18:55:12.5654617Z -- Up-to-date: D:/a/sindarin-compiler/sindarin-compiler/bin/deps/include/openssl/lhash.h
2026-10-02T18:55:12.5655585Z -- Up-to-date: D:/a/sindarin-compiler/sindarin-compiler/bin/deps/include/openssl/macros.h
2026-10-02T18:55:12.5656666Z -- Up-to-date: D:/a/sindarin-compiler/sindarin-compiler/bin/deps/include/openssl/md2.h
2026-10-02T18:55:12.5657901Z -- Up-to-date: D:/a/sindarin-compiler/sindarin-compiler/bin/deps/include/openssl/md4.h
2026-10-02T18:55:12.5659221Z -- Up-to-date: D:/a/sindarin-compiler/sindarin-compiler/bin/deps/include/openssl/md5.h
2026-10-02T18:55:12.5660327Z -- Up-to-date: D:/a/sindarin-compiler/sindarin-compiler/bin/deps/include/openssl/mdc2.h
2026-10-02T18:55:12.5661418Z -- Up-to-date: D:/a/sindarin-compiler/sindarin-compiler/bin/deps/include/openssl/ml_kem.h
2026-10-02T18:55:12.5662499Z -- Up-to-date: D:/a/sindarin-compiler/sindarin-compiler/bin/deps/include/openssl/modes.h
2026-10-02T18:55:12.5663609Z -- Up-to-date: D:/a/sindarin-compiler/sindarin-compiler/bin/deps/include/openssl/objects.h
2026-10-02T18:55:12.5664715Z -- Up-to-date: D:/a/sindarin-compiler/sindarin-compiler/bin/deps/include/openssl/objectserr.h
2026-10-02T18:55:12.5665786Z -- Up-to-date: D:/a/sindarin-compiler/sindarin-compiler/bin/deps/include/openssl/obj_mac.h
2026-10-02T18:55:12.5666871Z -- Up-to-date: D:/a/sindarin-compiler/sindarin-compiler/bin/deps/include/openssl/ocsp.h
2026-10-02T18:55:12.5668003Z -- Up-to-date: D:/a/sindarin-compiler/sindarin-compiler/bin/deps/include/openssl/ocsperr.h
2026-10-02T18:55:12.5669112Z -- Up-to-date: D:/a/sindarin-compiler/sindarin-compiler/bin/deps/include/openssl/opensslconf.h
2026-10-02T18:55:12.5670184Z -- Up-to-date: D:/a/sindarin-compiler/sindarin-compiler/bin/deps/include/openssl/opensslv.h
2026-10-02T18:55:12.5671256Z -- Up-to-date: D:/a/sindarin-compiler/sindarin-compiler/bin/deps/include/openssl/ossl_typ.h
2026-10-02T18:55:12.5672347Z -- Up-to-date: D:/a/sindarin-compiler/sindarin-compiler/bin/deps/include/openssl/params.h
2026-10-02T18:55:12.5674110Z -- Up-to-date: D:/a/sindarin-compiler/sindarin-compiler/bin/deps/include/openssl/param_build.h
2026-10-02T18:55:12.5675332Z -- Up-to-date: D:/a/sindarin-compiler/sindarin-compiler/bin/deps/include/openssl/pem.h
2026-10-02T18:55:12.5677239Z -- Up-to-date: D:/a/sindarin-compiler/sindarin-compiler/bin/deps/include/openssl/pem2.h
2026-10-02T18:55:12.5679054Z -- Up-to-date: D:/a/sindarin-compiler/sindarin-compiler/bin/deps/include/openssl/pemerr.h
2026-10-02T18:55:12.5680117Z -- Up-to-date: D:/a/sindarin-compiler/sindarin-compiler/bin/deps/include/openssl/pkcs12.h
2026-10-02T18:55:12.5681215Z -- Up-to-date: D:/a/sindarin-compiler/sindarin-compiler/bin/deps/include/openssl/pkcs12err.h
2026-10-02T18:55:12.5682347Z -- Up-to-date: D:/a/sindarin-compiler/sindarin-compiler/bin/deps/include/openssl/pkcs7.h
2026-10-02T18:55:12.5683497Z -- Up-to-date: D:/a/sindarin-compiler/sindarin-compiler/bin/deps/include/openssl/pkcs7err.h
2026-10-02T18:55:12.5684640Z -- Up-to-date: D:/a/sindarin-compiler/sindarin-compiler/bin/deps/include/openssl/proverr.h
2026-10-02T18:55:12.5685738Z -- Up-to-date: D:/a/sindarin-compiler/sindarin-compiler/bin/deps/include/openssl/provider.h
2026-10-02T18:55:12.5686828Z -- Up-to-date: D:/a/sindarin-compiler/sindarin-compiler/bin/deps/include/openssl/prov_ssl.h
2026-10-02T18:55:12.5687917Z -- Up-to-date: D:/a/sindarin-compiler/sindarin-compiler/bin/deps/include/openssl/quic.h
2026-10-02T18:55:12.5689051Z -- Up-to-date: D:/a/sindarin-compiler/sindarin-compiler/bin/deps/include/openssl/rand.h
2026-10-02T18:55:12.5690130Z -- Up-to-date: D:/a/sindarin-compiler/sindarin-compiler/bin/deps/include/openssl/randerr.h
2026-10-02T18:55:12.5691207Z -- Up-to-date: D:/a/sindarin-compiler/sindarin-compiler/bin/deps/include/openssl/rc2.h
2026-10-02T18:55:12.5692310Z -- Up-to-date: D:/a/sindarin-compiler/sindarin-compiler/bin/deps/include/openssl/rc4.h
2026-10-02T18:55:12.5693509Z -- Up-to-date: D:/a/sindarin-compiler/sindarin-compiler/bin/deps/include/openssl/rc5.h
2026-10-02T18:55:12.5694799Z -- Up-to-date: D:/a/sindarin-compiler/sindarin-compiler/bin/deps/include/openssl/ripemd.h
2026-10-02T18:55:12.5695938Z -- Up-to-date: D:/a/sindarin-compiler/sindarin-compiler/bin/deps/include/openssl/rsa.h
2026-10-02T18:55:12.5697045Z -- Up-to-date: D:/a/sindarin-compiler/sindarin-compiler/bin/deps/include/openssl/rsaerr.h
2026-10-02T18:55:12.5698294Z -- Up-to-date: D:/a/sindarin-compiler/sindarin-compiler/bin/deps/include/openssl/safestack.h
2026-10-02T18:55:12.5699323Z -- Up-to-date: D:/a/sindarin-compiler/sindarin-compiler/bin/deps/include/openssl/seed.h
2026-10-02T18:55:12.5700472Z -- Up-to-date: D:/a/sindarin-compiler/sindarin-compiler/bin/deps/include/openssl/self_test.h
2026-10-02T18:55:12.5701543Z -- Up-to-date: D:/a/sindarin-compiler/sindarin-compiler/bin/deps/include/openssl/sha.h
2026-10-02T18:55:12.5702656Z -- Up-to-date: D:/a/sindarin-compiler/sindarin-compiler/bin/deps/include/openssl/srp.h
2026-10-02T18:55:12.5703770Z -- Up-to-date: D:/a/sindarin-compiler/sindarin-compiler/bin/deps/include/openssl/srtp.h
2026-10-02T18:55:12.5704850Z -- Up-to-date: D:/a/sindarin-compiler/sindarin-compiler/bin/deps/include/openssl/ssl.h
2026-10-02T18:55:12.5705976Z -- Up-to-date: D:/a/sindarin-compiler/sindarin-compiler/bin/deps/include/openssl/ssl2.h
2026-10-02T18:55:12.5707905Z -- Up-to-date: D:/a/sindarin-compiler/sindarin-compiler/bin/deps/include/openssl/ssl3.h
2026-10-02T18:55:12.5708706Z -- Up-to-date: D:/a/sindarin-compiler/sindarin-compiler/bin/deps/include/openssl/sslerr.h
2026-10-02T18:55:12.5710020Z -- Up-to-date: D:/a/sindarin-compiler/sindarin-compiler/bin/deps/include/openssl/sslerr_legacy.h
2026-10-02T18:55:12.5711655Z -- Up-to-date: D:/a/sindarin-compiler/sindarin-compiler/bin/deps/include/openssl/stack.h
2026-10-02T18:55:12.5713073Z -- Up-to-date: D:/a/sindarin-compiler/sindarin-compiler/bin/deps/include/openssl/store.h
2026-10-02T18:55:12.5714189Z -- Up-to-date: D:/a/sindarin-compiler/sindarin-compiler/bin/deps/include/openssl/storeerr.h
2026-10-02T18:55:12.5715354Z -- Up-to-date: D:/a/sindarin-compiler/sindarin-compiler/bin/deps/include/openssl/symhacks.h
2026-10-02T18:55:12.5716803Z -- Up-to-date: D:/a/sindarin-compiler/sindarin-compiler/bin/deps/include/openssl/thread.h
2026-10-02T18:55:12.5717853Z -- Up-to-date: D:/a/sindarin-compiler/sindarin-compiler/bin/deps/include/openssl/tls1.h
2026-10-02T18:55:12.5719148Z -- Up-to-date: D:/a/sindarin-compiler/sindarin-compiler/bin/deps/include/openssl/trace.h
2026-10-02T18:55:12.5720266Z -- Up-to-date: D:/a/sindarin-compiler/sindarin-compiler/bin/deps/include/openssl/ts.h
2026-10-02T18:55:12.5721352Z -- Up-to-date: D:/a/sindarin-compiler/sindarin-compiler/bin/deps/include/openssl/tserr.h
2026-10-02T18:55:12.5722463Z -- Up-to-date: D:/a/sindarin-compiler/sindarin-compiler/bin/deps/include/openssl/txt_db.h
2026-10-02T18:55:12.5723564Z -- Up-to-date: D:/a/sindarin-compiler/sindarin-compiler/bin/deps/include/openssl/types.h
2026-10-02T18:55:12.5724667Z -- Up-to-date: D:/a/sindarin-compiler/sindarin-compiler/bin/deps/include/openssl/ui.h
2026-10-02T18:55:12.5725749Z -- Up-to-date: D:/a/sindarin-compiler/sindarin-compiler/bin/deps/include/openssl/uierr.h
2026-10-02T18:55:12.5726877Z -- Up-to-date: D:/a/sindarin-compiler/sindarin-compiler/bin/deps/include/openssl/whrlpool.h
2026-10-02T18:55:12.5727953Z -- Up-to-date: D:/a/sindarin-compiler/sindarin-compiler/bin/deps/include/openssl/x509.h
2026-10-02T18:55:12.5729154Z -- Up-to-date: D:/a/sindarin-compiler/sindarin-compiler/bin/deps/include/openssl/x509err.h
2026-10-02T18:55:12.5730170Z -- Up-to-date: D:/a/sindarin-compiler/sindarin-compiler/bin/deps/include/openssl/x509v3.h
2026-10-02T18:55:12.5731286Z -- Up-to-date: D:/a/sindarin-compiler/sindarin-compiler/bin/deps/include/openssl/x509v3err.h
2026-10-02T18:55:12.5732409Z -- Up-to-date: D:/a/sindarin-compiler/sindarin-compiler/bin/deps/include/openssl/x509_acert.h
2026-10-02T18:55:12.5733687Z -- Up-to-date: D:/a/sindarin-compiler/sindarin-compiler/bin/deps/include/openssl/x509_vfy.h
2026-10-02T18:55:12.5735761Z --   Copying libssh headers...
2026-10-02T18:55:12.5737159Z -- Up-to-date: D:/a/sindarin-compiler/sindarin-compiler/bin/deps/include/libssh
2026-10-02T18:55:12.5738975Z -- Up-to-date: D:/a/sindarin-compiler/sindarin-compiler/bin/deps/include/libssh/callbacks.h
2026-10-02T18:55:12.5740300Z -- Up-to-date: D:/a/sindarin-compiler/sindarin-compiler/bin/deps/include/libssh/legacy.h
2026-10-02T18:55:12.5741394Z -- Up-to-date: D:/a/sindarin-compiler/sindarin-compiler/bin/deps/include/libssh/libssh.h
2026-10-02T18:55:12.5742526Z -- Up-to-date: D:/a/sindarin-compiler/sindarin-compiler/bin/deps/include/libssh/libsshpp.hpp
2026-10-02T18:55:12.5744094Z -- Up-to-date: D:/a/sindarin-compiler/sindarin-compiler/bin/deps/include/libssh/libssh_version.h
2026-10-02T18:55:12.5745196Z -- Up-to-date: D:/a/sindarin-compiler/sindarin-compiler/bin/deps/include/libssh/server.h
2026-10-02T18:55:12.5746319Z -- Up-to-date: D:/a/sindarin-compiler/sindarin-compiler/bin/deps/include/libssh/sftp.h
2026-10-02T18:55:12.5747434Z -- Up-to-date: D:/a/sindarin-compiler/sindarin-compiler/bin/deps/include/libssh/sftpserver.h
2026-10-02T18:55:12.5748511Z -- Up-to-date: D:/a/sindarin-compiler/sindarin-compiler/bin/deps/include/libssh/ssh2.h
2026-10-02T18:55:12.5749422Z --   Copying libgit2 headers...
2026-10-02T18:55:12.5750999Z -- Up-to-date: D:/a/sindarin-compiler/sindarin-compiler/bin/deps/include/git2.h
2026-10-02T18:55:12.5752898Z -- Up-to-date: D:/a/sindarin-compiler/sindarin-compiler/bin/deps/include/git2
2026-10-02T18:55:12.5755134Z -- Up-to-date: D:/a/sindarin-compiler/sindarin-compiler/bin/deps/include/git2/annotated_commit.h
2026-10-02T18:55:12.5756295Z -- Up-to-date: D:/a/sindarin-compiler/sindarin-compiler/bin/deps/include/git2/apply.h
2026-10-02T18:55:12.5757428Z -- Up-to-date: D:/a/sindarin-compiler/sindarin-compiler/bin/deps/include/git2/attr.h
2026-10-02T18:55:12.5758559Z -- Up-to-date: D:/a/sindarin-compiler/sindarin-compiler/bin/deps/include/git2/blame.h
2026-10-02T18:55:12.5759683Z -- Up-to-date: D:/a/sindarin-compiler/sindarin-compiler/bin/deps/include/git2/blob.h
2026-10-02T18:55:12.5760790Z -- Up-to-date: D:/a/sindarin-compiler/sindarin-compiler/bin/deps/include/git2/branch.h
2026-10-02T18:55:12.5761914Z -- Up-to-date: D:/a/sindarin-compiler/sindarin-compiler/bin/deps/include/git2/buffer.h
2026-10-02T18:55:12.5763012Z -- Up-to-date: D:/a/sindarin-compiler/sindarin-compiler/bin/deps/include/git2/cert.h
2026-10-02T18:55:12.5764131Z -- Up-to-date: D:/a/sindarin-compiler/sindarin-compiler/bin/deps/include/git2/checkout.h
2026-10-02T18:55:12.5765475Z -- Up-to-date: D:/a/sindarin-compiler/sindarin-compiler/bin/deps/include/git2/cherrypick.h
2026-10-02T18:55:12.5767129Z -- Up-to-date: D:/a/sindarin-compiler/sindarin-compiler/bin/deps/include/git2/clone.h
2026-10-02T18:55:12.5768259Z -- Up-to-date: D:/a/sindarin-compiler/sindarin-compiler/bin/deps/include/git2/commit.h
2026-10-02T18:55:12.5769357Z -- Up-to-date: D:/a/sindarin-compiler/sindarin-compiler/bin/deps/include/git2/common.h
2026-10-02T18:55:12.5770443Z -- Up-to-date: D:/a/sindarin-compiler/sindarin-compiler/bin/deps/include/git2/config.h
2026-10-02T18:55:12.5771577Z -- Up-to-date: D:/a/sindarin-compiler/sindarin-compiler/bin/deps/include/git2/credential.h
2026-10-02T18:55:12.5772939Z -- Up-to-date: D:/a/sindarin-compiler/sindarin-compiler/bin/deps/include/git2/credential_helpers.h
2026-10-02T18:55:12.5774078Z -- Up-to-date: D:/a/sindarin-compiler/sindarin-compiler/bin/deps/include/git2/cred_helpers.h
2026-10-02T18:55:12.5775205Z -- Up-to-date: D:/a/sindarin-compiler/sindarin-compiler/bin/deps/include/git2/deprecated.h
2026-10-02T18:55:12.5776322Z -- Up-to-date: D:/a/sindarin-compiler/sindarin-compiler/bin/deps/include/git2/describe.h
2026-10-02T18:55:12.5777383Z -- Up-to-date: D:/a/sindarin-compiler/sindarin-compiler/bin/deps/include/git2/diff.h
2026-10-02T18:55:12.5778471Z -- Up-to-date: D:/a/sindarin-compiler/sindarin-compiler/bin/deps/include/git2/email.h
2026-10-02T18:55:12.5779692Z -- Up-to-date: D:/a/sindarin-compiler/sindarin-compiler/bin/deps/include/git2/errors.h
2026-10-02T18:55:12.5780732Z -- Up-to-date: D:/a/sindarin-compiler/sindarin-compiler/bin/deps/include/git2/experimental.h
2026-10-02T18:55:12.5781822Z -- Up-to-date: D:/a/sindarin-compiler/sindarin-compiler/bin/deps/include/git2/filter.h
2026-10-02T18:55:12.5782917Z -- Up-to-date: D:/a/sindarin-compiler/sindarin-compiler/bin/deps/include/git2/global.h
2026-10-02T18:55:12.5784006Z -- Up-to-date: D:/a/sindarin-compiler/sindarin-compiler/bin/deps/include/git2/graph.h
2026-10-02T18:55:12.5785105Z -- Up-to-date: D:/a/sindarin-compiler/sindarin-compiler/bin/deps/include/git2/ignore.h
2026-10-02T18:55:12.5786206Z -- Up-to-date: D:/a/sindarin-compiler/sindarin-compiler/bin/deps/include/git2/index.h
2026-10-02T18:55:12.5787505Z -- Up-to-date: D:/a/sindarin-compiler/sindarin-compiler/bin/deps/include/git2/indexer.h
2026-10-02T18:55:12.5788603Z -- Up-to-date: D:/a/sindarin-compiler/sindarin-compiler/bin/deps/include/git2/mailmap.h
2026-10-02T18:55:12.5789684Z -- Up-to-date: D:/a/sindarin-compiler/sindarin-compiler/bin/deps/include/git2/merge.h
2026-10-02T18:55:12.5790890Z -- Up-to-date: D:/a/sindarin-compiler/sindarin-compiler/bin/deps/include/git2/message.h
2026-10-02T18:55:12.5791958Z -- Up-to-date: D:/a/sindarin-compiler/sindarin-compiler/bin/deps/include/git2/net.h
2026-10-02T18:55:12.5793407Z -- Up-to-date: D:/a/sindarin-compiler/sindarin-compiler/bin/deps/include/git2/notes.h
2026-10-02T18:55:12.5794442Z -- Up-to-date: D:/a/sindarin-compiler/sindarin-compiler/bin/deps/include/git2/object.h
2026-10-02T18:55:12.5795552Z -- Up-to-date: D:/a/sindarin-compiler/sindarin-compiler/bin/deps/include/git2/odb.h
2026-10-02T18:55:12.5796681Z -- Up-to-date: D:/a/sindarin-compiler/sindarin-compiler/bin/deps/include/git2/odb_backend.h
2026-10-02T18:55:12.5797743Z -- Up-to-date: D:/a/sindarin-compiler/sindarin-compiler/bin/deps/include/git2/oid.h
2026-10-02T18:55:12.5798872Z -- Up-to-date: D:/a/sindarin-compiler/sindarin-compiler/bin/deps/include/git2/oidarray.h
2026-10-02T18:55:12.5800027Z -- Up-to-date: D:/a/sindarin-compiler/sindarin-compiler/bin/deps/include/git2/pack.h
2026-10-02T18:55:12.5801118Z -- Up-to-date: D:/a/sindarin-compiler/sindarin-compiler/bin/deps/include/git2/patch.h
2026-10-02T18:55:12.5802209Z -- Up-to-date: D:/a/sindarin-compiler/sindarin-compiler/bin/deps/include/git2/pathspec.h
2026-10-02T18:55:12.5803284Z -- Up-to-date: D:/a/sindarin-compiler/sindarin-compiler/bin/deps/include/git2/proxy.h
2026-10-02T18:55:12.5804387Z -- Up-to-date: D:/a/sindarin-compiler/sindarin-compiler/bin/deps/include/git2/rebase.h
2026-10-02T18:55:12.5805450Z -- Up-to-date: D:/a/sindarin-compiler/sindarin-compiler/bin/deps/include/git2/refdb.h
2026-10-02T18:55:12.5806556Z -- Up-to-date: D:/a/sindarin-compiler/sindarin-compiler/bin/deps/include/git2/reflog.h
2026-10-02T18:55:12.5807641Z -- Up-to-date: D:/a/sindarin-compiler/sindarin-compiler/bin/deps/include/git2/refs.h
2026-10-02T18:55:12.5808730Z -- Up-to-date: D:/a/sindarin-compiler/sindarin-compiler/bin/deps/include/git2/refspec.h
2026-10-02T18:55:12.5809802Z -- Up-to-date: D:/a/sindarin-compiler/sindarin-compiler/bin/deps/include/git2/remote.h
2026-10-02T18:55:12.5811117Z -- Up-to-date: D:/a/sindarin-compiler/sindarin-compiler/bin/deps/include/git2/repository.h
2026-10-02T18:55:12.5812281Z -- Up-to-date: D:/a/sindarin-compiler/sindarin-compiler/bin/deps/include/git2/reset.h
2026-10-02T18:55:12.5813696Z -- Up-to-date: D:/a/sindarin-compiler/sindarin-compiler/bin/deps/include/git2/revert.h
2026-10-02T18:55:12.5814574Z -- Up-to-date: D:/a/sindarin-compiler/sindarin-compiler/bin/deps/include/git2/revparse.h
2026-10-02T18:55:12.5815664Z -- Up-to-date: D:/a/sindarin-compiler/sindarin-compiler/bin/deps/include/git2/revwalk.h
2026-10-02T18:55:12.5816761Z -- Up-to-date: D:/a/sindarin-compiler/sindarin-compiler/bin/deps/include/git2/signature.h
2026-10-02T18:55:12.5817860Z -- Up-to-date: D:/a/sindarin-compiler/sindarin-compiler/bin/deps/include/git2/stash.h
2026-10-02T18:55:12.5819195Z -- Up-to-date: D:/a/sindarin-compiler/sindarin-compiler/bin/deps/include/git2/status.h
2026-10-02T18:55:12.5820217Z -- Up-to-date: D:/a/sindarin-compiler/sindarin-compiler/bin/deps/include/git2/stdint.h
2026-10-02T18:55:12.5821261Z -- Up-to-date: D:/a/sindarin-compiler/sindarin-compiler/bin/deps/include/git2/strarray.h
2026-10-02T18:55:12.5822348Z -- Up-to-date: D:/a/sindarin-compiler/sindarin-compiler/bin/deps/include/git2/submodule.h
2026-10-02T18:55:12.5823511Z -- Up-to-date: D:/a/sindarin-compiler/sindarin-compiler/bin/deps/include/git2/sys
2026-10-02T18:55:12.5825245Z -- Up-to-date: D:/a/sindarin-compiler/sindarin-compiler/bin/deps/include/git2/sys/alloc.h
2026-10-02T18:55:12.5826436Z -- Up-to-date: D:/a/sindarin-compiler/sindarin-compiler/bin/deps/include/git2/sys/commit.h
2026-10-02T18:55:12.5827637Z -- Up-to-date: D:/a/sindarin-compiler/sindarin-compiler/bin/deps/include/git2/sys/commit_graph.h
2026-10-02T18:55:12.5828712Z -- Up-to-date: D:/a/sindarin-compiler/sindarin-compiler/bin/deps/include/git2/sys/config.h
2026-10-02T18:55:12.5829810Z -- Up-to-date: D:/a/sindarin-compiler/sindarin-compiler/bin/deps/include/git2/sys/cred.h
2026-10-02T18:55:12.5831045Z -- Up-to-date: D:/a/sindarin-compiler/sindarin-compiler/bin/deps/include/git2/sys/credential.h
2026-10-02T18:55:12.5832034Z -- Up-to-date: D:/a/sindarin-compiler/sindarin-compiler/bin/deps/include/git2/sys/diff.h
2026-10-02T18:55:12.5833448Z -- Up-to-date: D:/a/sindarin-compiler/sindarin-compiler/bin/deps/include/git2/sys/email.h
2026-10-02T18:55:12.5834453Z -- Up-to-date: D:/a/sindarin-compiler/sindarin-compiler/bin/deps/include/git2/sys/errors.h
2026-10-02T18:55:12.5835537Z -- Up-to-date: D:/a/sindarin-compiler/sindarin-compiler/bin/deps/include/git2/sys/filter.h
2026-10-02T18:55:12.5836630Z -- Up-to-date: D:/a/sindarin-compiler/sindarin-compiler/bin/deps/include/git2/sys/hashsig.h
2026-10-02T18:55:12.5837699Z -- Up-to-date: D:/a/sindarin-compiler/sindarin-compiler/bin/deps/include/git2/sys/index.h
2026-10-02T18:55:12.5838779Z -- Up-to-date: D:/a/sindarin-compiler/sindarin-compiler/bin/deps/include/git2/sys/mempack.h
2026-10-02T18:55:12.5839882Z -- Up-to-date: D:/a/sindarin-compiler/sindarin-compiler/bin/deps/include/git2/sys/merge.h
2026-10-02T18:55:12.5840974Z -- Up-to-date: D:/a/sindarin-compiler/sindarin-compiler/bin/deps/include/git2/sys/midx.h
2026-10-02T18:55:12.5842129Z -- Up-to-date: D:/a/sindarin-compiler/sindarin-compiler/bin/deps/include/git2/sys/odb_backend.h
2026-10-02T18:55:12.5843226Z -- Up-to-date: D:/a/sindarin-compiler/sindarin-compiler/bin/deps/include/git2/sys/openssl.h
2026-10-02T18:55:12.5844300Z -- Up-to-date: D:/a/sindarin-compiler/sindarin-compiler/bin/deps/include/git2/sys/path.h
2026-10-02T18:55:12.5845434Z -- Up-to-date: D:/a/sindarin-compiler/sindarin-compiler/bin/deps/include/git2/sys/refdb_backend.h
2026-10-02T18:55:12.5846501Z -- Up-to-date: D:/a/sindarin-compiler/sindarin-compiler/bin/deps/include/git2/sys/refs.h
2026-10-02T18:55:12.5847622Z -- Up-to-date: D:/a/sindarin-compiler/sindarin-compiler/bin/deps/include/git2/sys/remote.h
2026-10-02T18:55:12.5848730Z -- Up-to-date: D:/a/sindarin-compiler/sindarin-compiler/bin/deps/include/git2/sys/repository.h
2026-10-02T18:55:12.5849794Z -- Up-to-date: D:/a/sindarin-compiler/sindarin-compiler/bin/deps/include/git2/sys/stream.h
2026-10-02T18:55:12.5850913Z -- Up-to-date: D:/a/sindarin-compiler/sindarin-compiler/bin/deps/include/git2/sys/transport.h
2026-10-02T18:55:12.5852022Z -- Up-to-date: D:/a/sindarin-compiler/sindarin-compiler/bin/deps/include/git2/tag.h
2026-10-02T18:55:12.5853479Z -- Up-to-date: D:/a/sindarin-compiler/sindarin-compiler/bin/deps/include/git2/trace.h
2026-10-02T18:55:12.5854475Z -- Up-to-date: D:/a/sindarin-compiler/sindarin-compiler/bin/deps/include/git2/transaction.h
2026-10-02T18:55:12.5855555Z -- Up-to-date: D:/a/sindarin-compiler/sindarin-compiler/bin/deps/include/git2/transport.h
2026-10-02T18:55:12.5856638Z -- Up-to-date: D:/a/sindarin-compiler/sindarin-compiler/bin/deps/include/git2/tree.h
2026-10-02T18:55:12.5857866Z -- Up-to-date: D:/a/sindarin-compiler/sindarin-compiler/bin/deps/include/git2/types.h
2026-10-02T18:55:12.5858915Z -- Up-to-date: D:/a/sindarin-compiler/sindarin-compiler/bin/deps/include/git2/version.h
2026-10-02T18:55:12.5859989Z -- Up-to-date: D:/a/sindarin-compiler/sindarin-compiler/bin/deps/include/git2/worktree.h
2026-10-02T18:55:12.5860841Z --   Copying curl headers...
2026-10-02T18:55:12.5862122Z -- Up-to-date: D:/a/sindarin-compiler/sindarin-compiler/bin/deps/include/curl
2026-10-02T18:55:12.5864143Z -- Up-to-date: D:/a/sindarin-compiler/sindarin-compiler/bin/deps/include/curl/curl.h
2026-10-02T18:55:12.5865339Z -- Up-to-date: D:/a/sindarin-compiler/sindarin-compiler/bin/deps/include/curl/curlver.h
2026-10-02T18:55:12.5866446Z -- Up-to-date: D:/a/sindarin-compiler/sindarin-compiler/bin/deps/include/curl/easy.h
2026-10-02T18:55:12.5867566Z -- Up-to-date: D:/a/sindarin-compiler/sindarin-compiler/bin/deps/include/curl/header.h
2026-10-02T18:55:12.5868761Z -- Up-to-date: D:/a/sindarin-compiler/sindarin-compiler/bin/deps/include/curl/mprintf.h
2026-10-02T18:55:12.5869858Z -- Up-to-date: D:/a/sindarin-compiler/sindarin-compiler/bin/deps/include/curl/multi.h
2026-10-02T18:55:12.5870955Z -- Up-to-date: D:/a/sindarin-compiler/sindarin-compiler/bin/deps/include/curl/options.h
2026-10-02T18:55:12.5872108Z -- Up-to-date: D:/a/sindarin-compiler/sindarin-compiler/bin/deps/include/curl/stdcheaders.h
2026-10-02T18:55:12.5873416Z -- Up-to-date: D:/a/sindarin-compiler/sindarin-compiler/bin/deps/include/curl/system.h
2026-10-02T18:55:12.5874585Z -- Up-to-date: D:/a/sindarin-compiler/sindarin-compiler/bin/deps/include/curl/typecheck-gcc.h
2026-10-02T18:55:12.5875643Z -- Up-to-date: D:/a/sindarin-compiler/sindarin-compiler/bin/deps/include/curl/urlapi.h
2026-10-02T18:55:12.5876766Z -- Up-to-date: D:/a/sindarin-compiler/sindarin-compiler/bin/deps/include/curl/websockets.h
2026-10-02T18:55:12.5884386Z --   Copying library: D:/a/sindarin-compiler/sindarin-compiler/.sn/sindarin-pkg-libs/libs/windows/lib/libzlib.a
2026-10-02T18:55:12.5885544Z -- Up-to-date: D:/a/sindarin-compiler/sindarin-compiler/bin/deps/lib/libzlib.a
2026-10-02T18:55:12.5886561Z --   Copying library: D:/a/sindarin-compiler/sindarin-compiler/.sn/sindarin-pkg-libs/libs/windows/lib/libzs.a
2026-10-02T18:55:12.5887634Z -- Up-to-date: D:/a/sindarin-compiler/sindarin-compiler/bin/deps/lib/libzs.a
2026-10-02T18:55:12.5888615Z --   Copying library: D:/a/sindarin-compiler/sindarin-compiler/.sn/sindarin-pkg-libs/libs/windows/lib/libyyjson.a
2026-10-02T18:55:12.5889637Z -- Up-to-date: D:/a/sindarin-compiler/sindarin-compiler/bin/deps/lib/libyyjson.a
2026-10-02T18:55:12.5890372Z --   Copying library: D:/a/sindarin-compiler/sindarin-compiler/.sn/sindarin-pkg-libs/libs/windows/lib/libxml2.a
2026-10-02T18:55:12.5891443Z -- Up-to-date: D:/a/sindarin-compiler/sindarin-compiler/bin/deps/lib/libxml2.a
2026-10-02T18:55:12.5892054Z --   Copying library: D:/a/sindarin-compiler/sindarin-compiler/.sn/sindarin-pkg-libs/libs/windows/lib/libyaml.a
2026-10-02T18:55:12.5893425Z -- Up-to-date: D:/a/sindarin-compiler/sindarin-compiler/bin/deps/lib/libyaml.a
2026-10-02T18:55:12.5894181Z --   Copying library: D:/a/sindarin-compiler/sindarin-compiler/.sn/sindarin-pkg-libs/libs/windows/lib/libcrypto.a
2026-10-02T18:55:12.5895204Z -- Up-to-date: D:/a/sindarin-compiler/sindarin-compiler/bin/deps/lib/libcrypto.a
2026-10-02T18:55:12.5895801Z --   Copying library: D:/a/sindarin-compiler/sindarin-compiler/.sn/sindarin-pkg-libs/libs/windows/lib/libssl.a
2026-10-02T18:55:12.5897103Z -- Up-to-date: D:/a/sindarin-compiler/sindarin-compiler/bin/deps/lib/libssl.a
2026-10-02T18:55:12.5897737Z --   Copying library: D:/a/sindarin-compiler/sindarin-compiler/.sn/sindarin-pkg-libs/libs/windows/lib/libssh.a
2026-10-02T18:55:12.5898835Z -- Up-to-date: D:/a/sindarin-compiler/sindarin-compiler/bin/deps/lib/libssh.a
2026-10-02T18:55:12.5899422Z --   Copying library: D:/a/sindarin-compiler/sindarin-compiler/.sn/sindarin-pkg-libs/libs/windows/lib/libssh2.a
2026-10-02T18:55:12.5900660Z -- Up-to-date: D:/a/sindarin-compiler/sindarin-compiler/bin/deps/lib/libssh2.a
2026-10-02T18:55:12.5901284Z --   Copying library: D:/a/sindarin-compiler/sindarin-compiler/.sn/sindarin-pkg-libs/libs/windows/lib/libgit2.a
2026-10-02T18:55:12.5902420Z -- Up-to-date: D:/a/sindarin-compiler/sindarin-compiler/bin/deps/lib/libgit2.a
2026-10-02T18:55:12.5903117Z --   Copying library: D:/a/sindarin-compiler/sindarin-compiler/.sn/sindarin-pkg-libs/libs/windows/lib/libhttp_parser.a
2026-10-02T18:55:12.5904309Z -- Up-to-date: D:/a/sindarin-compiler/sindarin-compiler/bin/deps/lib/libhttp_parser.a
2026-10-02T18:55:12.5905081Z --   Copying library: D:/a/sindarin-compiler/sindarin-compiler/.sn/sindarin-pkg-libs/libs/windows/lib/libpcre2-8.a
2026-10-02T18:55:12.5906111Z -- Up-to-date: D:/a/sindarin-compiler/sindarin-compiler/bin/deps/lib/libpcre2-8.a
2026-10-02T18:55:12.5906705Z --   Copying library: D:/a/sindarin-compiler/sindarin-compiler/.sn/sindarin-pkg-libs/libs/windows/lib/libssh2.a
2026-10-02T18:55:12.5907780Z -- Up-to-date: D:/a/sindarin-compiler/sindarin-compiler/bin/deps/lib/libssh2.a
2026-10-02T18:55:12.5908479Z --   Copying library: D:/a/sindarin-compiler/sindarin-compiler/.sn/sindarin-pkg-libs/libs/windows/lib/libcurl.a
2026-10-02T18:55:12.5909708Z -- Up-to-date: D:/a/sindarin-compiler/sindarin-compiler/bin/deps/lib/libcurl.a
2026-10-02T18:55:12.5910704Z --   Dependencies copied to: D:/a/sindarin-compiler/sindarin-compiler/bin/deps
2026-10-02T18:55:12.5911374Z -- Using zlib archive: D:/a/sindarin-compiler/sindarin-compiler/.sn/sindarin-pkg-libs/libs/windows/lib/libzlib.a
2026-10-02T18:55:12.5911990Z -- Found sindarin-template (handlebars)
2026-10-02T18:55:12.5919793Z -- Found libcurl - enabling auto-update feature
2026-10-02T18:55:12.5920851Z -- Found libgit2 and libyaml - enabling package manager
2026-10-02T18:55:12.5973379Z -- 
2026-10-02T18:55:12.5973627Z -- Sindarin Compiler Build Configuration:
2026-10-02T18:55:12.5973935Z --   Version:      1.0.0
2026-10-02T18:55:12.5974178Z --   Platform:     Windows
2026-10-02T18:55:12.5974453Z --   Compiler:     Clang 22.1.8
2026-10-02T18:55:12.5974723Z --   Build Type:   Release
2026-10-02T18:55:12.5974977Z --   Debug:        OFF
2026-10-02T18:55:12.5975199Z --   ASAN:         OFF
2026-10-02T18:55:12.5975508Z --   Output:       D:/a/sindarin-compiler/sindarin-compiler/bin
2026-10-02T18:55:12.5975865Z -- 
2026-10-02T18:55:12.5978614Z -- Configuring done (0.2s)
2026-10-02T18:55:12.6670826Z -- Generating done (0.1s)
2026-10-02T18:55:12.6680236Z -- Build files have been written to: D:/a/sindarin-compiler/sindarin-compiler/build
2026-10-02T18:55:12.6753090Z cmake --build build
2026-10-02T18:55:12.7247241Z [0/2] Re-checking globbed directories...
2026-10-02T18:55:12.7914145Z [1/3] Synchronizing runtime headers
2026-10-02T18:55:12.9245898Z [2/3] Staging compiler artifacts in bin
2026-10-02T18:55:12.9499086Z 
2026-10-02T18:55:12.9698652Z Build complete!
2026-10-02T18:55:12.9895749Z Compiler: bin/sn.exe
2026-10-02T18:55:13.8591538Z PASS tests\rgen\by_value_scalar_parameter_assignment.sn -O0 default
2026-10-02T18:55:14.6818644Z PASS tests\rgen\by_value_scalar_parameter_assignment.sn -O1 default
2026-10-02T18:55:15.4572191Z PASS tests\rgen\by_value_scalar_parameter_assignment.sn -O2 default
2026-10-02T18:55:16.2287664Z PASS tests\rgen\by_value_scalar_parameter_assignment_unchecked.sn -O0 default
2026-10-02T18:55:17.0127717Z PASS tests\rgen\by_value_scalar_parameter_assignment_unchecked.sn -O1 default
2026-10-02T18:55:17.7733194Z PASS tests\rgen\by_value_scalar_parameter_assignment_unchecked.sn -O2 default
2026-10-02T18:55:18.6295615Z PASS tests\rgen\checked_numeric_mutations.sn -O0 default
2026-10-02T18:55:19.4780609Z PASS tests\rgen\checked_numeric_mutations.sn -O1 default
2026-10-02T18:55:20.3136469Z PASS tests\rgen\checked_numeric_mutations.sn -O2 default
2026-10-02T18:55:21.4060096Z PASS tests\rgen\iterator_protocol_numeric_mutations.sn -O0 default
2026-10-02T18:55:22.5109888Z PASS tests\rgen\iterator_protocol_numeric_mutations.sn -O1 default
2026-10-02T18:55:23.5675350Z PASS tests\rgen\iterator_protocol_numeric_mutations.sn -O2 default
2026-10-02T18:55:24.4696832Z PASS tests\rgen\resolved_callable_methods.sn -O0 default
2026-10-02T18:55:25.3695764Z PASS tests\rgen\resolved_callable_methods.sn -O1 default
2026-10-02T18:55:26.2343987Z PASS tests\rgen\resolved_callable_methods.sn -O2 default
2026-10-02T18:55:26.8097182Z PASS tests\rgen\receiver_array_alias.sn -O0 default
2026-10-02T18:55:27.5125995Z PASS tests\rgen\receiver_array_alias.sn -O1 default
2026-10-02T18:55:28.0957709Z PASS tests\rgen\receiver_array_alias.sn -O2 default
2026-10-02T18:55:28.8203225Z PASS tests\rgen\receiver_array_alias_forward_recursive.sn -O0 default
2026-10-02T18:55:29.5431653Z PASS tests\rgen\receiver_array_alias_forward_recursive.sn -O1 default
2026-10-02T18:55:30.2476077Z PASS tests\rgen\receiver_array_alias_forward_recursive.sn -O2 default
2026-10-02T18:55:31.0310445Z PASS tests\rgen\receiver_array_alias_identity.sn -O0 default
2026-10-02T18:55:31.8030654Z PASS tests\rgen\receiver_array_alias_identity.sn -O1 default
2026-10-02T18:55:32.5702085Z PASS tests\rgen\receiver_array_alias_identity.sn -O2 default
2026-10-02T18:55:33.1394404Z PASS tests\rgen\receiver_array_alias_minimal.sn -O0 default
2026-10-02T18:55:33.8412353Z PASS tests\rgen\receiver_array_alias_minimal.sn -O1 default
2026-10-02T18:55:34.4614277Z PASS tests\rgen\receiver_array_alias_minimal.sn -O2 default
2026-10-02T18:55:35.2635420Z PASS tests\rgen\receiver_array_alias_multiple.sn -O0 default
2026-10-02T18:55:36.0714732Z PASS tests\rgen\receiver_array_alias_multiple.sn -O1 default
2026-10-02T18:55:36.8489371Z PASS tests\rgen\receiver_array_alias_multiple.sn -O2 default
2026-10-02T18:55:36.8894676Z ##[endgroup]
2026-10-02T18:55:36.8898116Z ##[group]concurrency C/Rust differential coverage (17 sources, O0/O1/O2)
2026-10-02T18:55:36.9668733Z Building Sindarin compiler...
2026-10-02T18:55:36.9850143Z Platform: windows
2026-10-02T18:55:37.0060836Z Generator: Ninja
2026-10-02T18:55:37.0074991Z cmake -S . -B build -G "Ninja" \
2026-10-02T18:55:37.0075262Z 	-DCMAKE_BUILD_TYPE=Release \
2026-10-02T18:55:37.0075466Z 	-DCMAKE_C_COMPILER=clang
2026-10-02T18:55:37.1762038Z -- Up-to-date: D:/a/sindarin-compiler/sindarin-compiler/bin/sn.linux.cfg
2026-10-02T18:55:37.1763158Z -- Up-to-date: D:/a/sindarin-compiler/sindarin-compiler/bin/sn.darwin.cfg
2026-10-02T18:55:37.1764691Z -- Up-to-date: D:/a/sindarin-compiler/sindarin-compiler/bin/sn.windows.cfg
2026-10-02T18:55:37.1781825Z -- Installing: D:/a/sindarin-compiler/sindarin-compiler/bin/include/runtime/sn_arith.h
2026-10-02T18:55:37.1787017Z -- Installing: D:/a/sindarin-compiler/sindarin-compiler/bin/include/runtime/sn_array.h
2026-10-02T18:55:37.1791504Z -- Installing: D:/a/sindarin-compiler/sindarin-compiler/bin/include/runtime/sn_byte.h
2026-10-02T18:55:37.1795590Z -- Installing: D:/a/sindarin-compiler/sindarin-compiler/bin/include/runtime/sn_conv.h
2026-10-02T18:55:37.1800893Z -- Installing: D:/a/sindarin-compiler/sindarin-compiler/bin/include/runtime/sn_core.h
2026-10-02T18:55:37.1805825Z -- Installing: D:/a/sindarin-compiler/sindarin-compiler/bin/include/runtime/sn_minimal.h
2026-10-02T18:55:37.1809911Z -- Installing: D:/a/sindarin-compiler/sindarin-compiler/bin/include/runtime/sn_reflect.h
2026-10-02T18:55:37.1813945Z -- Installing: D:/a/sindarin-compiler/sindarin-compiler/bin/include/runtime/sn_serial.h
2026-10-02T18:55:37.1818371Z -- Installing: D:/a/sindarin-compiler/sindarin-compiler/bin/include/runtime/sn_string.h
2026-10-02T18:55:37.1822453Z -- Installing: D:/a/sindarin-compiler/sindarin-compiler/bin/include/runtime/sn_thread.h
2026-10-02T18:55:37.1827193Z -- Installing: D:/a/sindarin-compiler/sindarin-compiler/bin/include/minimal/sn_arith.h
2026-10-02T18:55:37.1831145Z -- Installing: D:/a/sindarin-compiler/sindarin-compiler/bin/include/minimal/sn_array.h
2026-10-02T18:55:37.1835472Z -- Installing: D:/a/sindarin-compiler/sindarin-compiler/bin/include/minimal/sn_byte.h
2026-10-02T18:55:37.1839562Z -- Installing: D:/a/sindarin-compiler/sindarin-compiler/bin/include/minimal/sn_conv.h
2026-10-02T18:55:37.1843835Z -- Installing: D:/a/sindarin-compiler/sindarin-compiler/bin/include/minimal/sn_core.h
2026-10-02T18:55:37.1848548Z -- Installing: D:/a/sindarin-compiler/sindarin-compiler/bin/include/minimal/sn_minimal.h
2026-10-02T18:55:37.1852593Z -- Installing: D:/a/sindarin-compiler/sindarin-compiler/bin/include/minimal/sn_reflect.h
2026-10-02T18:55:37.1856761Z -- Installing: D:/a/sindarin-compiler/sindarin-compiler/bin/include/minimal/sn_serial.h
2026-10-02T18:55:37.1860971Z -- Installing: D:/a/sindarin-compiler/sindarin-compiler/bin/include/minimal/sn_string.h
2026-10-02T18:55:37.1864977Z -- Installing: D:/a/sindarin-compiler/sindarin-compiler/bin/include/minimal/sn_thread.h
2026-10-02T18:55:37.1870990Z -- Up-to-date: D:/a/sindarin-compiler/sindarin-compiler/bin/include/platform/compat_dirent.h
2026-10-02T18:55:37.1872228Z -- Up-to-date: D:/a/sindarin-compiler/sindarin-compiler/bin/include/platform/compat_io.h
2026-10-02T18:55:37.1873396Z -- Up-to-date: D:/a/sindarin-compiler/sindarin-compiler/bin/include/platform/compat_net.h
2026-10-02T18:55:37.1874561Z -- Up-to-date: D:/a/sindarin-compiler/sindarin-compiler/bin/include/platform/compat_pthread.h
2026-10-02T18:55:37.1875727Z -- Up-to-date: D:/a/sindarin-compiler/sindarin-compiler/bin/include/platform/compat_time.h
2026-10-02T18:55:37.1876869Z -- Up-to-date: D:/a/sindarin-compiler/sindarin-compiler/bin/include/platform/compat_windows.h
2026-10-02T18:55:37.1878027Z -- Up-to-date: D:/a/sindarin-compiler/sindarin-compiler/bin/include/platform/platform.h
2026-10-02T18:55:37.1906427Z -- Found libs submodule: D:/a/sindarin-compiler/sindarin-compiler/.sn/sindarin-pkg-libs/libs/windows
2026-10-02T18:55:37.1906805Z --   Copying zlib headers...
2026-10-02T18:55:37.1907714Z -- Up-to-date: D:/a/sindarin-compiler/sindarin-compiler/bin/deps/include/zlib.h
2026-10-02T18:55:37.1909221Z -- Up-to-date: D:/a/sindarin-compiler/sindarin-compiler/bin/deps/include/zconf.h
2026-10-02T18:55:37.1910178Z --   Copying yyjson headers...
2026-10-02T18:55:37.1911314Z -- Up-to-date: D:/a/sindarin-compiler/sindarin-compiler/bin/deps/include/yyjson.h
2026-10-02T18:55:37.1912086Z --   Copying json-c headers...
2026-10-02T18:55:37.1913099Z -- Up-to-date: D:/a/sindarin-compiler/sindarin-compiler/bin/deps/include/json-c
2026-10-02T18:55:37.1914966Z -- Up-to-date: D:/a/sindarin-compiler/sindarin-compiler/bin/deps/include/json-c/arraylist.h
2026-10-02T18:55:37.1916207Z -- Up-to-date: D:/a/sindarin-compiler/sindarin-compiler/bin/deps/include/json-c/debug.h
2026-10-02T18:55:37.1917369Z -- Up-to-date: D:/a/sindarin-compiler/sindarin-compiler/bin/deps/include/json-c/json.h
2026-10-02T18:55:37.1918556Z -- Up-to-date: D:/a/sindarin-compiler/sindarin-compiler/bin/deps/include/json-c/json_config.h
2026-10-02T18:55:37.1919778Z -- Up-to-date: D:/a/sindarin-compiler/sindarin-compiler/bin/deps/include/json-c/json_c_version.h
2026-10-02T18:55:37.1920952Z -- Up-to-date: D:/a/sindarin-compiler/sindarin-compiler/bin/deps/include/json-c/json_inttypes.h
2026-10-02T18:55:37.1922065Z -- Up-to-date: D:/a/sindarin-compiler/sindarin-compiler/bin/deps/include/json-c/json_object.h
2026-10-02T18:55:37.1923377Z -- Up-to-date: D:/a/sindarin-compiler/sindarin-compiler/bin/deps/include/json-c/json_object_iterator.h
2026-10-02T18:55:37.1925232Z -- Up-to-date: D:/a/sindarin-compiler/sindarin-compiler/bin/deps/include/json-c/json_patch.h
2026-10-02T18:55:37.1926131Z -- Up-to-date: D:/a/sindarin-compiler/sindarin-compiler/bin/deps/include/json-c/json_pointer.h
2026-10-02T18:55:37.1927561Z -- Up-to-date: D:/a/sindarin-compiler/sindarin-compiler/bin/deps/include/json-c/json_tokener.h
2026-10-02T18:55:37.1928862Z -- Up-to-date: D:/a/sindarin-compiler/sindarin-compiler/bin/deps/include/json-c/json_types.h
2026-10-02T18:55:37.1929988Z -- Up-to-date: D:/a/sindarin-compiler/sindarin-compiler/bin/deps/include/json-c/json_util.h
2026-10-02T18:55:37.1931143Z -- Up-to-date: D:/a/sindarin-compiler/sindarin-compiler/bin/deps/include/json-c/json_visit.h
2026-10-02T18:55:37.1932458Z -- Up-to-date: D:/a/sindarin-compiler/sindarin-compiler/bin/deps/include/json-c/linkhash.h
2026-10-02T18:55:37.1933756Z -- Up-to-date: D:/a/sindarin-compiler/sindarin-compiler/bin/deps/include/json-c/printbuf.h
2026-10-02T18:55:37.1934355Z --   Copying libxml2 headers...
2026-10-02T18:55:37.1935489Z -- Up-to-date: D:/a/sindarin-compiler/sindarin-compiler/bin/deps/include/libxml
2026-10-02T18:55:37.1937615Z -- Up-to-date: D:/a/sindarin-compiler/sindarin-compiler/bin/deps/include/libxml/c14n.h
2026-10-02T18:55:37.1938835Z -- Up-to-date: D:/a/sindarin-compiler/sindarin-compiler/bin/deps/include/libxml/catalog.h
2026-10-02T18:55:37.1939990Z -- Up-to-date: D:/a/sindarin-compiler/sindarin-compiler/bin/deps/include/libxml/chvalid.h
2026-10-02T18:55:37.1941601Z -- Up-to-date: D:/a/sindarin-compiler/sindarin-compiler/bin/deps/include/libxml/debugXML.h
2026-10-02T18:55:37.1942618Z -- Up-to-date: D:/a/sindarin-compiler/sindarin-compiler/bin/deps/include/libxml/dict.h
2026-10-02T18:55:37.1944052Z -- Up-to-date: D:/a/sindarin-compiler/sindarin-compiler/bin/deps/include/libxml/encoding.h
2026-10-02T18:55:37.1945174Z -- Up-to-date: D:/a/sindarin-compiler/sindarin-compiler/bin/deps/include/libxml/entities.h
2026-10-02T18:55:37.1946320Z -- Up-to-date: D:/a/sindarin-compiler/sindarin-compiler/bin/deps/include/libxml/globals.h
2026-10-02T18:55:37.1947413Z -- Up-to-date: D:/a/sindarin-compiler/sindarin-compiler/bin/deps/include/libxml/hash.h
2026-10-02T18:55:37.1948586Z -- Up-to-date: D:/a/sindarin-compiler/sindarin-compiler/bin/deps/include/libxml/HTMLparser.h
2026-10-02T18:55:37.1949702Z -- Up-to-date: D:/a/sindarin-compiler/sindarin-compiler/bin/deps/include/libxml/HTMLtree.h
2026-10-02T18:55:37.1950981Z -- Up-to-date: D:/a/sindarin-compiler/sindarin-compiler/bin/deps/include/libxml/list.h
2026-10-02T18:55:37.1952096Z -- Up-to-date: D:/a/sindarin-compiler/sindarin-compiler/bin/deps/include/libxml/nanoftp.h
2026-10-02T18:55:37.1953209Z -- Up-to-date: D:/a/sindarin-compiler/sindarin-compiler/bin/deps/include/libxml/nanohttp.h
2026-10-02T18:55:37.1954301Z -- Up-to-date: D:/a/sindarin-compiler/sindarin-compiler/bin/deps/include/libxml/parser.h
2026-10-02T18:55:37.1955479Z -- Up-to-date: D:/a/sindarin-compiler/sindarin-compiler/bin/deps/include/libxml/parserInternals.h
2026-10-02T18:55:37.1956574Z -- Up-to-date: D:/a/sindarin-compiler/sindarin-compiler/bin/deps/include/libxml/pattern.h
2026-10-02T18:55:37.1957683Z -- Up-to-date: D:/a/sindarin-compiler/sindarin-compiler/bin/deps/include/libxml/relaxng.h
2026-10-02T18:55:37.1958779Z -- Up-to-date: D:/a/sindarin-compiler/sindarin-compiler/bin/deps/include/libxml/SAX.h
2026-10-02T18:55:37.1959873Z -- Up-to-date: D:/a/sindarin-compiler/sindarin-compiler/bin/deps/include/libxml/SAX2.h
2026-10-02T18:55:37.1961105Z -- Up-to-date: D:/a/sindarin-compiler/sindarin-compiler/bin/deps/include/libxml/schemasInternals.h
2026-10-02T18:55:37.1962554Z -- Up-to-date: D:/a/sindarin-compiler/sindarin-compiler/bin/deps/include/libxml/schematron.h
2026-10-02T18:55:37.1964019Z -- Up-to-date: D:/a/sindarin-compiler/sindarin-compiler/bin/deps/include/libxml/threads.h
2026-10-02T18:55:37.1965256Z -- Up-to-date: D:/a/sindarin-compiler/sindarin-compiler/bin/deps/include/libxml/tree.h
2026-10-02T18:55:37.1966423Z -- Up-to-date: D:/a/sindarin-compiler/sindarin-compiler/bin/deps/include/libxml/uri.h
2026-10-02T18:55:37.1967840Z -- Up-to-date: D:/a/sindarin-compiler/sindarin-compiler/bin/deps/include/libxml/valid.h
2026-10-02T18:55:37.1969002Z -- Up-to-date: D:/a/sindarin-compiler/sindarin-compiler/bin/deps/include/libxml/xinclude.h
2026-10-02T18:55:37.1970105Z -- Up-to-date: D:/a/sindarin-compiler/sindarin-compiler/bin/deps/include/libxml/xlink.h
2026-10-02T18:55:37.1971254Z -- Up-to-date: D:/a/sindarin-compiler/sindarin-compiler/bin/deps/include/libxml/xmlautomata.h
2026-10-02T18:55:37.1972650Z -- Up-to-date: D:/a/sindarin-compiler/sindarin-compiler/bin/deps/include/libxml/xmlerror.h
2026-10-02T18:55:37.1973929Z -- Up-to-date: D:/a/sindarin-compiler/sindarin-compiler/bin/deps/include/libxml/xmlexports.h
2026-10-02T18:55:37.1974928Z -- Up-to-date: D:/a/sindarin-compiler/sindarin-compiler/bin/deps/include/libxml/xmlIO.h
2026-10-02T18:55:37.1976122Z -- Up-to-date: D:/a/sindarin-compiler/sindarin-compiler/bin/deps/include/libxml/xmlmemory.h
2026-10-02T18:55:37.1977260Z -- Up-to-date: D:/a/sindarin-compiler/sindarin-compiler/bin/deps/include/libxml/xmlmodule.h
2026-10-02T18:55:37.1978506Z -- Up-to-date: D:/a/sindarin-compiler/sindarin-compiler/bin/deps/include/libxml/xmlreader.h
2026-10-02T18:55:37.1979603Z -- Up-to-date: D:/a/sindarin-compiler/sindarin-compiler/bin/deps/include/libxml/xmlregexp.h
2026-10-02T18:55:37.1980699Z -- Up-to-date: D:/a/sindarin-compiler/sindarin-compiler/bin/deps/include/libxml/xmlsave.h
2026-10-02T18:55:37.1981877Z -- Up-to-date: D:/a/sindarin-compiler/sindarin-compiler/bin/deps/include/libxml/xmlschemas.h
2026-10-02T18:55:37.1982996Z -- Up-to-date: D:/a/sindarin-compiler/sindarin-compiler/bin/deps/include/libxml/xmlschemastypes.h
2026-10-02T18:55:37.1984449Z -- Up-to-date: D:/a/sindarin-compiler/sindarin-compiler/bin/deps/include/libxml/xmlstring.h
2026-10-02T18:55:37.1985579Z -- Up-to-date: D:/a/sindarin-compiler/sindarin-compiler/bin/deps/include/libxml/xmlunicode.h
2026-10-02T18:55:37.1986700Z -- Up-to-date: D:/a/sindarin-compiler/sindarin-compiler/bin/deps/include/libxml/xmlversion.h
2026-10-02T18:55:37.1987808Z -- Up-to-date: D:/a/sindarin-compiler/sindarin-compiler/bin/deps/include/libxml/xmlwriter.h
2026-10-02T18:55:37.1988923Z -- Up-to-date: D:/a/sindarin-compiler/sindarin-compiler/bin/deps/include/libxml/xpath.h
2026-10-02T18:55:37.1990086Z -- Up-to-date: D:/a/sindarin-compiler/sindarin-compiler/bin/deps/include/libxml/xpathInternals.h
2026-10-02T18:55:37.1991196Z -- Up-to-date: D:/a/sindarin-compiler/sindarin-compiler/bin/deps/include/libxml/xpointer.h
2026-10-02T18:55:37.1992127Z --   Copying libyaml headers...
2026-10-02T18:55:37.1993343Z -- Up-to-date: D:/a/sindarin-compiler/sindarin-compiler/bin/deps/include/yaml.h
2026-10-02T18:55:37.1994143Z --   Copying openssl headers...
2026-10-02T18:55:37.1995147Z -- Up-to-date: D:/a/sindarin-compiler/sindarin-compiler/bin/deps/include/openssl
2026-10-02T18:55:37.1998317Z -- Up-to-date: D:/a/sindarin-compiler/sindarin-compiler/bin/deps/include/openssl/aes.h
2026-10-02T18:55:37.1999712Z -- Up-to-date: D:/a/sindarin-compiler/sindarin-compiler/bin/deps/include/openssl/asn1.h
2026-10-02T18:55:37.2000866Z -- Up-to-date: D:/a/sindarin-compiler/sindarin-compiler/bin/deps/include/openssl/asn1err.h
2026-10-02T18:55:37.2002224Z -- Up-to-date: D:/a/sindarin-compiler/sindarin-compiler/bin/deps/include/openssl/asn1t.h
2026-10-02T18:55:37.2003371Z -- Up-to-date: D:/a/sindarin-compiler/sindarin-compiler/bin/deps/include/openssl/async.h
2026-10-02T18:55:37.2004771Z -- Up-to-date: D:/a/sindarin-compiler/sindarin-compiler/bin/deps/include/openssl/asyncerr.h
2026-10-02T18:55:37.2005853Z -- Up-to-date: D:/a/sindarin-compiler/sindarin-compiler/bin/deps/include/openssl/bio.h
2026-10-02T18:55:37.2006990Z -- Up-to-date: D:/a/sindarin-compiler/sindarin-compiler/bin/deps/include/openssl/bioerr.h
2026-10-02T18:55:37.2008117Z -- Up-to-date: D:/a/sindarin-compiler/sindarin-compiler/bin/deps/include/openssl/blowfish.h
2026-10-02T18:55:37.2009216Z -- Up-to-date: D:/a/sindarin-compiler/sindarin-compiler/bin/deps/include/openssl/bn.h
2026-10-02T18:55:37.2010336Z -- Up-to-date: D:/a/sindarin-compiler/sindarin-compiler/bin/deps/include/openssl/bnerr.h
2026-10-02T18:55:37.2011472Z -- Up-to-date: D:/a/sindarin-compiler/sindarin-compiler/bin/deps/include/openssl/buffer.h
2026-10-02T18:55:37.2012623Z -- Up-to-date: D:/a/sindarin-compiler/sindarin-compiler/bin/deps/include/openssl/buffererr.h
2026-10-02T18:55:37.2013819Z -- Up-to-date: D:/a/sindarin-compiler/sindarin-compiler/bin/deps/include/openssl/byteorder.h
2026-10-02T18:55:37.2014964Z -- Up-to-date: D:/a/sindarin-compiler/sindarin-compiler/bin/deps/include/openssl/camellia.h
2026-10-02T18:55:37.2016190Z -- Up-to-date: D:/a/sindarin-compiler/sindarin-compiler/bin/deps/include/openssl/cast.h
2026-10-02T18:55:37.2017203Z -- Up-to-date: D:/a/sindarin-compiler/sindarin-compiler/bin/deps/include/openssl/cmac.h
2026-10-02T18:55:37.2018324Z -- Up-to-date: D:/a/sindarin-compiler/sindarin-compiler/bin/deps/include/openssl/cmp.h
2026-10-02T18:55:37.2019447Z -- Up-to-date: D:/a/sindarin-compiler/sindarin-compiler/bin/deps/include/openssl/cmperr.h
2026-10-02T18:55:37.2020571Z -- Up-to-date: D:/a/sindarin-compiler/sindarin-compiler/bin/deps/include/openssl/cmp_util.h
2026-10-02T18:55:37.2021980Z -- Up-to-date: D:/a/sindarin-compiler/sindarin-compiler/bin/deps/include/openssl/cms.h
2026-10-02T18:55:37.2022966Z -- Up-to-date: D:/a/sindarin-compiler/sindarin-compiler/bin/deps/include/openssl/cmserr.h
2026-10-02T18:55:37.2024742Z -- Up-to-date: D:/a/sindarin-compiler/sindarin-compiler/bin/deps/include/openssl/comp.h
2026-10-02T18:55:37.2026211Z -- Up-to-date: D:/a/sindarin-compiler/sindarin-compiler/bin/deps/include/openssl/comperr.h
2026-10-02T18:55:37.2027366Z -- Up-to-date: D:/a/sindarin-compiler/sindarin-compiler/bin/deps/include/openssl/conf.h
2026-10-02T18:55:37.2028536Z -- Up-to-date: D:/a/sindarin-compiler/sindarin-compiler/bin/deps/include/openssl/conferr.h
2026-10-02T18:55:37.2029676Z -- Up-to-date: D:/a/sindarin-compiler/sindarin-compiler/bin/deps/include/openssl/configuration.h
2026-10-02T18:55:37.2030543Z -- Up-to-date: D:/a/sindarin-compiler/sindarin-compiler/bin/deps/include/openssl/conftypes.h
2026-10-02T18:55:37.2031648Z -- Up-to-date: D:/a/sindarin-compiler/sindarin-compiler/bin/deps/include/openssl/conf_api.h
2026-10-02T18:55:37.2032525Z -- Up-to-date: D:/a/sindarin-compiler/sindarin-compiler/bin/deps/include/openssl/core.h
2026-10-02T18:55:37.2033447Z -- Up-to-date: D:/a/sindarin-compiler/sindarin-compiler/bin/deps/include/openssl/core_dispatch.h
2026-10-02T18:55:37.2034359Z -- Up-to-date: D:/a/sindarin-compiler/sindarin-compiler/bin/deps/include/openssl/core_names.h
2026-10-02T18:55:37.2035522Z -- Up-to-date: D:/a/sindarin-compiler/sindarin-compiler/bin/deps/include/openssl/core_object.h
2026-10-02T18:55:37.2036426Z -- Up-to-date: D:/a/sindarin-compiler/sindarin-compiler/bin/deps/include/openssl/crmf.h
2026-10-02T18:55:37.2037311Z -- Up-to-date: D:/a/sindarin-compiler/sindarin-compiler/bin/deps/include/openssl/crmferr.h
2026-10-02T18:55:37.2038195Z -- Up-to-date: D:/a/sindarin-compiler/sindarin-compiler/bin/deps/include/openssl/crypto.h
2026-10-02T18:55:37.2039078Z -- Up-to-date: D:/a/sindarin-compiler/sindarin-compiler/bin/deps/include/openssl/cryptoerr.h
2026-10-02T18:55:37.2039996Z -- Up-to-date: D:/a/sindarin-compiler/sindarin-compiler/bin/deps/include/openssl/cryptoerr_legacy.h
2026-10-02T18:55:37.2040917Z -- Up-to-date: D:/a/sindarin-compiler/sindarin-compiler/bin/deps/include/openssl/ct.h
2026-10-02T18:55:37.2042045Z -- Up-to-date: D:/a/sindarin-compiler/sindarin-compiler/bin/deps/include/openssl/cterr.h
2026-10-02T18:55:37.2042929Z -- Up-to-date: D:/a/sindarin-compiler/sindarin-compiler/bin/deps/include/openssl/decoder.h
2026-10-02T18:55:37.2044099Z -- Up-to-date: D:/a/sindarin-compiler/sindarin-compiler/bin/deps/include/openssl/decodererr.h
2026-10-02T18:55:37.2045067Z -- Up-to-date: D:/a/sindarin-compiler/sindarin-compiler/bin/deps/include/openssl/des.h
2026-10-02T18:55:37.2045934Z -- Up-to-date: D:/a/sindarin-compiler/sindarin-compiler/bin/deps/include/openssl/dh.h
2026-10-02T18:55:37.2046838Z -- Up-to-date: D:/a/sindarin-compiler/sindarin-compiler/bin/deps/include/openssl/dherr.h
2026-10-02T18:55:37.2047795Z -- Up-to-date: D:/a/sindarin-compiler/sindarin-compiler/bin/deps/include/openssl/dsa.h
2026-10-02T18:55:37.2048937Z -- Up-to-date: D:/a/sindarin-compiler/sindarin-compiler/bin/deps/include/openssl/dsaerr.h
2026-10-02T18:55:37.2049806Z -- Up-to-date: D:/a/sindarin-compiler/sindarin-compiler/bin/deps/include/openssl/dtls1.h
2026-10-02T18:55:37.2050790Z -- Up-to-date: D:/a/sindarin-compiler/sindarin-compiler/bin/deps/include/openssl/ebcdic.h
2026-10-02T18:55:37.2051784Z -- Up-to-date: D:/a/sindarin-compiler/sindarin-compiler/bin/deps/include/openssl/ec.h
2026-10-02T18:55:37.2052627Z -- Up-to-date: D:/a/sindarin-compiler/sindarin-compiler/bin/deps/include/openssl/ecdh.h
2026-10-02T18:55:37.2053722Z -- Up-to-date: D:/a/sindarin-compiler/sindarin-compiler/bin/deps/include/openssl/ecdsa.h
2026-10-02T18:55:37.2054609Z -- Up-to-date: D:/a/sindarin-compiler/sindarin-compiler/bin/deps/include/openssl/ecerr.h
2026-10-02T18:55:37.2055485Z -- Up-to-date: D:/a/sindarin-compiler/sindarin-compiler/bin/deps/include/openssl/encoder.h
2026-10-02T18:55:37.2056382Z -- Up-to-date: D:/a/sindarin-compiler/sindarin-compiler/bin/deps/include/openssl/encodererr.h
2026-10-02T18:55:37.2057389Z -- Up-to-date: D:/a/sindarin-compiler/sindarin-compiler/bin/deps/include/openssl/engine.h
2026-10-02T18:55:37.2058302Z -- Up-to-date: D:/a/sindarin-compiler/sindarin-compiler/bin/deps/include/openssl/engineerr.h
2026-10-02T18:55:37.2059168Z -- Up-to-date: D:/a/sindarin-compiler/sindarin-compiler/bin/deps/include/openssl/err.h
2026-10-02T18:55:37.2060042Z -- Up-to-date: D:/a/sindarin-compiler/sindarin-compiler/bin/deps/include/openssl/ess.h
2026-10-02T18:55:37.2060929Z -- Up-to-date: D:/a/sindarin-compiler/sindarin-compiler/bin/deps/include/openssl/esserr.h
2026-10-02T18:55:37.2062069Z -- Up-to-date: D:/a/sindarin-compiler/sindarin-compiler/bin/deps/include/openssl/evp.h
2026-10-02T18:55:37.2063008Z -- Up-to-date: D:/a/sindarin-compiler/sindarin-compiler/bin/deps/include/openssl/evperr.h
2026-10-02T18:55:37.2064177Z -- Up-to-date: D:/a/sindarin-compiler/sindarin-compiler/bin/deps/include/openssl/e_os2.h
2026-10-02T18:55:37.2065164Z -- Up-to-date: D:/a/sindarin-compiler/sindarin-compiler/bin/deps/include/openssl/e_ostime.h
2026-10-02T18:55:37.2066052Z -- Up-to-date: D:/a/sindarin-compiler/sindarin-compiler/bin/deps/include/openssl/fipskey.h
2026-10-02T18:55:37.2066940Z -- Up-to-date: D:/a/sindarin-compiler/sindarin-compiler/bin/deps/include/openssl/fips_names.h
2026-10-02T18:55:37.2067797Z -- Up-to-date: D:/a/sindarin-compiler/sindarin-compiler/bin/deps/include/openssl/hmac.h
2026-10-02T18:55:37.2068657Z -- Up-to-date: D:/a/sindarin-compiler/sindarin-compiler/bin/deps/include/openssl/hpke.h
2026-10-02T18:55:37.2069513Z -- Up-to-date: D:/a/sindarin-compiler/sindarin-compiler/bin/deps/include/openssl/http.h
2026-10-02T18:55:37.2070597Z -- Up-to-date: D:/a/sindarin-compiler/sindarin-compiler/bin/deps/include/openssl/httperr.h
2026-10-02T18:55:37.2071517Z -- Up-to-date: D:/a/sindarin-compiler/sindarin-compiler/bin/deps/include/openssl/idea.h
2026-10-02T18:55:37.2072394Z -- Up-to-date: D:/a/sindarin-compiler/sindarin-compiler/bin/deps/include/openssl/indicator.h
2026-10-02T18:55:37.2073261Z -- Up-to-date: D:/a/sindarin-compiler/sindarin-compiler/bin/deps/include/openssl/kdf.h
2026-10-02T18:55:37.2074158Z -- Up-to-date: D:/a/sindarin-compiler/sindarin-compiler/bin/deps/include/openssl/kdferr.h
2026-10-02T18:55:37.2075012Z -- Up-to-date: D:/a/sindarin-compiler/sindarin-compiler/bin/deps/include/openssl/lhash.h
2026-10-02T18:55:37.2075863Z -- Up-to-date: D:/a/sindarin-compiler/sindarin-compiler/bin/deps/include/openssl/macros.h
2026-10-02T18:55:37.2076723Z -- Up-to-date: D:/a/sindarin-compiler/sindarin-compiler/bin/deps/include/openssl/md2.h
2026-10-02T18:55:37.2077579Z -- Up-to-date: D:/a/sindarin-compiler/sindarin-compiler/bin/deps/include/openssl/md4.h
2026-10-02T18:55:37.2078433Z -- Up-to-date: D:/a/sindarin-compiler/sindarin-compiler/bin/deps/include/openssl/md5.h
2026-10-02T18:55:37.2080161Z -- Up-to-date: D:/a/sindarin-compiler/sindarin-compiler/bin/deps/include/openssl/mdc2.h
2026-10-02T18:55:37.2080678Z -- Up-to-date: D:/a/sindarin-compiler/sindarin-compiler/bin/deps/include/openssl/ml_kem.h
2026-10-02T18:55:37.2082066Z -- Up-to-date: D:/a/sindarin-compiler/sindarin-compiler/bin/deps/include/openssl/modes.h
2026-10-02T18:55:37.2082874Z -- Up-to-date: D:/a/sindarin-compiler/sindarin-compiler/bin/deps/include/openssl/objects.h
2026-10-02T18:55:37.2084309Z -- Up-to-date: D:/a/sindarin-compiler/sindarin-compiler/bin/deps/include/openssl/objectserr.h
2026-10-02T18:55:37.2085416Z -- Up-to-date: D:/a/sindarin-compiler/sindarin-compiler/bin/deps/include/openssl/obj_mac.h
2026-10-02T18:55:37.2086244Z -- Up-to-date: D:/a/sindarin-compiler/sindarin-compiler/bin/deps/include/openssl/ocsp.h
2026-10-02T18:55:37.2087355Z -- Up-to-date: D:/a/sindarin-compiler/sindarin-compiler/bin/deps/include/openssl/ocsperr.h
2026-10-02T18:55:37.2088263Z -- Up-to-date: D:/a/sindarin-compiler/sindarin-compiler/bin/deps/include/openssl/opensslconf.h
2026-10-02T18:55:37.2089219Z -- Up-to-date: D:/a/sindarin-compiler/sindarin-compiler/bin/deps/include/openssl/opensslv.h
2026-10-02T18:55:37.2090455Z -- Up-to-date: D:/a/sindarin-compiler/sindarin-compiler/bin/deps/include/openssl/ossl_typ.h
2026-10-02T18:55:37.2091374Z -- Up-to-date: D:/a/sindarin-compiler/sindarin-compiler/bin/deps/include/openssl/params.h
2026-10-02T18:55:37.2092264Z -- Up-to-date: D:/a/sindarin-compiler/sindarin-compiler/bin/deps/include/openssl/param_build.h
2026-10-02T18:55:37.2093189Z -- Up-to-date: D:/a/sindarin-compiler/sindarin-compiler/bin/deps/include/openssl/pem.h
2026-10-02T18:55:37.2094266Z -- Up-to-date: D:/a/sindarin-compiler/sindarin-compiler/bin/deps/include/openssl/pem2.h
2026-10-02T18:55:37.2095157Z -- Up-to-date: D:/a/sindarin-compiler/sindarin-compiler/bin/deps/include/openssl/pemerr.h
2026-10-02T18:55:37.2096042Z -- Up-to-date: D:/a/sindarin-compiler/sindarin-compiler/bin/deps/include/openssl/pkcs12.h
2026-10-02T18:55:37.2097035Z -- Up-to-date: D:/a/sindarin-compiler/sindarin-compiler/bin/deps/include/openssl/pkcs12err.h
2026-10-02T18:55:37.2097913Z -- Up-to-date: D:/a/sindarin-compiler/sindarin-compiler/bin/deps/include/openssl/pkcs7.h
2026-10-02T18:55:37.2098815Z -- Up-to-date: D:/a/sindarin-compiler/sindarin-compiler/bin/deps/include/openssl/pkcs7err.h
2026-10-02T18:55:37.2099631Z -- Up-to-date: D:/a/sindarin-compiler/sindarin-compiler/bin/deps/include/openssl/proverr.h
2026-10-02T18:55:37.2100949Z -- Up-to-date: D:/a/sindarin-compiler/sindarin-compiler/bin/deps/include/openssl/provider.h
2026-10-02T18:55:37.2102224Z -- Up-to-date: D:/a/sindarin-compiler/sindarin-compiler/bin/deps/include/openssl/prov_ssl.h
2026-10-02T18:55:37.2103180Z -- Up-to-date: D:/a/sindarin-compiler/sindarin-compiler/bin/deps/include/openssl/quic.h
2026-10-02T18:55:37.2104073Z -- Up-to-date: D:/a/sindarin-compiler/sindarin-compiler/bin/deps/include/openssl/rand.h
2026-10-02T18:55:37.2105033Z -- Up-to-date: D:/a/sindarin-compiler/sindarin-compiler/bin/deps/include/openssl/randerr.h
2026-10-02T18:55:37.2106110Z -- Up-to-date: D:/a/sindarin-compiler/sindarin-compiler/bin/deps/include/openssl/rc2.h
2026-10-02T18:55:37.2107009Z -- Up-to-date: D:/a/sindarin-compiler/sindarin-compiler/bin/deps/include/openssl/rc4.h
2026-10-02T18:55:37.2107873Z -- Up-to-date: D:/a/sindarin-compiler/sindarin-compiler/bin/deps/include/openssl/rc5.h
2026-10-02T18:55:37.2108762Z -- Up-to-date: D:/a/sindarin-compiler/sindarin-compiler/bin/deps/include/openssl/ripemd.h
2026-10-02T18:55:37.2109628Z -- Up-to-date: D:/a/sindarin-compiler/sindarin-compiler/bin/deps/include/openssl/rsa.h
2026-10-02T18:55:37.2110496Z -- Up-to-date: D:/a/sindarin-compiler/sindarin-compiler/bin/deps/include/openssl/rsaerr.h
2026-10-02T18:55:37.2111421Z -- Up-to-date: D:/a/sindarin-compiler/sindarin-compiler/bin/deps/include/openssl/safestack.h
2026-10-02T18:55:37.2112341Z -- Up-to-date: D:/a/sindarin-compiler/sindarin-compiler/bin/deps/include/openssl/seed.h
2026-10-02T18:55:37.2113526Z -- Up-to-date: D:/a/sindarin-compiler/sindarin-compiler/bin/deps/include/openssl/self_test.h
2026-10-02T18:55:37.2114459Z -- Up-to-date: D:/a/sindarin-compiler/sindarin-compiler/bin/deps/include/openssl/sha.h
2026-10-02T18:55:37.2115546Z -- Up-to-date: D:/a/sindarin-compiler/sindarin-compiler/bin/deps/include/openssl/srp.h
2026-10-02T18:55:37.2116490Z -- Up-to-date: D:/a/sindarin-compiler/sindarin-compiler/bin/deps/include/openssl/srtp.h
2026-10-02T18:55:37.2117355Z -- Up-to-date: D:/a/sindarin-compiler/sindarin-compiler/bin/deps/include/openssl/ssl.h
2026-10-02T18:55:37.2118321Z -- Up-to-date: D:/a/sindarin-compiler/sindarin-compiler/bin/deps/include/openssl/ssl2.h
2026-10-02T18:55:37.2119277Z -- Up-to-date: D:/a/sindarin-compiler/sindarin-compiler/bin/deps/include/openssl/ssl3.h
2026-10-02T18:55:37.2120289Z -- Up-to-date: D:/a/sindarin-compiler/sindarin-compiler/bin/deps/include/openssl/sslerr.h
2026-10-02T18:55:37.2121208Z -- Up-to-date: D:/a/sindarin-compiler/sindarin-compiler/bin/deps/include/openssl/sslerr_legacy.h
2026-10-02T18:55:37.2122339Z -- Up-to-date: D:/a/sindarin-compiler/sindarin-compiler/bin/deps/include/openssl/stack.h
2026-10-02T18:55:37.2123261Z -- Up-to-date: D:/a/sindarin-compiler/sindarin-compiler/bin/deps/include/openssl/store.h
2026-10-02T18:55:37.2124153Z -- Up-to-date: D:/a/sindarin-compiler/sindarin-compiler/bin/deps/include/openssl/storeerr.h
2026-10-02T18:55:37.2125089Z -- Up-to-date: D:/a/sindarin-compiler/sindarin-compiler/bin/deps/include/openssl/symhacks.h
2026-10-02T18:55:37.2126155Z -- Up-to-date: D:/a/sindarin-compiler/sindarin-compiler/bin/deps/include/openssl/thread.h
2026-10-02T18:55:37.2127031Z -- Up-to-date: D:/a/sindarin-compiler/sindarin-compiler/bin/deps/include/openssl/tls1.h
2026-10-02T18:55:37.2127891Z -- Up-to-date: D:/a/sindarin-compiler/sindarin-compiler/bin/deps/include/openssl/trace.h
2026-10-02T18:55:37.2128750Z -- Up-to-date: D:/a/sindarin-compiler/sindarin-compiler/bin/deps/include/openssl/ts.h
2026-10-02T18:55:37.2129632Z -- Up-to-date: D:/a/sindarin-compiler/sindarin-compiler/bin/deps/include/openssl/tserr.h
2026-10-02T18:55:37.2130511Z -- Up-to-date: D:/a/sindarin-compiler/sindarin-compiler/bin/deps/include/openssl/txt_db.h
2026-10-02T18:55:37.2131441Z -- Up-to-date: D:/a/sindarin-compiler/sindarin-compiler/bin/deps/include/openssl/types.h
2026-10-02T18:55:37.2132517Z -- Up-to-date: D:/a/sindarin-compiler/sindarin-compiler/bin/deps/include/openssl/ui.h
2026-10-02T18:55:37.2133400Z -- Up-to-date: D:/a/sindarin-compiler/sindarin-compiler/bin/deps/include/openssl/uierr.h
2026-10-02T18:55:37.2134281Z -- Up-to-date: D:/a/sindarin-compiler/sindarin-compiler/bin/deps/include/openssl/whrlpool.h
2026-10-02T18:55:37.2135188Z -- Up-to-date: D:/a/sindarin-compiler/sindarin-compiler/bin/deps/include/openssl/x509.h
2026-10-02T18:55:37.2136384Z -- Up-to-date: D:/a/sindarin-compiler/sindarin-compiler/bin/deps/include/openssl/x509err.h
2026-10-02T18:55:37.2137263Z -- Up-to-date: D:/a/sindarin-compiler/sindarin-compiler/bin/deps/include/openssl/x509v3.h
2026-10-02T18:55:37.2138158Z -- Up-to-date: D:/a/sindarin-compiler/sindarin-compiler/bin/deps/include/openssl/x509v3err.h
2026-10-02T18:55:37.2139095Z -- Up-to-date: D:/a/sindarin-compiler/sindarin-compiler/bin/deps/include/openssl/x509_acert.h
2026-10-02T18:55:37.2140166Z -- Up-to-date: D:/a/sindarin-compiler/sindarin-compiler/bin/deps/include/openssl/x509_vfy.h
2026-10-02T18:55:37.2141677Z --   Copying libssh headers...
2026-10-02T18:55:37.2143033Z -- Up-to-date: D:/a/sindarin-compiler/sindarin-compiler/bin/deps/include/libssh
2026-10-02T18:55:37.2144593Z -- Up-to-date: D:/a/sindarin-compiler/sindarin-compiler/bin/deps/include/libssh/callbacks.h
2026-10-02T18:55:37.2145777Z -- Up-to-date: D:/a/sindarin-compiler/sindarin-compiler/bin/deps/include/libssh/legacy.h
2026-10-02T18:55:37.2146655Z -- Up-to-date: D:/a/sindarin-compiler/sindarin-compiler/bin/deps/include/libssh/libssh.h
2026-10-02T18:55:37.2147568Z -- Up-to-date: D:/a/sindarin-compiler/sindarin-compiler/bin/deps/include/libssh/libsshpp.hpp
2026-10-02T18:55:37.2148622Z -- Up-to-date: D:/a/sindarin-compiler/sindarin-compiler/bin/deps/include/libssh/libssh_version.h
2026-10-02T18:55:37.2149712Z -- Up-to-date: D:/a/sindarin-compiler/sindarin-compiler/bin/deps/include/libssh/server.h
2026-10-02T18:55:37.2150641Z -- Up-to-date: D:/a/sindarin-compiler/sindarin-compiler/bin/deps/include/libssh/sftp.h
2026-10-02T18:55:37.2151535Z -- Up-to-date: D:/a/sindarin-compiler/sindarin-compiler/bin/deps/include/libssh/sftpserver.h
2026-10-02T18:55:37.2152535Z -- Up-to-date: D:/a/sindarin-compiler/sindarin-compiler/bin/deps/include/libssh/ssh2.h
2026-10-02T18:55:37.2153144Z --   Copying libgit2 headers...
2026-10-02T18:55:37.2154351Z -- Up-to-date: D:/a/sindarin-compiler/sindarin-compiler/bin/deps/include/git2.h
2026-10-02T18:55:37.2155576Z -- Up-to-date: D:/a/sindarin-compiler/sindarin-compiler/bin/deps/include/git2
2026-10-02T18:55:37.2157535Z -- Up-to-date: D:/a/sindarin-compiler/sindarin-compiler/bin/deps/include/git2/annotated_commit.h
2026-10-02T18:55:37.2158616Z -- Up-to-date: D:/a/sindarin-compiler/sindarin-compiler/bin/deps/include/git2/apply.h
2026-10-02T18:55:37.2159742Z -- Up-to-date: D:/a/sindarin-compiler/sindarin-compiler/bin/deps/include/git2/attr.h
2026-10-02T18:55:37.2160473Z -- Up-to-date: D:/a/sindarin-compiler/sindarin-compiler/bin/deps/include/git2/blame.h
2026-10-02T18:55:37.2161567Z -- Up-to-date: D:/a/sindarin-compiler/sindarin-compiler/bin/deps/include/git2/blob.h
2026-10-02T18:55:37.2162824Z -- Up-to-date: D:/a/sindarin-compiler/sindarin-compiler/bin/deps/include/git2/branch.h
2026-10-02T18:55:37.2163707Z -- Up-to-date: D:/a/sindarin-compiler/sindarin-compiler/bin/deps/include/git2/buffer.h
2026-10-02T18:55:37.2164567Z -- Up-to-date: D:/a/sindarin-compiler/sindarin-compiler/bin/deps/include/git2/cert.h
2026-10-02T18:55:37.2165435Z -- Up-to-date: D:/a/sindarin-compiler/sindarin-compiler/bin/deps/include/git2/checkout.h
2026-10-02T18:55:37.2166603Z -- Up-to-date: D:/a/sindarin-compiler/sindarin-compiler/bin/deps/include/git2/cherrypick.h
2026-10-02T18:55:37.2167452Z -- Up-to-date: D:/a/sindarin-compiler/sindarin-compiler/bin/deps/include/git2/clone.h
2026-10-02T18:55:37.2168339Z -- Up-to-date: D:/a/sindarin-compiler/sindarin-compiler/bin/deps/include/git2/commit.h
2026-10-02T18:55:37.2169212Z -- Up-to-date: D:/a/sindarin-compiler/sindarin-compiler/bin/deps/include/git2/common.h
2026-10-02T18:55:37.2170086Z -- Up-to-date: D:/a/sindarin-compiler/sindarin-compiler/bin/deps/include/git2/config.h
2026-10-02T18:55:37.2170970Z -- Up-to-date: D:/a/sindarin-compiler/sindarin-compiler/bin/deps/include/git2/credential.h
2026-10-02T18:55:37.2171897Z -- Up-to-date: D:/a/sindarin-compiler/sindarin-compiler/bin/deps/include/git2/credential_helpers.h
2026-10-02T18:55:37.2172838Z -- Up-to-date: D:/a/sindarin-compiler/sindarin-compiler/bin/deps/include/git2/cred_helpers.h
2026-10-02T18:55:37.2174004Z -- Up-to-date: D:/a/sindarin-compiler/sindarin-compiler/bin/deps/include/git2/deprecated.h
2026-10-02T18:55:37.2174879Z -- Up-to-date: D:/a/sindarin-compiler/sindarin-compiler/bin/deps/include/git2/describe.h
2026-10-02T18:55:37.2175740Z -- Up-to-date: D:/a/sindarin-compiler/sindarin-compiler/bin/deps/include/git2/diff.h
2026-10-02T18:55:37.2176607Z -- Up-to-date: D:/a/sindarin-compiler/sindarin-compiler/bin/deps/include/git2/email.h
2026-10-02T18:55:37.2177465Z -- Up-to-date: D:/a/sindarin-compiler/sindarin-compiler/bin/deps/include/git2/errors.h
2026-10-02T18:55:37.2178374Z -- Up-to-date: D:/a/sindarin-compiler/sindarin-compiler/bin/deps/include/git2/experimental.h
2026-10-02T18:55:37.2179361Z -- Up-to-date: D:/a/sindarin-compiler/sindarin-compiler/bin/deps/include/git2/filter.h
2026-10-02T18:55:37.2180375Z -- Up-to-date: D:/a/sindarin-compiler/sindarin-compiler/bin/deps/include/git2/global.h
2026-10-02T18:55:37.2181253Z -- Up-to-date: D:/a/sindarin-compiler/sindarin-compiler/bin/deps/include/git2/graph.h
2026-10-02T18:55:37.2182177Z -- Up-to-date: D:/a/sindarin-compiler/sindarin-compiler/bin/deps/include/git2/ignore.h
2026-10-02T18:55:37.2183438Z -- Up-to-date: D:/a/sindarin-compiler/sindarin-compiler/bin/deps/include/git2/index.h
2026-10-02T18:55:37.2184329Z -- Up-to-date: D:/a/sindarin-compiler/sindarin-compiler/bin/deps/include/git2/indexer.h
2026-10-02T18:55:37.2185301Z -- Up-to-date: D:/a/sindarin-compiler/sindarin-compiler/bin/deps/include/git2/mailmap.h
2026-10-02T18:55:37.2186151Z -- Up-to-date: D:/a/sindarin-compiler/sindarin-compiler/bin/deps/include/git2/merge.h
2026-10-02T18:55:37.2187013Z -- Up-to-date: D:/a/sindarin-compiler/sindarin-compiler/bin/deps/include/git2/message.h
2026-10-02T18:55:37.2188038Z -- Up-to-date: D:/a/sindarin-compiler/sindarin-compiler/bin/deps/include/git2/net.h
2026-10-02T18:55:37.2188883Z -- Up-to-date: D:/a/sindarin-compiler/sindarin-compiler/bin/deps/include/git2/notes.h
2026-10-02T18:55:37.2189965Z -- Up-to-date: D:/a/sindarin-compiler/sindarin-compiler/bin/deps/include/git2/object.h
2026-10-02T18:55:37.2190905Z -- Up-to-date: D:/a/sindarin-compiler/sindarin-compiler/bin/deps/include/git2/odb.h
2026-10-02T18:55:37.2191797Z -- Up-to-date: D:/a/sindarin-compiler/sindarin-compiler/bin/deps/include/git2/odb_backend.h
2026-10-02T18:55:37.2192720Z -- Up-to-date: D:/a/sindarin-compiler/sindarin-compiler/bin/deps/include/git2/oid.h
2026-10-02T18:55:37.2193778Z -- Up-to-date: D:/a/sindarin-compiler/sindarin-compiler/bin/deps/include/git2/oidarray.h
2026-10-02T18:55:37.2194654Z -- Up-to-date: D:/a/sindarin-compiler/sindarin-compiler/bin/deps/include/git2/pack.h
2026-10-02T18:55:37.2195514Z -- Up-to-date: D:/a/sindarin-compiler/sindarin-compiler/bin/deps/include/git2/patch.h
2026-10-02T18:55:37.2196383Z -- Up-to-date: D:/a/sindarin-compiler/sindarin-compiler/bin/deps/include/git2/pathspec.h
2026-10-02T18:55:37.2197239Z -- Up-to-date: D:/a/sindarin-compiler/sindarin-compiler/bin/deps/include/git2/proxy.h
2026-10-02T18:55:37.2198101Z -- Up-to-date: D:/a/sindarin-compiler/sindarin-compiler/bin/deps/include/git2/rebase.h
2026-10-02T18:55:37.2198950Z -- Up-to-date: D:/a/sindarin-compiler/sindarin-compiler/bin/deps/include/git2/refdb.h
2026-10-02T18:55:37.2200079Z -- Up-to-date: D:/a/sindarin-compiler/sindarin-compiler/bin/deps/include/git2/reflog.h
2026-10-02T18:55:37.2200984Z -- Up-to-date: D:/a/sindarin-compiler/sindarin-compiler/bin/deps/include/git2/refs.h
2026-10-02T18:55:37.2201858Z -- Up-to-date: D:/a/sindarin-compiler/sindarin-compiler/bin/deps/include/git2/refspec.h
2026-10-02T18:55:37.2203056Z -- Up-to-date: D:/a/sindarin-compiler/sindarin-compiler/bin/deps/include/git2/remote.h
2026-10-02T18:55:37.2204005Z -- Up-to-date: D:/a/sindarin-compiler/sindarin-compiler/bin/deps/include/git2/repository.h
2026-10-02T18:55:37.2204908Z -- Up-to-date: D:/a/sindarin-compiler/sindarin-compiler/bin/deps/include/git2/reset.h
2026-10-02T18:55:37.2206007Z -- Up-to-date: D:/a/sindarin-compiler/sindarin-compiler/bin/deps/include/git2/revert.h
2026-10-02T18:55:37.2206880Z -- Up-to-date: D:/a/sindarin-compiler/sindarin-compiler/bin/deps/include/git2/revparse.h
2026-10-02T18:55:37.2207733Z -- Up-to-date: D:/a/sindarin-compiler/sindarin-compiler/bin/deps/include/git2/revwalk.h
2026-10-02T18:55:37.2208609Z -- Up-to-date: D:/a/sindarin-compiler/sindarin-compiler/bin/deps/include/git2/signature.h
2026-10-02T18:55:37.2209511Z -- Up-to-date: D:/a/sindarin-compiler/sindarin-compiler/bin/deps/include/git2/stash.h
2026-10-02T18:55:37.2210578Z -- Up-to-date: D:/a/sindarin-compiler/sindarin-compiler/bin/deps/include/git2/status.h
2026-10-02T18:55:37.2211494Z -- Up-to-date: D:/a/sindarin-compiler/sindarin-compiler/bin/deps/include/git2/stdint.h
2026-10-02T18:55:37.2212376Z -- Up-to-date: D:/a/sindarin-compiler/sindarin-compiler/bin/deps/include/git2/strarray.h
2026-10-02T18:55:37.2213286Z -- Up-to-date: D:/a/sindarin-compiler/sindarin-compiler/bin/deps/include/git2/submodule.h
2026-10-02T18:55:37.2214250Z -- Up-to-date: D:/a/sindarin-compiler/sindarin-compiler/bin/deps/include/git2/sys
2026-10-02T18:55:37.2215649Z -- Up-to-date: D:/a/sindarin-compiler/sindarin-compiler/bin/deps/include/git2/sys/alloc.h
2026-10-02T18:55:37.2216683Z -- Up-to-date: D:/a/sindarin-compiler/sindarin-compiler/bin/deps/include/git2/sys/commit.h
2026-10-02T18:55:37.2217588Z -- Up-to-date: D:/a/sindarin-compiler/sindarin-compiler/bin/deps/include/git2/sys/commit_graph.h
2026-10-02T18:55:37.2218528Z -- Up-to-date: D:/a/sindarin-compiler/sindarin-compiler/bin/deps/include/git2/sys/config.h
2026-10-02T18:55:37.2219685Z -- Up-to-date: D:/a/sindarin-compiler/sindarin-compiler/bin/deps/include/git2/sys/cred.h
2026-10-02T18:55:37.2220605Z -- Up-to-date: D:/a/sindarin-compiler/sindarin-compiler/bin/deps/include/git2/sys/credential.h
2026-10-02T18:55:37.2221806Z -- Up-to-date: D:/a/sindarin-compiler/sindarin-compiler/bin/deps/include/git2/sys/diff.h
2026-10-02T18:55:37.2222633Z -- Up-to-date: D:/a/sindarin-compiler/sindarin-compiler/bin/deps/include/git2/sys/email.h
2026-10-02T18:55:37.2223720Z -- Up-to-date: D:/a/sindarin-compiler/sindarin-compiler/bin/deps/include/git2/sys/errors.h
2026-10-02T18:55:37.2224592Z -- Up-to-date: D:/a/sindarin-compiler/sindarin-compiler/bin/deps/include/git2/sys/filter.h
2026-10-02T18:55:37.2225511Z -- Up-to-date: D:/a/sindarin-compiler/sindarin-compiler/bin/deps/include/git2/sys/hashsig.h
2026-10-02T18:55:37.2226564Z -- Up-to-date: D:/a/sindarin-compiler/sindarin-compiler/bin/deps/include/git2/sys/index.h
2026-10-02T18:55:37.2227797Z -- Up-to-date: D:/a/sindarin-compiler/sindarin-compiler/bin/deps/include/git2/sys/mempack.h
2026-10-02T18:55:37.2228738Z -- Up-to-date: D:/a/sindarin-compiler/sindarin-compiler/bin/deps/include/git2/sys/merge.h
2026-10-02T18:55:37.2229640Z -- Up-to-date: D:/a/sindarin-compiler/sindarin-compiler/bin/deps/include/git2/sys/midx.h
2026-10-02T18:55:37.2230537Z -- Up-to-date: D:/a/sindarin-compiler/sindarin-compiler/bin/deps/include/git2/sys/odb_backend.h
2026-10-02T18:55:37.2231453Z -- Up-to-date: D:/a/sindarin-compiler/sindarin-compiler/bin/deps/include/git2/sys/openssl.h
2026-10-02T18:55:37.2232505Z -- Up-to-date: D:/a/sindarin-compiler/sindarin-compiler/bin/deps/include/git2/sys/path.h
2026-10-02T18:55:37.2233426Z -- Up-to-date: D:/a/sindarin-compiler/sindarin-compiler/bin/deps/include/git2/sys/refdb_backend.h
2026-10-02T18:55:37.2234311Z -- Up-to-date: D:/a/sindarin-compiler/sindarin-compiler/bin/deps/include/git2/sys/refs.h
2026-10-02T18:55:37.2235699Z -- Up-to-date: D:/a/sindarin-compiler/sindarin-compiler/bin/deps/include/git2/sys/remote.h
2026-10-02T18:55:37.2236602Z -- Up-to-date: D:/a/sindarin-compiler/sindarin-compiler/bin/deps/include/git2/sys/repository.h
2026-10-02T18:55:37.2237492Z -- Up-to-date: D:/a/sindarin-compiler/sindarin-compiler/bin/deps/include/git2/sys/stream.h
2026-10-02T18:55:37.2238574Z -- Up-to-date: D:/a/sindarin-compiler/sindarin-compiler/bin/deps/include/git2/sys/transport.h
2026-10-02T18:55:37.2239462Z -- Up-to-date: D:/a/sindarin-compiler/sindarin-compiler/bin/deps/include/git2/tag.h
2026-10-02T18:55:37.2240272Z -- Up-to-date: D:/a/sindarin-compiler/sindarin-compiler/bin/deps/include/git2/trace.h
2026-10-02T18:55:37.2241465Z -- Up-to-date: D:/a/sindarin-compiler/sindarin-compiler/bin/deps/include/git2/transaction.h
2026-10-02T18:55:37.2242367Z -- Up-to-date: D:/a/sindarin-compiler/sindarin-compiler/bin/deps/include/git2/transport.h
2026-10-02T18:55:37.2243453Z -- Up-to-date: D:/a/sindarin-compiler/sindarin-compiler/bin/deps/include/git2/tree.h
2026-10-02T18:55:37.2244330Z -- Up-to-date: D:/a/sindarin-compiler/sindarin-compiler/bin/deps/include/git2/types.h
2026-10-02T18:55:37.2245191Z -- Up-to-date: D:/a/sindarin-compiler/sindarin-compiler/bin/deps/include/git2/version.h
2026-10-02T18:55:37.2246044Z -- Up-to-date: D:/a/sindarin-compiler/sindarin-compiler/bin/deps/include/git2/worktree.h
2026-10-02T18:55:37.2246713Z --   Copying curl headers...
2026-10-02T18:55:37.2248003Z -- Up-to-date: D:/a/sindarin-compiler/sindarin-compiler/bin/deps/include/curl
2026-10-02T18:55:37.2249465Z -- Up-to-date: D:/a/sindarin-compiler/sindarin-compiler/bin/deps/include/curl/curl.h
2026-10-02T18:55:37.2250419Z -- Up-to-date: D:/a/sindarin-compiler/sindarin-compiler/bin/deps/include/curl/curlver.h
2026-10-02T18:55:37.2251387Z -- Up-to-date: D:/a/sindarin-compiler/sindarin-compiler/bin/deps/include/curl/easy.h
2026-10-02T18:55:37.2252487Z -- Up-to-date: D:/a/sindarin-compiler/sindarin-compiler/bin/deps/include/curl/header.h
2026-10-02T18:55:37.2253356Z -- Up-to-date: D:/a/sindarin-compiler/sindarin-compiler/bin/deps/include/curl/mprintf.h
2026-10-02T18:55:37.2254330Z -- Up-to-date: D:/a/sindarin-compiler/sindarin-compiler/bin/deps/include/curl/multi.h
2026-10-02T18:55:37.2255276Z -- Up-to-date: D:/a/sindarin-compiler/sindarin-compiler/bin/deps/include/curl/options.h
2026-10-02T18:55:37.2256130Z -- Up-to-date: D:/a/sindarin-compiler/sindarin-compiler/bin/deps/include/curl/stdcheaders.h
2026-10-02T18:55:37.2257486Z -- Up-to-date: D:/a/sindarin-compiler/sindarin-compiler/bin/deps/include/curl/system.h
2026-10-02T18:55:37.2258462Z -- Up-to-date: D:/a/sindarin-compiler/sindarin-compiler/bin/deps/include/curl/typecheck-gcc.h
2026-10-02T18:55:37.2259382Z -- Up-to-date: D:/a/sindarin-compiler/sindarin-compiler/bin/deps/include/curl/urlapi.h
2026-10-02T18:55:37.2260269Z -- Up-to-date: D:/a/sindarin-compiler/sindarin-compiler/bin/deps/include/curl/websockets.h
2026-10-02T18:55:37.2267625Z --   Copying library: D:/a/sindarin-compiler/sindarin-compiler/.sn/sindarin-pkg-libs/libs/windows/lib/libzlib.a
2026-10-02T18:55:37.2268557Z -- Up-to-date: D:/a/sindarin-compiler/sindarin-compiler/bin/deps/lib/libzlib.a
2026-10-02T18:55:37.2269108Z --   Copying library: D:/a/sindarin-compiler/sindarin-compiler/.sn/sindarin-pkg-libs/libs/windows/lib/libzs.a
2026-10-02T18:55:37.2270198Z -- Up-to-date: D:/a/sindarin-compiler/sindarin-compiler/bin/deps/lib/libzs.a
2026-10-02T18:55:37.2270772Z --   Copying library: D:/a/sindarin-compiler/sindarin-compiler/.sn/sindarin-pkg-libs/libs/windows/lib/libyyjson.a
2026-10-02T18:55:37.2272000Z -- Up-to-date: D:/a/sindarin-compiler/sindarin-compiler/bin/deps/lib/libyyjson.a
2026-10-02T18:55:37.2272522Z --   Copying library: D:/a/sindarin-compiler/sindarin-compiler/.sn/sindarin-pkg-libs/libs/windows/lib/libxml2.a
2026-10-02T18:55:37.2273608Z -- Up-to-date: D:/a/sindarin-compiler/sindarin-compiler/bin/deps/lib/libxml2.a
2026-10-02T18:55:37.2274097Z --   Copying library: D:/a/sindarin-compiler/sindarin-compiler/.sn/sindarin-pkg-libs/libs/windows/lib/libyaml.a
2026-10-02T18:55:37.2275145Z -- Up-to-date: D:/a/sindarin-compiler/sindarin-compiler/bin/deps/lib/libyaml.a
2026-10-02T18:55:37.2275666Z --   Copying library: D:/a/sindarin-compiler/sindarin-compiler/.sn/sindarin-pkg-libs/libs/windows/lib/libcrypto.a
2026-10-02T18:55:37.2276742Z -- Up-to-date: D:/a/sindarin-compiler/sindarin-compiler/bin/deps/lib/libcrypto.a
2026-10-02T18:55:37.2277339Z --   Copying library: D:/a/sindarin-compiler/sindarin-compiler/.sn/sindarin-pkg-libs/libs/windows/lib/libssl.a
2026-10-02T18:55:37.2278668Z -- Up-to-date: D:/a/sindarin-compiler/sindarin-compiler/bin/deps/lib/libssl.a
2026-10-02T18:55:37.2279502Z --   Copying library: D:/a/sindarin-compiler/sindarin-compiler/.sn/sindarin-pkg-libs/libs/windows/lib/libssh.a
2026-10-02T18:55:37.2280500Z -- Up-to-date: D:/a/sindarin-compiler/sindarin-compiler/bin/deps/lib/libssh.a
2026-10-02T18:55:37.2281027Z --   Copying library: D:/a/sindarin-compiler/sindarin-compiler/.sn/sindarin-pkg-libs/libs/windows/lib/libssh2.a
2026-10-02T18:55:37.2282093Z -- Up-to-date: D:/a/sindarin-compiler/sindarin-compiler/bin/deps/lib/libssh2.a
2026-10-02T18:55:37.2282617Z --   Copying library: D:/a/sindarin-compiler/sindarin-compiler/.sn/sindarin-pkg-libs/libs/windows/lib/libgit2.a
2026-10-02T18:55:37.2283674Z -- Up-to-date: D:/a/sindarin-compiler/sindarin-compiler/bin/deps/lib/libgit2.a
2026-10-02T18:55:37.2284186Z --   Copying library: D:/a/sindarin-compiler/sindarin-compiler/.sn/sindarin-pkg-libs/libs/windows/lib/libhttp_parser.a
2026-10-02T18:55:37.2285270Z -- Up-to-date: D:/a/sindarin-compiler/sindarin-compiler/bin/deps/lib/libhttp_parser.a
2026-10-02T18:55:37.2285767Z --   Copying library: D:/a/sindarin-compiler/sindarin-compiler/.sn/sindarin-pkg-libs/libs/windows/lib/libpcre2-8.a
2026-10-02T18:55:37.2286859Z -- Up-to-date: D:/a/sindarin-compiler/sindarin-compiler/bin/deps/lib/libpcre2-8.a
2026-10-02T18:55:37.2287343Z --   Copying library: D:/a/sindarin-compiler/sindarin-compiler/.sn/sindarin-pkg-libs/libs/windows/lib/libssh2.a
2026-10-02T18:55:37.2289097Z -- Up-to-date: D:/a/sindarin-compiler/sindarin-compiler/bin/deps/lib/libssh2.a
2026-10-02T18:55:37.2289883Z --   Copying library: D:/a/sindarin-compiler/sindarin-compiler/.sn/sindarin-pkg-libs/libs/windows/lib/libcurl.a
2026-10-02T18:55:37.2290950Z -- Up-to-date: D:/a/sindarin-compiler/sindarin-compiler/bin/deps/lib/libcurl.a
2026-10-02T18:55:37.2291479Z --   Dependencies copied to: D:/a/sindarin-compiler/sindarin-compiler/bin/deps
2026-10-02T18:55:37.2292242Z -- Using zlib archive: D:/a/sindarin-compiler/sindarin-compiler/.sn/sindarin-pkg-libs/libs/windows/lib/libzlib.a
2026-10-02T18:55:37.2292712Z -- Found sindarin-template (handlebars)
2026-10-02T18:55:37.2300334Z -- Found libcurl - enabling auto-update feature
2026-10-02T18:55:37.2301200Z -- Found libgit2 and libyaml - enabling package manager
2026-10-02T18:55:37.2353775Z -- 
2026-10-02T18:55:37.2354061Z -- Sindarin Compiler Build Configuration:
2026-10-02T18:55:37.2354408Z --   Version:      1.0.0
2026-10-02T18:55:37.2354700Z --   Platform:     Windows
2026-10-02T18:55:37.2355010Z --   Compiler:     Clang 22.1.8
2026-10-02T18:55:37.2355506Z --   Build Type:   Release
2026-10-02T18:55:37.2355702Z --   Debug:        OFF
2026-10-02T18:55:37.2355851Z --   ASAN:         OFF
2026-10-02T18:55:37.2356066Z --   Output:       D:/a/sindarin-compiler/sindarin-compiler/bin
2026-10-02T18:55:37.2356302Z -- 
2026-10-02T18:55:37.2358438Z -- Configuring done (0.2s)
2026-10-02T18:55:37.2975194Z -- Generating done (0.1s)
2026-10-02T18:55:37.2984700Z -- Build files have been written to: D:/a/sindarin-compiler/sindarin-compiler/build
2026-10-02T18:55:37.3059033Z cmake --build build
2026-10-02T18:55:37.3566118Z [0/2] Re-checking globbed directories...
2026-10-02T18:55:37.4192843Z [1/3] Synchronizing runtime headers
2026-10-02T18:55:37.5450973Z [2/3] Staging compiler artifacts in bin
2026-10-02T18:55:37.5702509Z 
2026-10-02T18:55:37.5895974Z Build complete!
2026-10-02T18:55:37.6084563Z Compiler: bin/sn.exe
2026-10-02T18:55:38.4210045Z PASS tests\rust-concurrency\argument_order.sn -O0 default
2026-10-02T18:55:39.1393017Z PASS tests\rust-concurrency\argument_order.sn -O1 default
2026-10-02T18:55:39.8920108Z PASS tests\rust-concurrency\argument_order.sn -O2 default
2026-10-02T18:55:40.6536941Z PASS tests\rust-concurrency\fixed_width_cells.sn -O0 default
2026-10-02T18:55:41.3589986Z PASS tests\rust-concurrency\fixed_width_cells.sn -O1 default
2026-10-02T18:55:42.0452828Z PASS tests\rust-concurrency\fixed_width_cells.sn -O2 default
2026-10-02T18:55:42.6714011Z PASS tests\rust-concurrency\global_initialization.sn -O0 default
2026-10-02T18:55:43.2944575Z PASS tests\rust-concurrency\global_initialization.sn -O1 default
2026-10-02T18:55:44.0066721Z PASS tests\rust-concurrency\global_initialization.sn -O2 default
2026-10-02T18:55:44.7459417Z PASS tests\rust-concurrency\global_places.sn -O0 default
2026-10-02T18:55:45.4263294Z PASS tests\rust-concurrency\global_places.sn -O1 default
2026-10-02T18:55:46.0900755Z PASS tests\rust-concurrency\global_places.sn -O2 default
2026-10-02T18:55:46.8201996Z PASS tests\rust-concurrency\hygiene.sn -O0 default
2026-10-02T18:55:47.5216712Z PASS tests\rust-concurrency\hygiene.sn -O1 default
2026-10-02T18:55:48.2135915Z PASS tests\rust-concurrency\hygiene.sn -O2 default
2026-10-02T18:55:48.9715813Z PASS tests\rust-concurrency\join_visibility.sn -O0 default
2026-10-02T18:55:49.7368523Z PASS tests\rust-concurrency\join_visibility.sn -O1 default
2026-10-02T18:55:50.4903567Z PASS tests\rust-concurrency\join_visibility.sn -O2 default
2026-10-02T18:55:51.1435208Z PASS tests\rust-concurrency\lock_return.sn -O0 default
2026-10-02T18:55:51.8166095Z PASS tests\rust-concurrency\lock_return.sn -O1 default
2026-10-02T18:55:52.4659893Z PASS tests\rust-concurrency\lock_return.sn -O2 default
2026-10-02T18:55:53.2091786Z PASS tests\rust-concurrency\owned_arguments.sn -O0 default
2026-10-02T18:55:53.9845693Z PASS tests\rust-concurrency\owned_arguments.sn -O1 default
2026-10-02T18:55:54.7217365Z PASS tests\rust-concurrency\owned_arguments.sn -O2 default
2026-10-02T18:55:55.4168365Z PASS tests\rust-concurrency\scope_join.sn -O0 default
2026-10-02T18:55:56.0953689Z PASS tests\rust-concurrency\scope_join.sn -O1 default
2026-10-02T18:55:56.7968126Z PASS tests\rust-concurrency\scope_join.sn -O2 default
2026-10-02T18:55:57.4752278Z PASS tests\rust-concurrency\sync_guard_reentry.sn -O0 default
2026-10-02T18:55:58.1720990Z PASS tests\rust-concurrency\sync_guard_reentry.sn -O1 default
2026-10-02T18:55:58.8503972Z PASS tests\rust-concurrency\sync_guard_reentry.sn -O2 default
2026-10-02T18:55:59.3383540Z PASS tests\rgen\concurrency-promoted\floating_compound_sync_local.sn -O0 default
2026-10-02T18:55:59.8389256Z PASS tests\rgen\concurrency-promoted\floating_compound_sync_local.sn -O1 default
2026-10-02T18:56:00.3334579Z PASS tests\rgen\concurrency-promoted\floating_compound_sync_local.sn -O2 default
2026-10-02T18:56:00.8253241Z PASS tests\rgen\concurrency-promoted\floating_postfix_sync_local.sn -O0 default
2026-10-02T18:56:01.3121684Z PASS tests\rgen\concurrency-promoted\floating_postfix_sync_local.sn -O1 default
2026-10-02T18:56:01.8026439Z PASS tests\rgen\concurrency-promoted\floating_postfix_sync_local.sn -O2 default
2026-10-02T18:56:02.3584989Z PASS tests\rgen\concurrency-promoted\import_pure_unsupported_global.sn -O0 default
2026-10-02T18:56:02.8938730Z PASS tests\rgen\concurrency-promoted\import_pure_unsupported_global.sn -O1 default
2026-10-02T18:56:03.4288331Z PASS tests\rgen\concurrency-promoted\import_pure_unsupported_global.sn -O2 default
2026-10-02T18:56:03.9392270Z PASS tests\rgen\concurrency-promoted\statement_match_unsupported_body.sn -O0 default
2026-10-02T18:56:04.4954523Z PASS tests\rgen\concurrency-promoted\statement_match_unsupported_body.sn -O1 default
2026-10-02T18:56:05.0127046Z PASS tests\rgen\concurrency-promoted\statement_match_unsupported_body.sn -O2 default
2026-10-02T18:56:05.5184017Z PASS tests\rgen\concurrency-promoted\sync_local_compound_mutation.sn -O0 default
2026-10-02T18:56:06.0086655Z PASS tests\rgen\concurrency-promoted\sync_local_compound_mutation.sn -O1 default
2026-10-02T18:56:06.4905067Z PASS tests\rgen\concurrency-promoted\sync_local_compound_mutation.sn -O2 default
2026-10-02T18:56:06.9723250Z PASS tests\rgen\concurrency-promoted\sync_local_decrement_mutation.sn -O0 default
2026-10-02T18:56:07.4502564Z PASS tests\rgen\concurrency-promoted\sync_local_decrement_mutation.sn -O1 default
2026-10-02T18:56:07.9409737Z PASS tests\rgen\concurrency-promoted\sync_local_decrement_mutation.sn -O2 default
2026-10-02T18:56:08.4225015Z PASS tests\rgen\concurrency-promoted\sync_local_increment_mutation.sn -O0 default
2026-10-02T18:56:08.8916532Z PASS tests\rgen\concurrency-promoted\sync_local_increment_mutation.sn -O1 default
2026-10-02T18:56:09.3861068Z PASS tests\rgen\concurrency-promoted\sync_local_increment_mutation.sn -O2 default
2026-10-02T18:56:09.4472486Z ##[endgroup]
2026-10-02T18:56:09.4476942Z ##[group]thread ownership and array identity (23 sources, all optimization/arithmetic modes)
2026-10-02T18:56:09.5249848Z Building Sindarin compiler...
2026-10-02T18:56:09.5422577Z Platform: windows
2026-10-02T18:56:09.5598191Z Generator: Ninja
2026-10-02T18:56:09.5611022Z cmake -S . -B build -G "Ninja" \
2026-10-02T18:56:09.5611367Z 	-DCMAKE_BUILD_TYPE=Release \
2026-10-02T18:56:09.5611701Z 	-DCMAKE_C_COMPILER=clang
2026-10-02T18:56:09.7206592Z -- Up-to-date: D:/a/sindarin-compiler/sindarin-compiler/bin/sn.linux.cfg
2026-10-02T18:56:09.7207531Z -- Up-to-date: D:/a/sindarin-compiler/sindarin-compiler/bin/sn.darwin.cfg
2026-10-02T18:56:09.7208965Z -- Up-to-date: D:/a/sindarin-compiler/sindarin-compiler/bin/sn.windows.cfg
2026-10-02T18:56:09.7226719Z -- Installing: D:/a/sindarin-compiler/sindarin-compiler/bin/include/runtime/sn_arith.h
2026-10-02T18:56:09.7231164Z -- Installing: D:/a/sindarin-compiler/sindarin-compiler/bin/include/runtime/sn_array.h
2026-10-02T18:56:09.7235753Z -- Installing: D:/a/sindarin-compiler/sindarin-compiler/bin/include/runtime/sn_byte.h
2026-10-02T18:56:09.7240679Z -- Installing: D:/a/sindarin-compiler/sindarin-compiler/bin/include/runtime/sn_conv.h
2026-10-02T18:56:09.7245014Z -- Installing: D:/a/sindarin-compiler/sindarin-compiler/bin/include/runtime/sn_core.h
2026-10-02T18:56:09.7249692Z -- Installing: D:/a/sindarin-compiler/sindarin-compiler/bin/include/runtime/sn_minimal.h
2026-10-02T18:56:09.7253706Z -- Installing: D:/a/sindarin-compiler/sindarin-compiler/bin/include/runtime/sn_reflect.h
2026-10-02T18:56:09.7258059Z -- Installing: D:/a/sindarin-compiler/sindarin-compiler/bin/include/runtime/sn_serial.h
2026-10-02T18:56:09.7263037Z -- Installing: D:/a/sindarin-compiler/sindarin-compiler/bin/include/runtime/sn_string.h
2026-10-02T18:56:09.7267034Z -- Installing: D:/a/sindarin-compiler/sindarin-compiler/bin/include/runtime/sn_thread.h
2026-10-02T18:56:09.7271361Z -- Installing: D:/a/sindarin-compiler/sindarin-compiler/bin/include/minimal/sn_arith.h
2026-10-02T18:56:09.7275327Z -- Installing: D:/a/sindarin-compiler/sindarin-compiler/bin/include/minimal/sn_array.h
2026-10-02T18:56:09.7280350Z -- Installing: D:/a/sindarin-compiler/sindarin-compiler/bin/include/minimal/sn_byte.h
2026-10-02T18:56:09.7284214Z -- Installing: D:/a/sindarin-compiler/sindarin-compiler/bin/include/minimal/sn_conv.h
2026-10-02T18:56:09.7288249Z -- Installing: D:/a/sindarin-compiler/sindarin-compiler/bin/include/minimal/sn_core.h
2026-10-02T18:56:09.7292201Z -- Installing: D:/a/sindarin-compiler/sindarin-compiler/bin/include/minimal/sn_minimal.h
2026-10-02T18:56:09.7296137Z -- Installing: D:/a/sindarin-compiler/sindarin-compiler/bin/include/minimal/sn_reflect.h
2026-10-02T18:56:09.7300472Z -- Installing: D:/a/sindarin-compiler/sindarin-compiler/bin/include/minimal/sn_serial.h
2026-10-02T18:56:09.7305132Z -- Installing: D:/a/sindarin-compiler/sindarin-compiler/bin/include/minimal/sn_string.h
2026-10-02T18:56:09.7309215Z -- Installing: D:/a/sindarin-compiler/sindarin-compiler/bin/include/minimal/sn_thread.h
2026-10-02T18:56:09.7315027Z -- Up-to-date: D:/a/sindarin-compiler/sindarin-compiler/bin/include/platform/compat_dirent.h
2026-10-02T18:56:09.7316200Z -- Up-to-date: D:/a/sindarin-compiler/sindarin-compiler/bin/include/platform/compat_io.h
2026-10-02T18:56:09.7317778Z -- Up-to-date: D:/a/sindarin-compiler/sindarin-compiler/bin/include/platform/compat_net.h
2026-10-02T18:56:09.7318921Z -- Up-to-date: D:/a/sindarin-compiler/sindarin-compiler/bin/include/platform/compat_pthread.h
2026-10-02T18:56:09.7320128Z -- Up-to-date: D:/a/sindarin-compiler/sindarin-compiler/bin/include/platform/compat_time.h
2026-10-02T18:56:09.7321271Z -- Up-to-date: D:/a/sindarin-compiler/sindarin-compiler/bin/include/platform/compat_windows.h
2026-10-02T18:56:09.7322388Z -- Up-to-date: D:/a/sindarin-compiler/sindarin-compiler/bin/include/platform/platform.h
2026-10-02T18:56:09.7350308Z -- Found libs submodule: D:/a/sindarin-compiler/sindarin-compiler/.sn/sindarin-pkg-libs/libs/windows
2026-10-02T18:56:09.7350862Z --   Copying zlib headers...
2026-10-02T18:56:09.7351702Z -- Up-to-date: D:/a/sindarin-compiler/sindarin-compiler/bin/deps/include/zlib.h
2026-10-02T18:56:09.7353220Z -- Up-to-date: D:/a/sindarin-compiler/sindarin-compiler/bin/deps/include/zconf.h
2026-10-02T18:56:09.7353994Z --   Copying yyjson headers...
2026-10-02T18:56:09.7355577Z -- Up-to-date: D:/a/sindarin-compiler/sindarin-compiler/bin/deps/include/yyjson.h
2026-10-02T18:56:09.7356334Z --   Copying json-c headers...
2026-10-02T18:56:09.7357339Z -- Up-to-date: D:/a/sindarin-compiler/sindarin-compiler/bin/deps/include/json-c
2026-10-02T18:56:09.7359345Z -- Up-to-date: D:/a/sindarin-compiler/sindarin-compiler/bin/deps/include/json-c/arraylist.h
2026-10-02T18:56:09.7360546Z -- Up-to-date: D:/a/sindarin-compiler/sindarin-compiler/bin/deps/include/json-c/debug.h
2026-10-02T18:56:09.7361787Z -- Up-to-date: D:/a/sindarin-compiler/sindarin-compiler/bin/deps/include/json-c/json.h
2026-10-02T18:56:09.7362908Z -- Up-to-date: D:/a/sindarin-compiler/sindarin-compiler/bin/deps/include/json-c/json_config.h
2026-10-02T18:56:09.7364206Z -- Up-to-date: D:/a/sindarin-compiler/sindarin-compiler/bin/deps/include/json-c/json_c_version.h
2026-10-02T18:56:09.7365373Z -- Up-to-date: D:/a/sindarin-compiler/sindarin-compiler/bin/deps/include/json-c/json_inttypes.h
2026-10-02T18:56:09.7366585Z -- Up-to-date: D:/a/sindarin-compiler/sindarin-compiler/bin/deps/include/json-c/json_object.h
2026-10-02T18:56:09.7367627Z -- Up-to-date: D:/a/sindarin-compiler/sindarin-compiler/bin/deps/include/json-c/json_object_iterator.h
2026-10-02T18:56:09.7368725Z -- Up-to-date: D:/a/sindarin-compiler/sindarin-compiler/bin/deps/include/json-c/json_patch.h
2026-10-02T18:56:09.7377907Z -- Up-to-date: D:/a/sindarin-compiler/sindarin-compiler/bin/deps/include/json-c/json_pointer.h
2026-10-02T18:56:09.7378484Z -- Up-to-date: D:/a/sindarin-compiler/sindarin-compiler/bin/deps/include/json-c/json_tokener.h
2026-10-02T18:56:09.7379066Z -- Up-to-date: D:/a/sindarin-compiler/sindarin-compiler/bin/deps/include/json-c/json_types.h
2026-10-02T18:56:09.7379501Z -- Up-to-date: D:/a/sindarin-compiler/sindarin-compiler/bin/deps/include/json-c/json_util.h
2026-10-02T18:56:09.7380070Z -- Up-to-date: D:/a/sindarin-compiler/sindarin-compiler/bin/deps/include/json-c/json_visit.h
2026-10-02T18:56:09.7380565Z -- Up-to-date: D:/a/sindarin-compiler/sindarin-compiler/bin/deps/include/json-c/linkhash.h
2026-10-02T18:56:09.7381039Z -- Up-to-date: D:/a/sindarin-compiler/sindarin-compiler/bin/deps/include/json-c/printbuf.h
2026-10-02T18:56:09.7381492Z --   Copying libxml2 headers...
2026-10-02T18:56:09.7381768Z -- Up-to-date: D:/a/sindarin-compiler/sindarin-compiler/bin/deps/include/libxml
2026-10-02T18:56:09.7382187Z -- Up-to-date: D:/a/sindarin-compiler/sindarin-compiler/bin/deps/include/libxml/c14n.h
2026-10-02T18:56:09.7383497Z -- Up-to-date: D:/a/sindarin-compiler/sindarin-compiler/bin/deps/include/libxml/catalog.h
2026-10-02T18:56:09.7384284Z -- Up-to-date: D:/a/sindarin-compiler/sindarin-compiler/bin/deps/include/libxml/chvalid.h
2026-10-02T18:56:09.7385053Z -- Up-to-date: D:/a/sindarin-compiler/sindarin-compiler/bin/deps/include/libxml/debugXML.h
2026-10-02T18:56:09.7385787Z -- Up-to-date: D:/a/sindarin-compiler/sindarin-compiler/bin/deps/include/libxml/dict.h
2026-10-02T18:56:09.7386536Z -- Up-to-date: D:/a/sindarin-compiler/sindarin-compiler/bin/deps/include/libxml/encoding.h
2026-10-02T18:56:09.7387297Z -- Up-to-date: D:/a/sindarin-compiler/sindarin-compiler/bin/deps/include/libxml/entities.h
2026-10-02T18:56:09.7388064Z -- Up-to-date: D:/a/sindarin-compiler/sindarin-compiler/bin/deps/include/libxml/globals.h
2026-10-02T18:56:09.7389090Z -- Up-to-date: D:/a/sindarin-compiler/sindarin-compiler/bin/deps/include/libxml/hash.h
2026-10-02T18:56:09.7390509Z -- Up-to-date: D:/a/sindarin-compiler/sindarin-compiler/bin/deps/include/libxml/HTMLparser.h
2026-10-02T18:56:09.7391655Z -- Up-to-date: D:/a/sindarin-compiler/sindarin-compiler/bin/deps/include/libxml/HTMLtree.h
2026-10-02T18:56:09.7392758Z -- Up-to-date: D:/a/sindarin-compiler/sindarin-compiler/bin/deps/include/libxml/list.h
2026-10-02T18:56:09.7394011Z -- Up-to-date: D:/a/sindarin-compiler/sindarin-compiler/bin/deps/include/libxml/nanoftp.h
2026-10-02T18:56:09.7395667Z -- Up-to-date: D:/a/sindarin-compiler/sindarin-compiler/bin/deps/include/libxml/nanohttp.h
2026-10-02T18:56:09.7396903Z -- Up-to-date: D:/a/sindarin-compiler/sindarin-compiler/bin/deps/include/libxml/parser.h
2026-10-02T18:56:09.7397955Z -- Up-to-date: D:/a/sindarin-compiler/sindarin-compiler/bin/deps/include/libxml/parserInternals.h
2026-10-02T18:56:09.7399130Z -- Up-to-date: D:/a/sindarin-compiler/sindarin-compiler/bin/deps/include/libxml/pattern.h
2026-10-02T18:56:09.7400254Z -- Up-to-date: D:/a/sindarin-compiler/sindarin-compiler/bin/deps/include/libxml/relaxng.h
2026-10-02T18:56:09.7401521Z -- Up-to-date: D:/a/sindarin-compiler/sindarin-compiler/bin/deps/include/libxml/SAX.h
2026-10-02T18:56:09.7402565Z -- Up-to-date: D:/a/sindarin-compiler/sindarin-compiler/bin/deps/include/libxml/SAX2.h
2026-10-02T18:56:09.7403734Z -- Up-to-date: D:/a/sindarin-compiler/sindarin-compiler/bin/deps/include/libxml/schemasInternals.h
2026-10-02T18:56:09.7404857Z -- Up-to-date: D:/a/sindarin-compiler/sindarin-compiler/bin/deps/include/libxml/schematron.h
2026-10-02T18:56:09.7406685Z -- Up-to-date: D:/a/sindarin-compiler/sindarin-compiler/bin/deps/include/libxml/threads.h
2026-10-02T18:56:09.7407365Z -- Up-to-date: D:/a/sindarin-compiler/sindarin-compiler/bin/deps/include/libxml/tree.h
2026-10-02T18:56:09.7408590Z -- Up-to-date: D:/a/sindarin-compiler/sindarin-compiler/bin/deps/include/libxml/uri.h
2026-10-02T18:56:09.7409671Z -- Up-to-date: D:/a/sindarin-compiler/sindarin-compiler/bin/deps/include/libxml/valid.h
2026-10-02T18:56:09.7410797Z -- Up-to-date: D:/a/sindarin-compiler/sindarin-compiler/bin/deps/include/libxml/xinclude.h
2026-10-02T18:56:09.7411905Z -- Up-to-date: D:/a/sindarin-compiler/sindarin-compiler/bin/deps/include/libxml/xlink.h
2026-10-02T18:56:09.7413186Z -- Up-to-date: D:/a/sindarin-compiler/sindarin-compiler/bin/deps/include/libxml/xmlautomata.h
2026-10-02T18:56:09.7414264Z -- Up-to-date: D:/a/sindarin-compiler/sindarin-compiler/bin/deps/include/libxml/xmlerror.h
2026-10-02T18:56:09.7415814Z -- Up-to-date: D:/a/sindarin-compiler/sindarin-compiler/bin/deps/include/libxml/xmlexports.h
2026-10-02T18:56:09.7416872Z -- Up-to-date: D:/a/sindarin-compiler/sindarin-compiler/bin/deps/include/libxml/xmlIO.h
2026-10-02T18:56:09.7418029Z -- Up-to-date: D:/a/sindarin-compiler/sindarin-compiler/bin/deps/include/libxml/xmlmemory.h
2026-10-02T18:56:09.7419248Z -- Up-to-date: D:/a/sindarin-compiler/sindarin-compiler/bin/deps/include/libxml/xmlmodule.h
2026-10-02T18:56:09.7420265Z -- Up-to-date: D:/a/sindarin-compiler/sindarin-compiler/bin/deps/include/libxml/xmlreader.h
2026-10-02T18:56:09.7421365Z -- Up-to-date: D:/a/sindarin-compiler/sindarin-compiler/bin/deps/include/libxml/xmlregexp.h
2026-10-02T18:56:09.7422899Z -- Up-to-date: D:/a/sindarin-compiler/sindarin-compiler/bin/deps/include/libxml/xmlsave.h
2026-10-02T18:56:09.7424151Z -- Up-to-date: D:/a/sindarin-compiler/sindarin-compiler/bin/deps/include/libxml/xmlschemas.h
2026-10-02T18:56:09.7425164Z -- Up-to-date: D:/a/sindarin-compiler/sindarin-compiler/bin/deps/include/libxml/xmlschemastypes.h
2026-10-02T18:56:09.7426287Z -- Up-to-date: D:/a/sindarin-compiler/sindarin-compiler/bin/deps/include/libxml/xmlstring.h
2026-10-02T18:56:09.7427552Z -- Up-to-date: D:/a/sindarin-compiler/sindarin-compiler/bin/deps/include/libxml/xmlunicode.h
2026-10-02T18:56:09.7428686Z -- Up-to-date: D:/a/sindarin-compiler/sindarin-compiler/bin/deps/include/libxml/xmlversion.h
2026-10-02T18:56:09.7429774Z -- Up-to-date: D:/a/sindarin-compiler/sindarin-compiler/bin/deps/include/libxml/xmlwriter.h
2026-10-02T18:56:09.7430890Z -- Up-to-date: D:/a/sindarin-compiler/sindarin-compiler/bin/deps/include/libxml/xpath.h
2026-10-02T18:56:09.7432170Z -- Up-to-date: D:/a/sindarin-compiler/sindarin-compiler/bin/deps/include/libxml/xpathInternals.h
2026-10-02T18:56:09.7433310Z -- Up-to-date: D:/a/sindarin-compiler/sindarin-compiler/bin/deps/include/libxml/xpointer.h
2026-10-02T18:56:09.7433894Z --   Copying libyaml headers...
2026-10-02T18:56:09.7435188Z -- Up-to-date: D:/a/sindarin-compiler/sindarin-compiler/bin/deps/include/yaml.h
2026-10-02T18:56:09.7436154Z --   Copying openssl headers...
2026-10-02T18:56:09.7437153Z -- Up-to-date: D:/a/sindarin-compiler/sindarin-compiler/bin/deps/include/openssl
2026-10-02T18:56:09.7439957Z -- Up-to-date: D:/a/sindarin-compiler/sindarin-compiler/bin/deps/include/openssl/aes.h
2026-10-02T18:56:09.7441172Z -- Up-to-date: D:/a/sindarin-compiler/sindarin-compiler/bin/deps/include/openssl/asn1.h
2026-10-02T18:56:09.7442330Z -- Up-to-date: D:/a/sindarin-compiler/sindarin-compiler/bin/deps/include/openssl/asn1err.h
2026-10-02T18:56:09.7443490Z -- Up-to-date: D:/a/sindarin-compiler/sindarin-compiler/bin/deps/include/openssl/asn1t.h
2026-10-02T18:56:09.7444595Z -- Up-to-date: D:/a/sindarin-compiler/sindarin-compiler/bin/deps/include/openssl/async.h
2026-10-02T18:56:09.7445721Z -- Up-to-date: D:/a/sindarin-compiler/sindarin-compiler/bin/deps/include/openssl/asyncerr.h
2026-10-02T18:56:09.7446821Z -- Up-to-date: D:/a/sindarin-compiler/sindarin-compiler/bin/deps/include/openssl/bio.h
2026-10-02T18:56:09.7448070Z -- Up-to-date: D:/a/sindarin-compiler/sindarin-compiler/bin/deps/include/openssl/bioerr.h
2026-10-02T18:56:09.7449113Z -- Up-to-date: D:/a/sindarin-compiler/sindarin-compiler/bin/deps/include/openssl/blowfish.h
2026-10-02T18:56:09.7450193Z -- Up-to-date: D:/a/sindarin-compiler/sindarin-compiler/bin/deps/include/openssl/bn.h
2026-10-02T18:56:09.7451319Z -- Up-to-date: D:/a/sindarin-compiler/sindarin-compiler/bin/deps/include/openssl/bnerr.h
2026-10-02T18:56:09.7452528Z -- Up-to-date: D:/a/sindarin-compiler/sindarin-compiler/bin/deps/include/openssl/buffer.h
2026-10-02T18:56:09.7453633Z -- Up-to-date: D:/a/sindarin-compiler/sindarin-compiler/bin/deps/include/openssl/buffererr.h
2026-10-02T18:56:09.7454860Z -- Up-to-date: D:/a/sindarin-compiler/sindarin-compiler/bin/deps/include/openssl/byteorder.h
2026-10-02T18:56:09.7456162Z -- Up-to-date: D:/a/sindarin-compiler/sindarin-compiler/bin/deps/include/openssl/camellia.h
2026-10-02T18:56:09.7457281Z -- Up-to-date: D:/a/sindarin-compiler/sindarin-compiler/bin/deps/include/openssl/cast.h
2026-10-02T18:56:09.7458375Z -- Up-to-date: D:/a/sindarin-compiler/sindarin-compiler/bin/deps/include/openssl/cmac.h
2026-10-02T18:56:09.7459475Z -- Up-to-date: D:/a/sindarin-compiler/sindarin-compiler/bin/deps/include/openssl/cmp.h
2026-10-02T18:56:09.7460745Z -- Up-to-date: D:/a/sindarin-compiler/sindarin-compiler/bin/deps/include/openssl/cmperr.h
2026-10-02T18:56:09.7461898Z -- Up-to-date: D:/a/sindarin-compiler/sindarin-compiler/bin/deps/include/openssl/cmp_util.h
2026-10-02T18:56:09.7462957Z -- Up-to-date: D:/a/sindarin-compiler/sindarin-compiler/bin/deps/include/openssl/cms.h
2026-10-02T18:56:09.7464123Z -- Up-to-date: D:/a/sindarin-compiler/sindarin-compiler/bin/deps/include/openssl/cmserr.h
2026-10-02T18:56:09.7465198Z -- Up-to-date: D:/a/sindarin-compiler/sindarin-compiler/bin/deps/include/openssl/comp.h
2026-10-02T18:56:09.7466311Z -- Up-to-date: D:/a/sindarin-compiler/sindarin-compiler/bin/deps/include/openssl/comperr.h
2026-10-02T18:56:09.7467375Z -- Up-to-date: D:/a/sindarin-compiler/sindarin-compiler/bin/deps/include/openssl/conf.h
2026-10-02T18:56:09.7468634Z -- Up-to-date: D:/a/sindarin-compiler/sindarin-compiler/bin/deps/include/openssl/conferr.h
2026-10-02T18:56:09.7469672Z -- Up-to-date: D:/a/sindarin-compiler/sindarin-compiler/bin/deps/include/openssl/configuration.h
2026-10-02T18:56:09.7470792Z -- Up-to-date: D:/a/sindarin-compiler/sindarin-compiler/bin/deps/include/openssl/conftypes.h
2026-10-02T18:56:09.7471998Z -- Up-to-date: D:/a/sindarin-compiler/sindarin-compiler/bin/deps/include/openssl/conf_api.h
2026-10-02T18:56:09.7473037Z -- Up-to-date: D:/a/sindarin-compiler/sindarin-compiler/bin/deps/include/openssl/core.h
2026-10-02T18:56:09.7474248Z -- Up-to-date: D:/a/sindarin-compiler/sindarin-compiler/bin/deps/include/openssl/core_dispatch.h
2026-10-02T18:56:09.7475379Z -- Up-to-date: D:/a/sindarin-compiler/sindarin-compiler/bin/deps/include/openssl/core_names.h
2026-10-02T18:56:09.7476772Z -- Up-to-date: D:/a/sindarin-compiler/sindarin-compiler/bin/deps/include/openssl/core_object.h
2026-10-02T18:56:09.7477854Z -- Up-to-date: D:/a/sindarin-compiler/sindarin-compiler/bin/deps/include/openssl/crmf.h
2026-10-02T18:56:09.7479000Z -- Up-to-date: D:/a/sindarin-compiler/sindarin-compiler/bin/deps/include/openssl/crmferr.h
2026-10-02T18:56:09.7480199Z -- Up-to-date: D:/a/sindarin-compiler/sindarin-compiler/bin/deps/include/openssl/crypto.h
2026-10-02T18:56:09.7481337Z -- Up-to-date: D:/a/sindarin-compiler/sindarin-compiler/bin/deps/include/openssl/cryptoerr.h
2026-10-02T18:56:09.7482519Z -- Up-to-date: D:/a/sindarin-compiler/sindarin-compiler/bin/deps/include/openssl/cryptoerr_legacy.h
2026-10-02T18:56:09.7483581Z -- Up-to-date: D:/a/sindarin-compiler/sindarin-compiler/bin/deps/include/openssl/ct.h
2026-10-02T18:56:09.7484692Z -- Up-to-date: D:/a/sindarin-compiler/sindarin-compiler/bin/deps/include/openssl/cterr.h
2026-10-02T18:56:09.7485792Z -- Up-to-date: D:/a/sindarin-compiler/sindarin-compiler/bin/deps/include/openssl/decoder.h
2026-10-02T18:56:09.7486996Z -- Up-to-date: D:/a/sindarin-compiler/sindarin-compiler/bin/deps/include/openssl/decodererr.h
2026-10-02T18:56:09.7487998Z -- Up-to-date: D:/a/sindarin-compiler/sindarin-compiler/bin/deps/include/openssl/des.h
2026-10-02T18:56:09.7489091Z -- Up-to-date: D:/a/sindarin-compiler/sindarin-compiler/bin/deps/include/openssl/dh.h
2026-10-02T18:56:09.7490193Z -- Up-to-date: D:/a/sindarin-compiler/sindarin-compiler/bin/deps/include/openssl/dherr.h
2026-10-02T18:56:09.7491327Z -- Up-to-date: D:/a/sindarin-compiler/sindarin-compiler/bin/deps/include/openssl/dsa.h
2026-10-02T18:56:09.7492430Z -- Up-to-date: D:/a/sindarin-compiler/sindarin-compiler/bin/deps/include/openssl/dsaerr.h
2026-10-02T18:56:09.7493606Z -- Up-to-date: D:/a/sindarin-compiler/sindarin-compiler/bin/deps/include/openssl/dtls1.h
2026-10-02T18:56:09.7495046Z -- Up-to-date: D:/a/sindarin-compiler/sindarin-compiler/bin/deps/include/openssl/ebcdic.h
2026-10-02T18:56:09.7496120Z -- Up-to-date: D:/a/sindarin-compiler/sindarin-compiler/bin/deps/include/openssl/ec.h
2026-10-02T18:56:09.7497256Z -- Up-to-date: D:/a/sindarin-compiler/sindarin-compiler/bin/deps/include/openssl/ecdh.h
2026-10-02T18:56:09.7498373Z -- Up-to-date: D:/a/sindarin-compiler/sindarin-compiler/bin/deps/include/openssl/ecdsa.h
2026-10-02T18:56:09.7499554Z -- Up-to-date: D:/a/sindarin-compiler/sindarin-compiler/bin/deps/include/openssl/ecerr.h
2026-10-02T18:56:09.7500672Z -- Up-to-date: D:/a/sindarin-compiler/sindarin-compiler/bin/deps/include/openssl/encoder.h
2026-10-02T18:56:09.7501788Z -- Up-to-date: D:/a/sindarin-compiler/sindarin-compiler/bin/deps/include/openssl/encodererr.h
2026-10-02T18:56:09.7502884Z -- Up-to-date: D:/a/sindarin-compiler/sindarin-compiler/bin/deps/include/openssl/engine.h
2026-10-02T18:56:09.7504008Z -- Up-to-date: D:/a/sindarin-compiler/sindarin-compiler/bin/deps/include/openssl/engineerr.h
2026-10-02T18:56:09.7505126Z -- Up-to-date: D:/a/sindarin-compiler/sindarin-compiler/bin/deps/include/openssl/err.h
2026-10-02T18:56:09.7506279Z -- Up-to-date: D:/a/sindarin-compiler/sindarin-compiler/bin/deps/include/openssl/ess.h
2026-10-02T18:56:09.7507440Z -- Up-to-date: D:/a/sindarin-compiler/sindarin-compiler/bin/deps/include/openssl/esserr.h
2026-10-02T18:56:09.7508528Z -- Up-to-date: D:/a/sindarin-compiler/sindarin-compiler/bin/deps/include/openssl/evp.h
2026-10-02T18:56:09.7509649Z -- Up-to-date: D:/a/sindarin-compiler/sindarin-compiler/bin/deps/include/openssl/evperr.h
2026-10-02T18:56:09.7510741Z -- Up-to-date: D:/a/sindarin-compiler/sindarin-compiler/bin/deps/include/openssl/e_os2.h
2026-10-02T18:56:09.7511850Z -- Up-to-date: D:/a/sindarin-compiler/sindarin-compiler/bin/deps/include/openssl/e_ostime.h
2026-10-02T18:56:09.7512972Z -- Up-to-date: D:/a/sindarin-compiler/sindarin-compiler/bin/deps/include/openssl/fipskey.h
2026-10-02T18:56:09.7514075Z -- Up-to-date: D:/a/sindarin-compiler/sindarin-compiler/bin/deps/include/openssl/fips_names.h
2026-10-02T18:56:09.7515321Z -- Up-to-date: D:/a/sindarin-compiler/sindarin-compiler/bin/deps/include/openssl/hmac.h
2026-10-02T18:56:09.7516621Z -- Up-to-date: D:/a/sindarin-compiler/sindarin-compiler/bin/deps/include/openssl/hpke.h
2026-10-02T18:56:09.7517687Z -- Up-to-date: D:/a/sindarin-compiler/sindarin-compiler/bin/deps/include/openssl/http.h
2026-10-02T18:56:09.7518801Z -- Up-to-date: D:/a/sindarin-compiler/sindarin-compiler/bin/deps/include/openssl/httperr.h
2026-10-02T18:56:09.7519882Z -- Up-to-date: D:/a/sindarin-compiler/sindarin-compiler/bin/deps/include/openssl/idea.h
2026-10-02T18:56:09.7521067Z -- Up-to-date: D:/a/sindarin-compiler/sindarin-compiler/bin/deps/include/openssl/indicator.h
2026-10-02T18:56:09.7522112Z -- Up-to-date: D:/a/sindarin-compiler/sindarin-compiler/bin/deps/include/openssl/kdf.h
2026-10-02T18:56:09.7523213Z -- Up-to-date: D:/a/sindarin-compiler/sindarin-compiler/bin/deps/include/openssl/kdferr.h
2026-10-02T18:56:09.7524325Z -- Up-to-date: D:/a/sindarin-compiler/sindarin-compiler/bin/deps/include/openssl/lhash.h
2026-10-02T18:56:09.7525423Z -- Up-to-date: D:/a/sindarin-compiler/sindarin-compiler/bin/deps/include/openssl/macros.h
2026-10-02T18:56:09.7526628Z -- Up-to-date: D:/a/sindarin-compiler/sindarin-compiler/bin/deps/include/openssl/md2.h
2026-10-02T18:56:09.7527653Z -- Up-to-date: D:/a/sindarin-compiler/sindarin-compiler/bin/deps/include/openssl/md4.h
2026-10-02T18:56:09.7528773Z -- Up-to-date: D:/a/sindarin-compiler/sindarin-compiler/bin/deps/include/openssl/md5.h
2026-10-02T18:56:09.7529897Z -- Up-to-date: D:/a/sindarin-compiler/sindarin-compiler/bin/deps/include/openssl/mdc2.h
2026-10-02T18:56:09.7531059Z -- Up-to-date: D:/a/sindarin-compiler/sindarin-compiler/bin/deps/include/openssl/ml_kem.h
2026-10-02T18:56:09.7532092Z -- Up-to-date: D:/a/sindarin-compiler/sindarin-compiler/bin/deps/include/openssl/modes.h
2026-10-02T18:56:09.7533416Z -- Up-to-date: D:/a/sindarin-compiler/sindarin-compiler/bin/deps/include/openssl/objects.h
2026-10-02T18:56:09.7534471Z -- Up-to-date: D:/a/sindarin-compiler/sindarin-compiler/bin/deps/include/openssl/objectserr.h
2026-10-02T18:56:09.7535783Z -- Up-to-date: D:/a/sindarin-compiler/sindarin-compiler/bin/deps/include/openssl/obj_mac.h
2026-10-02T18:56:09.7536929Z -- Up-to-date: D:/a/sindarin-compiler/sindarin-compiler/bin/deps/include/openssl/ocsp.h
2026-10-02T18:56:09.7538022Z -- Up-to-date: D:/a/sindarin-compiler/sindarin-compiler/bin/deps/include/openssl/ocsperr.h
2026-10-02T18:56:09.7539149Z -- Up-to-date: D:/a/sindarin-compiler/sindarin-compiler/bin/deps/include/openssl/opensslconf.h
2026-10-02T18:56:09.7540240Z -- Up-to-date: D:/a/sindarin-compiler/sindarin-compiler/bin/deps/include/openssl/opensslv.h
2026-10-02T18:56:09.7541354Z -- Up-to-date: D:/a/sindarin-compiler/sindarin-compiler/bin/deps/include/openssl/ossl_typ.h
2026-10-02T18:56:09.7542449Z -- Up-to-date: D:/a/sindarin-compiler/sindarin-compiler/bin/deps/include/openssl/params.h
2026-10-02T18:56:09.7543573Z -- Up-to-date: D:/a/sindarin-compiler/sindarin-compiler/bin/deps/include/openssl/param_build.h
2026-10-02T18:56:09.7544681Z -- Up-to-date: D:/a/sindarin-compiler/sindarin-compiler/bin/deps/include/openssl/pem.h
2026-10-02T18:56:09.7545799Z -- Up-to-date: D:/a/sindarin-compiler/sindarin-compiler/bin/deps/include/openssl/pem2.h
2026-10-02T18:56:09.7546895Z -- Up-to-date: D:/a/sindarin-compiler/sindarin-compiler/bin/deps/include/openssl/pemerr.h
2026-10-02T18:56:09.7547989Z -- Up-to-date: D:/a/sindarin-compiler/sindarin-compiler/bin/deps/include/openssl/pkcs12.h
2026-10-02T18:56:09.7549130Z -- Up-to-date: D:/a/sindarin-compiler/sindarin-compiler/bin/deps/include/openssl/pkcs12err.h
2026-10-02T18:56:09.7550246Z -- Up-to-date: D:/a/sindarin-compiler/sindarin-compiler/bin/deps/include/openssl/pkcs7.h
2026-10-02T18:56:09.7551671Z -- Up-to-date: D:/a/sindarin-compiler/sindarin-compiler/bin/deps/include/openssl/pkcs7err.h
2026-10-02T18:56:09.7552643Z -- Up-to-date: D:/a/sindarin-compiler/sindarin-compiler/bin/deps/include/openssl/proverr.h
2026-10-02T18:56:09.7553949Z -- Up-to-date: D:/a/sindarin-compiler/sindarin-compiler/bin/deps/include/openssl/provider.h
2026-10-02T18:56:09.7555066Z -- Up-to-date: D:/a/sindarin-compiler/sindarin-compiler/bin/deps/include/openssl/prov_ssl.h
2026-10-02T18:56:09.7556137Z -- Up-to-date: D:/a/sindarin-compiler/sindarin-compiler/bin/deps/include/openssl/quic.h
2026-10-02T18:56:09.7557226Z -- Up-to-date: D:/a/sindarin-compiler/sindarin-compiler/bin/deps/include/openssl/rand.h
2026-10-02T18:56:09.7558324Z -- Up-to-date: D:/a/sindarin-compiler/sindarin-compiler/bin/deps/include/openssl/randerr.h
2026-10-02T18:56:09.7559449Z -- Up-to-date: D:/a/sindarin-compiler/sindarin-compiler/bin/deps/include/openssl/rc2.h
2026-10-02T18:56:09.7560515Z -- Up-to-date: D:/a/sindarin-compiler/sindarin-compiler/bin/deps/include/openssl/rc4.h
2026-10-02T18:56:09.7561624Z -- Up-to-date: D:/a/sindarin-compiler/sindarin-compiler/bin/deps/include/openssl/rc5.h
2026-10-02T18:56:09.7562710Z -- Up-to-date: D:/a/sindarin-compiler/sindarin-compiler/bin/deps/include/openssl/ripemd.h
2026-10-02T18:56:09.7563856Z -- Up-to-date: D:/a/sindarin-compiler/sindarin-compiler/bin/deps/include/openssl/rsa.h
2026-10-02T18:56:09.7565080Z -- Up-to-date: D:/a/sindarin-compiler/sindarin-compiler/bin/deps/include/openssl/rsaerr.h
2026-10-02T18:56:09.7566098Z -- Up-to-date: D:/a/sindarin-compiler/sindarin-compiler/bin/deps/include/openssl/safestack.h
2026-10-02T18:56:09.7567377Z -- Up-to-date: D:/a/sindarin-compiler/sindarin-compiler/bin/deps/include/openssl/seed.h
2026-10-02T18:56:09.7568494Z -- Up-to-date: D:/a/sindarin-compiler/sindarin-compiler/bin/deps/include/openssl/self_test.h
2026-10-02T18:56:09.7569574Z -- Up-to-date: D:/a/sindarin-compiler/sindarin-compiler/bin/deps/include/openssl/sha.h
2026-10-02T18:56:09.7570692Z -- Up-to-date: D:/a/sindarin-compiler/sindarin-compiler/bin/deps/include/openssl/srp.h
2026-10-02T18:56:09.7571785Z -- Up-to-date: D:/a/sindarin-compiler/sindarin-compiler/bin/deps/include/openssl/srtp.h
2026-10-02T18:56:09.7572991Z -- Up-to-date: D:/a/sindarin-compiler/sindarin-compiler/bin/deps/include/openssl/ssl.h
2026-10-02T18:56:09.7574389Z -- Up-to-date: D:/a/sindarin-compiler/sindarin-compiler/bin/deps/include/openssl/ssl2.h
2026-10-02T18:56:09.7575482Z -- Up-to-date: D:/a/sindarin-compiler/sindarin-compiler/bin/deps/include/openssl/ssl3.h
2026-10-02T18:56:09.7576614Z -- Up-to-date: D:/a/sindarin-compiler/sindarin-compiler/bin/deps/include/openssl/sslerr.h
2026-10-02T18:56:09.7577767Z -- Up-to-date: D:/a/sindarin-compiler/sindarin-compiler/bin/deps/include/openssl/sslerr_legacy.h
2026-10-02T18:56:09.7578832Z -- Up-to-date: D:/a/sindarin-compiler/sindarin-compiler/bin/deps/include/openssl/stack.h
2026-10-02T18:56:09.7579912Z -- Up-to-date: D:/a/sindarin-compiler/sindarin-compiler/bin/deps/include/openssl/store.h
2026-10-02T18:56:09.7581053Z -- Up-to-date: D:/a/sindarin-compiler/sindarin-compiler/bin/deps/include/openssl/storeerr.h
2026-10-02T18:56:09.7582176Z -- Up-to-date: D:/a/sindarin-compiler/sindarin-compiler/bin/deps/include/openssl/symhacks.h
2026-10-02T18:56:09.7583254Z -- Up-to-date: D:/a/sindarin-compiler/sindarin-compiler/bin/deps/include/openssl/thread.h
2026-10-02T18:56:09.7584361Z -- Up-to-date: D:/a/sindarin-compiler/sindarin-compiler/bin/deps/include/openssl/tls1.h
2026-10-02T18:56:09.7585425Z -- Up-to-date: D:/a/sindarin-compiler/sindarin-compiler/bin/deps/include/openssl/trace.h
2026-10-02T18:56:09.7586520Z -- Up-to-date: D:/a/sindarin-compiler/sindarin-compiler/bin/deps/include/openssl/ts.h
2026-10-02T18:56:09.7587750Z -- Up-to-date: D:/a/sindarin-compiler/sindarin-compiler/bin/deps/include/openssl/tserr.h
2026-10-02T18:56:09.7588862Z -- Up-to-date: D:/a/sindarin-compiler/sindarin-compiler/bin/deps/include/openssl/txt_db.h
2026-10-02T18:56:09.7590067Z -- Up-to-date: D:/a/sindarin-compiler/sindarin-compiler/bin/deps/include/openssl/types.h
2026-10-02T18:56:09.7591236Z -- Up-to-date: D:/a/sindarin-compiler/sindarin-compiler/bin/deps/include/openssl/ui.h
2026-10-02T18:56:09.7592308Z -- Up-to-date: D:/a/sindarin-compiler/sindarin-compiler/bin/deps/include/openssl/uierr.h
2026-10-02T18:56:09.7593780Z -- Up-to-date: D:/a/sindarin-compiler/sindarin-compiler/bin/deps/include/openssl/whrlpool.h
2026-10-02T18:56:09.7594847Z -- Up-to-date: D:/a/sindarin-compiler/sindarin-compiler/bin/deps/include/openssl/x509.h
2026-10-02T18:56:09.7595951Z -- Up-to-date: D:/a/sindarin-compiler/sindarin-compiler/bin/deps/include/openssl/x509err.h
2026-10-02T18:56:09.7597040Z -- Up-to-date: D:/a/sindarin-compiler/sindarin-compiler/bin/deps/include/openssl/x509v3.h
2026-10-02T18:56:09.7598129Z -- Up-to-date: D:/a/sindarin-compiler/sindarin-compiler/bin/deps/include/openssl/x509v3err.h
2026-10-02T18:56:09.7599503Z -- Up-to-date: D:/a/sindarin-compiler/sindarin-compiler/bin/deps/include/openssl/x509_acert.h
2026-10-02T18:56:09.7600526Z -- Up-to-date: D:/a/sindarin-compiler/sindarin-compiler/bin/deps/include/openssl/x509_vfy.h
2026-10-02T18:56:09.7602228Z --   Copying libssh headers...
2026-10-02T18:56:09.7603400Z -- Up-to-date: D:/a/sindarin-compiler/sindarin-compiler/bin/deps/include/libssh
2026-10-02T18:56:09.7605052Z -- Up-to-date: D:/a/sindarin-compiler/sindarin-compiler/bin/deps/include/libssh/callbacks.h
2026-10-02T18:56:09.7606521Z -- Up-to-date: D:/a/sindarin-compiler/sindarin-compiler/bin/deps/include/libssh/legacy.h
2026-10-02T18:56:09.7607529Z -- Up-to-date: D:/a/sindarin-compiler/sindarin-compiler/bin/deps/include/libssh/libssh.h
2026-10-02T18:56:09.7608638Z -- Up-to-date: D:/a/sindarin-compiler/sindarin-compiler/bin/deps/include/libssh/libsshpp.hpp
2026-10-02T18:56:09.7609813Z -- Up-to-date: D:/a/sindarin-compiler/sindarin-compiler/bin/deps/include/libssh/libssh_version.h
2026-10-02T18:56:09.7610917Z -- Up-to-date: D:/a/sindarin-compiler/sindarin-compiler/bin/deps/include/libssh/server.h
2026-10-02T18:56:09.7612090Z -- Up-to-date: D:/a/sindarin-compiler/sindarin-compiler/bin/deps/include/libssh/sftp.h
2026-10-02T18:56:09.7613301Z -- Up-to-date: D:/a/sindarin-compiler/sindarin-compiler/bin/deps/include/libssh/sftpserver.h
2026-10-02T18:56:09.7614601Z -- Up-to-date: D:/a/sindarin-compiler/sindarin-compiler/bin/deps/include/libssh/ssh2.h
2026-10-02T18:56:09.7615358Z --   Copying libgit2 headers...
2026-10-02T18:56:09.7616544Z -- Up-to-date: D:/a/sindarin-compiler/sindarin-compiler/bin/deps/include/git2.h
2026-10-02T18:56:09.7618149Z -- Up-to-date: D:/a/sindarin-compiler/sindarin-compiler/bin/deps/include/git2
2026-10-02T18:56:09.7620361Z -- Up-to-date: D:/a/sindarin-compiler/sindarin-compiler/bin/deps/include/git2/annotated_commit.h
2026-10-02T18:56:09.7621633Z -- Up-to-date: D:/a/sindarin-compiler/sindarin-compiler/bin/deps/include/git2/apply.h
2026-10-02T18:56:09.7622893Z -- Up-to-date: D:/a/sindarin-compiler/sindarin-compiler/bin/deps/include/git2/attr.h
2026-10-02T18:56:09.7624026Z -- Up-to-date: D:/a/sindarin-compiler/sindarin-compiler/bin/deps/include/git2/blame.h
2026-10-02T18:56:09.7625139Z -- Up-to-date: D:/a/sindarin-compiler/sindarin-compiler/bin/deps/include/git2/blob.h
2026-10-02T18:56:09.7626269Z -- Up-to-date: D:/a/sindarin-compiler/sindarin-compiler/bin/deps/include/git2/branch.h
2026-10-02T18:56:09.7627346Z -- Up-to-date: D:/a/sindarin-compiler/sindarin-compiler/bin/deps/include/git2/buffer.h
2026-10-02T18:56:09.7628434Z -- Up-to-date: D:/a/sindarin-compiler/sindarin-compiler/bin/deps/include/git2/cert.h
2026-10-02T18:56:09.7629552Z -- Up-to-date: D:/a/sindarin-compiler/sindarin-compiler/bin/deps/include/git2/checkout.h
2026-10-02T18:56:09.7630679Z -- Up-to-date: D:/a/sindarin-compiler/sindarin-compiler/bin/deps/include/git2/cherrypick.h
2026-10-02T18:56:09.7631826Z -- Up-to-date: D:/a/sindarin-compiler/sindarin-compiler/bin/deps/include/git2/clone.h
2026-10-02T18:56:09.7633081Z -- Up-to-date: D:/a/sindarin-compiler/sindarin-compiler/bin/deps/include/git2/commit.h
2026-10-02T18:56:09.7634398Z -- Up-to-date: D:/a/sindarin-compiler/sindarin-compiler/bin/deps/include/git2/common.h
2026-10-02T18:56:09.7635522Z -- Up-to-date: D:/a/sindarin-compiler/sindarin-compiler/bin/deps/include/git2/config.h
2026-10-02T18:56:09.7636635Z -- Up-to-date: D:/a/sindarin-compiler/sindarin-compiler/bin/deps/include/git2/credential.h
2026-10-02T18:56:09.7637795Z -- Up-to-date: D:/a/sindarin-compiler/sindarin-compiler/bin/deps/include/git2/credential_helpers.h
2026-10-02T18:56:09.7638917Z -- Up-to-date: D:/a/sindarin-compiler/sindarin-compiler/bin/deps/include/git2/cred_helpers.h
2026-10-02T18:56:09.7640044Z -- Up-to-date: D:/a/sindarin-compiler/sindarin-compiler/bin/deps/include/git2/deprecated.h
2026-10-02T18:56:09.7641146Z -- Up-to-date: D:/a/sindarin-compiler/sindarin-compiler/bin/deps/include/git2/describe.h
2026-10-02T18:56:09.7643130Z -- Up-to-date: D:/a/sindarin-compiler/sindarin-compiler/bin/deps/include/git2/diff.h
2026-10-02T18:56:09.7643912Z -- Up-to-date: D:/a/sindarin-compiler/sindarin-compiler/bin/deps/include/git2/email.h
2026-10-02T18:56:09.7645036Z -- Up-to-date: D:/a/sindarin-compiler/sindarin-compiler/bin/deps/include/git2/errors.h
2026-10-02T18:56:09.7646169Z -- Up-to-date: D:/a/sindarin-compiler/sindarin-compiler/bin/deps/include/git2/experimental.h
2026-10-02T18:56:09.7647284Z -- Up-to-date: D:/a/sindarin-compiler/sindarin-compiler/bin/deps/include/git2/filter.h
2026-10-02T18:56:09.7648521Z -- Up-to-date: D:/a/sindarin-compiler/sindarin-compiler/bin/deps/include/git2/global.h
2026-10-02T18:56:09.7649564Z -- Up-to-date: D:/a/sindarin-compiler/sindarin-compiler/bin/deps/include/git2/graph.h
2026-10-02T18:56:09.7650660Z -- Up-to-date: D:/a/sindarin-compiler/sindarin-compiler/bin/deps/include/git2/ignore.h
2026-10-02T18:56:09.7651863Z -- Up-to-date: D:/a/sindarin-compiler/sindarin-compiler/bin/deps/include/git2/index.h
2026-10-02T18:56:09.7653018Z -- Up-to-date: D:/a/sindarin-compiler/sindarin-compiler/bin/deps/include/git2/indexer.h
2026-10-02T18:56:09.7654299Z -- Up-to-date: D:/a/sindarin-compiler/sindarin-compiler/bin/deps/include/git2/mailmap.h
2026-10-02T18:56:09.7655416Z -- Up-to-date: D:/a/sindarin-compiler/sindarin-compiler/bin/deps/include/git2/merge.h
2026-10-02T18:56:09.7656522Z -- Up-to-date: D:/a/sindarin-compiler/sindarin-compiler/bin/deps/include/git2/message.h
2026-10-02T18:56:09.7657720Z -- Up-to-date: D:/a/sindarin-compiler/sindarin-compiler/bin/deps/include/git2/net.h
2026-10-02T18:56:09.7658820Z -- Up-to-date: D:/a/sindarin-compiler/sindarin-compiler/bin/deps/include/git2/notes.h
2026-10-02T18:56:09.7659917Z -- Up-to-date: D:/a/sindarin-compiler/sindarin-compiler/bin/deps/include/git2/object.h
2026-10-02T18:56:09.7661024Z -- Up-to-date: D:/a/sindarin-compiler/sindarin-compiler/bin/deps/include/git2/odb.h
2026-10-02T18:56:09.7662166Z -- Up-to-date: D:/a/sindarin-compiler/sindarin-compiler/bin/deps/include/git2/odb_backend.h
2026-10-02T18:56:09.7663230Z -- Up-to-date: D:/a/sindarin-compiler/sindarin-compiler/bin/deps/include/git2/oid.h
2026-10-02T18:56:09.7664328Z -- Up-to-date: D:/a/sindarin-compiler/sindarin-compiler/bin/deps/include/git2/oidarray.h
2026-10-02T18:56:09.7665422Z -- Up-to-date: D:/a/sindarin-compiler/sindarin-compiler/bin/deps/include/git2/pack.h
2026-10-02T18:56:09.7666518Z -- Up-to-date: D:/a/sindarin-compiler/sindarin-compiler/bin/deps/include/git2/patch.h
2026-10-02T18:56:09.7667720Z -- Up-to-date: D:/a/sindarin-compiler/sindarin-compiler/bin/deps/include/git2/pathspec.h
2026-10-02T18:56:09.7668877Z -- Up-to-date: D:/a/sindarin-compiler/sindarin-compiler/bin/deps/include/git2/proxy.h
2026-10-02T18:56:09.7669961Z -- Up-to-date: D:/a/sindarin-compiler/sindarin-compiler/bin/deps/include/git2/rebase.h
2026-10-02T18:56:09.7671034Z -- Up-to-date: D:/a/sindarin-compiler/sindarin-compiler/bin/deps/include/git2/refdb.h
2026-10-02T18:56:09.7672131Z -- Up-to-date: D:/a/sindarin-compiler/sindarin-compiler/bin/deps/include/git2/reflog.h
2026-10-02T18:56:09.7673354Z -- Up-to-date: D:/a/sindarin-compiler/sindarin-compiler/bin/deps/include/git2/refs.h
2026-10-02T18:56:09.7674652Z -- Up-to-date: D:/a/sindarin-compiler/sindarin-compiler/bin/deps/include/git2/refspec.h
2026-10-02T18:56:09.7675933Z -- Up-to-date: D:/a/sindarin-compiler/sindarin-compiler/bin/deps/include/git2/remote.h
2026-10-02T18:56:09.7676870Z -- Up-to-date: D:/a/sindarin-compiler/sindarin-compiler/bin/deps/include/git2/repository.h
2026-10-02T18:56:09.7677920Z -- Up-to-date: D:/a/sindarin-compiler/sindarin-compiler/bin/deps/include/git2/reset.h
2026-10-02T18:56:09.7678988Z -- Up-to-date: D:/a/sindarin-compiler/sindarin-compiler/bin/deps/include/git2/revert.h
2026-10-02T18:56:09.7680089Z -- Up-to-date: D:/a/sindarin-compiler/sindarin-compiler/bin/deps/include/git2/revparse.h
2026-10-02T18:56:09.7681187Z -- Up-to-date: D:/a/sindarin-compiler/sindarin-compiler/bin/deps/include/git2/revwalk.h
2026-10-02T18:56:09.7682325Z -- Up-to-date: D:/a/sindarin-compiler/sindarin-compiler/bin/deps/include/git2/signature.h
2026-10-02T18:56:09.7683349Z -- Up-to-date: D:/a/sindarin-compiler/sindarin-compiler/bin/deps/include/git2/stash.h
2026-10-02T18:56:09.7684434Z -- Up-to-date: D:/a/sindarin-compiler/sindarin-compiler/bin/deps/include/git2/status.h
2026-10-02T18:56:09.7685522Z -- Up-to-date: D:/a/sindarin-compiler/sindarin-compiler/bin/deps/include/git2/stdint.h
2026-10-02T18:56:09.7686615Z -- Up-to-date: D:/a/sindarin-compiler/sindarin-compiler/bin/deps/include/git2/strarray.h
2026-10-02T18:56:09.7687807Z -- Up-to-date: D:/a/sindarin-compiler/sindarin-compiler/bin/deps/include/git2/submodule.h
2026-10-02T18:56:09.7688947Z -- Up-to-date: D:/a/sindarin-compiler/sindarin-compiler/bin/deps/include/git2/sys
2026-10-02T18:56:09.7690562Z -- Up-to-date: D:/a/sindarin-compiler/sindarin-compiler/bin/deps/include/git2/sys/alloc.h
2026-10-02T18:56:09.7691812Z -- Up-to-date: D:/a/sindarin-compiler/sindarin-compiler/bin/deps/include/git2/sys/commit.h
2026-10-02T18:56:09.7692880Z -- Up-to-date: D:/a/sindarin-compiler/sindarin-compiler/bin/deps/include/git2/sys/commit_graph.h
2026-10-02T18:56:09.7694342Z -- Up-to-date: D:/a/sindarin-compiler/sindarin-compiler/bin/deps/include/git2/sys/config.h
2026-10-02T18:56:09.7695400Z -- Up-to-date: D:/a/sindarin-compiler/sindarin-compiler/bin/deps/include/git2/sys/cred.h
2026-10-02T18:56:09.7696533Z -- Up-to-date: D:/a/sindarin-compiler/sindarin-compiler/bin/deps/include/git2/sys/credential.h
2026-10-02T18:56:09.7697612Z -- Up-to-date: D:/a/sindarin-compiler/sindarin-compiler/bin/deps/include/git2/sys/diff.h
2026-10-02T18:56:09.7698707Z -- Up-to-date: D:/a/sindarin-compiler/sindarin-compiler/bin/deps/include/git2/sys/email.h
2026-10-02T18:56:09.7699822Z -- Up-to-date: D:/a/sindarin-compiler/sindarin-compiler/bin/deps/include/git2/sys/errors.h
2026-10-02T18:56:09.7700935Z -- Up-to-date: D:/a/sindarin-compiler/sindarin-compiler/bin/deps/include/git2/sys/filter.h
2026-10-02T18:56:09.7702074Z -- Up-to-date: D:/a/sindarin-compiler/sindarin-compiler/bin/deps/include/git2/sys/hashsig.h
2026-10-02T18:56:09.7703106Z -- Up-to-date: D:/a/sindarin-compiler/sindarin-compiler/bin/deps/include/git2/sys/index.h
2026-10-02T18:56:09.7704197Z -- Up-to-date: D:/a/sindarin-compiler/sindarin-compiler/bin/deps/include/git2/sys/mempack.h
2026-10-02T18:56:09.7705270Z -- Up-to-date: D:/a/sindarin-compiler/sindarin-compiler/bin/deps/include/git2/sys/merge.h
2026-10-02T18:56:09.7706360Z -- Up-to-date: D:/a/sindarin-compiler/sindarin-compiler/bin/deps/include/git2/sys/midx.h
2026-10-02T18:56:09.7707495Z -- Up-to-date: D:/a/sindarin-compiler/sindarin-compiler/bin/deps/include/git2/sys/odb_backend.h
2026-10-02T18:56:09.7708553Z -- Up-to-date: D:/a/sindarin-compiler/sindarin-compiler/bin/deps/include/git2/sys/openssl.h
2026-10-02T18:56:09.7710369Z -- Up-to-date: D:/a/sindarin-compiler/sindarin-compiler/bin/deps/include/git2/sys/path.h
2026-10-02T18:56:09.7712044Z -- Up-to-date: D:/a/sindarin-compiler/sindarin-compiler/bin/deps/include/git2/sys/refdb_backend.h
2026-10-02T18:56:09.7713103Z -- Up-to-date: D:/a/sindarin-compiler/sindarin-compiler/bin/deps/include/git2/sys/refs.h
2026-10-02T18:56:09.7714283Z -- Up-to-date: D:/a/sindarin-compiler/sindarin-compiler/bin/deps/include/git2/sys/remote.h
2026-10-02T18:56:09.7715464Z -- Up-to-date: D:/a/sindarin-compiler/sindarin-compiler/bin/deps/include/git2/sys/repository.h
2026-10-02T18:56:09.7716651Z -- Up-to-date: D:/a/sindarin-compiler/sindarin-compiler/bin/deps/include/git2/sys/stream.h
2026-10-02T18:56:09.7717793Z -- Up-to-date: D:/a/sindarin-compiler/sindarin-compiler/bin/deps/include/git2/sys/transport.h
2026-10-02T18:56:09.7719038Z -- Up-to-date: D:/a/sindarin-compiler/sindarin-compiler/bin/deps/include/git2/tag.h
2026-10-02T18:56:09.7720146Z -- Up-to-date: D:/a/sindarin-compiler/sindarin-compiler/bin/deps/include/git2/trace.h
2026-10-02T18:56:09.7721298Z -- Up-to-date: D:/a/sindarin-compiler/sindarin-compiler/bin/deps/include/git2/transaction.h
2026-10-02T18:56:09.7722594Z -- Up-to-date: D:/a/sindarin-compiler/sindarin-compiler/bin/deps/include/git2/transport.h
2026-10-02T18:56:09.7723597Z -- Up-to-date: D:/a/sindarin-compiler/sindarin-compiler/bin/deps/include/git2/tree.h
2026-10-02T18:56:09.7724703Z -- Up-to-date: D:/a/sindarin-compiler/sindarin-compiler/bin/deps/include/git2/types.h
2026-10-02T18:56:09.7725864Z -- Up-to-date: D:/a/sindarin-compiler/sindarin-compiler/bin/deps/include/git2/version.h
2026-10-02T18:56:09.7726981Z -- Up-to-date: D:/a/sindarin-compiler/sindarin-compiler/bin/deps/include/git2/worktree.h
2026-10-02T18:56:09.7727956Z --   Copying curl headers...
2026-10-02T18:56:09.7729049Z -- Up-to-date: D:/a/sindarin-compiler/sindarin-compiler/bin/deps/include/curl
2026-10-02T18:56:09.7731105Z -- Up-to-date: D:/a/sindarin-compiler/sindarin-compiler/bin/deps/include/curl/curl.h
2026-10-02T18:56:09.7732507Z -- Up-to-date: D:/a/sindarin-compiler/sindarin-compiler/bin/deps/include/curl/curlver.h
2026-10-02T18:56:09.7733629Z -- Up-to-date: D:/a/sindarin-compiler/sindarin-compiler/bin/deps/include/curl/easy.h
2026-10-02T18:56:09.7734756Z -- Up-to-date: D:/a/sindarin-compiler/sindarin-compiler/bin/deps/include/curl/header.h
2026-10-02T18:56:09.7735903Z -- Up-to-date: D:/a/sindarin-compiler/sindarin-compiler/bin/deps/include/curl/mprintf.h
2026-10-02T18:56:09.7737073Z -- Up-to-date: D:/a/sindarin-compiler/sindarin-compiler/bin/deps/include/curl/multi.h
2026-10-02T18:56:09.7738181Z -- Up-to-date: D:/a/sindarin-compiler/sindarin-compiler/bin/deps/include/curl/options.h
2026-10-02T18:56:09.7739335Z -- Up-to-date: D:/a/sindarin-compiler/sindarin-compiler/bin/deps/include/curl/stdcheaders.h
2026-10-02T18:56:09.7740393Z -- Up-to-date: D:/a/sindarin-compiler/sindarin-compiler/bin/deps/include/curl/system.h
2026-10-02T18:56:09.7741523Z -- Up-to-date: D:/a/sindarin-compiler/sindarin-compiler/bin/deps/include/curl/typecheck-gcc.h
2026-10-02T18:56:09.7742589Z -- Up-to-date: D:/a/sindarin-compiler/sindarin-compiler/bin/deps/include/curl/urlapi.h
2026-10-02T18:56:09.7743759Z -- Up-to-date: D:/a/sindarin-compiler/sindarin-compiler/bin/deps/include/curl/websockets.h
2026-10-02T18:56:09.7751761Z --   Copying library: D:/a/sindarin-compiler/sindarin-compiler/.sn/sindarin-pkg-libs/libs/windows/lib/libzlib.a
2026-10-02T18:56:09.7752991Z -- Up-to-date: D:/a/sindarin-compiler/sindarin-compiler/bin/deps/lib/libzlib.a
2026-10-02T18:56:09.7753797Z --   Copying library: D:/a/sindarin-compiler/sindarin-compiler/.sn/sindarin-pkg-libs/libs/windows/lib/libzs.a
2026-10-02T18:56:09.7754932Z -- Up-to-date: D:/a/sindarin-compiler/sindarin-compiler/bin/deps/lib/libzs.a
2026-10-02T18:56:09.7755666Z --   Copying library: D:/a/sindarin-compiler/sindarin-compiler/.sn/sindarin-pkg-libs/libs/windows/lib/libyyjson.a
2026-10-02T18:56:09.7756689Z -- Up-to-date: D:/a/sindarin-compiler/sindarin-compiler/bin/deps/lib/libyyjson.a
2026-10-02T18:56:09.7757396Z --   Copying library: D:/a/sindarin-compiler/sindarin-compiler/.sn/sindarin-pkg-libs/libs/windows/lib/libxml2.a
2026-10-02T18:56:09.7758382Z -- Up-to-date: D:/a/sindarin-compiler/sindarin-compiler/bin/deps/lib/libxml2.a
2026-10-02T18:56:09.7759082Z --   Copying library: D:/a/sindarin-compiler/sindarin-compiler/.sn/sindarin-pkg-libs/libs/windows/lib/libyaml.a
2026-10-02T18:56:09.7760077Z -- Up-to-date: D:/a/sindarin-compiler/sindarin-compiler/bin/deps/lib/libyaml.a
2026-10-02T18:56:09.7761074Z --   Copying library: D:/a/sindarin-compiler/sindarin-compiler/.sn/sindarin-pkg-libs/libs/windows/lib/libcrypto.a
2026-10-02T18:56:09.7762178Z -- Up-to-date: D:/a/sindarin-compiler/sindarin-compiler/bin/deps/lib/libcrypto.a
2026-10-02T18:56:09.7762777Z --   Copying library: D:/a/sindarin-compiler/sindarin-compiler/.sn/sindarin-pkg-libs/libs/windows/lib/libssl.a
2026-10-02T18:56:09.7763895Z -- Up-to-date: D:/a/sindarin-compiler/sindarin-compiler/bin/deps/lib/libssl.a
2026-10-02T18:56:09.7764473Z --   Copying library: D:/a/sindarin-compiler/sindarin-compiler/.sn/sindarin-pkg-libs/libs/windows/lib/libssh.a
2026-10-02T18:56:09.7765607Z -- Up-to-date: D:/a/sindarin-compiler/sindarin-compiler/bin/deps/lib/libssh.a
2026-10-02T18:56:09.7766220Z --   Copying library: D:/a/sindarin-compiler/sindarin-compiler/.sn/sindarin-pkg-libs/libs/windows/lib/libssh2.a
2026-10-02T18:56:09.7767204Z -- Up-to-date: D:/a/sindarin-compiler/sindarin-compiler/bin/deps/lib/libssh2.a
2026-10-02T18:56:09.7767922Z --   Copying library: D:/a/sindarin-compiler/sindarin-compiler/.sn/sindarin-pkg-libs/libs/windows/lib/libgit2.a
2026-10-02T18:56:09.7768898Z -- Up-to-date: D:/a/sindarin-compiler/sindarin-compiler/bin/deps/lib/libgit2.a
2026-10-02T18:56:09.7769616Z --   Copying library: D:/a/sindarin-compiler/sindarin-compiler/.sn/sindarin-pkg-libs/libs/windows/lib/libhttp_parser.a
2026-10-02T18:56:09.7770899Z -- Up-to-date: D:/a/sindarin-compiler/sindarin-compiler/bin/deps/lib/libhttp_parser.a
2026-10-02T18:56:09.7771794Z --   Copying library: D:/a/sindarin-compiler/sindarin-compiler/.sn/sindarin-pkg-libs/libs/windows/lib/libpcre2-8.a
2026-10-02T18:56:09.7772989Z -- Up-to-date: D:/a/sindarin-compiler/sindarin-compiler/bin/deps/lib/libpcre2-8.a
2026-10-02T18:56:09.7773647Z --   Copying library: D:/a/sindarin-compiler/sindarin-compiler/.sn/sindarin-pkg-libs/libs/windows/lib/libssh2.a
2026-10-02T18:56:09.7774643Z -- Up-to-date: D:/a/sindarin-compiler/sindarin-compiler/bin/deps/lib/libssh2.a
2026-10-02T18:56:09.7775220Z --   Copying library: D:/a/sindarin-compiler/sindarin-compiler/.sn/sindarin-pkg-libs/libs/windows/lib/libcurl.a
2026-10-02T18:56:09.7776346Z -- Up-to-date: D:/a/sindarin-compiler/sindarin-compiler/bin/deps/lib/libcurl.a
2026-10-02T18:56:09.7777293Z --   Dependencies copied to: D:/a/sindarin-compiler/sindarin-compiler/bin/deps
2026-10-02T18:56:09.7777949Z -- Using zlib archive: D:/a/sindarin-compiler/sindarin-compiler/.sn/sindarin-pkg-libs/libs/windows/lib/libzlib.a
2026-10-02T18:56:09.7778538Z -- Found sindarin-template (handlebars)
2026-10-02T18:56:09.7786334Z -- Found libcurl - enabling auto-update feature
2026-10-02T18:56:09.7787414Z -- Found libgit2 and libyaml - enabling package manager
2026-10-02T18:56:09.7839842Z -- 
2026-10-02T18:56:09.7840079Z -- Sindarin Compiler Build Configuration:
2026-10-02T18:56:09.7840410Z --   Version:      1.0.0
2026-10-02T18:56:09.7840665Z --   Platform:     Windows
2026-10-02T18:56:09.7840917Z --   Compiler:     Clang 22.1.8
2026-10-02T18:56:09.7841174Z --   Build Type:   Release
2026-10-02T18:56:09.7841416Z --   Debug:        OFF
2026-10-02T18:56:09.7841631Z --   ASAN:         OFF
2026-10-02T18:56:09.7841931Z --   Output:       D:/a/sindarin-compiler/sindarin-compiler/bin
2026-10-02T18:56:09.7842303Z -- 
2026-10-02T18:56:09.7845648Z -- Configuring done (0.2s)
2026-10-02T18:56:09.8463229Z -- Generating done (0.1s)
2026-10-02T18:56:09.8472980Z -- Build files have been written to: D:/a/sindarin-compiler/sindarin-compiler/build
2026-10-02T18:56:09.8542156Z cmake --build build
2026-10-02T18:56:09.9029553Z [0/2] Re-checking globbed directories...
2026-10-02T18:56:09.9656340Z [1/3] Synchronizing runtime headers
2026-10-02T18:56:10.0906635Z [2/3] Staging compiler artifacts in bin
2026-10-02T18:56:10.1160143Z 
2026-10-02T18:56:10.1343358Z Build complete!
2026-10-02T18:56:10.1519892Z Compiler: bin/sn.exe
2026-10-02T18:56:10.9607155Z PASS tests\rust-thread-ownership\concurrent_references.sn -O0 default
2026-10-02T18:56:11.7008089Z PASS tests\rust-thread-ownership\concurrent_references.sn -O1 default
2026-10-02T18:56:12.4427749Z PASS tests\rust-thread-ownership\concurrent_references.sn -O2 default
2026-10-02T18:56:13.1702693Z PASS tests\rust-thread-ownership\concurrent_references.sn -O0 checked
2026-10-02T18:56:13.9075225Z PASS tests\rust-thread-ownership\concurrent_references.sn -O1 checked
2026-10-02T18:56:14.6248583Z PASS tests\rust-thread-ownership\concurrent_references.sn -O2 checked
2026-10-02T18:56:15.3516474Z PASS tests\rust-thread-ownership\concurrent_references.sn -O0 unchecked
2026-10-02T18:56:16.0635815Z PASS tests\rust-thread-ownership\concurrent_references.sn -O1 unchecked
2026-10-02T18:56:16.8028541Z PASS tests\rust-thread-ownership\concurrent_references.sn -O2 unchecked
2026-10-02T18:56:17.4475114Z PASS tests\rust-thread-ownership\empty_handles.sn -O0 default
2026-10-02T18:56:18.0839037Z PASS tests\rust-thread-ownership\empty_handles.sn -O1 default
2026-10-02T18:56:18.7308562Z PASS tests\rust-thread-ownership\empty_handles.sn -O2 default
2026-10-02T18:56:19.3853816Z PASS tests\rust-thread-ownership\empty_handles.sn -O0 checked
2026-10-02T18:56:20.0150627Z PASS tests\rust-thread-ownership\empty_handles.sn -O1 checked
2026-10-02T18:56:20.6394505Z PASS tests\rust-thread-ownership\empty_handles.sn -O2 checked
2026-10-02T18:56:21.2950097Z PASS tests\rust-thread-ownership\empty_handles.sn -O0 unchecked
2026-10-02T18:56:21.9412049Z PASS tests\rust-thread-ownership\empty_handles.sn -O1 unchecked
2026-10-02T18:56:22.5811772Z PASS tests\rust-thread-ownership\empty_handles.sn -O2 unchecked
2026-10-02T18:56:23.2680047Z PASS tests\rust-thread-ownership\escaped_capture.sn -O0 default
2026-10-02T18:56:23.9574189Z PASS tests\rust-thread-ownership\escaped_capture.sn -O1 default
2026-10-02T18:56:24.6160442Z PASS tests\rust-thread-ownership\escaped_capture.sn -O2 default
2026-10-02T18:56:25.2966925Z PASS tests\rust-thread-ownership\escaped_capture.sn -O0 checked
2026-10-02T18:56:26.0101308Z PASS tests\rust-thread-ownership\escaped_capture.sn -O1 checked
2026-10-02T18:56:26.7078204Z PASS tests\rust-thread-ownership\escaped_capture.sn -O2 checked
2026-10-02T18:56:27.3742236Z PASS tests\rust-thread-ownership\escaped_capture.sn -O0 unchecked
2026-10-02T18:56:28.0676175Z PASS tests\rust-thread-ownership\escaped_capture.sn -O1 unchecked
2026-10-02T18:56:28.7551356Z PASS tests\rust-thread-ownership\escaped_capture.sn -O2 unchecked
2026-10-02T18:56:29.5205117Z PASS tests\rust-thread-ownership\handle_array_alias.sn -O0 default
2026-10-02T18:56:30.2696104Z PASS tests\rust-thread-ownership\handle_array_alias.sn -O1 default
2026-10-02T18:56:31.0289165Z PASS tests\rust-thread-ownership\handle_array_alias.sn -O2 default
2026-10-02T18:56:31.7929024Z PASS tests\rust-thread-ownership\handle_array_alias.sn -O0 checked
2026-10-02T18:56:32.5423822Z PASS tests\rust-thread-ownership\handle_array_alias.sn -O1 checked
2026-10-02T18:56:33.2830060Z PASS tests\rust-thread-ownership\handle_array_alias.sn -O2 checked
2026-10-02T18:56:34.0804849Z PASS tests\rust-thread-ownership\handle_array_alias.sn -O0 unchecked
2026-10-02T18:56:34.7987283Z PASS tests\rust-thread-ownership\handle_array_alias.sn -O1 unchecked
2026-10-02T18:56:35.5353272Z PASS tests\rust-thread-ownership\handle_array_alias.sn -O2 unchecked
2026-10-02T18:56:36.3322494Z PASS tests\rust-thread-ownership\handle_array_assignment.sn -O0 default
2026-10-02T18:56:37.0968126Z PASS tests\rust-thread-ownership\handle_array_assignment.sn -O1 default
2026-10-02T18:56:37.8472127Z PASS tests\rust-thread-ownership\handle_array_assignment.sn -O2 default
2026-10-02T18:56:38.6345921Z PASS tests\rust-thread-ownership\handle_array_assignment.sn -O0 checked
2026-10-02T18:56:39.4225590Z PASS tests\rust-thread-ownership\handle_array_assignment.sn -O1 checked
2026-10-02T18:56:40.1988012Z PASS tests\rust-thread-ownership\handle_array_assignment.sn -O2 checked
2026-10-02T18:56:40.9429389Z PASS tests\rust-thread-ownership\handle_array_assignment.sn -O0 unchecked
2026-10-02T18:56:41.6969444Z PASS tests\rust-thread-ownership\handle_array_assignment.sn -O1 unchecked
2026-10-02T18:56:42.4474049Z PASS tests\rust-thread-ownership\handle_array_assignment.sn -O2 unchecked
2026-10-02T18:56:43.1005984Z PASS tests\rust-thread-ownership\recursive.sn -O0 default
2026-10-02T18:56:43.7669184Z PASS tests\rust-thread-ownership\recursive.sn -O1 default
2026-10-02T18:56:44.4463634Z PASS tests\rust-thread-ownership\recursive.sn -O2 default
2026-10-02T18:56:45.1309929Z PASS tests\rust-thread-ownership\recursive.sn -O0 checked
2026-10-02T18:56:45.7915925Z PASS tests\rust-thread-ownership\recursive.sn -O1 checked
2026-10-02T18:56:46.4688058Z PASS tests\rust-thread-ownership\recursive.sn -O2 checked
2026-10-02T18:56:47.1227049Z PASS tests\rust-thread-ownership\recursive.sn -O0 unchecked
2026-10-02T18:56:47.7935650Z PASS tests\rust-thread-ownership\recursive.sn -O1 unchecked
2026-10-02T18:56:48.4756611Z PASS tests\rust-thread-ownership\recursive.sn -O2 unchecked
2026-10-02T18:56:49.1663715Z PASS tests\rust-thread-ownership\reference_aliases.sn -O0 default
2026-10-02T18:56:49.8812779Z PASS tests\rust-thread-ownership\reference_aliases.sn -O1 default
2026-10-02T18:56:50.5780284Z PASS tests\rust-thread-ownership\reference_aliases.sn -O2 default
2026-10-02T18:56:51.3105922Z PASS tests\rust-thread-ownership\reference_aliases.sn -O0 checked
2026-10-02T18:56:52.0419840Z PASS tests\rust-thread-ownership\reference_aliases.sn -O1 checked
2026-10-02T18:56:52.7728599Z PASS tests\rust-thread-ownership\reference_aliases.sn -O2 checked
2026-10-02T18:56:53.4899261Z PASS tests\rust-thread-ownership\reference_aliases.sn -O0 unchecked
2026-10-02T18:56:54.1884179Z PASS tests\rust-thread-ownership\reference_aliases.sn -O1 unchecked
2026-10-02T18:56:54.9112922Z PASS tests\rust-thread-ownership\reference_aliases.sn -O2 unchecked
2026-10-02T18:56:55.6801317Z PASS tests\rust-thread-ownership\shared_array.sn -O0 default
2026-10-02T18:56:56.4472944Z PASS tests\rust-thread-ownership\shared_array.sn -O1 default
2026-10-02T18:56:57.1914622Z PASS tests\rust-thread-ownership\shared_array.sn -O2 default
2026-10-02T18:56:57.9961334Z PASS tests\rust-thread-ownership\shared_array.sn -O0 checked
2026-10-02T18:56:58.7799040Z PASS tests\rust-thread-ownership\shared_array.sn -O1 checked
2026-10-02T18:56:59.5350587Z PASS tests\rust-thread-ownership\shared_array.sn -O2 checked
2026-10-02T18:57:00.2870204Z PASS tests\rust-thread-ownership\shared_array.sn -O0 unchecked
2026-10-02T18:57:01.0176929Z PASS tests\rust-thread-ownership\shared_array.sn -O1 unchecked
2026-10-02T18:57:01.7707475Z PASS tests\rust-thread-ownership\shared_array.sn -O2 unchecked
2026-10-02T18:57:02.5122836Z PASS tests\rust-thread-ownership\shared_scalar.sn -O0 default
2026-10-02T18:57:03.2343467Z PASS tests\rust-thread-ownership\shared_scalar.sn -O1 default
2026-10-02T18:57:03.9395855Z PASS tests\rust-thread-ownership\shared_scalar.sn -O2 default
2026-10-02T18:57:04.6651551Z PASS tests\rust-thread-ownership\shared_scalar.sn -O0 checked
2026-10-02T18:57:05.3779640Z PASS tests\rust-thread-ownership\shared_scalar.sn -O1 checked
2026-10-02T18:57:06.1261287Z PASS tests\rust-thread-ownership\shared_scalar.sn -O2 checked
2026-10-02T18:57:06.8525094Z PASS tests\rust-thread-ownership\shared_scalar.sn -O0 unchecked
2026-10-02T18:57:07.6033926Z PASS tests\rust-thread-ownership\shared_scalar.sn -O1 unchecked
2026-10-02T18:57:08.3202094Z PASS tests\rust-thread-ownership\shared_scalar.sn -O2 unchecked
2026-10-02T18:57:08.9231333Z FAIL tests\rust-thread-ownership\sync_reference.sn -O0 default
2026-10-02T18:57:09.5299683Z FAIL tests\rust-thread-ownership\sync_reference.sn -O1 default
2026-10-02T18:57:10.1236898Z FAIL tests\rust-thread-ownership\sync_reference.sn -O2 default
2026-10-02T18:57:10.7159383Z FAIL tests\rust-thread-ownership\sync_reference.sn -O0 checked
2026-10-02T18:57:11.3240658Z FAIL tests\rust-thread-ownership\sync_reference.sn -O1 checked
2026-10-02T18:57:11.9111335Z FAIL tests\rust-thread-ownership\sync_reference.sn -O2 checked
2026-10-02T18:57:12.5036740Z FAIL tests\rust-thread-ownership\sync_reference.sn -O0 unchecked
2026-10-02T18:57:13.1032356Z FAIL tests\rust-thread-ownership\sync_reference.sn -O1 unchecked
2026-10-02T18:57:13.7055453Z FAIL tests\rust-thread-ownership\sync_reference.sn -O2 unchecked
2026-10-02T18:57:14.2940632Z PASS tests\rust-thread-ownership\using_return.sn -O0 default
2026-10-02T18:57:14.8883343Z PASS tests\rust-thread-ownership\using_return.sn -O1 default
2026-10-02T18:57:15.4618810Z PASS tests\rust-thread-ownership\using_return.sn -O2 default
2026-10-02T18:57:16.0219987Z PASS tests\rust-thread-ownership\using_return.sn -O0 checked
2026-10-02T18:57:16.5809053Z PASS tests\rust-thread-ownership\using_return.sn -O1 checked
2026-10-02T18:57:17.1372392Z PASS tests\rust-thread-ownership\using_return.sn -O2 checked
2026-10-02T18:57:17.7007706Z PASS tests\rust-thread-ownership\using_return.sn -O0 unchecked
2026-10-02T18:57:18.2901772Z PASS tests\rust-thread-ownership\using_return.sn -O1 unchecked
2026-10-02T18:57:18.8874629Z PASS tests\rust-thread-ownership\using_return.sn -O2 unchecked
2026-10-02T18:57:19.6207506Z PASS tests\rust-thread-array-identity\alias_rebind.sn -O0 default
2026-10-02T18:57:20.3344618Z PASS tests\rust-thread-array-identity\alias_rebind.sn -O1 default
2026-10-02T18:57:21.0745321Z PASS tests\rust-thread-array-identity\alias_rebind.sn -O2 default
2026-10-02T18:57:21.7953762Z PASS tests\rust-thread-array-identity\alias_rebind.sn -O0 checked
2026-10-02T18:57:22.5283495Z PASS tests\rust-thread-array-identity\alias_rebind.sn -O1 checked
2026-10-02T18:57:23.2816120Z PASS tests\rust-thread-array-identity\alias_rebind.sn -O2 checked
2026-10-02T18:57:24.0403834Z PASS tests\rust-thread-array-identity\alias_rebind.sn -O0 unchecked
2026-10-02T18:57:24.7484341Z PASS tests\rust-thread-array-identity\alias_rebind.sn -O1 unchecked
2026-10-02T18:57:25.4777709Z PASS tests\rust-thread-array-identity\alias_rebind.sn -O2 unchecked
2026-10-02T18:57:26.2054493Z PASS tests\rust-thread-array-identity\argument_order.sn -O0 default
2026-10-02T18:57:26.9033773Z PASS tests\rust-thread-array-identity\argument_order.sn -O1 default
2026-10-02T18:57:27.6087290Z PASS tests\rust-thread-array-identity\argument_order.sn -O2 default
2026-10-02T18:57:28.3282495Z PASS tests\rust-thread-array-identity\argument_order.sn -O0 checked
2026-10-02T18:57:29.0576657Z PASS tests\rust-thread-array-identity\argument_order.sn -O1 checked
2026-10-02T18:57:29.7855017Z PASS tests\rust-thread-array-identity\argument_order.sn -O2 checked
2026-10-02T18:57:30.4995825Z PASS tests\rust-thread-array-identity\argument_order.sn -O0 unchecked
2026-10-02T18:57:31.2200511Z PASS tests\rust-thread-array-identity\argument_order.sn -O1 unchecked
2026-10-02T18:57:31.9414889Z PASS tests\rust-thread-array-identity\argument_order.sn -O2 unchecked
2026-10-02T18:57:32.8275186Z PASS tests\rust-thread-array-identity\indexed_array_field_order.sn -O0 default
2026-10-02T18:57:33.7376792Z PASS tests\rust-thread-array-identity\indexed_array_field_order.sn -O1 default
2026-10-02T18:57:34.6237886Z PASS tests\rust-thread-array-identity\indexed_array_field_order.sn -O2 default
2026-10-02T18:57:35.5098402Z PASS tests\rust-thread-array-identity\indexed_array_field_order.sn -O0 checked
2026-10-02T18:57:36.3816227Z PASS tests\rust-thread-array-identity\indexed_array_field_order.sn -O1 checked
2026-10-02T18:57:37.2639598Z PASS tests\rust-thread-array-identity\indexed_array_field_order.sn -O2 checked
2026-10-02T18:57:38.1932659Z PASS tests\rust-thread-array-identity\indexed_array_field_order.sn -O0 unchecked
2026-10-02T18:57:39.0683422Z PASS tests\rust-thread-array-identity\indexed_array_field_order.sn -O1 unchecked
2026-10-02T18:57:39.9445915Z PASS tests\rust-thread-array-identity\indexed_array_field_order.sn -O2 unchecked
2026-10-02T18:57:40.8609088Z PASS tests\rust-thread-array-identity\indexed_cleanup_callback.sn -O0 default
2026-10-02T18:57:41.7596547Z PASS tests\rust-thread-array-identity\indexed_cleanup_callback.sn -O1 default
2026-10-02T18:57:42.6920642Z PASS tests\rust-thread-array-identity\indexed_cleanup_callback.sn -O2 default
2026-10-02T18:57:43.6097964Z PASS tests\rust-thread-array-identity\indexed_cleanup_callback.sn -O0 checked
2026-10-02T18:57:44.5105679Z PASS tests\rust-thread-array-identity\indexed_cleanup_callback.sn -O1 checked
2026-10-02T18:57:45.4153369Z PASS tests\rust-thread-array-identity\indexed_cleanup_callback.sn -O2 checked
2026-10-02T18:57:46.3202743Z PASS tests\rust-thread-array-identity\indexed_cleanup_callback.sn -O0 unchecked
2026-10-02T18:57:47.2310817Z PASS tests\rust-thread-array-identity\indexed_cleanup_callback.sn -O1 unchecked
2026-10-02T18:57:48.6633708Z PASS tests\rust-thread-array-identity\indexed_cleanup_callback.sn -O2 unchecked
2026-10-02T18:57:49.3458310Z PASS tests\rust-thread-array-identity\indexed_member.sn.raw -O0 default
2026-10-02T18:57:50.0314258Z PASS tests\rust-thread-array-identity\indexed_member.sn.raw -O1 default
2026-10-02T18:57:50.7221445Z PASS tests\rust-thread-array-identity\indexed_member.sn.raw -O2 default
2026-10-02T18:57:51.4359813Z PASS tests\rust-thread-array-identity\indexed_member.sn.raw -O0 checked
2026-10-02T18:57:52.1393381Z PASS tests\rust-thread-array-identity\indexed_member.sn.raw -O1 checked
2026-10-02T18:57:52.8376751Z PASS tests\rust-thread-array-identity\indexed_member.sn.raw -O2 checked
2026-10-02T18:57:53.5530262Z PASS tests\rust-thread-array-identity\indexed_member.sn.raw -O0 unchecked
2026-10-02T18:57:54.2513036Z PASS tests\rust-thread-array-identity\indexed_member.sn.raw -O1 unchecked
2026-10-02T18:57:54.9558479Z PASS tests\rust-thread-array-identity\indexed_member.sn.raw -O2 unchecked
2026-10-02T18:57:55.8426792Z PASS tests\rust-thread-array-identity\indexed_member_rhs_join.sn -O0 default
2026-10-02T18:57:56.7344050Z PASS tests\rust-thread-array-identity\indexed_member_rhs_join.sn -O1 default
2026-10-02T18:57:57.6319082Z PASS tests\rust-thread-array-identity\indexed_member_rhs_join.sn -O2 default
2026-10-02T18:57:58.6958047Z PASS tests\rust-thread-array-identity\indexed_member_rhs_join.sn -O0 checked
2026-10-02T18:57:59.8086229Z PASS tests\rust-thread-array-identity\indexed_member_rhs_join.sn -O1 checked
2026-10-02T18:58:00.6827282Z PASS tests\rust-thread-array-identity\indexed_member_rhs_join.sn -O2 checked
2026-10-02T18:58:01.5863010Z PASS tests\rust-thread-array-identity\indexed_member_rhs_join.sn -O0 unchecked
2026-10-02T18:58:02.5763588Z PASS tests\rust-thread-array-identity\indexed_member_rhs_join.sn -O1 unchecked
2026-10-02T18:58:03.4710323Z PASS tests\rust-thread-array-identity\indexed_member_rhs_join.sn -O2 unchecked
2026-10-02T18:58:04.2850173Z PASS tests\rust-thread-array-identity\indexed_nested_cleanup.sn.raw -O0 default
2026-10-02T18:58:05.1168369Z PASS tests\rust-thread-array-identity\indexed_nested_cleanup.sn.raw -O1 default
2026-10-02T18:58:05.9227659Z PASS tests\rust-thread-array-identity\indexed_nested_cleanup.sn.raw -O2 default
2026-10-02T18:58:06.7470950Z PASS tests\rust-thread-array-identity\indexed_nested_cleanup.sn.raw -O0 checked
2026-10-02T18:58:07.5776486Z PASS tests\rust-thread-array-identity\indexed_nested_cleanup.sn.raw -O1 checked
2026-10-02T18:58:08.4254538Z PASS tests\rust-thread-array-identity\indexed_nested_cleanup.sn.raw -O2 checked
2026-10-02T18:58:09.2894513Z PASS tests\rust-thread-array-identity\indexed_nested_cleanup.sn.raw -O0 unchecked
2026-10-02T18:58:10.1113983Z PASS tests\rust-thread-array-identity\indexed_nested_cleanup.sn.raw -O1 unchecked
2026-10-02T18:58:10.9520612Z PASS tests\rust-thread-array-identity\indexed_nested_cleanup.sn.raw -O2 unchecked
2026-10-02T18:58:11.6604868Z PASS tests\rust-thread-array-identity\mutation.sn -O0 default
2026-10-02T18:58:12.3534907Z PASS tests\rust-thread-array-identity\mutation.sn -O1 default
2026-10-02T18:58:13.0894337Z PASS tests\rust-thread-array-identity\mutation.sn -O2 default
2026-10-02T18:58:13.7977551Z PASS tests\rust-thread-array-identity\mutation.sn -O0 checked
2026-10-02T18:58:14.5276888Z PASS tests\rust-thread-array-identity\mutation.sn -O1 checked
2026-10-02T18:58:15.2379089Z PASS tests\rust-thread-array-identity\mutation.sn -O2 checked
2026-10-02T18:58:15.9647842Z PASS tests\rust-thread-array-identity\mutation.sn -O0 unchecked
2026-10-02T18:58:16.6452531Z PASS tests\rust-thread-array-identity\mutation.sn -O1 unchecked
2026-10-02T18:58:17.3544759Z PASS tests\rust-thread-array-identity\mutation.sn -O2 unchecked
2026-10-02T18:58:18.1162117Z PASS tests\rust-thread-array-identity\mutation.sn.raw -O0 default
2026-10-02T18:58:18.8477397Z PASS tests\rust-thread-array-identity\mutation.sn.raw -O1 default
2026-10-02T18:58:19.5501435Z PASS tests\rust-thread-array-identity\mutation.sn.raw -O2 default
2026-10-02T18:58:20.2580740Z PASS tests\rust-thread-array-identity\mutation.sn.raw -O0 checked
2026-10-02T18:58:20.9957654Z PASS tests\rust-thread-array-identity\mutation.sn.raw -O1 checked
2026-10-02T18:58:21.6815756Z PASS tests\rust-thread-array-identity\mutation.sn.raw -O2 checked
2026-10-02T18:58:22.3841064Z PASS tests\rust-thread-array-identity\mutation.sn.raw -O0 unchecked
2026-10-02T18:58:23.0764315Z PASS tests\rust-thread-array-identity\mutation.sn.raw -O1 unchecked
2026-10-02T18:58:23.7483716Z PASS tests\rust-thread-array-identity\mutation.sn.raw -O2 unchecked
2026-10-02T18:58:24.4605670Z PASS tests\rust-thread-array-identity\nested_join.sn -O0 default
2026-10-02T18:58:25.1786570Z PASS tests\rust-thread-array-identity\nested_join.sn -O1 default
2026-10-02T18:58:25.8677940Z PASS tests\rust-thread-array-identity\nested_join.sn -O2 default
2026-10-02T18:58:26.6499200Z PASS tests\rust-thread-array-identity\nested_join.sn -O0 checked
2026-10-02T18:58:27.3600076Z PASS tests\rust-thread-array-identity\nested_join.sn -O1 checked
2026-10-02T18:58:28.0628119Z PASS tests\rust-thread-array-identity\nested_join.sn -O2 checked
2026-10-02T18:58:28.7694986Z PASS tests\rust-thread-array-identity\nested_join.sn -O0 unchecked
2026-10-02T18:58:29.4851487Z PASS tests\rust-thread-array-identity\nested_join.sn -O1 unchecked
2026-10-02T18:58:30.2334073Z PASS tests\rust-thread-array-identity\nested_join.sn -O2 unchecked
2026-10-02T18:58:30.9821395Z PASS tests\rust-thread-array-identity\repeated_argument.sn -O0 default
2026-10-02T18:58:31.6952689Z PASS tests\rust-thread-array-identity\repeated_argument.sn -O1 default
2026-10-02T18:58:32.3971465Z PASS tests\rust-thread-array-identity\repeated_argument.sn -O2 default
2026-10-02T18:58:33.2205369Z PASS tests\rust-thread-array-identity\repeated_argument.sn -O0 checked
2026-10-02T18:58:33.9144400Z PASS tests\rust-thread-array-identity\repeated_argument.sn -O1 checked
2026-10-02T18:58:34.6262470Z PASS tests\rust-thread-array-identity\repeated_argument.sn -O2 checked
2026-10-02T18:58:35.3262621Z PASS tests\rust-thread-array-identity\repeated_argument.sn -O0 unchecked
2026-10-02T18:58:36.0387779Z PASS tests\rust-thread-array-identity\repeated_argument.sn -O1 unchecked
2026-10-02T18:58:36.7285378Z PASS tests\rust-thread-array-identity\repeated_argument.sn -O2 unchecked
2026-10-02T18:58:37.4447259Z PASS tests\rust-thread-array-identity\temporary_argument.sn -O0 default
2026-10-02T18:58:38.2192728Z PASS tests\rust-thread-array-identity\temporary_argument.sn -O1 default
2026-10-02T18:58:39.0490244Z PASS tests\rust-thread-array-identity\temporary_argument.sn -O2 default
2026-10-02T18:58:39.7976106Z PASS tests\rust-thread-array-identity\temporary_argument.sn -O0 checked
2026-10-02T18:58:40.5358456Z PASS tests\rust-thread-array-identity\temporary_argument.sn -O1 checked
2026-10-02T18:58:41.2601444Z PASS tests\rust-thread-array-identity\temporary_argument.sn -O2 checked
2026-10-02T18:58:42.0646410Z PASS tests\rust-thread-array-identity\temporary_argument.sn -O0 unchecked
2026-10-02T18:58:42.8521983Z PASS tests\rust-thread-array-identity\temporary_argument.sn -O1 unchecked
2026-10-02T18:58:43.5594632Z PASS tests\rust-thread-array-identity\temporary_argument.sn -O2 unchecked
2026-10-02T18:58:43.7079217Z make: *** [Makefile:256: test-rust-parity-thread-ownership] Error 1
2026-10-02T18:58:43.7100896Z ##[endgroup]
2026-10-02T18:58:43.7149390Z ##[error]Process completed with exit code 1.
2026-10-02T18:58:43.7326463Z ##[group]Run actions/upload-artifact@v7
2026-10-02T18:58:43.7326736Z with:
2026-10-02T18:58:43.7326932Z   name: rust-runtime-diagnostics-windows-latest
2026-10-02T18:58:43.7327490Z   path: .sn/rust-runtime-diagnostics/
.sn/rust-parity-core.json
.sn/rust-parity-concurrency.json
.sn/rust-parity-thread-ownership.json

2026-10-02T18:58:43.7327966Z   if-no-files-found: ignore
2026-10-02T18:58:43.7328150Z   retention-days: 7
2026-10-02T18:58:43.7328308Z   compression-level: 6
2026-10-02T18:58:43.7328472Z   overwrite: false
2026-10-02T18:58:43.7328632Z   include-hidden-files: false
2026-10-02T18:58:43.7328809Z   archive: true
2026-10-02T18:58:43.7329161Z ##[endgroup]
2026-10-02T18:58:43.8791141Z Multiple search paths detected. Calculating the least common ancestor of all paths
2026-10-02T18:58:43.8794379Z The least common ancestor is D:\a\sindarin-compiler\sindarin-compiler\.sn. This will be the root directory of the artifact
2026-10-02T18:58:43.8795242Z With the provided path, there will be 3 files uploaded
2026-10-02T18:58:43.8798917Z Artifact name is valid!
2026-10-02T18:58:43.8799748Z Root directory input is valid!
2026-10-02T18:58:44.2057612Z Uploading artifact: rust-runtime-diagnostics-windows-latest.zip
2026-10-02T18:58:44.2092666Z Beginning upload of artifact content to blob storage
2026-10-02T18:58:44.5955350Z Uploaded bytes 58661
2026-10-02T18:58:44.6601629Z Finished uploading artifact content to blob storage!
2026-10-02T18:58:44.6602370Z SHA256 digest of uploaded artifact is 51324cb5b844d8ecaad1144ffb8d56b906f8d0f45b1f7efd61c37c685535b51b
2026-10-02T18:58:44.6602997Z Finalizing artifact upload
2026-10-02T18:58:45.0488048Z Artifact rust-runtime-diagnostics-windows-latest successfully finalized. Artifact ID 11246246950
2026-10-02T18:58:45.0489128Z Artifact rust-runtime-diagnostics-windows-latest has been successfully uploaded! Final size is 58661 bytes. Artifact ID is 11246246950
2026-10-02T18:58:45.0496822Z Artifact download URL: https://github.com/SindarinSDK/sindarin-compiler/actions/runs/37050270094/artifacts/11246246950
2026-10-02T18:58:45.0817920Z Post job cleanup.
2026-10-02T18:58:45.2209961Z [command]"C:\Program Files\Git\bin\git.exe" version
2026-10-02T18:58:45.2463423Z git version 2.55.0.windows.5
2026-10-02T18:58:45.2515374Z Temporarily overriding HOME='D:\a\_temp\50bb4019-7dd9-4dc8-bee0-eacf855ff81f' before making global git config changes
2026-10-02T18:58:45.2516274Z Adding repository directory to the temporary git global config as a safe directory
2026-10-02T18:58:45.2524314Z [command]"C:\Program Files\Git\bin\git.exe" config --global --add safe.directory D:\a\sindarin-compiler\sindarin-compiler
2026-10-02T18:58:45.2759691Z Removing SSH command configuration
2026-10-02T18:58:45.2769101Z [command]"C:\Program Files\Git\bin\git.exe" config --local --name-only --get-regexp core\.sshCommand
2026-10-02T18:58:45.3036554Z [command]"C:\Program Files\Git\bin\git.exe" submodule foreach --recursive "sh -c \"git config --local --name-only --get-regexp 'core\.sshCommand' && git config --local --unset-all 'core.sshCommand' || :\""
2026-10-02T18:58:45.7498552Z Removing HTTP extra header
2026-10-02T18:58:45.7507280Z [command]"C:\Program Files\Git\bin\git.exe" config --local --name-only --get-regexp http\.https\:\/\/github\.com\/\.extraheader
2026-10-02T18:58:45.7761666Z [command]"C:\Program Files\Git\bin\git.exe" submodule foreach --recursive "sh -c \"git config --local --name-only --get-regexp 'http\.https\:\/\/github\.com\/\.extraheader' && git config --local --unset-all 'http.https://github.com/.extraheader' || :\""
2026-10-02T18:58:46.2262008Z Removing includeIf entries pointing to credentials config files
2026-10-02T18:58:46.2276570Z [command]"C:\Program Files\Git\bin\git.exe" config --local --name-only --get-regexp ^includeIf\.gitdir:
2026-10-02T18:58:46.2495610Z includeif.gitdir:D:/a/sindarin-compiler/sindarin-compiler/.git.path
2026-10-02T18:58:46.2496172Z includeif.gitdir:D:/a/sindarin-compiler/sindarin-compiler/.git/worktrees/*.path
2026-10-02T18:58:46.2496510Z includeif.gitdir:/github/workspace/.git.path
2026-10-02T18:58:46.2496822Z includeif.gitdir:/github/workspace/.git/worktrees/*.path
2026-10-02T18:58:46.2530205Z [command]"C:\Program Files\Git\bin\git.exe" config --local --get-all includeif.gitdir:D:/a/sindarin-compiler/sindarin-compiler/.git.path
2026-10-02T18:58:46.2746231Z D:\a\_temp\git-credentials-8aa5025c-e6a8-4a09-a3a9-d6440b4627d8.config
2026-10-02T18:58:46.2782301Z [command]"C:\Program Files\Git\bin\git.exe" config --local --unset includeif.gitdir:D:/a/sindarin-compiler/sindarin-compiler/.git.path D\:\\a\\_temp\\git\-credentials\-8aa5025c\-e6a8\-4a09\-a3a9\-d6440b4627d8\.config
2026-10-02T18:58:46.3077365Z [command]"C:\Program Files\Git\bin\git.exe" config --local --get-all includeif.gitdir:D:/a/sindarin-compiler/sindarin-compiler/.git/worktrees/*.path
2026-10-02T18:58:46.3283483Z D:\a\_temp\git-credentials-8aa5025c-e6a8-4a09-a3a9-d6440b4627d8.config
2026-10-02T18:58:46.3316138Z [command]"C:\Program Files\Git\bin\git.exe" config --local --unset includeif.gitdir:D:/a/sindarin-compiler/sindarin-compiler/.git/worktrees/*.path D\:\\a\\_temp\\git\-credentials\-8aa5025c\-e6a8\-4a09\-a3a9\-d6440b4627d8\.config
2026-10-02T18:58:46.3558700Z [command]"C:\Program Files\Git\bin\git.exe" config --local --get-all includeif.gitdir:/github/workspace/.git.path
2026-10-02T18:58:46.3767635Z /github/runner_temp/git-credentials-8aa5025c-e6a8-4a09-a3a9-d6440b4627d8.config
2026-10-02T18:58:46.3802502Z [command]"C:\Program Files\Git\bin\git.exe" config --local --unset includeif.gitdir:/github/workspace/.git.path \/github\/runner_temp\/git\-credentials\-8aa5025c\-e6a8\-4a09\-a3a9\-d6440b4627d8\.config
2026-10-02T18:58:46.4044420Z [command]"C:\Program Files\Git\bin\git.exe" config --local --get-all includeif.gitdir:/github/workspace/.git/worktrees/*.path
2026-10-02T18:58:46.4244775Z /github/runner_temp/git-credentials-8aa5025c-e6a8-4a09-a3a9-d6440b4627d8.config
2026-10-02T18:58:46.4280026Z [command]"C:\Program Files\Git\bin\git.exe" config --local --unset includeif.gitdir:/github/workspace/.git/worktrees/*.path \/github\/runner_temp\/git\-credentials\-8aa5025c\-e6a8\-4a09\-a3a9\-d6440b4627d8\.config
2026-10-02T18:58:46.4518907Z [command]"C:\Program Files\Git\bin\git.exe" submodule foreach --recursive "git config --local --show-origin --name-only --get-regexp remote.origin.url"
2026-10-02T18:58:46.8894045Z Removing credentials config 'D:\a\_temp\git-credentials-8aa5025c-e6a8-4a09-a3a9-d6440b4627d8.config'
2026-10-02T18:58:46.9064188Z Cleaning up orphan processes
2026-10-02T18:58:46.9270590Z Terminate orphan process: pid (6692) (vctip)
