2026-10-02T17:18:11.7511010Z Current runner version: '2.337.0'
2026-10-02T17:18:11.7529020Z ##[group]Runner Image Provisioner
2026-10-02T17:18:11.7529660Z Hosted Compute Agent
2026-10-02T17:18:11.7530140Z Version: 20260828.587
2026-10-02T17:18:11.7530690Z Commit: abac92662cab4cc7352de4f9f9d2e2419aad9c29
2026-10-02T17:18:11.7531170Z Build Date: 2026-08-28T16:44:25Z
2026-10-02T17:18:11.7531680Z Worker ID: {ab75db3f-d115-4267-9ece-8343ff631855}
2026-10-02T17:18:11.7532160Z Azure Region: westus
2026-10-02T17:18:11.7532600Z ##[endgroup]
2026-10-02T17:18:11.7533590Z ##[group]Operating System
2026-10-02T17:18:11.7534020Z macOS
2026-10-02T17:18:11.7534570Z 26.6.2
2026-10-02T17:18:11.7535010Z 25G83
2026-10-02T17:18:11.7535360Z ##[endgroup]
2026-10-02T17:18:11.7535720Z ##[group]Runner Image
2026-10-02T17:18:11.7536110Z Image: macos-26-arm64
2026-10-02T17:18:11.7536560Z Version: 20260907.0351.1
2026-10-02T17:18:11.7537710Z Included Software: https://github.com/actions/runner-images/blob/macos-26-arm64/20260907.0351/images/macos/macos-26-arm64-Readme.md
2026-10-02T17:18:11.7539040Z Image Release: https://github.com/actions/runner-images/releases/tag/macos-26-arm64%2F20260907.0351
2026-10-02T17:18:11.7539860Z ##[endgroup]
2026-10-02T17:18:11.7541030Z ##[group]GITHUB_TOKEN Permissions
2026-10-02T17:18:11.7542990Z Contents: read
2026-10-02T17:18:11.7544970Z Metadata: read
2026-10-02T17:18:11.7545690Z ##[endgroup]
2026-10-02T17:18:11.7548200Z Secret source: Actions
2026-10-02T17:18:11.7549350Z Cache mode: write
2026-10-02T17:18:11.7550280Z Prepare workflow directory
2026-10-02T17:18:11.8107970Z Prepare all required actions
2026-10-02T17:18:11.8188440Z Getting action download info
2026-10-02T17:18:11.9993020Z Download action repository 'actions/checkout@v7' (SHA:3d3c42e5aac5ba805825da76410c181273ba90b1)
2026-10-02T17:18:12.2961670Z Download action repository 'actions/upload-artifact@v7' (SHA:043fb46d1a93c77aae656e7c1c64a875d1fc6a0a)
2026-10-02T17:18:12.4604850Z Complete job name: Rust runtime (macos-latest)
2026-10-02T17:18:12.5154730Z ##[group]Run actions/checkout@v7
2026-10-02T17:18:12.5156390Z with:
2026-10-02T17:18:12.5157570Z   repository: SindarinSDK/sindarin-compiler
2026-10-02T17:18:12.5165150Z   token: ***
2026-10-02T17:18:12.5166030Z   ssh-strict: true
2026-10-02T17:18:12.5166920Z   ssh-user: git
2026-10-02T17:18:12.5167840Z   persist-credentials: true
2026-10-02T17:18:12.5169340Z   clean: true
2026-10-02T17:18:12.5169790Z   sparse-checkout-cone-mode: true
2026-10-02T17:18:12.5170220Z   fetch-depth: 1
2026-10-02T17:18:12.5170540Z   fetch-tags: false
2026-10-02T17:18:12.5170860Z   show-progress: true
2026-10-02T17:18:12.5171230Z   lfs: false
2026-10-02T17:18:12.5171590Z   submodules: false
2026-10-02T17:18:12.5171920Z   set-safe-directory: true
2026-10-02T17:18:12.5172300Z   allow-unsafe-pr-checkout: false
2026-10-02T17:18:12.5173380Z ##[endgroup]
2026-10-02T17:18:12.9147310Z Syncing repository: SindarinSDK/sindarin-compiler
2026-10-02T17:18:12.9148790Z ##[group]Getting Git version info
2026-10-02T17:18:12.9149440Z Working directory is '/Users/runner/work/sindarin-compiler/sindarin-compiler'
2026-10-02T17:18:12.9150380Z [command]/opt/homebrew/bin/git version
2026-10-02T17:18:12.9756590Z git version 2.55.0
2026-10-02T17:18:12.9791700Z ##[endgroup]
2026-10-02T17:18:12.9828970Z Copying '/Users/runner/.gitconfig' to '/Users/runner/work/_temp/54a299f8-d595-4cfb-9d8c-5054b7cdd16e/.gitconfig'
2026-10-02T17:18:12.9931640Z Temporarily overriding HOME='/Users/runner/work/_temp/54a299f8-d595-4cfb-9d8c-5054b7cdd16e' before making global git config changes
2026-10-02T17:18:13.0053600Z Adding repository directory to the temporary git global config as a safe directory
2026-10-02T17:18:13.0157230Z [command]/opt/homebrew/bin/git config --global --add safe.directory /Users/runner/work/sindarin-compiler/sindarin-compiler
2026-10-02T17:18:13.1417480Z Deleting the contents of '/Users/runner/work/sindarin-compiler/sindarin-compiler'
2026-10-02T17:18:13.1423310Z ##[group]Determining repository object format
2026-10-02T17:18:13.1425260Z ##[endgroup]
2026-10-02T17:18:13.1426760Z ##[group]Initializing the repository
2026-10-02T17:18:13.1432320Z [command]/opt/homebrew/bin/git init /Users/runner/work/sindarin-compiler/sindarin-compiler
2026-10-02T17:18:13.1679140Z hint: Using 'master' as the name for the initial branch. This default branch name
2026-10-02T17:18:13.1680100Z hint: will change to "main" in Git 3.0. To configure the initial branch name
2026-10-02T17:18:13.1680860Z hint: to use in all of your new repositories, which will suppress this warning,
2026-10-02T17:18:13.1681530Z hint: call:
2026-10-02T17:18:13.1681900Z hint:
2026-10-02T17:18:13.1682310Z hint: 	git config --global init.defaultBranch <name>
2026-10-02T17:18:13.1682760Z hint:
2026-10-02T17:18:13.1683200Z hint: Names commonly chosen instead of 'master' are 'main', 'trunk' and
2026-10-02T17:18:13.1683880Z hint: 'development'. The just-created branch can be renamed via this command:
2026-10-02T17:18:13.1684500Z hint:
2026-10-02T17:18:13.1684870Z hint: 	git branch -m <name>
2026-10-02T17:18:13.1685220Z hint:
2026-10-02T17:18:13.1685780Z hint: Disable this message with "git config set advice.defaultBranchName false"
2026-10-02T17:18:13.1686690Z Initialized empty Git repository in /Users/runner/work/sindarin-compiler/sindarin-compiler/.git/
2026-10-02T17:18:13.1688350Z [command]/opt/homebrew/bin/git remote add origin https://github.com/SindarinSDK/sindarin-compiler
2026-10-02T17:18:13.1813780Z ##[endgroup]
2026-10-02T17:18:13.1814540Z ##[group]Disabling automatic garbage collection
2026-10-02T17:18:13.1819650Z [command]/opt/homebrew/bin/git config --local gc.auto 0
2026-10-02T17:18:13.1904050Z ##[endgroup]
2026-10-02T17:18:13.1904740Z ##[group]Setting up auth
2026-10-02T17:18:13.1905180Z Removing SSH command configuration
2026-10-02T17:18:13.1910790Z [command]/opt/homebrew/bin/git config --local --name-only --get-regexp core\.sshCommand
2026-10-02T17:18:13.1993230Z [command]/opt/homebrew/bin/git submodule foreach --recursive sh -c "git config --local --name-only --get-regexp 'core\.sshCommand' && git config --local --unset-all 'core.sshCommand' || :"
2026-10-02T17:18:13.3461790Z Removing HTTP extra header
2026-10-02T17:18:13.3464510Z [command]/opt/homebrew/bin/git config --local --name-only --get-regexp http\.https\:\/\/github\.com\/\.extraheader
2026-10-02T17:18:13.3545060Z [command]/opt/homebrew/bin/git submodule foreach --recursive sh -c "git config --local --name-only --get-regexp 'http\.https\:\/\/github\.com\/\.extraheader' && git config --local --unset-all 'http.https://github.com/.extraheader' || :"
2026-10-02T17:18:13.4686740Z Removing includeIf entries pointing to credentials config files
2026-10-02T17:18:13.4689170Z [command]/opt/homebrew/bin/git config --local --name-only --get-regexp ^includeIf\.gitdir:
2026-10-02T17:18:13.4757620Z [command]/opt/homebrew/bin/git submodule foreach --recursive git config --local --show-origin --name-only --get-regexp remote.origin.url
2026-10-02T17:18:13.5644400Z [command]/opt/homebrew/bin/git config --file /Users/runner/work/_temp/git-credentials-a5035583-aadc-4dea-b51f-128912362ade.config http.https://github.com/.extraheader AUTHORIZATION: basic ***
2026-10-02T17:18:13.5792480Z [command]/opt/homebrew/bin/git config --local includeIf.gitdir:/Users/runner/work/sindarin-compiler/sindarin-compiler/.git.path /Users/runner/work/_temp/git-credentials-a5035583-aadc-4dea-b51f-128912362ade.config
2026-10-02T17:18:13.5881240Z [command]/opt/homebrew/bin/git config --local includeIf.gitdir:/Users/runner/work/sindarin-compiler/sindarin-compiler/.git/worktrees/*.path /Users/runner/work/_temp/git-credentials-a5035583-aadc-4dea-b51f-128912362ade.config
2026-10-02T17:18:13.5990630Z [command]/opt/homebrew/bin/git config --local includeIf.gitdir:/github/workspace/.git.path /github/runner_temp/git-credentials-a5035583-aadc-4dea-b51f-128912362ade.config
2026-10-02T17:18:13.6063190Z [command]/opt/homebrew/bin/git config --local includeIf.gitdir:/github/workspace/.git/worktrees/*.path /github/runner_temp/git-credentials-a5035583-aadc-4dea-b51f-128912362ade.config
2026-10-02T17:18:13.6139920Z ##[endgroup]
2026-10-02T17:18:13.6141350Z ##[group]Fetching the repository
2026-10-02T17:18:13.6148150Z [command]/opt/homebrew/bin/git -c protocol.version=2 fetch --no-tags --prune --no-recurse-submodules --depth=1 origin +e9405fea7bcd42dc6c72c95096216dc61a092b15:refs/remotes/pull/144/merge
2026-10-02T17:18:14.8047560Z From https://github.com/SindarinSDK/sindarin-compiler
2026-10-02T17:18:14.8050390Z  * [new ref]         e9405fea7bcd42dc6c72c95096216dc61a092b15 -> pull/144/merge
2026-10-02T17:18:14.8053640Z ##[endgroup]
2026-10-02T17:18:14.8054190Z ##[group]Determining the checkout info
2026-10-02T17:18:14.8054750Z ##[endgroup]
2026-10-02T17:18:14.8065900Z [command]/opt/homebrew/bin/git sparse-checkout disable
2026-10-02T17:18:14.8274790Z [command]/opt/homebrew/bin/git config --local --unset-all extensions.worktreeConfig
2026-10-02T17:18:14.8385320Z ##[group]Checking out the ref
2026-10-02T17:18:14.8393210Z [command]/opt/homebrew/bin/git checkout --progress --force refs/remotes/pull/144/merge
2026-10-02T17:18:15.6609410Z HEAD is now at e9405fe Merge 7bcc16099dff2da7dc1756b44bae7afd447aa3bf into a03421325a4a5785eec1645633d68ff99fc00126
2026-10-02T17:18:15.6738240Z ##[endgroup]
2026-10-02T17:18:15.6767140Z [command]/opt/homebrew/bin/git log -1 --format=%H
2026-10-02T17:18:15.6843520Z e9405fea7bcd42dc6c72c95096216dc61a092b15
2026-10-02T17:18:15.7312120Z ##[group]Run brew install python3
2026-10-02T17:18:15.7312440Z [36;1mbrew install python3[0m
2026-10-02T17:18:15.7442300Z shell: /bin/bash -e {0}
2026-10-02T17:18:15.7443130Z ##[endgroup]
2026-10-02T17:18:17.8875790Z [33mWarning:[0m python@3.14 3.14.7 is already installed and up-to-date.
2026-10-02T17:18:17.8877410Z To reinstall 3.14.7, run:
2026-10-02T17:18:17.8878460Z   brew reinstall python@3.14
2026-10-02T17:18:17.9040630Z ##[group]Run rustup toolchain install 1.93.1 --profile minimal
2026-10-02T17:18:17.9041220Z [36;1mrustup toolchain install 1.93.1 --profile minimal[0m
2026-10-02T17:18:17.9041560Z [36;1mrustup default 1.93.1[0m
2026-10-02T17:18:17.9041880Z [36;1mif [ -n "" ]; then[0m
2026-10-02T17:18:17.9042220Z [36;1m  rustup target add --toolchain 1.93.1 ""[0m
2026-10-02T17:18:17.9042510Z [36;1mfi[0m
2026-10-02T17:18:17.9042670Z [36;1mrustc --version --verbose[0m
2026-10-02T17:18:17.9083370Z shell: /bin/bash --noprofile --norc -e -o pipefail {0}
2026-10-02T17:18:17.9083700Z ##[endgroup]
2026-10-02T17:18:18.0120930Z info: syncing channel updates for 1.93.1-aarch64-apple-darwin
2026-10-02T17:18:18.1467640Z info: latest update on 2026-02-12 for version 1.93.1 (01f6ddf75 2026-02-11)
2026-10-02T17:18:18.1480910Z info: downloading 3 components
2026-10-02T17:18:24.9176110Z 
2026-10-02T17:18:25.1395140Z   1.93.1-aarch64-apple-darwin installed - rustc 1.93.1 (01f6ddf75 2026-02-11)
2026-10-02T17:18:25.1400110Z info: self-update is disabled for this build of rustup
2026-10-02T17:18:25.1400830Z info: any updates to rustup will need to be fetched with your system package manager
2026-10-02T17:18:25.1401300Z 
2026-10-02T17:18:25.1792750Z info: using existing install for 1.93.1-aarch64-apple-darwin
2026-10-02T17:18:25.1821150Z info: default toolchain set to 1.93.1-aarch64-apple-darwin
2026-10-02T17:18:25.1822330Z 
2026-10-02T17:18:25.1989580Z   1.93.1-aarch64-apple-darwin unchanged - rustc 1.93.1 (01f6ddf75 2026-02-11)
2026-10-02T17:18:25.1990360Z 
2026-10-02T17:18:25.2324290Z rustc 1.93.1 (01f6ddf75 2026-02-11)
2026-10-02T17:18:25.2324990Z binary: rustc
2026-10-02T17:18:25.2325260Z commit-hash: 01f6ddf7588f42ae2d7eb0a2f21d44e8e96674cf
2026-10-02T17:18:25.2325640Z commit-date: 2026-02-11
2026-10-02T17:18:25.2325970Z host: aarch64-apple-darwin
2026-10-02T17:18:25.2326290Z release: 1.93.1
2026-10-02T17:18:25.2398320Z LLVM version: 21.1.8
2026-10-02T17:18:25.2483960Z ##[group]Run make setup
2026-10-02T17:18:25.2484230Z [36;1mmake setup[0m
2026-10-02T17:18:25.2548990Z shell: /bin/bash --noprofile --norc -e -o pipefail {0}
2026-10-02T17:18:25.2549790Z env:
2026-10-02T17:18:25.2555900Z   GH_TOKEN: ***
2026-10-02T17:18:25.2556680Z ##[endgroup]
2026-10-02T17:18:26.6242300Z Setting up build dependencies for darwin...
2026-10-02T17:18:26.6321350Z 
2026-10-02T17:18:26.6323940Z [0;35m========================================[0m
2026-10-02T17:18:26.6324610Z [0;35m    Sindarin Compiler Installer[0m
2026-10-02T17:18:26.6324990Z [0;35m========================================[0m
2026-10-02T17:18:26.6325240Z 
2026-10-02T17:18:26.6499580Z [0;36m[*][0m Detected OS: darwin (arm64)
2026-10-02T17:18:26.6577830Z [0;36m[*][0m Running prerequisites installer from scripts/install-prereqs.sh...
2026-10-02T17:18:26.6630400Z 
2026-10-02T17:18:26.6632750Z [0;35m========================================[0m
2026-10-02T17:18:26.6634310Z [0;35m  Sindarin Prerequisites Installer[0m
2026-10-02T17:18:26.6635980Z [0;35m========================================[0m
2026-10-02T17:18:26.6636730Z 
2026-10-02T17:18:26.6681380Z [0;36m[*][0m Detected macOS
2026-10-02T17:18:26.6682300Z [0;36m[*][0m Installing coreutils via Homebrew...
2026-10-02T17:18:27.7919010Z [33mWarning:[0m cmake 4.4.3 is already installed and up-to-date.
2026-10-02T17:18:27.7919670Z To reinstall 4.4.3, run:
2026-10-02T17:18:27.7920100Z   brew reinstall cmake
2026-10-02T17:18:27.7954620Z [33mWarning:[0m ninja 1.13.2 is already installed and up-to-date.
2026-10-02T17:18:27.7955540Z To reinstall 1.13.2, run:
2026-10-02T17:18:27.8098940Z   brew reinstall ninja
2026-10-02T17:18:27.8100390Z [33mWarning:[0m pkgconf 3.0.7 is already installed and up-to-date.
2026-10-02T17:18:27.8101460Z To reinstall 3.0.7, run:
2026-10-02T17:18:27.8102190Z   brew reinstall pkgconf
2026-10-02T17:18:28.6436110Z [32m==>[0m [1mDownloading bottle manifests[0m
2026-10-02T17:18:28.6614100Z ✔︎ Bottle Manifest coreutils (9.11)
2026-10-02T17:18:28.6625470Z [34m==>[0m [1mWould install 1 formula:[0m
2026-10-02T17:18:28.6627230Z coreutils
2026-10-02T17:18:28.7963230Z [32m==>[0m [1mFetching downloads for: [32mcoreutils[39m[0m
2026-10-02T17:18:29.3254840Z ✔︎ Bottle coreutils (9.11)
2026-10-02T17:18:29.3470310Z [34m==>[0m [1mPouring coreutils--9.11.arm64_tahoe.bottle.1.tar.gz[0m
2026-10-02T17:18:29.8452120Z 🍺  /opt/homebrew/Cellar/coreutils/9.11: 443 files, 12.6MB
2026-10-02T17:18:29.8459110Z [32m==>[0m [1mCaveats[0m
2026-10-02T17:18:29.8460840Z [34m==>[0m [1mcoreutils[0m
2026-10-02T17:18:29.8464370Z Commands also provided by macOS and the commands dir, dircolors, vdir have been installed with the prefix "g".
2026-10-02T17:18:29.8465550Z If you need to use these commands with their normal names, you can add a "gnubin" directory to your PATH with:
2026-10-02T17:18:29.8466470Z   PATH="/opt/homebrew/opt/coreutils/libexec/gnubin:$PATH"
2026-10-02T17:18:29.8655740Z [0;36m[*][0m Installing vcpkg to /Users/runner/vcpkg...
2026-10-02T17:18:29.8789710Z Cloning into '/Users/runner/vcpkg'...
2026-10-02T17:18:45.9066940Z Updating files:  45% (6454/14311)
2026-10-02T17:18:45.9314260Z Updating files:  46% (6584/14311)
2026-10-02T17:18:45.9515600Z Updating files:  47% (6727/14311)
2026-10-02T17:18:45.9682220Z Updating files:  48% (6870/14311)
2026-10-02T17:18:45.9935180Z Updating files:  49% (7013/14311)
2026-10-02T17:18:46.0207060Z Updating files:  50% (7156/14311)
2026-10-02T17:18:46.0386990Z Updating files:  51% (7299/14311)
2026-10-02T17:18:46.0565580Z Updating files:  52% (7442/14311)
2026-10-02T17:18:46.0719610Z Updating files:  53% (7585/14311)
2026-10-02T17:18:46.0889620Z Updating files:  54% (7728/14311)
2026-10-02T17:18:46.1085550Z Updating files:  55% (7872/14311)
2026-10-02T17:18:46.1250130Z Updating files:  56% (8015/14311)
2026-10-02T17:18:46.1512780Z Updating files:  57% (8158/14311)
2026-10-02T17:18:46.1750760Z Updating files:  58% (8301/14311)
2026-10-02T17:18:46.2027630Z Updating files:  59% (8444/14311)
2026-10-02T17:18:46.2338090Z Updating files:  60% (8587/14311)
2026-10-02T17:18:46.2560670Z Updating files:  61% (8730/14311)
2026-10-02T17:18:46.2843590Z Updating files:  62% (8873/14311)
2026-10-02T17:18:46.3116620Z Updating files:  63% (9016/14311)
2026-10-02T17:18:46.3458600Z Updating files:  64% (9160/14311)
2026-10-02T17:18:46.3780590Z Updating files:  65% (9303/14311)
2026-10-02T17:18:46.4007610Z Updating files:  66% (9446/14311)
2026-10-02T17:18:46.4227610Z Updating files:  67% (9589/14311)
2026-10-02T17:18:46.4477390Z Updating files:  68% (9732/14311)
2026-10-02T17:18:46.4765600Z Updating files:  69% (9875/14311)
2026-10-02T17:18:46.4933160Z Updating files:  70% (10018/14311)
2026-10-02T17:18:46.5136830Z Updating files:  71% (10161/14311)
2026-10-02T17:18:46.5384540Z Updating files:  72% (10304/14311)
2026-10-02T17:18:46.5554790Z Updating files:  73% (10448/14311)
2026-10-02T17:18:46.5731950Z Updating files:  74% (10591/14311)
2026-10-02T17:18:46.6000490Z Updating files:  75% (10734/14311)
2026-10-02T17:18:46.6324060Z Updating files:  76% (10877/14311)
2026-10-02T17:18:46.6645700Z Updating files:  77% (11020/14311)
2026-10-02T17:18:46.6927210Z Updating files:  78% (11163/14311)
2026-10-02T17:18:46.7090410Z Updating files:  79% (11306/14311)
2026-10-02T17:18:46.7250550Z Updating files:  80% (11449/14311)
2026-10-02T17:18:46.7452640Z Updating files:  81% (11592/14311)
2026-10-02T17:18:46.7602010Z Updating files:  82% (11736/14311)
2026-10-02T17:18:46.7826000Z Updating files:  83% (11879/14311)
2026-10-02T17:18:46.8036940Z Updating files:  84% (12022/14311)
2026-10-02T17:18:46.8200380Z Updating files:  85% (12165/14311)
2026-10-02T17:18:46.8238700Z Updating files:  85% (12291/14311)
2026-10-02T17:18:46.8436880Z Updating files:  86% (12308/14311)
2026-10-02T17:18:46.8681160Z Updating files:  87% (12451/14311)
2026-10-02T17:18:46.8922740Z Updating files:  88% (12594/14311)
2026-10-02T17:18:46.9167850Z Updating files:  89% (12737/14311)
2026-10-02T17:18:46.9749480Z Updating files:  90% (12880/14311)
2026-10-02T17:18:46.9989500Z Updating files:  91% (13024/14311)
2026-10-02T17:18:47.0207420Z Updating files:  92% (13167/14311)
2026-10-02T17:18:47.0375530Z Updating files:  93% (13310/14311)
2026-10-02T17:18:47.0585010Z Updating files:  94% (13453/14311)
2026-10-02T17:18:47.0756360Z Updating files:  95% (13596/14311)
2026-10-02T17:18:47.0996880Z Updating files:  96% (13739/14311)
2026-10-02T17:18:47.1119370Z Updating files:  97% (13882/14311)
2026-10-02T17:18:47.1403870Z Updating files:  98% (14025/14311)
2026-10-02T17:18:47.1512390Z Updating files:  99% (14168/14311)
2026-10-02T17:18:47.1513400Z Updating files: 100% (14311/14311)
2026-10-02T17:18:47.1514370Z Updating files: 100% (14311/14311), done.
2026-10-02T17:18:47.2594280Z Downloading vcpkg-macos...
2026-10-02T17:18:47.8371730Z vcpkg package management program version 2026-09-26-51bf87ca6e9bf3e622d84ff323bd202ab1ca0c0b
2026-10-02T17:18:47.8374400Z 
2026-10-02T17:18:47.8376350Z See LICENSE.txt for license information.
2026-10-02T17:18:47.8457630Z [0;32m[+][0m vcpkg installed
2026-10-02T17:18:47.8464090Z 
2026-10-02T17:18:47.8465860Z [0;32m[+][0m Prerequisites installed successfully!
2026-10-02T17:18:47.8466480Z 
2026-10-02T17:18:47.8467940Z [0;36m[*][0m Fetching latest version...
2026-10-02T17:18:48.1520580Z [0;32m[+][0m Found release: v0.0.83
2026-10-02T17:18:48.1672860Z [0;36m[*][0m Downloading sindarin-0.0.83-darwin-arm64.tar.gz...
2026-10-02T17:18:49.0441600Z [0;32m[+][0m Download complete
2026-10-02T17:18:49.0480650Z [0;36m[*][0m Extracting to /Users/runner/.sn...
2026-10-02T17:18:49.1017450Z [0;36m[*][0m Flattening nested directory structure...
2026-10-02T17:18:49.1200330Z [0;32m[+][0m Extraction complete
2026-10-02T17:18:49.1210920Z [0;36m[*][0m Configuring PATH...
2026-10-02T17:18:49.1218730Z [0;36m[*][0m GitHub Actions detected, registering in GITHUB_PATH...
2026-10-02T17:18:49.1223020Z [0;32m[+][0m Added /Users/runner/.sn/bin to GITHUB_PATH
2026-10-02T17:18:49.1224750Z 
2026-10-02T17:18:49.1225800Z [0;32m[+][0m Sindarin compiler installed successfully!
2026-10-02T17:18:49.1226290Z 
2026-10-02T17:18:49.1229960Z [1;37m  Installed to: /Users/runner/.sn[0m
2026-10-02T17:18:49.1230400Z [1;37m  Version:      v0.0.83[0m
2026-10-02T17:18:49.1230740Z 
2026-10-02T17:18:49.1231020Z [1;33m  ============================================[0m
2026-10-02T17:18:49.1231560Z [1;33m  IMPORTANT: Please restart your terminal[0m
2026-10-02T17:18:49.1232610Z [1;33m  for PATH changes to take effect.[0m
2026-10-02T17:18:49.1232980Z [1;33m  ============================================[0m
2026-10-02T17:18:49.1233240Z 
2026-10-02T17:18:49.1233510Z [1;37m  After restarting, you can compile Sindarin programs:[0m
2026-10-02T17:18:49.1233990Z [1;37m    sn myprogram.sn -o myprogram[0m
2026-10-02T17:18:49.1262190Z 
2026-10-02T17:18:49.1468270Z Installing dependencies from sn.yaml...
2026-10-02T17:18:49.8282970Z   sindarin-pkg-libs (main) ... [1;36mdone[0m
2026-10-02T17:18:49.8284410Z     running install script...
2026-10-02T17:18:49.8708930Z [0;36msindarin-pkg-libs — native library installer[0m
2026-10-02T17:18:49.8733810Z [0;36m========================================[0m
2026-10-02T17:18:49.8837960Z [0;36mDetected OS: darwin (arm64)[0m
2026-10-02T17:18:49.8841200Z [0;36mPackage version: v0.0.18[0m
2026-10-02T17:18:49.8841980Z [0;36mDownloading sindarin-pkg-libs v0.0.18 for darwin-arm64...[0m
2026-10-02T17:18:49.9067910Z   % Total    % Received % Xferd  Average Speed   Time    Time     Time  Current
2026-10-02T17:18:49.9068420Z                                  Dload  Upload   Total   Spent    Left  Speed
2026-10-02T17:18:49.9068650Z 
2026-10-02T17:18:50.5346460Z   0     0    0     0    0     0      0      0 --:--:-- --:--:-- --:--:--     0
2026-10-02T17:18:50.9392090Z   5 9473k    5  487k    0     0   777k      0  0:00:12 --:--:--  0:00:12  777k
2026-10-02T17:18:50.9393380Z 100 9473k  100 9473k    0     0  9180k      0  0:00:01  0:00:01 --:--:-- 9189k
2026-10-02T17:18:50.9469240Z [0;36mExtracting to /Users/runner/work/sindarin-compiler/sindarin-compiler/.sn/sindarin-pkg-libs/libs/darwin...[0m
2026-10-02T17:18:51.1762730Z [0;32mSuccessfully installed sindarin-pkg-libs v0.0.18 to /Users/runner/work/sindarin-compiler/sindarin-compiler/.sn/sindarin-pkg-libs/libs/darwin[0m
2026-10-02T17:18:51.1765070Z 
2026-10-02T17:18:51.1771410Z [0;32mInstallation complete![0m
2026-10-02T17:18:51.1905870Z Pre-built libraries ready!
2026-10-02T17:18:51.1959530Z Run 'make build' to build the compiler.
2026-10-02T17:18:51.2060650Z ##[group]Run make build
2026-10-02T17:18:51.2060870Z [36;1mmake build[0m
2026-10-02T17:18:51.2262100Z shell: /bin/bash --noprofile --norc -e -o pipefail {0}
2026-10-02T17:18:51.2262560Z env:
2026-10-02T17:18:51.2262960Z   VCPKG_ROOT: /Users/runner/vcpkg
2026-10-02T17:18:51.2263290Z ##[endgroup]
2026-10-02T17:18:51.3915970Z Building Sindarin compiler...
2026-10-02T17:18:51.4019240Z Platform: darwin
2026-10-02T17:18:51.4079230Z Generator: Ninja
2026-10-02T17:18:51.4081020Z cmake -S . -B build -G "Ninja" \
2026-10-02T17:18:51.4081880Z 		-DCMAKE_BUILD_TYPE=Release \
2026-10-02T17:18:51.4082730Z 		-DCMAKE_C_COMPILER=clang
2026-10-02T17:18:52.5336790Z -- The C compiler identification is AppleClang 21.0.0.21000101
2026-10-02T17:18:54.4223280Z -- Detecting C compiler ABI info
2026-10-02T17:18:54.6482680Z -- Detecting C compiler ABI info - done
2026-10-02T17:18:54.6864620Z -- Check for working C compiler: /usr/bin/clang - skipped
2026-10-02T17:18:54.6871230Z -- Detecting C compile features
2026-10-02T17:18:54.6878160Z -- Detecting C compile features - done
2026-10-02T17:18:54.6950480Z -- Installing: /Users/runner/work/sindarin-compiler/sindarin-compiler/bin/sn.linux.cfg
2026-10-02T17:18:54.6960140Z -- Installing: /Users/runner/work/sindarin-compiler/sindarin-compiler/bin/sn.darwin.cfg
2026-10-02T17:18:54.6961890Z -- Installing: /Users/runner/work/sindarin-compiler/sindarin-compiler/bin/sn.windows.cfg
2026-10-02T17:18:54.6983870Z -- Installing: /Users/runner/work/sindarin-compiler/sindarin-compiler/bin/include/runtime/sn_arith.h
2026-10-02T17:18:54.6985550Z -- Installing: /Users/runner/work/sindarin-compiler/sindarin-compiler/bin/include/runtime/sn_array.h
2026-10-02T17:18:54.6987350Z -- Installing: /Users/runner/work/sindarin-compiler/sindarin-compiler/bin/include/runtime/sn_byte.h
2026-10-02T17:18:54.6993210Z -- Installing: /Users/runner/work/sindarin-compiler/sindarin-compiler/bin/include/runtime/sn_conv.h
2026-10-02T17:18:54.6997270Z -- Installing: /Users/runner/work/sindarin-compiler/sindarin-compiler/bin/include/runtime/sn_core.h
2026-10-02T17:18:54.7004710Z -- Installing: /Users/runner/work/sindarin-compiler/sindarin-compiler/bin/include/runtime/sn_minimal.h
2026-10-02T17:18:54.7006450Z -- Installing: /Users/runner/work/sindarin-compiler/sindarin-compiler/bin/include/runtime/sn_reflect.h
2026-10-02T17:18:54.7010220Z -- Installing: /Users/runner/work/sindarin-compiler/sindarin-compiler/bin/include/runtime/sn_serial.h
2026-10-02T17:18:54.7015600Z -- Installing: /Users/runner/work/sindarin-compiler/sindarin-compiler/bin/include/runtime/sn_string.h
2026-10-02T17:18:54.7021610Z -- Installing: /Users/runner/work/sindarin-compiler/sindarin-compiler/bin/include/runtime/sn_thread.h
2026-10-02T17:18:54.7029370Z -- Installing: /Users/runner/work/sindarin-compiler/sindarin-compiler/bin/include/minimal/sn_arith.h
2026-10-02T17:18:54.7035730Z -- Installing: /Users/runner/work/sindarin-compiler/sindarin-compiler/bin/include/minimal/sn_array.h
2026-10-02T17:18:54.7039580Z -- Installing: /Users/runner/work/sindarin-compiler/sindarin-compiler/bin/include/minimal/sn_byte.h
2026-10-02T17:18:54.7047520Z -- Installing: /Users/runner/work/sindarin-compiler/sindarin-compiler/bin/include/minimal/sn_conv.h
2026-10-02T17:18:54.7052410Z -- Installing: /Users/runner/work/sindarin-compiler/sindarin-compiler/bin/include/minimal/sn_core.h
2026-10-02T17:18:54.7053440Z -- Installing: /Users/runner/work/sindarin-compiler/sindarin-compiler/bin/include/minimal/sn_minimal.h
2026-10-02T17:18:54.7058330Z -- Installing: /Users/runner/work/sindarin-compiler/sindarin-compiler/bin/include/minimal/sn_reflect.h
2026-10-02T17:18:54.7060510Z -- Installing: /Users/runner/work/sindarin-compiler/sindarin-compiler/bin/include/minimal/sn_serial.h
2026-10-02T17:18:54.7062580Z -- Installing: /Users/runner/work/sindarin-compiler/sindarin-compiler/bin/include/minimal/sn_string.h
2026-10-02T17:18:54.7063950Z -- Installing: /Users/runner/work/sindarin-compiler/sindarin-compiler/bin/include/minimal/sn_thread.h
2026-10-02T17:18:54.7065500Z -- Installing: /Users/runner/work/sindarin-compiler/sindarin-compiler/bin/include/platform/compat_dirent.h
2026-10-02T17:18:54.7066750Z -- Installing: /Users/runner/work/sindarin-compiler/sindarin-compiler/bin/include/platform/compat_io.h
2026-10-02T17:18:54.7068550Z -- Installing: /Users/runner/work/sindarin-compiler/sindarin-compiler/bin/include/platform/compat_net.h
2026-10-02T17:18:54.7070280Z -- Installing: /Users/runner/work/sindarin-compiler/sindarin-compiler/bin/include/platform/compat_pthread.h
2026-10-02T17:18:54.7071990Z -- Installing: /Users/runner/work/sindarin-compiler/sindarin-compiler/bin/include/platform/compat_time.h
2026-10-02T17:18:54.7073780Z -- Installing: /Users/runner/work/sindarin-compiler/sindarin-compiler/bin/include/platform/compat_windows.h
2026-10-02T17:18:54.7076240Z -- Installing: /Users/runner/work/sindarin-compiler/sindarin-compiler/bin/include/platform/platform.h
2026-10-02T17:18:54.7108950Z -- Found libs submodule: /Users/runner/work/sindarin-compiler/sindarin-compiler/.sn/sindarin-pkg-libs/libs/darwin
2026-10-02T17:18:54.7110260Z --   Copying zlib headers...
2026-10-02T17:18:54.7111320Z -- Installing: /Users/runner/work/sindarin-compiler/sindarin-compiler/bin/deps/include/zlib.h
2026-10-02T17:18:54.7113130Z -- Installing: /Users/runner/work/sindarin-compiler/sindarin-compiler/bin/deps/include/zconf.h
2026-10-02T17:18:54.7115860Z --   Copying yyjson headers...
2026-10-02T17:18:54.7117130Z -- Installing: /Users/runner/work/sindarin-compiler/sindarin-compiler/bin/deps/include/yyjson.h
2026-10-02T17:18:54.7120510Z --   Copying json-c headers...
2026-10-02T17:18:54.7122030Z -- Installing: /Users/runner/work/sindarin-compiler/sindarin-compiler/bin/deps/include/json-c
2026-10-02T17:18:54.7122710Z -- Installing: /Users/runner/work/sindarin-compiler/sindarin-compiler/bin/deps/include/json-c/printbuf.h
2026-10-02T17:18:54.7123500Z -- Installing: /Users/runner/work/sindarin-compiler/sindarin-compiler/bin/deps/include/json-c/debug.h
2026-10-02T17:18:54.7124660Z -- Installing: /Users/runner/work/sindarin-compiler/sindarin-compiler/bin/deps/include/json-c/json_util.h
2026-10-02T17:18:54.7125300Z -- Installing: /Users/runner/work/sindarin-compiler/sindarin-compiler/bin/deps/include/json-c/json_config.h
2026-10-02T17:18:54.7126000Z -- Installing: /Users/runner/work/sindarin-compiler/sindarin-compiler/bin/deps/include/json-c/json_patch.h
2026-10-02T17:18:54.7131800Z -- Installing: /Users/runner/work/sindarin-compiler/sindarin-compiler/bin/deps/include/json-c/json_pointer.h
2026-10-02T17:18:54.7137110Z -- Installing: /Users/runner/work/sindarin-compiler/sindarin-compiler/bin/deps/include/json-c/json_visit.h
2026-10-02T17:18:54.7139620Z -- Installing: /Users/runner/work/sindarin-compiler/sindarin-compiler/bin/deps/include/json-c/json.h
2026-10-02T17:18:54.7144610Z -- Installing: /Users/runner/work/sindarin-compiler/sindarin-compiler/bin/deps/include/json-c/json_c_version.h
2026-10-02T17:18:54.7146600Z -- Installing: /Users/runner/work/sindarin-compiler/sindarin-compiler/bin/deps/include/json-c/arraylist.h
2026-10-02T17:18:54.7150510Z -- Installing: /Users/runner/work/sindarin-compiler/sindarin-compiler/bin/deps/include/json-c/linkhash.h
2026-10-02T17:18:54.7152290Z -- Installing: /Users/runner/work/sindarin-compiler/sindarin-compiler/bin/deps/include/json-c/json_tokener.h
2026-10-02T17:18:54.7155940Z -- Installing: /Users/runner/work/sindarin-compiler/sindarin-compiler/bin/deps/include/json-c/json_object_iterator.h
2026-10-02T17:18:54.7157680Z -- Installing: /Users/runner/work/sindarin-compiler/sindarin-compiler/bin/deps/include/json-c/json_inttypes.h
2026-10-02T17:18:54.7159520Z -- Installing: /Users/runner/work/sindarin-compiler/sindarin-compiler/bin/deps/include/json-c/json_types.h
2026-10-02T17:18:54.7161750Z -- Installing: /Users/runner/work/sindarin-compiler/sindarin-compiler/bin/deps/include/json-c/json_object.h
2026-10-02T17:18:54.7163030Z --   Copying libxml2 headers...
2026-10-02T17:18:54.7164190Z -- Installing: /Users/runner/work/sindarin-compiler/sindarin-compiler/bin/deps/include/libxml
2026-10-02T17:18:54.7166790Z -- Installing: /Users/runner/work/sindarin-compiler/sindarin-compiler/bin/deps/include/libxml/chvalid.h
2026-10-02T17:18:54.7168580Z -- Installing: /Users/runner/work/sindarin-compiler/sindarin-compiler/bin/deps/include/libxml/parserInternals.h
2026-10-02T17:18:54.7170240Z -- Installing: /Users/runner/work/sindarin-compiler/sindarin-compiler/bin/deps/include/libxml/xpointer.h
2026-10-02T17:18:54.7172050Z -- Installing: /Users/runner/work/sindarin-compiler/sindarin-compiler/bin/deps/include/libxml/debugXML.h
2026-10-02T17:18:54.7173690Z -- Installing: /Users/runner/work/sindarin-compiler/sindarin-compiler/bin/deps/include/libxml/schematron.h
2026-10-02T17:18:54.7175330Z -- Installing: /Users/runner/work/sindarin-compiler/sindarin-compiler/bin/deps/include/libxml/uri.h
2026-10-02T17:18:54.7176990Z -- Installing: /Users/runner/work/sindarin-compiler/sindarin-compiler/bin/deps/include/libxml/parser.h
2026-10-02T17:18:54.7178680Z -- Installing: /Users/runner/work/sindarin-compiler/sindarin-compiler/bin/deps/include/libxml/encoding.h
2026-10-02T17:18:54.7180260Z -- Installing: /Users/runner/work/sindarin-compiler/sindarin-compiler/bin/deps/include/libxml/tree.h
2026-10-02T17:18:54.7181340Z -- Installing: /Users/runner/work/sindarin-compiler/sindarin-compiler/bin/deps/include/libxml/threads.h
2026-10-02T17:18:54.7182010Z -- Installing: /Users/runner/work/sindarin-compiler/sindarin-compiler/bin/deps/include/libxml/xmlversion.h
2026-10-02T17:18:54.7184110Z -- Installing: /Users/runner/work/sindarin-compiler/sindarin-compiler/bin/deps/include/libxml/globals.h
2026-10-02T17:18:54.7190380Z -- Installing: /Users/runner/work/sindarin-compiler/sindarin-compiler/bin/deps/include/libxml/catalog.h
2026-10-02T17:18:54.7191660Z -- Installing: /Users/runner/work/sindarin-compiler/sindarin-compiler/bin/deps/include/libxml/pattern.h
2026-10-02T17:18:54.7193400Z -- Installing: /Users/runner/work/sindarin-compiler/sindarin-compiler/bin/deps/include/libxml/xmlreader.h
2026-10-02T17:18:54.7200100Z -- Installing: /Users/runner/work/sindarin-compiler/sindarin-compiler/bin/deps/include/libxml/HTMLtree.h
2026-10-02T17:18:54.7202000Z -- Installing: /Users/runner/work/sindarin-compiler/sindarin-compiler/bin/deps/include/libxml/SAX2.h
2026-10-02T17:18:54.7239670Z -- Installing: /Users/runner/work/sindarin-compiler/sindarin-compiler/bin/deps/include/libxml/xmlexports.h
2026-10-02T17:18:54.7243220Z -- Installing: /Users/runner/work/sindarin-compiler/sindarin-compiler/bin/deps/include/libxml/xlink.h
2026-10-02T17:18:54.7245220Z -- Installing: /Users/runner/work/sindarin-compiler/sindarin-compiler/bin/deps/include/libxml/SAX.h
2026-10-02T17:18:54.7247020Z -- Installing: /Users/runner/work/sindarin-compiler/sindarin-compiler/bin/deps/include/libxml/entities.h
2026-10-02T17:18:54.7248710Z -- Installing: /Users/runner/work/sindarin-compiler/sindarin-compiler/bin/deps/include/libxml/xmlregexp.h
2026-10-02T17:18:54.7250420Z -- Installing: /Users/runner/work/sindarin-compiler/sindarin-compiler/bin/deps/include/libxml/list.h
2026-10-02T17:18:54.7252160Z -- Installing: /Users/runner/work/sindarin-compiler/sindarin-compiler/bin/deps/include/libxml/xinclude.h
2026-10-02T17:18:54.7253980Z -- Installing: /Users/runner/work/sindarin-compiler/sindarin-compiler/bin/deps/include/libxml/xmlerror.h
2026-10-02T17:18:54.7255600Z -- Installing: /Users/runner/work/sindarin-compiler/sindarin-compiler/bin/deps/include/libxml/schemasInternals.h
2026-10-02T17:18:54.7257160Z -- Installing: /Users/runner/work/sindarin-compiler/sindarin-compiler/bin/deps/include/libxml/dict.h
2026-10-02T17:18:54.7258740Z -- Installing: /Users/runner/work/sindarin-compiler/sindarin-compiler/bin/deps/include/libxml/xmlIO.h
2026-10-02T17:18:54.7260300Z -- Installing: /Users/runner/work/sindarin-compiler/sindarin-compiler/bin/deps/include/libxml/HTMLparser.h
2026-10-02T17:18:54.7262830Z -- Installing: /Users/runner/work/sindarin-compiler/sindarin-compiler/bin/deps/include/libxml/xmlautomata.h
2026-10-02T17:18:54.7264080Z -- Installing: /Users/runner/work/sindarin-compiler/sindarin-compiler/bin/deps/include/libxml/xmlsave.h
2026-10-02T17:18:54.7264790Z -- Installing: /Users/runner/work/sindarin-compiler/sindarin-compiler/bin/deps/include/libxml/xmlstring.h
2026-10-02T17:18:54.7265370Z -- Installing: /Users/runner/work/sindarin-compiler/sindarin-compiler/bin/deps/include/libxml/xpath.h
2026-10-02T17:18:54.7266200Z -- Installing: /Users/runner/work/sindarin-compiler/sindarin-compiler/bin/deps/include/libxml/valid.h
2026-10-02T17:18:54.7267540Z -- Installing: /Users/runner/work/sindarin-compiler/sindarin-compiler/bin/deps/include/libxml/xmlschemastypes.h
2026-10-02T17:18:54.7268190Z -- Installing: /Users/runner/work/sindarin-compiler/sindarin-compiler/bin/deps/include/libxml/c14n.h
2026-10-02T17:18:54.7268780Z -- Installing: /Users/runner/work/sindarin-compiler/sindarin-compiler/bin/deps/include/libxml/xmlmodule.h
2026-10-02T17:18:54.7269460Z -- Installing: /Users/runner/work/sindarin-compiler/sindarin-compiler/bin/deps/include/libxml/relaxng.h
2026-10-02T17:18:54.7273230Z -- Installing: /Users/runner/work/sindarin-compiler/sindarin-compiler/bin/deps/include/libxml/nanohttp.h
2026-10-02T17:18:54.7273910Z -- Installing: /Users/runner/work/sindarin-compiler/sindarin-compiler/bin/deps/include/libxml/xmlunicode.h
2026-10-02T17:18:54.7274530Z -- Installing: /Users/runner/work/sindarin-compiler/sindarin-compiler/bin/deps/include/libxml/xmlwriter.h
2026-10-02T17:18:54.7275210Z -- Installing: /Users/runner/work/sindarin-compiler/sindarin-compiler/bin/deps/include/libxml/xmlmemory.h
2026-10-02T17:18:54.7275840Z -- Installing: /Users/runner/work/sindarin-compiler/sindarin-compiler/bin/deps/include/libxml/xpathInternals.h
2026-10-02T17:18:54.7276740Z -- Installing: /Users/runner/work/sindarin-compiler/sindarin-compiler/bin/deps/include/libxml/nanoftp.h
2026-10-02T17:18:54.7279040Z -- Installing: /Users/runner/work/sindarin-compiler/sindarin-compiler/bin/deps/include/libxml/hash.h
2026-10-02T17:18:54.7281010Z -- Installing: /Users/runner/work/sindarin-compiler/sindarin-compiler/bin/deps/include/libxml/xmlschemas.h
2026-10-02T17:18:54.7283080Z --   Copying libyaml headers...
2026-10-02T17:18:54.7283850Z -- Installing: /Users/runner/work/sindarin-compiler/sindarin-compiler/bin/deps/include/yaml.h
2026-10-02T17:18:54.7286000Z --   Copying openssl headers...
2026-10-02T17:18:54.7287080Z -- Installing: /Users/runner/work/sindarin-compiler/sindarin-compiler/bin/deps/include/openssl
2026-10-02T17:18:54.7288810Z -- Installing: /Users/runner/work/sindarin-compiler/sindarin-compiler/bin/deps/include/openssl/pem2.h
2026-10-02T17:18:54.7290240Z -- Installing: /Users/runner/work/sindarin-compiler/sindarin-compiler/bin/deps/include/openssl/kdf.h
2026-10-02T17:18:54.7292340Z -- Installing: /Users/runner/work/sindarin-compiler/sindarin-compiler/bin/deps/include/openssl/pem.h
2026-10-02T17:18:54.7293840Z -- Installing: /Users/runner/work/sindarin-compiler/sindarin-compiler/bin/deps/include/openssl/asyncerr.h
2026-10-02T17:18:54.7294950Z -- Installing: /Users/runner/work/sindarin-compiler/sindarin-compiler/bin/deps/include/openssl/md2.h
2026-10-02T17:18:54.7297190Z -- Installing: /Users/runner/work/sindarin-compiler/sindarin-compiler/bin/deps/include/openssl/ssl3.h
2026-10-02T17:18:54.7310010Z -- Installing: /Users/runner/work/sindarin-compiler/sindarin-compiler/bin/deps/include/openssl/ossl_typ.h
2026-10-02T17:18:54.7310830Z -- Installing: /Users/runner/work/sindarin-compiler/sindarin-compiler/bin/deps/include/openssl/dtls1.h
2026-10-02T17:18:54.7313360Z -- Installing: /Users/runner/work/sindarin-compiler/sindarin-compiler/bin/deps/include/openssl/err.h
2026-10-02T17:18:54.7313940Z -- Installing: /Users/runner/work/sindarin-compiler/sindarin-compiler/bin/deps/include/openssl/bn.h
2026-10-02T17:18:54.7314510Z -- Installing: /Users/runner/work/sindarin-compiler/sindarin-compiler/bin/deps/include/openssl/blowfish.h
2026-10-02T17:18:54.7315180Z -- Installing: /Users/runner/work/sindarin-compiler/sindarin-compiler/bin/deps/include/openssl/cms.h
2026-10-02T17:18:54.7316020Z -- Installing: /Users/runner/work/sindarin-compiler/sindarin-compiler/bin/deps/include/openssl/engine.h
2026-10-02T17:18:54.7316700Z -- Installing: /Users/runner/work/sindarin-compiler/sindarin-compiler/bin/deps/include/openssl/conf_api.h
2026-10-02T17:18:54.7317310Z -- Installing: /Users/runner/work/sindarin-compiler/sindarin-compiler/bin/deps/include/openssl/esserr.h
2026-10-02T17:18:54.7317960Z -- Installing: /Users/runner/work/sindarin-compiler/sindarin-compiler/bin/deps/include/openssl/core.h
2026-10-02T17:18:54.7318780Z -- Installing: /Users/runner/work/sindarin-compiler/sindarin-compiler/bin/deps/include/openssl/x509.h
2026-10-02T17:18:54.7320180Z -- Installing: /Users/runner/work/sindarin-compiler/sindarin-compiler/bin/deps/include/openssl/objectserr.h
2026-10-02T17:18:54.7322290Z -- Installing: /Users/runner/work/sindarin-compiler/sindarin-compiler/bin/deps/include/openssl/params.h
2026-10-02T17:18:54.7324490Z -- Installing: /Users/runner/work/sindarin-compiler/sindarin-compiler/bin/deps/include/openssl/cmserr.h
2026-10-02T17:18:54.7326750Z -- Installing: /Users/runner/work/sindarin-compiler/sindarin-compiler/bin/deps/include/openssl/http.h
2026-10-02T17:18:54.7328470Z -- Installing: /Users/runner/work/sindarin-compiler/sindarin-compiler/bin/deps/include/openssl/ui.h
2026-10-02T17:18:54.7329920Z -- Installing: /Users/runner/work/sindarin-compiler/sindarin-compiler/bin/deps/include/openssl/sha.h
2026-10-02T17:18:54.7331560Z -- Installing: /Users/runner/work/sindarin-compiler/sindarin-compiler/bin/deps/include/openssl/byteorder.h
2026-10-02T17:18:54.7333210Z -- Installing: /Users/runner/work/sindarin-compiler/sindarin-compiler/bin/deps/include/openssl/symhacks.h
2026-10-02T17:18:54.7334760Z -- Installing: /Users/runner/work/sindarin-compiler/sindarin-compiler/bin/deps/include/openssl/asn1.h
2026-10-02T17:18:54.7336360Z -- Installing: /Users/runner/work/sindarin-compiler/sindarin-compiler/bin/deps/include/openssl/bioerr.h
2026-10-02T17:18:54.7337890Z -- Installing: /Users/runner/work/sindarin-compiler/sindarin-compiler/bin/deps/include/openssl/opensslconf.h
2026-10-02T17:18:54.7340560Z -- Installing: /Users/runner/work/sindarin-compiler/sindarin-compiler/bin/deps/include/openssl/bio.h
2026-10-02T17:18:54.7342020Z -- Installing: /Users/runner/work/sindarin-compiler/sindarin-compiler/bin/deps/include/openssl/rc2.h
2026-10-02T17:18:54.7343520Z -- Installing: /Users/runner/work/sindarin-compiler/sindarin-compiler/bin/deps/include/openssl/types.h
2026-10-02T17:18:54.7345100Z -- Installing: /Users/runner/work/sindarin-compiler/sindarin-compiler/bin/deps/include/openssl/dh.h
2026-10-02T17:18:54.7346690Z -- Installing: /Users/runner/work/sindarin-compiler/sindarin-compiler/bin/deps/include/openssl/cryptoerr_legacy.h
2026-10-02T17:18:54.7348430Z -- Installing: /Users/runner/work/sindarin-compiler/sindarin-compiler/bin/deps/include/openssl/proverr.h
2026-10-02T17:18:54.7350490Z -- Installing: /Users/runner/work/sindarin-compiler/sindarin-compiler/bin/deps/include/openssl/x509v3.h
2026-10-02T17:18:54.7351110Z -- Installing: /Users/runner/work/sindarin-compiler/sindarin-compiler/bin/deps/include/openssl/core_object.h
2026-10-02T17:18:54.7351800Z -- Installing: /Users/runner/work/sindarin-compiler/sindarin-compiler/bin/deps/include/openssl/decodererr.h
2026-10-02T17:18:54.7352510Z -- Installing: /Users/runner/work/sindarin-compiler/sindarin-compiler/bin/deps/include/openssl/param_build.h
2026-10-02T17:18:54.7354470Z -- Installing: /Users/runner/work/sindarin-compiler/sindarin-compiler/bin/deps/include/openssl/conf.h
2026-10-02T17:18:54.7355490Z -- Installing: /Users/runner/work/sindarin-compiler/sindarin-compiler/bin/deps/include/openssl/ml_kem.h
2026-10-02T17:18:54.7356950Z -- Installing: /Users/runner/work/sindarin-compiler/sindarin-compiler/bin/deps/include/openssl/conftypes.h
2026-10-02T17:18:54.7358500Z -- Installing: /Users/runner/work/sindarin-compiler/sindarin-compiler/bin/deps/include/openssl/md5.h
2026-10-02T17:18:54.7361970Z -- Installing: /Users/runner/work/sindarin-compiler/sindarin-compiler/bin/deps/include/openssl/decoder.h
2026-10-02T17:18:54.7367930Z -- Installing: /Users/runner/work/sindarin-compiler/sindarin-compiler/bin/deps/include/openssl/pemerr.h
2026-10-02T17:18:54.7369270Z -- Installing: /Users/runner/work/sindarin-compiler/sindarin-compiler/bin/deps/include/openssl/crmferr.h
2026-10-02T17:18:54.7372310Z -- Installing: /Users/runner/work/sindarin-compiler/sindarin-compiler/bin/deps/include/openssl/x509_vfy.h
2026-10-02T17:18:54.7380100Z -- Installing: /Users/runner/work/sindarin-compiler/sindarin-compiler/bin/deps/include/openssl/txt_db.h
2026-10-02T17:18:54.7385000Z -- Installing: /Users/runner/work/sindarin-compiler/sindarin-compiler/bin/deps/include/openssl/cmp.h
2026-10-02T17:18:54.7386690Z -- Installing: /Users/runner/work/sindarin-compiler/sindarin-compiler/bin/deps/include/openssl/comperr.h
2026-10-02T17:18:54.7407480Z -- Installing: /Users/runner/work/sindarin-compiler/sindarin-compiler/bin/deps/include/openssl/cterr.h
2026-10-02T17:18:54.7408750Z -- Installing: /Users/runner/work/sindarin-compiler/sindarin-compiler/bin/deps/include/openssl/self_test.h
2026-10-02T17:18:54.7412380Z -- Installing: /Users/runner/work/sindarin-compiler/sindarin-compiler/bin/deps/include/openssl/safestack.h
2026-10-02T17:18:54.7414150Z -- Installing: /Users/runner/work/sindarin-compiler/sindarin-compiler/bin/deps/include/openssl/configuration.h
2026-10-02T17:18:54.7416680Z -- Installing: /Users/runner/work/sindarin-compiler/sindarin-compiler/bin/deps/include/openssl/fips_names.h
2026-10-02T17:18:54.7417440Z -- Installing: /Users/runner/work/sindarin-compiler/sindarin-compiler/bin/deps/include/openssl/ecdsa.h
2026-10-02T17:18:54.7418880Z -- Installing: /Users/runner/work/sindarin-compiler/sindarin-compiler/bin/deps/include/openssl/sslerr.h
2026-10-02T17:18:54.7420130Z -- Installing: /Users/runner/work/sindarin-compiler/sindarin-compiler/bin/deps/include/openssl/prov_ssl.h
2026-10-02T17:18:54.7421740Z -- Installing: /Users/runner/work/sindarin-compiler/sindarin-compiler/bin/deps/include/openssl/fipskey.h
2026-10-02T17:18:54.7423560Z -- Installing: /Users/runner/work/sindarin-compiler/sindarin-compiler/bin/deps/include/openssl/rc5.h
2026-10-02T17:18:54.7424210Z -- Installing: /Users/runner/work/sindarin-compiler/sindarin-compiler/bin/deps/include/openssl/uierr.h
2026-10-02T17:18:54.7425380Z -- Installing: /Users/runner/work/sindarin-compiler/sindarin-compiler/bin/deps/include/openssl/x509_acert.h
2026-10-02T17:18:54.7426090Z -- Installing: /Users/runner/work/sindarin-compiler/sindarin-compiler/bin/deps/include/openssl/x509v3err.h
2026-10-02T17:18:54.7427850Z -- Installing: /Users/runner/work/sindarin-compiler/sindarin-compiler/bin/deps/include/openssl/objects.h
2026-10-02T17:18:54.7428490Z -- Installing: /Users/runner/work/sindarin-compiler/sindarin-compiler/bin/deps/include/openssl/pkcs12.h
2026-10-02T17:18:54.7430660Z -- Installing: /Users/runner/work/sindarin-compiler/sindarin-compiler/bin/deps/include/openssl/crypto.h
2026-10-02T17:18:54.7431330Z -- Installing: /Users/runner/work/sindarin-compiler/sindarin-compiler/bin/deps/include/openssl/crmf.h
2026-10-02T17:18:54.7432850Z -- Installing: /Users/runner/work/sindarin-compiler/sindarin-compiler/bin/deps/include/openssl/cmp_util.h
2026-10-02T17:18:54.7433560Z -- Installing: /Users/runner/work/sindarin-compiler/sindarin-compiler/bin/deps/include/openssl/opensslv.h
2026-10-02T17:18:54.7434340Z -- Installing: /Users/runner/work/sindarin-compiler/sindarin-compiler/bin/deps/include/openssl/evperr.h
2026-10-02T17:18:54.7435260Z -- Installing: /Users/runner/work/sindarin-compiler/sindarin-compiler/bin/deps/include/openssl/pkcs7.h
2026-10-02T17:18:54.7438200Z -- Installing: /Users/runner/work/sindarin-compiler/sindarin-compiler/bin/deps/include/openssl/obj_mac.h
2026-10-02T17:18:54.7439990Z -- Installing: /Users/runner/work/sindarin-compiler/sindarin-compiler/bin/deps/include/openssl/ct.h
2026-10-02T17:18:54.7441770Z -- Installing: /Users/runner/work/sindarin-compiler/sindarin-compiler/bin/deps/include/openssl/async.h
2026-10-02T17:18:54.7443350Z -- Installing: /Users/runner/work/sindarin-compiler/sindarin-compiler/bin/deps/include/openssl/buffer.h
2026-10-02T17:18:54.7445900Z -- Installing: /Users/runner/work/sindarin-compiler/sindarin-compiler/bin/deps/include/openssl/ssl.h
2026-10-02T17:18:54.7447750Z -- Installing: /Users/runner/work/sindarin-compiler/sindarin-compiler/bin/deps/include/openssl/srp.h
2026-10-02T17:18:54.7449490Z -- Installing: /Users/runner/work/sindarin-compiler/sindarin-compiler/bin/deps/include/openssl/camellia.h
2026-10-02T17:18:54.7451110Z -- Installing: /Users/runner/work/sindarin-compiler/sindarin-compiler/bin/deps/include/openssl/httperr.h
2026-10-02T17:18:54.7453070Z -- Installing: /Users/runner/work/sindarin-compiler/sindarin-compiler/bin/deps/include/openssl/thread.h
2026-10-02T17:18:54.7453750Z -- Installing: /Users/runner/work/sindarin-compiler/sindarin-compiler/bin/deps/include/openssl/hpke.h
2026-10-02T17:18:54.7456860Z -- Installing: /Users/runner/work/sindarin-compiler/sindarin-compiler/bin/deps/include/openssl/dherr.h
2026-10-02T17:18:54.7462200Z -- Installing: /Users/runner/work/sindarin-compiler/sindarin-compiler/bin/deps/include/openssl/evp.h
2026-10-02T17:18:54.7463050Z -- Installing: /Users/runner/work/sindarin-compiler/sindarin-compiler/bin/deps/include/openssl/e_os2.h
2026-10-02T17:18:54.7463870Z -- Installing: /Users/runner/work/sindarin-compiler/sindarin-compiler/bin/deps/include/openssl/trace.h
2026-10-02T17:18:54.7468580Z -- Installing: /Users/runner/work/sindarin-compiler/sindarin-compiler/bin/deps/include/openssl/md4.h
2026-10-02T17:18:54.7471270Z -- Installing: /Users/runner/work/sindarin-compiler/sindarin-compiler/bin/deps/include/openssl/core_names.h
2026-10-02T17:18:54.7471910Z -- Installing: /Users/runner/work/sindarin-compiler/sindarin-compiler/bin/deps/include/openssl/hmac.h
2026-10-02T17:18:54.7473820Z -- Installing: /Users/runner/work/sindarin-compiler/sindarin-compiler/bin/deps/include/openssl/provider.h
2026-10-02T17:18:54.7479670Z -- Installing: /Users/runner/work/sindarin-compiler/sindarin-compiler/bin/deps/include/openssl/aes.h
2026-10-02T17:18:54.7481730Z -- Installing: /Users/runner/work/sindarin-compiler/sindarin-compiler/bin/deps/include/openssl/engineerr.h
2026-10-02T17:18:54.7485090Z -- Installing: /Users/runner/work/sindarin-compiler/sindarin-compiler/bin/deps/include/openssl/comp.h
2026-10-02T17:18:54.7489850Z -- Installing: /Users/runner/work/sindarin-compiler/sindarin-compiler/bin/deps/include/openssl/macros.h
2026-10-02T17:18:54.7491940Z -- Installing: /Users/runner/work/sindarin-compiler/sindarin-compiler/bin/deps/include/openssl/pkcs12err.h
2026-10-02T17:18:54.7494150Z -- Installing: /Users/runner/work/sindarin-compiler/sindarin-compiler/bin/deps/include/openssl/encoder.h
2026-10-02T17:18:54.7499000Z -- Installing: /Users/runner/work/sindarin-compiler/sindarin-compiler/bin/deps/include/openssl/cast.h
2026-10-02T17:18:54.7500830Z -- Installing: /Users/runner/work/sindarin-compiler/sindarin-compiler/bin/deps/include/openssl/sslerr_legacy.h
2026-10-02T17:18:54.7502940Z -- Installing: /Users/runner/work/sindarin-compiler/sindarin-compiler/bin/deps/include/openssl/indicator.h
2026-10-02T17:18:54.7504490Z -- Installing: /Users/runner/work/sindarin-compiler/sindarin-compiler/bin/deps/include/openssl/rc4.h
2026-10-02T17:18:54.7506150Z -- Installing: /Users/runner/work/sindarin-compiler/sindarin-compiler/bin/deps/include/openssl/stack.h
2026-10-02T17:18:54.7507960Z -- Installing: /Users/runner/work/sindarin-compiler/sindarin-compiler/bin/deps/include/openssl/des.h
2026-10-02T17:18:54.7509610Z -- Installing: /Users/runner/work/sindarin-compiler/sindarin-compiler/bin/deps/include/openssl/ocsp.h
2026-10-02T17:18:54.7511050Z -- Installing: /Users/runner/work/sindarin-compiler/sindarin-compiler/bin/deps/include/openssl/ec.h
2026-10-02T17:18:54.7512500Z -- Installing: /Users/runner/work/sindarin-compiler/sindarin-compiler/bin/deps/include/openssl/ecdh.h
2026-10-02T17:18:54.7514020Z -- Installing: /Users/runner/work/sindarin-compiler/sindarin-compiler/bin/deps/include/openssl/rand.h
2026-10-02T17:18:54.7515700Z -- Installing: /Users/runner/work/sindarin-compiler/sindarin-compiler/bin/deps/include/openssl/ecerr.h
2026-10-02T17:18:54.7518150Z -- Installing: /Users/runner/work/sindarin-compiler/sindarin-compiler/bin/deps/include/openssl/ts.h
2026-10-02T17:18:54.7518930Z -- Installing: /Users/runner/work/sindarin-compiler/sindarin-compiler/bin/deps/include/openssl/core_dispatch.h
2026-10-02T17:18:54.7523470Z -- Installing: /Users/runner/work/sindarin-compiler/sindarin-compiler/bin/deps/include/openssl/cryptoerr.h
2026-10-02T17:18:54.7525050Z -- Installing: /Users/runner/work/sindarin-compiler/sindarin-compiler/bin/deps/include/openssl/storeerr.h
2026-10-02T17:18:54.7526670Z -- Installing: /Users/runner/work/sindarin-compiler/sindarin-compiler/bin/deps/include/openssl/buffererr.h
2026-10-02T17:18:54.7529850Z -- Installing: /Users/runner/work/sindarin-compiler/sindarin-compiler/bin/deps/include/openssl/seed.h
2026-10-02T17:18:54.7535000Z -- Installing: /Users/runner/work/sindarin-compiler/sindarin-compiler/bin/deps/include/openssl/modes.h
2026-10-02T17:18:54.7538830Z -- Installing: /Users/runner/work/sindarin-compiler/sindarin-compiler/bin/deps/include/openssl/ssl2.h
2026-10-02T17:18:54.7542820Z -- Installing: /Users/runner/work/sindarin-compiler/sindarin-compiler/bin/deps/include/openssl/tserr.h
2026-10-02T17:18:54.7543650Z -- Installing: /Users/runner/work/sindarin-compiler/sindarin-compiler/bin/deps/include/openssl/rsa.h
2026-10-02T17:18:54.7545110Z -- Installing: /Users/runner/work/sindarin-compiler/sindarin-compiler/bin/deps/include/openssl/ripemd.h
2026-10-02T17:18:54.7548580Z -- Installing: /Users/runner/work/sindarin-compiler/sindarin-compiler/bin/deps/include/openssl/whrlpool.h
2026-10-02T17:18:54.7549310Z -- Installing: /Users/runner/work/sindarin-compiler/sindarin-compiler/bin/deps/include/openssl/encodererr.h
2026-10-02T17:18:54.7550790Z -- Installing: /Users/runner/work/sindarin-compiler/sindarin-compiler/bin/deps/include/openssl/cmperr.h
2026-10-02T17:18:54.7552290Z -- Installing: /Users/runner/work/sindarin-compiler/sindarin-compiler/bin/deps/include/openssl/tls1.h
2026-10-02T17:18:54.7555620Z -- Installing: /Users/runner/work/sindarin-compiler/sindarin-compiler/bin/deps/include/openssl/rsaerr.h
2026-10-02T17:18:54.7559840Z -- Installing: /Users/runner/work/sindarin-compiler/sindarin-compiler/bin/deps/include/openssl/randerr.h
2026-10-02T17:18:54.7565080Z -- Installing: /Users/runner/work/sindarin-compiler/sindarin-compiler/bin/deps/include/openssl/mdc2.h
2026-10-02T17:18:54.7572890Z -- Installing: /Users/runner/work/sindarin-compiler/sindarin-compiler/bin/deps/include/openssl/ocsperr.h
2026-10-02T17:18:54.7574210Z -- Installing: /Users/runner/work/sindarin-compiler/sindarin-compiler/bin/deps/include/openssl/x509err.h
2026-10-02T17:18:54.7574980Z -- Installing: /Users/runner/work/sindarin-compiler/sindarin-compiler/bin/deps/include/openssl/pkcs7err.h
2026-10-02T17:18:54.7579120Z -- Installing: /Users/runner/work/sindarin-compiler/sindarin-compiler/bin/deps/include/openssl/dsa.h
2026-10-02T17:18:54.7579750Z -- Installing: /Users/runner/work/sindarin-compiler/sindarin-compiler/bin/deps/include/openssl/kdferr.h
2026-10-02T17:18:54.7581640Z -- Installing: /Users/runner/work/sindarin-compiler/sindarin-compiler/bin/deps/include/openssl/srtp.h
2026-10-02T17:18:54.7582270Z -- Installing: /Users/runner/work/sindarin-compiler/sindarin-compiler/bin/deps/include/openssl/asn1t.h
2026-10-02T17:18:54.7587820Z -- Installing: /Users/runner/work/sindarin-compiler/sindarin-compiler/bin/deps/include/openssl/e_ostime.h
2026-10-02T17:18:54.7588470Z -- Installing: /Users/runner/work/sindarin-compiler/sindarin-compiler/bin/deps/include/openssl/dsaerr.h
2026-10-02T17:18:54.7589090Z -- Installing: /Users/runner/work/sindarin-compiler/sindarin-compiler/bin/deps/include/openssl/bnerr.h
2026-10-02T17:18:54.7589720Z -- Installing: /Users/runner/work/sindarin-compiler/sindarin-compiler/bin/deps/include/openssl/conferr.h
2026-10-02T17:18:54.7594860Z -- Installing: /Users/runner/work/sindarin-compiler/sindarin-compiler/bin/deps/include/openssl/cmac.h
2026-10-02T17:18:54.7595810Z -- Installing: /Users/runner/work/sindarin-compiler/sindarin-compiler/bin/deps/include/openssl/ebcdic.h
2026-10-02T17:18:54.7599060Z -- Installing: /Users/runner/work/sindarin-compiler/sindarin-compiler/bin/deps/include/openssl/store.h
2026-10-02T17:18:54.7599700Z -- Installing: /Users/runner/work/sindarin-compiler/sindarin-compiler/bin/deps/include/openssl/idea.h
2026-10-02T17:18:54.7602560Z -- Installing: /Users/runner/work/sindarin-compiler/sindarin-compiler/bin/deps/include/openssl/lhash.h
2026-10-02T17:18:54.7606320Z -- Installing: /Users/runner/work/sindarin-compiler/sindarin-compiler/bin/deps/include/openssl/ess.h
2026-10-02T17:18:54.7606960Z -- Installing: /Users/runner/work/sindarin-compiler/sindarin-compiler/bin/deps/include/openssl/asn1err.h
2026-10-02T17:18:54.7609220Z -- Installing: /Users/runner/work/sindarin-compiler/sindarin-compiler/bin/deps/include/openssl/quic.h
2026-10-02T17:18:54.7614530Z --   Copying libssh headers...
2026-10-02T17:18:54.7614960Z -- Installing: /Users/runner/work/sindarin-compiler/sindarin-compiler/bin/deps/include/libssh
2026-10-02T17:18:54.7616650Z -- Installing: /Users/runner/work/sindarin-compiler/sindarin-compiler/bin/deps/include/libssh/libsshpp.hpp
2026-10-02T17:18:54.7617330Z -- Installing: /Users/runner/work/sindarin-compiler/sindarin-compiler/bin/deps/include/libssh/legacy.h
2026-10-02T17:18:54.7623030Z -- Installing: /Users/runner/work/sindarin-compiler/sindarin-compiler/bin/deps/include/libssh/sftpserver.h
2026-10-02T17:18:54.7623730Z -- Installing: /Users/runner/work/sindarin-compiler/sindarin-compiler/bin/deps/include/libssh/callbacks.h
2026-10-02T17:18:54.7628380Z -- Installing: /Users/runner/work/sindarin-compiler/sindarin-compiler/bin/deps/include/libssh/libssh_version.h
2026-10-02T17:18:54.7630030Z -- Installing: /Users/runner/work/sindarin-compiler/sindarin-compiler/bin/deps/include/libssh/libssh.h
2026-10-02T17:18:54.7632140Z -- Installing: /Users/runner/work/sindarin-compiler/sindarin-compiler/bin/deps/include/libssh/sftp.h
2026-10-02T17:18:54.7636700Z -- Installing: /Users/runner/work/sindarin-compiler/sindarin-compiler/bin/deps/include/libssh/ssh2.h
2026-10-02T17:18:54.7639130Z -- Installing: /Users/runner/work/sindarin-compiler/sindarin-compiler/bin/deps/include/libssh/server.h
2026-10-02T17:18:54.7640690Z --   Copying libgit2 headers...
2026-10-02T17:18:54.7641800Z -- Installing: /Users/runner/work/sindarin-compiler/sindarin-compiler/bin/deps/include/git2.h
2026-10-02T17:18:54.7643120Z -- Installing: /Users/runner/work/sindarin-compiler/sindarin-compiler/bin/deps/include/git2
2026-10-02T17:18:54.7644500Z -- Installing: /Users/runner/work/sindarin-compiler/sindarin-compiler/bin/deps/include/git2/signature.h
2026-10-02T17:18:54.7645930Z -- Installing: /Users/runner/work/sindarin-compiler/sindarin-compiler/bin/deps/include/git2/oid.h
2026-10-02T17:18:54.7649300Z -- Installing: /Users/runner/work/sindarin-compiler/sindarin-compiler/bin/deps/include/git2/index.h
2026-10-02T17:18:54.7654130Z -- Installing: /Users/runner/work/sindarin-compiler/sindarin-compiler/bin/deps/include/git2/email.h
2026-10-02T17:18:54.7657590Z -- Installing: /Users/runner/work/sindarin-compiler/sindarin-compiler/bin/deps/include/git2/ignore.h
2026-10-02T17:18:54.7661590Z -- Installing: /Users/runner/work/sindarin-compiler/sindarin-compiler/bin/deps/include/git2/attr.h
2026-10-02T17:18:54.7663250Z -- Installing: /Users/runner/work/sindarin-compiler/sindarin-compiler/bin/deps/include/git2/blame.h
2026-10-02T17:18:54.7664700Z -- Installing: /Users/runner/work/sindarin-compiler/sindarin-compiler/bin/deps/include/git2/oidarray.h
2026-10-02T17:18:54.7666140Z -- Installing: /Users/runner/work/sindarin-compiler/sindarin-compiler/bin/deps/include/git2/pack.h
2026-10-02T17:18:54.7667670Z -- Installing: /Users/runner/work/sindarin-compiler/sindarin-compiler/bin/deps/include/git2/revert.h
2026-10-02T17:18:54.7669170Z -- Installing: /Users/runner/work/sindarin-compiler/sindarin-compiler/bin/deps/include/git2/version.h
2026-10-02T17:18:54.7670580Z -- Installing: /Users/runner/work/sindarin-compiler/sindarin-compiler/bin/deps/include/git2/odb.h
2026-10-02T17:18:54.7672940Z -- Installing: /Users/runner/work/sindarin-compiler/sindarin-compiler/bin/deps/include/git2/status.h
2026-10-02T17:18:54.7674400Z -- Installing: /Users/runner/work/sindarin-compiler/sindarin-compiler/bin/deps/include/git2/net.h
2026-10-02T17:18:54.7675770Z -- Installing: /Users/runner/work/sindarin-compiler/sindarin-compiler/bin/deps/include/git2/tag.h
2026-10-02T17:18:54.7677250Z -- Installing: /Users/runner/work/sindarin-compiler/sindarin-compiler/bin/deps/include/git2/annotated_commit.h
2026-10-02T17:18:54.7678770Z -- Installing: /Users/runner/work/sindarin-compiler/sindarin-compiler/bin/deps/include/git2/config.h
2026-10-02T17:18:54.7680190Z -- Installing: /Users/runner/work/sindarin-compiler/sindarin-compiler/bin/deps/include/git2/branch.h
2026-10-02T17:18:54.7681740Z -- Installing: /Users/runner/work/sindarin-compiler/sindarin-compiler/bin/deps/include/git2/types.h
2026-10-02T17:18:54.7683210Z -- Installing: /Users/runner/work/sindarin-compiler/sindarin-compiler/bin/deps/include/git2/repository.h
2026-10-02T17:18:54.7684680Z -- Installing: /Users/runner/work/sindarin-compiler/sindarin-compiler/bin/deps/include/git2/clone.h
2026-10-02T17:18:54.7686090Z -- Installing: /Users/runner/work/sindarin-compiler/sindarin-compiler/bin/deps/include/git2/global.h
2026-10-02T17:18:54.7687490Z -- Installing: /Users/runner/work/sindarin-compiler/sindarin-compiler/bin/deps/include/git2/blob.h
2026-10-02T17:18:54.7688940Z -- Installing: /Users/runner/work/sindarin-compiler/sindarin-compiler/bin/deps/include/git2/cherrypick.h
2026-10-02T17:18:54.7690400Z -- Installing: /Users/runner/work/sindarin-compiler/sindarin-compiler/bin/deps/include/git2/mailmap.h
2026-10-02T17:18:54.7692320Z -- Installing: /Users/runner/work/sindarin-compiler/sindarin-compiler/bin/deps/include/git2/submodule.h
2026-10-02T17:18:54.7693800Z -- Installing: /Users/runner/work/sindarin-compiler/sindarin-compiler/bin/deps/include/git2/errors.h
2026-10-02T17:18:54.7695340Z -- Installing: /Users/runner/work/sindarin-compiler/sindarin-compiler/bin/deps/include/git2/message.h
2026-10-02T17:18:54.7699100Z -- Installing: /Users/runner/work/sindarin-compiler/sindarin-compiler/bin/deps/include/git2/merge.h
2026-10-02T17:18:54.7701060Z -- Installing: /Users/runner/work/sindarin-compiler/sindarin-compiler/bin/deps/include/git2/pathspec.h
2026-10-02T17:18:54.7701710Z -- Installing: /Users/runner/work/sindarin-compiler/sindarin-compiler/bin/deps/include/git2/tree.h
2026-10-02T17:18:54.7702340Z -- Installing: /Users/runner/work/sindarin-compiler/sindarin-compiler/bin/deps/include/git2/odb_backend.h
2026-10-02T17:18:54.7702960Z -- Installing: /Users/runner/work/sindarin-compiler/sindarin-compiler/bin/deps/include/git2/graph.h
2026-10-02T17:18:54.7703580Z -- Installing: /Users/runner/work/sindarin-compiler/sindarin-compiler/bin/deps/include/git2/describe.h
2026-10-02T17:18:54.7707790Z -- Installing: /Users/runner/work/sindarin-compiler/sindarin-compiler/bin/deps/include/git2/rebase.h
2026-10-02T17:18:54.7712770Z -- Installing: /Users/runner/work/sindarin-compiler/sindarin-compiler/bin/deps/include/git2/worktree.h
2026-10-02T17:18:54.7720360Z -- Installing: /Users/runner/work/sindarin-compiler/sindarin-compiler/bin/deps/include/git2/stash.h
2026-10-02T17:18:54.7723530Z -- Installing: /Users/runner/work/sindarin-compiler/sindarin-compiler/bin/deps/include/git2/remote.h
2026-10-02T17:18:54.7727630Z -- Installing: /Users/runner/work/sindarin-compiler/sindarin-compiler/bin/deps/include/git2/strarray.h
2026-10-02T17:18:54.7734920Z -- Installing: /Users/runner/work/sindarin-compiler/sindarin-compiler/bin/deps/include/git2/reflog.h
2026-10-02T17:18:54.7738770Z -- Installing: /Users/runner/work/sindarin-compiler/sindarin-compiler/bin/deps/include/git2/cred_helpers.h
2026-10-02T17:18:54.7745340Z -- Installing: /Users/runner/work/sindarin-compiler/sindarin-compiler/bin/deps/include/git2/buffer.h
2026-10-02T17:18:54.7746960Z -- Installing: /Users/runner/work/sindarin-compiler/sindarin-compiler/bin/deps/include/git2/diff.h
2026-10-02T17:18:54.7836220Z -- Installing: /Users/runner/work/sindarin-compiler/sindarin-compiler/bin/deps/include/git2/sys
2026-10-02T17:18:54.7840640Z -- Installing: /Users/runner/work/sindarin-compiler/sindarin-compiler/bin/deps/include/git2/sys/index.h
2026-10-02T17:18:54.7844580Z -- Installing: /Users/runner/work/sindarin-compiler/sindarin-compiler/bin/deps/include/git2/sys/email.h
2026-10-02T17:18:54.7845560Z -- Installing: /Users/runner/work/sindarin-compiler/sindarin-compiler/bin/deps/include/git2/sys/config.h
2026-10-02T17:18:54.7856600Z -- Installing: /Users/runner/work/sindarin-compiler/sindarin-compiler/bin/deps/include/git2/sys/path.h
2026-10-02T17:18:54.7865260Z -- Installing: /Users/runner/work/sindarin-compiler/sindarin-compiler/bin/deps/include/git2/sys/repository.h
2026-10-02T17:18:54.7867180Z -- Installing: /Users/runner/work/sindarin-compiler/sindarin-compiler/bin/deps/include/git2/sys/openssl.h
2026-10-02T17:18:54.7868250Z -- Installing: /Users/runner/work/sindarin-compiler/sindarin-compiler/bin/deps/include/git2/sys/midx.h
2026-10-02T17:18:54.7870770Z -- Installing: /Users/runner/work/sindarin-compiler/sindarin-compiler/bin/deps/include/git2/sys/cred.h
2026-10-02T17:18:54.7871570Z -- Installing: /Users/runner/work/sindarin-compiler/sindarin-compiler/bin/deps/include/git2/sys/errors.h
2026-10-02T17:18:54.7873240Z -- Installing: /Users/runner/work/sindarin-compiler/sindarin-compiler/bin/deps/include/git2/sys/merge.h
2026-10-02T17:18:54.7874540Z -- Installing: /Users/runner/work/sindarin-compiler/sindarin-compiler/bin/deps/include/git2/sys/stream.h
2026-10-02T17:18:54.7876230Z -- Installing: /Users/runner/work/sindarin-compiler/sindarin-compiler/bin/deps/include/git2/sys/odb_backend.h
2026-10-02T17:18:54.7876890Z -- Installing: /Users/runner/work/sindarin-compiler/sindarin-compiler/bin/deps/include/git2/sys/remote.h
2026-10-02T17:18:54.7880200Z -- Installing: /Users/runner/work/sindarin-compiler/sindarin-compiler/bin/deps/include/git2/sys/diff.h
2026-10-02T17:18:54.7882750Z -- Installing: /Users/runner/work/sindarin-compiler/sindarin-compiler/bin/deps/include/git2/sys/commit_graph.h
2026-10-02T17:18:54.7883990Z -- Installing: /Users/runner/work/sindarin-compiler/sindarin-compiler/bin/deps/include/git2/sys/transport.h
2026-10-02T17:18:54.7886070Z -- Installing: /Users/runner/work/sindarin-compiler/sindarin-compiler/bin/deps/include/git2/sys/hashsig.h
2026-10-02T17:18:54.7887700Z -- Installing: /Users/runner/work/sindarin-compiler/sindarin-compiler/bin/deps/include/git2/sys/credential.h
2026-10-02T17:18:54.7889420Z -- Installing: /Users/runner/work/sindarin-compiler/sindarin-compiler/bin/deps/include/git2/sys/refs.h
2026-10-02T17:18:54.7891090Z -- Installing: /Users/runner/work/sindarin-compiler/sindarin-compiler/bin/deps/include/git2/sys/filter.h
2026-10-02T17:18:54.7892300Z -- Installing: /Users/runner/work/sindarin-compiler/sindarin-compiler/bin/deps/include/git2/sys/alloc.h
2026-10-02T17:18:54.7892960Z -- Installing: /Users/runner/work/sindarin-compiler/sindarin-compiler/bin/deps/include/git2/sys/mempack.h
2026-10-02T17:18:54.7893530Z -- Installing: /Users/runner/work/sindarin-compiler/sindarin-compiler/bin/deps/include/git2/sys/commit.h
2026-10-02T17:18:54.7894200Z -- Installing: /Users/runner/work/sindarin-compiler/sindarin-compiler/bin/deps/include/git2/sys/refdb_backend.h
2026-10-02T17:18:54.7894770Z -- Installing: /Users/runner/work/sindarin-compiler/sindarin-compiler/bin/deps/include/git2/trace.h
2026-10-02T17:18:54.7895470Z -- Installing: /Users/runner/work/sindarin-compiler/sindarin-compiler/bin/deps/include/git2/common.h
2026-10-02T17:18:54.7896090Z -- Installing: /Users/runner/work/sindarin-compiler/sindarin-compiler/bin/deps/include/git2/proxy.h
2026-10-02T17:18:54.7896620Z -- Installing: /Users/runner/work/sindarin-compiler/sindarin-compiler/bin/deps/include/git2/indexer.h
2026-10-02T17:18:54.7897250Z -- Installing: /Users/runner/work/sindarin-compiler/sindarin-compiler/bin/deps/include/git2/refspec.h
2026-10-02T17:18:54.7897780Z -- Installing: /Users/runner/work/sindarin-compiler/sindarin-compiler/bin/deps/include/git2/notes.h
2026-10-02T17:18:54.7898530Z -- Installing: /Users/runner/work/sindarin-compiler/sindarin-compiler/bin/deps/include/git2/cert.h
2026-10-02T17:18:54.7899090Z -- Installing: /Users/runner/work/sindarin-compiler/sindarin-compiler/bin/deps/include/git2/deprecated.h
2026-10-02T17:18:54.7899640Z -- Installing: /Users/runner/work/sindarin-compiler/sindarin-compiler/bin/deps/include/git2/transport.h
2026-10-02T17:18:54.7900320Z -- Installing: /Users/runner/work/sindarin-compiler/sindarin-compiler/bin/deps/include/git2/revwalk.h
2026-10-02T17:18:54.7901100Z -- Installing: /Users/runner/work/sindarin-compiler/sindarin-compiler/bin/deps/include/git2/patch.h
2026-10-02T17:18:54.7901660Z -- Installing: /Users/runner/work/sindarin-compiler/sindarin-compiler/bin/deps/include/git2/object.h
2026-10-02T17:18:54.7902190Z -- Installing: /Users/runner/work/sindarin-compiler/sindarin-compiler/bin/deps/include/git2/checkout.h
2026-10-02T17:18:54.7902750Z -- Installing: /Users/runner/work/sindarin-compiler/sindarin-compiler/bin/deps/include/git2/apply.h
2026-10-02T17:18:54.7903300Z -- Installing: /Users/runner/work/sindarin-compiler/sindarin-compiler/bin/deps/include/git2/revparse.h
2026-10-02T17:18:54.7903980Z -- Installing: /Users/runner/work/sindarin-compiler/sindarin-compiler/bin/deps/include/git2/credential_helpers.h
2026-10-02T17:18:54.7904610Z -- Installing: /Users/runner/work/sindarin-compiler/sindarin-compiler/bin/deps/include/git2/credential.h
2026-10-02T17:18:54.7905150Z -- Installing: /Users/runner/work/sindarin-compiler/sindarin-compiler/bin/deps/include/git2/refs.h
2026-10-02T17:18:54.7905740Z -- Installing: /Users/runner/work/sindarin-compiler/sindarin-compiler/bin/deps/include/git2/reset.h
2026-10-02T17:18:54.7906390Z -- Installing: /Users/runner/work/sindarin-compiler/sindarin-compiler/bin/deps/include/git2/filter.h
2026-10-02T17:18:54.7928620Z -- Installing: /Users/runner/work/sindarin-compiler/sindarin-compiler/bin/deps/include/git2/transaction.h
2026-10-02T17:18:54.7932720Z -- Installing: /Users/runner/work/sindarin-compiler/sindarin-compiler/bin/deps/include/git2/experimental.h
2026-10-02T17:18:54.7935610Z -- Installing: /Users/runner/work/sindarin-compiler/sindarin-compiler/bin/deps/include/git2/stdint.h
2026-10-02T17:18:54.7937310Z -- Installing: /Users/runner/work/sindarin-compiler/sindarin-compiler/bin/deps/include/git2/commit.h
2026-10-02T17:18:54.7938020Z -- Installing: /Users/runner/work/sindarin-compiler/sindarin-compiler/bin/deps/include/git2/refdb.h
2026-10-02T17:18:54.7939660Z --   Copying curl headers...
2026-10-02T17:18:54.7940540Z -- Installing: /Users/runner/work/sindarin-compiler/sindarin-compiler/bin/deps/include/curl
2026-10-02T17:18:54.7941960Z -- Installing: /Users/runner/work/sindarin-compiler/sindarin-compiler/bin/deps/include/curl/stdcheaders.h
2026-10-02T17:18:54.7943470Z -- Installing: /Users/runner/work/sindarin-compiler/sindarin-compiler/bin/deps/include/curl/header.h
2026-10-02T17:18:54.7944920Z -- Installing: /Users/runner/work/sindarin-compiler/sindarin-compiler/bin/deps/include/curl/options.h
2026-10-02T17:18:54.7946620Z -- Installing: /Users/runner/work/sindarin-compiler/sindarin-compiler/bin/deps/include/curl/mprintf.h
2026-10-02T17:18:54.7948330Z -- Installing: /Users/runner/work/sindarin-compiler/sindarin-compiler/bin/deps/include/curl/easy.h
2026-10-02T17:18:54.7949720Z -- Installing: /Users/runner/work/sindarin-compiler/sindarin-compiler/bin/deps/include/curl/curl.h
2026-10-02T17:18:54.7951170Z -- Installing: /Users/runner/work/sindarin-compiler/sindarin-compiler/bin/deps/include/curl/websockets.h
2026-10-02T17:18:54.7952640Z -- Installing: /Users/runner/work/sindarin-compiler/sindarin-compiler/bin/deps/include/curl/curlver.h
2026-10-02T17:18:54.7954060Z -- Installing: /Users/runner/work/sindarin-compiler/sindarin-compiler/bin/deps/include/curl/system.h
2026-10-02T17:18:54.7955660Z -- Installing: /Users/runner/work/sindarin-compiler/sindarin-compiler/bin/deps/include/curl/typecheck-gcc.h
2026-10-02T17:18:54.7957460Z -- Installing: /Users/runner/work/sindarin-compiler/sindarin-compiler/bin/deps/include/curl/multi.h
2026-10-02T17:18:54.7959810Z -- Installing: /Users/runner/work/sindarin-compiler/sindarin-compiler/bin/deps/include/curl/urlapi.h
2026-10-02T17:18:54.7961430Z --   Copying library: /Users/runner/work/sindarin-compiler/sindarin-compiler/.sn/sindarin-pkg-libs/libs/darwin/lib/libz.a
2026-10-02T17:18:54.7962920Z -- Installing: /Users/runner/work/sindarin-compiler/sindarin-compiler/bin/deps/lib/libz.a
2026-10-02T17:18:54.7964450Z --   Copying library: /Users/runner/work/sindarin-compiler/sindarin-compiler/.sn/sindarin-pkg-libs/libs/darwin/lib/libyyjson.a
2026-10-02T17:18:54.7966020Z -- Installing: /Users/runner/work/sindarin-compiler/sindarin-compiler/bin/deps/lib/libyyjson.a
2026-10-02T17:18:54.7967610Z --   Copying library: /Users/runner/work/sindarin-compiler/sindarin-compiler/.sn/sindarin-pkg-libs/libs/darwin/lib/libxml2.a
2026-10-02T17:18:54.7969270Z -- Installing: /Users/runner/work/sindarin-compiler/sindarin-compiler/bin/deps/lib/libxml2.a
2026-10-02T17:18:54.7969940Z --   Copying library: /Users/runner/work/sindarin-compiler/sindarin-compiler/.sn/sindarin-pkg-libs/libs/darwin/lib/libyaml.a
2026-10-02T17:18:54.7970640Z -- Installing: /Users/runner/work/sindarin-compiler/sindarin-compiler/bin/deps/lib/libyaml.a
2026-10-02T17:18:54.7971330Z --   Copying library: /Users/runner/work/sindarin-compiler/sindarin-compiler/.sn/sindarin-pkg-libs/libs/darwin/lib/libcrypto.a
2026-10-02T17:18:54.7971930Z -- Installing: /Users/runner/work/sindarin-compiler/sindarin-compiler/bin/deps/lib/libcrypto.a
2026-10-02T17:18:54.7972550Z --   Copying library: /Users/runner/work/sindarin-compiler/sindarin-compiler/.sn/sindarin-pkg-libs/libs/darwin/lib/libssl.a
2026-10-02T17:18:54.7973220Z -- Installing: /Users/runner/work/sindarin-compiler/sindarin-compiler/bin/deps/lib/libssl.a
2026-10-02T17:18:54.7973840Z --   Copying library: /Users/runner/work/sindarin-compiler/sindarin-compiler/.sn/sindarin-pkg-libs/libs/darwin/lib/libssh.a
2026-10-02T17:18:54.7974410Z -- Installing: /Users/runner/work/sindarin-compiler/sindarin-compiler/bin/deps/lib/libssh.a
2026-10-02T17:18:54.7976170Z --   Copying library: /Users/runner/work/sindarin-compiler/sindarin-compiler/.sn/sindarin-pkg-libs/libs/darwin/lib/libgit2.a
2026-10-02T17:18:54.7977830Z -- Installing: /Users/runner/work/sindarin-compiler/sindarin-compiler/bin/deps/lib/libgit2.a
2026-10-02T17:18:54.7978760Z --   Copying library: /Users/runner/work/sindarin-compiler/sindarin-compiler/.sn/sindarin-pkg-libs/libs/darwin/lib/libhttp_parser.a
2026-10-02T17:18:54.7979460Z -- Installing: /Users/runner/work/sindarin-compiler/sindarin-compiler/bin/deps/lib/libhttp_parser.a
2026-10-02T17:18:54.7980180Z --   Copying library: /Users/runner/work/sindarin-compiler/sindarin-compiler/.sn/sindarin-pkg-libs/libs/darwin/lib/libpcre2-8.a
2026-10-02T17:18:54.7981070Z -- Installing: /Users/runner/work/sindarin-compiler/sindarin-compiler/bin/deps/lib/libpcre2-8.a
2026-10-02T17:18:54.7981690Z --   Copying library: /Users/runner/work/sindarin-compiler/sindarin-compiler/.sn/sindarin-pkg-libs/libs/darwin/lib/libssh2.a
2026-10-02T17:18:54.7982290Z -- Installing: /Users/runner/work/sindarin-compiler/sindarin-compiler/bin/deps/lib/libssh2.a
2026-10-02T17:18:54.7982870Z --   Copying library: /Users/runner/work/sindarin-compiler/sindarin-compiler/.sn/sindarin-pkg-libs/libs/darwin/lib/libcurl.a
2026-10-02T17:18:54.7983440Z -- Installing: /Users/runner/work/sindarin-compiler/sindarin-compiler/bin/deps/lib/libcurl.a
2026-10-02T17:18:54.7983950Z --   Dependencies copied to: /Users/runner/work/sindarin-compiler/sindarin-compiler/bin/deps
2026-10-02T17:18:54.7984300Z -- Found sindarin-template (handlebars)
2026-10-02T17:18:54.7999550Z -- Found libcurl - enabling auto-update feature
2026-10-02T17:18:54.8000550Z -- Found libgit2 and libyaml - enabling package manager
2026-10-02T17:18:54.8059800Z -- 
2026-10-02T17:18:54.8060320Z -- Sindarin Compiler Build Configuration:
2026-10-02T17:18:54.8061310Z --   Version:      1.0.0
2026-10-02T17:18:54.8061710Z --   Platform:     Darwin
2026-10-02T17:18:54.8061940Z --   Compiler:     AppleClang 21.0.0.21000101
2026-10-02T17:18:54.8063990Z --   Build Type:   Release
2026-10-02T17:18:54.8064240Z --   Debug:        OFF
2026-10-02T17:18:54.8064400Z --   ASAN:         OFF
2026-10-02T17:18:54.8064650Z --   Output:       /Users/runner/work/sindarin-compiler/sindarin-compiler/bin
2026-10-02T17:18:54.8064940Z -- 
2026-10-02T17:18:54.8065080Z -- Configuring done (3.3s)
2026-10-02T17:18:55.5213070Z -- Generating done (0.7s)
2026-10-02T17:18:55.5227740Z -- Build files have been written to: /Users/runner/work/sindarin-compiler/sindarin-compiler/build
2026-10-02T17:18:55.5235670Z cmake --build build
2026-10-02T17:18:55.5367150Z [0/2] Re-checking globbed directories...
2026-10-02T17:18:55.6191330Z [1/232] Synchronizing runtime headers
2026-10-02T17:18:55.7849240Z [2/232] Building C object CMakeFiles/sn_fake_rustc.dir/tests/fixtures/fake_rustc.c.o
2026-10-02T17:18:55.7967350Z [3/232] Building C object CMakeFiles/sn.dir/src/main.c.o
2026-10-02T17:18:55.8288750Z [4/232] Building C object CMakeFiles/sn_runtime_min.dir/src/runtime/sn_byte.c.o
2026-10-02T17:18:55.8599540Z [5/232] Building C object CMakeFiles/sn.dir/src/file.c.o
2026-10-02T17:18:55.8804990Z [6/232] Building C object CMakeFiles/sn.dir/src/arena.c.o
2026-10-02T17:18:55.8906440Z [7/232] Building C object CMakeFiles/sn_runtime_min.dir/src/runtime/sn_string.c.o
2026-10-02T17:18:55.9329110Z [8/232] Building C object CMakeFiles/sn.dir/src/token.c.o
2026-10-02T17:18:55.9639960Z [9/232] Building C object CMakeFiles/sn.dir/src/debug.c.o
2026-10-02T17:18:55.9741420Z [10/232] Building C object CMakeFiles/sn_runtime_min.dir/src/runtime/sn_array.c.o
2026-10-02T17:18:55.9956720Z [11/232] Building C object CMakeFiles/sn.dir/src/compiler.c.o
2026-10-02T17:18:56.0158580Z [12/232] Building C object CMakeFiles/sn.dir/src/lexer/lexer_util.c.o
2026-10-02T17:18:56.0529600Z [13/232] Building C object CMakeFiles/sn.dir/src/diagnostic.c.o
2026-10-02T17:18:56.0831470Z [14/232] Building C object CMakeFiles/sn.dir/src/ast.c.o
2026-10-02T17:18:56.1032050Z [15/232] Building C object CMakeFiles/sn.dir/src/lexer.c.o
2026-10-02T17:18:56.1685190Z [16/232] Building C object CMakeFiles/sn.dir/src/ast/ast_expr.c.o
2026-10-02T17:18:56.1800520Z [17/232] Building C object CMakeFiles/sn.dir/src/ast/ast_stmt.c.o
2026-10-02T17:18:56.2102670Z [18/232] Building C object CMakeFiles/sn.dir/src/ast/ast_type.c.o
2026-10-02T17:18:56.2938770Z [19/232] Building C object CMakeFiles/sn.dir/src/lexer/lexer_scan.c.o
2026-10-02T17:18:56.3139570Z [20/232] Building C object CMakeFiles/sn.dir/src/parser/util/parser_util.c.o
2026-10-02T17:18:56.3542920Z [21/232] Building C object CMakeFiles/sn.dir/src/ast/ast_print.c.o
2026-10-02T17:18:56.3978860Z [22/232] Building C object CMakeFiles/sn.dir/src/parser/expr/parser_expr_interpol.c.o
2026-10-02T17:18:56.4080150Z [23/232] Building C object CMakeFiles/sn.dir/src/parser/expr/parser_expr.c.o
2026-10-02T17:18:56.4481630Z [24/232] Building C object CMakeFiles/sn.dir/src/parser/expr/parser_expr_match.c.o
2026-10-02T17:18:56.4786740Z [25/232] Building C object CMakeFiles/sn.dir/src/parser/expr/parser_expr_lambda.c.o
2026-10-02T17:18:56.4888130Z [26/232] Building C object CMakeFiles/sn.dir/src/parser/expr/parser_expr_struct.c.o
2026-10-02T17:18:56.5405150Z [27/232] Building C object CMakeFiles/sn.dir/src/parser/stmt/parser_stmt.c.o
2026-10-02T17:18:56.5515380Z [28/232] Building C object CMakeFiles/sn.dir/src/parser/stmt/parser_stmt_control.c.o
2026-10-02T17:18:56.5917710Z [29/232] Building C object CMakeFiles/sn.dir/src/symbol_table.c.o
2026-10-02T17:18:56.6218500Z [30/232] Building C object CMakeFiles/sn.dir/src/parser.c.o
2026-10-02T17:18:56.6821570Z [31/232] Building C object CMakeFiles/sn.dir/src/symbol_table/symbol_table_core.c.o
2026-10-02T17:18:56.7024130Z [32/232] Building C object CMakeFiles/sn.dir/src/symbol_table/symbol_table_thread.c.o
2026-10-02T17:18:56.7129180Z [33/232] Building C object CMakeFiles/sn.dir/src/symbol_table/symbol_table_namespace.c.o
2026-10-02T17:18:56.7534320Z [34/232] Building C object CMakeFiles/sn.dir/src/type_checker.c.o
2026-10-02T17:18:56.7804860Z [35/232] Building C object CMakeFiles/sn.dir/src/type_checker/util/type_checker_util.c.o
2026-10-02T17:18:56.8207710Z [36/232] Building C object CMakeFiles/sn.dir/src/type_checker/util/type_checker_util_escape.c.o
2026-10-02T17:18:56.8509290Z [37/232] Building C object CMakeFiles/sn.dir/src/parser/stmt/parser_stmt_decl.c.o
2026-10-02T17:18:56.8622200Z [38/232] Building C object CMakeFiles/sn.dir/src/type_checker/util/type_checker_util_suggest.c.o
2026-10-02T17:18:56.8978160Z [39/232] Building C object CMakeFiles/sn.dir/src/type_checker/util/type_checker_util_layout.c.o
2026-10-02T17:18:56.9080180Z [40/232] Building C object CMakeFiles/sn.dir/src/type_checker/util/type_checker_util_struct.c.o
2026-10-02T17:18:56.9181540Z [41/232] Building C object CMakeFiles/sn.dir/src/type_checker/expr/type_checker_expr.c.o
2026-10-02T17:18:56.9680900Z [42/232] Building C object CMakeFiles/sn.dir/src/type_checker/expr/type_checker_expr_assign.c.o
2026-10-02T17:18:56.9781630Z [43/232] Building C object CMakeFiles/sn.dir/src/type_checker/expr/type_checker_expr_ops.c.o
2026-10-02T17:18:56.9990480Z [44/232] Building C object CMakeFiles/sn.dir/src/type_checker/expr/type_checker_expr_member.c.o
2026-10-02T17:18:57.0402790Z [45/232] Building C object CMakeFiles/sn.dir/src/type_checker/expr/type_checker_expr_basic.c.o
2026-10-02T17:18:57.0505520Z [46/232] Building C object CMakeFiles/sn.dir/src/type_checker/expr/type_checker_expr_thread.c.o
2026-10-02T17:18:57.0608030Z [47/232] Building C object CMakeFiles/sn.dir/src/type_checker/expr/type_checker_expr_cast.c.o
2026-10-02T17:18:57.1031170Z [48/232] Building C object CMakeFiles/sn.dir/src/type_checker/expr/type_checker_expr_struct.c.o
2026-10-02T17:18:57.1241990Z [49/232] Building C object CMakeFiles/sn.dir/src/type_checker/expr/type_checker_expr_misc.c.o
2026-10-02T17:18:57.1347520Z [50/232] Building C object CMakeFiles/sn.dir/src/type_checker/expr/type_checker_expr_access.c.o
2026-10-02T17:18:57.1570910Z [51/232] Building C object CMakeFiles/sn.dir/src/formatter.c.o
2026-10-02T17:18:57.1672960Z [52/232] Building C object CMakeFiles/sn.dir/src/type_checker/expr/call/type_checker_expr_call.c.o
2026-10-02T17:18:57.1772210Z [53/232] Building C object CMakeFiles/sn.dir/src/type_checker/expr/type_checker_expr_array.c.o
2026-10-02T17:18:57.2334030Z [54/232] Building C object CMakeFiles/sn.dir/src/type_checker/expr/call/type_checker_expr_call_array.c.o
2026-10-02T17:18:57.2440350Z [55/232] Building C object CMakeFiles/sn.dir/src/type_checker/expr/call/type_checker_expr_call_char.c.o
2026-10-02T17:18:57.2543930Z [56/232] Building C object CMakeFiles/sn.dir/src/type_checker/type_checker_generics.c.o
2026-10-02T17:18:57.2754110Z [57/232] Building C object CMakeFiles/sn.dir/src/type_checker/expr/type_checker_expr_lambda.c.o
2026-10-02T17:18:57.3104900Z [58/232] Building C object CMakeFiles/sn.dir/src/type_checker/expr/call/type_checker_expr_call_long.c.o
2026-10-02T17:18:57.3207260Z [59/232] Building C object CMakeFiles/sn.dir/src/type_checker/expr/call/type_checker_expr_call_double.c.o
2026-10-02T17:18:57.3311240Z [60/232] Building C object CMakeFiles/sn.dir/src/type_checker/expr/call/type_checker_expr_call_uint.c.o
2026-10-02T17:18:57.3437670Z [61/232] Building C object CMakeFiles/sn.dir/src/type_checker/expr/call/type_checker_expr_call_int.c.o
2026-10-02T17:18:57.3746050Z [62/232] Building C object CMakeFiles/sn.dir/src/type_checker/expr/call/type_checker_expr_call_byte.c.o
2026-10-02T17:18:57.4007400Z [63/232] Building C object CMakeFiles/sn.dir/src/type_checker/expr/call/type_checker_expr_call_bool.c.o
2026-10-02T17:18:57.4142120Z [64/232] Building C object CMakeFiles/sn.dir/src/type_checker/expr/call/type_checker_expr_call_string.c.o
2026-10-02T17:18:57.4245220Z [65/232] Building C object CMakeFiles/sn.dir/src/type_checker/expr/call/type_checker_expr_call_core.c.o
2026-10-02T17:18:57.4491850Z [66/232] Building C object CMakeFiles/sn.dir/src/type_checker/stmt/type_checker_stmt.c.o
2026-10-02T17:18:57.4862070Z [67/232] Building C object CMakeFiles/sn.dir/src/type_checker/stmt/type_checker_stmt_var.c.o
2026-10-02T17:18:57.4974300Z [68/232] Building C object CMakeFiles/sn.dir/src/type_checker/stmt/type_checker_stmt_var_util.c.o
2026-10-02T17:18:57.5095890Z [69/232] Building C object CMakeFiles/sn.dir/src/type_checker/stmt/type_checker_stmt_func.c.o
2026-10-02T17:18:57.5205620Z [70/232] Building C object CMakeFiles/sn.dir/src/type_checker/stmt/type_checker_stmt_control.c.o
2026-10-02T17:18:57.6059800Z [71/232] Building C object CMakeFiles/sn.dir/src/type_checker/stmt/type_checker_stmt_import_ns.c.o
2026-10-02T17:18:57.6180200Z [72/232] Building C object CMakeFiles/sn.dir/src/type_checker/stmt/type_checker_stmt_struct.c.o
2026-10-02T17:18:57.6286380Z [73/232] Building C object CMakeFiles/sn.dir/src/type_checker/stmt/type_checker_stmt_interface.c.o
2026-10-02T17:18:57.6530130Z [74/232] Building C object CMakeFiles/sn.dir/src/type_checker/stmt/type_checker_stmt_import.c.o
2026-10-02T17:18:57.6836490Z [75/232] Building C object CMakeFiles/sn.dir/src/type_checker/stmt/type_checker_stmt_import_ns_util.c.o
2026-10-02T17:18:57.6939260Z [76/232] Building C object CMakeFiles/sn.dir/src/optimizer.c.o
2026-10-02T17:18:57.7141360Z [77/232] Building C object CMakeFiles/sn.dir/src/optimizer/optimizer_tail_call.c.o
2026-10-02T17:18:57.7757570Z [78/232] Building C object CMakeFiles/sn.dir/src/optimizer/optimizer_string.c.o
2026-10-02T17:18:57.7859060Z [79/232] Building C object CMakeFiles/sn.dir/src/cgen/gen_model_type.c.o
2026-10-02T17:18:57.8484300Z [80/232] Building C object CMakeFiles/sn.dir/src/optimizer/optimizer_util.c.o
2026-10-02T17:18:57.8786070Z [81/232] Building C object CMakeFiles/sn.dir/src/cgen/gen_model.c.o
2026-10-02T17:18:57.8988280Z [82/232] Building C object CMakeFiles/sn.dir/src/cgen/gen_model_stmt.c.o
2026-10-02T17:18:57.9592190Z [83/232] Building C object CMakeFiles/sn.dir/src/cgen/gen_model_chain_flatten.c.o
2026-10-02T17:18:57.9693660Z [84/232] Building C object CMakeFiles/sn.dir/src/cgen/gen_model_struct.c.o
2026-10-02T17:18:57.9795440Z [85/232] Building C object CMakeFiles/sn.dir/src/cgen/gen_model_render_common.c.o
2026-10-02T17:18:58.0133520Z [86/232] Building C object CMakeFiles/sn.dir/src/cgen/gen_model_func.c.o
2026-10-02T17:18:58.0472540Z [87/232] Building C object CMakeFiles/sn.dir/src/cgen/gen_model_render_modular.c.o
2026-10-02T17:18:58.0614530Z [88/232] Building C object CMakeFiles/sn.dir/src/cgen/c/gen_model_render_min_c.c.o
2026-10-02T17:18:58.0714670Z [89/232] Building C object CMakeFiles/sn.dir/src/cgen/ownership.c.o
2026-10-02T17:18:58.1522680Z [90/232] Building C object CMakeFiles/sn.dir/src/gcc_backend_config.c.o
2026-10-02T17:18:58.1628400Z [91/232] Building C object CMakeFiles/sn.dir/src/cgen/gen_model_split.c.o
2026-10-02T17:18:58.1744080Z [92/232] Building C object CMakeFiles/sn.dir/src/gcc_backend_pkgconfig.c.o
2026-10-02T17:18:58.2757310Z [93/232] Building C object CMakeFiles/sn.dir/src/target/rust/rust_render.c.o
2026-10-02T17:18:58.2866790Z [94/232] Building C object CMakeFiles/sn.dir/src/target/target.c.o
2026-10-02T17:18:58.2968310Z [95/232] Building C object CMakeFiles/sn.dir/src/gcc_backend.c.o
2026-10-02T17:18:58.3544640Z [96/232] Building C object CMakeFiles/sn.dir/src/target/rust/rust_native_render.c.o
2026-10-02T17:18:58.4399020Z [97/232] Building C object CMakeFiles/sn.dir/src/target/rust/cc_sidecar.c.o
2026-10-02T17:18:58.4515190Z [98/232] Building C object CMakeFiles/sn.dir/src/target/rust/rust_native_build.c.o
2026-10-02T17:18:58.5423190Z [99/232] Building C object CMakeFiles/sn.dir/src/target/rust/rust_native_plan.c.o
2026-10-02T17:18:58.5745650Z [100/232] Building C object CMakeFiles/sn.dir/src/cgen/gen_model_expr.c.o
2026-10-02T17:18:58.6251980Z [101/232] Building C object CMakeFiles/sn.dir/src/target/rust/projection/rust_model.c.o
2026-10-02T17:18:58.6855850Z [102/232] Building C object CMakeFiles/sn.dir/src/target/rust/projection/rust_model_stmt.c.o
2026-10-02T17:18:58.7056990Z [103/232] Building C object CMakeFiles/sn.dir/src/target/rust/projection/rust_model_struct.c.o
2026-10-02T17:18:58.7258910Z [104/232] Building C object CMakeFiles/sn.dir/src/target/rust/projection/rust_model_func.c.o
2026-10-02T17:18:58.7662510Z [105/232] Building C object CMakeFiles/sn.dir/src/target/rust/projection/rust_model_type.c.o
2026-10-02T17:18:58.7864720Z [106/232] Building C object CMakeFiles/sn.dir/src/target/rust/projection/rust_ownership.c.o
2026-10-02T17:18:58.8267550Z [107/232] Building C object CMakeFiles/sn.dir/src/runtime/sn_array.c.o
2026-10-02T17:18:58.8470180Z [108/232] Building C object CMakeFiles/sn.dir/src/runtime/sn_string.c.o
2026-10-02T17:18:58.8570610Z [109/232] Building C object CMakeFiles/sn.dir/src/runtime/sn_byte.c.o
2026-10-02T17:18:58.9187510Z [110/232] Building C object CMakeFiles/sn.dir/src/package/package_yaml.c.o
2026-10-02T17:18:58.9689290Z [111/232] Building C object CMakeFiles/sn.dir/src/package/package_git.c.o
2026-10-02T17:18:58.9791090Z [112/232] Building C object CMakeFiles/sn.dir/src/package.c.o
2026-10-02T17:18:59.0412940Z [113/232] Building C object CMakeFiles/tests.dir/src/arena.c.o
2026-10-02T17:18:59.1096740Z [114/232] Building C object CMakeFiles/tests.dir/src/file.c.o
2026-10-02T17:18:59.1700730Z [115/232] Building C object CMakeFiles/tests.dir/src/token.c.o
2026-10-02T17:18:59.2016420Z [116/232] Building C object CMakeFiles/sn.dir/src/target/rust/projection/rust_model_expr.c.o
2026-10-02T17:18:59.2219750Z [117/232] Building C object CMakeFiles/tests.dir/src/debug.c.o
2026-10-02T17:18:59.2829540Z [118/232] Building C object CMakeFiles/tests.dir/src/diagnostic.c.o
2026-10-02T17:18:59.2965380Z [119/232] Building C object CMakeFiles/tests.dir/src/compiler.c.o
2026-10-02T17:18:59.3874510Z [120/232] Building C object CMakeFiles/tests.dir/src/lexer.c.o
2026-10-02T17:18:59.4491630Z [121/232] Building C object CMakeFiles/sn.dir/src/package/lfs/package_lfs.c.o
2026-10-02T17:18:59.4896650Z [122/232] Building C object CMakeFiles/tests.dir/src/lexer/lexer_util.c.o
2026-10-02T17:18:59.5501350Z [123/232] Building C object CMakeFiles/tests.dir/src/ast.c.o
2026-10-02T17:18:59.5703180Z [124/232] Building C object CMakeFiles/tests.dir/src/lexer/lexer_scan.c.o
2026-10-02T17:18:59.6514670Z [125/232] Building C object CMakeFiles/tests.dir/src/ast/ast_expr.c.o
2026-10-02T17:18:59.6646260Z [126/232] Building C object CMakeFiles/tests.dir/src/ast/ast_type.c.o
2026-10-02T17:18:59.7165310Z [127/232] Building C object CMakeFiles/tests.dir/src/ast/ast_stmt.c.o
2026-10-02T17:18:59.7907610Z [128/232] Building C object CMakeFiles/tests.dir/src/ast/ast_print.c.o
2026-10-02T17:18:59.9012860Z [129/232] Building C object CMakeFiles/tests.dir/src/parser/util/parser_util.c.o
2026-10-02T17:18:59.9114310Z [130/232] Building C object CMakeFiles/tests.dir/src/parser.c.o
2026-10-02T17:18:59.9920310Z [131/232] Building C object CMakeFiles/tests.dir/src/parser/expr/parser_expr_interpol.c.o
2026-10-02T17:19:00.0124020Z [132/232] Building C object CMakeFiles/tests.dir/src/parser/expr/parser_expr.c.o
2026-10-02T17:19:00.0987460Z [133/232] Building C object CMakeFiles/tests.dir/src/formatter.c.o
2026-10-02T17:19:00.1059990Z [134/232] Building C object CMakeFiles/tests.dir/src/parser/expr/parser_expr_match.c.o
2026-10-02T17:19:00.1272780Z [135/232] Building C object CMakeFiles/tests.dir/src/parser/expr/parser_expr_struct.c.o
2026-10-02T17:19:00.1678980Z [136/232] Building C object CMakeFiles/tests.dir/src/parser/expr/parser_expr_lambda.c.o
2026-10-02T17:19:00.1881390Z [137/232] Building C object CMakeFiles/tests.dir/src/parser/stmt/parser_stmt.c.o
2026-10-02T17:19:00.2285080Z [138/232] Building C object CMakeFiles/tests.dir/src/parser/stmt/parser_stmt_control.c.o
2026-10-02T17:19:00.2587890Z [139/232] Building C object CMakeFiles/tests.dir/src/symbol_table.c.o
2026-10-02T17:19:00.3274170Z [140/232] Building C object CMakeFiles/tests.dir/src/symbol_table/symbol_table_core.c.o
2026-10-02T17:19:00.3575450Z [141/232] Building C object CMakeFiles/tests.dir/src/symbol_table/symbol_table_namespace.c.o
2026-10-02T17:19:00.3778190Z [142/232] Building C object CMakeFiles/tests.dir/src/parser/stmt/parser_stmt_decl.c.o
2026-10-02T17:19:00.3889410Z [143/232] Building C object CMakeFiles/tests.dir/src/symbol_table/symbol_table_thread.c.o
2026-10-02T17:19:00.4333370Z [144/232] Building C object CMakeFiles/tests.dir/src/type_checker.c.o
2026-10-02T17:19:00.4643100Z [145/232] Building C object CMakeFiles/tests.dir/src/type_checker/util/type_checker_util.c.o
2026-10-02T17:19:00.4946450Z [146/232] Building C object CMakeFiles/tests.dir/src/type_checker/util/type_checker_util_escape.c.o
2026-10-02T17:19:00.5355290Z [147/232] Building C object CMakeFiles/tests.dir/src/type_checker/util/type_checker_util_suggest.c.o
2026-10-02T17:19:00.5556460Z [148/232] Building C object CMakeFiles/tests.dir/src/type_checker/util/type_checker_util_struct.c.o
2026-10-02T17:19:00.5975150Z [149/232] Building C object CMakeFiles/tests.dir/src/type_checker/util/type_checker_util_layout.c.o
2026-10-02T17:19:00.6090720Z [150/232] Building C object CMakeFiles/tests.dir/src/type_checker/expr/type_checker_expr.c.o
2026-10-02T17:19:00.6852440Z [151/232] Building C object CMakeFiles/tests.dir/src/type_checker/expr/type_checker_expr_ops.c.o
2026-10-02T17:19:00.6969640Z [152/232] Building C object CMakeFiles/tests.dir/src/type_checker/type_checker_generics.c.o
2026-10-02T17:19:00.7059510Z [153/232] Building C object CMakeFiles/tests.dir/src/type_checker/expr/type_checker_expr_assign.c.o
2026-10-02T17:19:00.7463090Z [154/232] Building C object CMakeFiles/tests.dir/src/type_checker/expr/type_checker_expr_basic.c.o
2026-10-02T17:19:00.7605860Z [155/232] Building C object CMakeFiles/tests.dir/src/type_checker/expr/type_checker_expr_thread.c.o
2026-10-02T17:19:00.7809470Z [156/232] Building C object CMakeFiles/tests.dir/src/type_checker/expr/type_checker_expr_member.c.o
2026-10-02T17:19:00.8068180Z [157/232] Building C object CMakeFiles/tests.dir/src/type_checker/expr/type_checker_expr_cast.c.o
2026-10-02T17:19:00.8572190Z [158/232] Building C object CMakeFiles/tests.dir/src/type_checker/expr/type_checker_expr_access.c.o
2026-10-02T17:19:00.8675860Z [159/232] Building C object CMakeFiles/tests.dir/src/type_checker/expr/type_checker_expr_struct.c.o
2026-10-02T17:19:00.8782080Z [160/232] Building C object CMakeFiles/tests.dir/src/type_checker/expr/type_checker_expr_misc.c.o
2026-10-02T17:19:00.9175740Z [161/232] Building C object CMakeFiles/tests.dir/src/type_checker/expr/call/type_checker_expr_call.c.o
2026-10-02T17:19:00.9277210Z [162/232] Building C object CMakeFiles/tests.dir/src/type_checker/expr/type_checker_expr_array.c.o
2026-10-02T17:19:00.9495170Z [163/232] Building C object CMakeFiles/tests.dir/src/type_checker/expr/type_checker_expr_lambda.c.o
2026-10-02T17:19:00.9800170Z [164/232] Building C object CMakeFiles/tests.dir/src/type_checker/expr/call/type_checker_expr_call_array.c.o
2026-10-02T17:19:01.0103160Z [165/232] Building C object CMakeFiles/tests.dir/src/type_checker/expr/call/type_checker_expr_call_char.c.o
2026-10-02T17:19:01.0204680Z [166/232] Building C object CMakeFiles/sn.dir/src/target/rust/rust_target.c.o
2026-10-02T17:19:01.0419750Z [167/232] Building C object CMakeFiles/tests.dir/src/type_checker/expr/call/type_checker_expr_call_int.c.o
2026-10-02T17:19:01.0734090Z [168/232] Building C object CMakeFiles/tests.dir/src/type_checker/expr/call/type_checker_expr_call_long.c.o
2026-10-02T17:19:01.0808510Z [169/232] Building C object CMakeFiles/tests.dir/src/type_checker/expr/call/type_checker_expr_call_double.c.o
2026-10-02T17:19:01.1013820Z [170/232] Building C object CMakeFiles/tests.dir/src/type_checker/expr/call/type_checker_expr_call_uint.c.o
2026-10-02T17:19:01.1317210Z [171/232] Building C object CMakeFiles/tests.dir/src/type_checker/expr/call/type_checker_expr_call_byte.c.o
2026-10-02T17:19:01.1419370Z [172/232] Building C object CMakeFiles/tests.dir/src/type_checker/expr/call/type_checker_expr_call_bool.c.o
2026-10-02T17:19:01.1521330Z [173/232] Building C object CMakeFiles/tests.dir/src/type_checker/expr/call/type_checker_expr_call_core.c.o
2026-10-02T17:19:01.1994630Z [174/232] Building C object CMakeFiles/tests.dir/src/type_checker/expr/call/type_checker_expr_call_string.c.o
2026-10-02T17:19:01.2096170Z [175/232] Building C object CMakeFiles/tests.dir/src/type_checker/stmt/type_checker_stmt.c.o
2026-10-02T17:19:01.2301380Z [176/232] Building C object CMakeFiles/tests.dir/src/type_checker/stmt/type_checker_stmt_var.c.o
2026-10-02T17:19:01.2703930Z [177/232] Building C object CMakeFiles/tests.dir/src/type_checker/stmt/type_checker_stmt_var_util.c.o
2026-10-02T17:19:01.2911490Z [178/232] Building C object CMakeFiles/tests.dir/src/type_checker/stmt/type_checker_stmt_control.c.o
2026-10-02T17:19:01.3063110Z [179/232] Building C object CMakeFiles/tests.dir/src/type_checker/stmt/type_checker_stmt_func.c.o
2026-10-02T17:19:01.3486540Z [180/232] Building C object CMakeFiles/tests.dir/src/type_checker/stmt/type_checker_stmt_struct.c.o
2026-10-02T17:19:01.3695360Z [181/232] Building C object CMakeFiles/tests.dir/src/type_checker/stmt/type_checker_stmt_import.c.o
2026-10-02T17:19:01.3821040Z [182/232] Building C object CMakeFiles/tests.dir/src/type_checker/stmt/type_checker_stmt_import_ns.c.o
2026-10-02T17:19:01.3949870Z [183/232] Building C object CMakeFiles/tests.dir/src/type_checker/stmt/type_checker_stmt_interface.c.o
2026-10-02T17:19:01.4470610Z [184/232] Building C object CMakeFiles/tests.dir/src/type_checker/stmt/type_checker_stmt_import_ns_util.c.o
2026-10-02T17:19:01.4572540Z [185/232] Building C object CMakeFiles/tests.dir/src/optimizer.c.o
2026-10-02T17:19:01.4792680Z [186/232] Building C object CMakeFiles/tests.dir/src/optimizer/optimizer_tail_call.c.o
2026-10-02T17:19:01.5228560Z [187/232] Building C object CMakeFiles/tests.dir/src/optimizer/optimizer_string.c.o
2026-10-02T17:19:01.5630750Z [188/232] Building C object CMakeFiles/tests.dir/src/optimizer/optimizer_util.c.o
2026-10-02T17:19:01.5744400Z [189/232] Building C object CMakeFiles/tests.dir/src/cgen/gen_model_type.c.o
2026-10-02T17:19:01.6475100Z [190/232] Building C object CMakeFiles/tests.dir/src/cgen/gen_model_chain_flatten.c.o
2026-10-02T17:19:01.6850230Z [191/232] Building C object CMakeFiles/tests.dir/src/cgen/gen_model_stmt.c.o
2026-10-02T17:19:01.6955830Z [192/232] Building C object CMakeFiles/tests.dir/src/cgen/gen_model.c.o
2026-10-02T17:19:01.7471450Z [193/232] Building C object CMakeFiles/tests.dir/src/cgen/gen_model_render_common.c.o
2026-10-02T17:19:01.7703690Z [194/232] Building C object CMakeFiles/tests.dir/src/cgen/gen_model_struct.c.o
2026-10-02T17:19:01.8412680Z [195/232] Building C object CMakeFiles/tests.dir/src/cgen/gen_model_render_modular.c.o
2026-10-02T17:19:01.8514390Z [196/232] Building C object CMakeFiles/tests.dir/src/cgen/gen_model_split.c.o
2026-10-02T17:19:01.8694360Z [197/232] Building C object CMakeFiles/tests.dir/src/cgen/gen_model_func.c.o
2026-10-02T17:19:01.8896650Z [198/232] Building C object CMakeFiles/tests.dir/src/cgen/ownership.c.o
2026-10-02T17:19:01.9230960Z [199/232] Building C object CMakeFiles/tests.dir/src/cgen/c/gen_model_render_min_c.c.o
2026-10-02T17:19:01.9500910Z [200/232] Building C object CMakeFiles/tests.dir/src/gcc_backend_config.c.o
2026-10-02T17:19:02.0005620Z [201/232] Building C object CMakeFiles/tests.dir/src/gcc_backend.c.o
2026-10-02T17:19:02.0237700Z [202/232] Building C object CMakeFiles/tests.dir/src/gcc_backend_pkgconfig.c.o
2026-10-02T17:19:02.0440490Z [203/232] Building C object CMakeFiles/tests.dir/src/target/target.c.o
2026-10-02T17:19:02.1120950Z [204/232] Building C object CMakeFiles/tests.dir/src/target/rust/rust_render.c.o
2026-10-02T17:19:02.1622540Z [205/232] Building C object CMakeFiles/tests.dir/src/target/rust/cc_sidecar.c.o
2026-10-02T17:19:02.2126430Z [206/232] Building C object CMakeFiles/tests.dir/src/cgen/gen_model_expr.c.o
2026-10-02T17:19:02.2326930Z [207/232] Building C object CMakeFiles/tests.dir/src/target/rust/rust_native_render.c.o
2026-10-02T17:19:02.3068590Z [208/232] Building C object CMakeFiles/tests.dir/src/target/rust/rust_native_build.c.o
2026-10-02T17:19:02.3673240Z [209/232] Building C object CMakeFiles/tests.dir/src/target/rust/rust_native_plan.c.o
2026-10-02T17:19:02.3775350Z [210/232] Building C object CMakeFiles/tests.dir/src/target/rust/projection/rust_model.c.o
2026-10-02T17:19:02.4797620Z [211/232] Building C object CMakeFiles/tests.dir/src/target/rust/projection/rust_model_stmt.c.o
2026-10-02T17:19:02.5258370Z [212/232] Building C object CMakeFiles/tests.dir/src/target/rust/projection/rust_model_func.c.o
2026-10-02T17:19:02.5708290Z [213/232] Building C object CMakeFiles/tests.dir/src/target/rust/projection/rust_model_struct.c.o
2026-10-02T17:19:02.6162710Z [214/232] Building C object CMakeFiles/tests.dir/src/target/rust/projection/rust_model_type.c.o
2026-10-02T17:19:02.6613060Z [215/232] Building C object CMakeFiles/tests.dir/src/target/rust/projection/rust_ownership.c.o
2026-10-02T17:19:02.7339540Z [216/232] Building C object CMakeFiles/tests.dir/src/runtime/sn_array.c.o
2026-10-02T17:19:02.7747030Z [217/232] Building C object CMakeFiles/tests.dir/src/runtime/sn_string.c.o
2026-10-02T17:19:02.8249260Z [218/232] Building C object CMakeFiles/tests.dir/src/runtime/sn_byte.c.o
2026-10-02T17:19:02.8852430Z [219/232] Building C object CMakeFiles/tests.dir/src/package.c.o
2026-10-02T17:19:02.8952630Z [220/232] Building C object CMakeFiles/tests.dir/src/target/rust/projection/rust_model_expr.c.o
2026-10-02T17:19:02.9082470Z [221/232] Building C object CMakeFiles/tests.dir/src/package/package_yaml.c.o
2026-10-02T17:19:02.9788720Z [222/232] Building C object CMakeFiles/tests.dir/src/package/package_git.c.o
2026-10-02T17:19:03.2506370Z [223/232] Linking C executable bin/sn_fake_rustc
2026-10-02T17:19:03.4860760Z [224/232] Building C object CMakeFiles/tests.dir/src/package/lfs/package_lfs.c.o
2026-10-02T17:19:03.5678210Z [225/232] Copying templates to bin/templates
2026-10-02T17:19:04.1490890Z [226/232] Building C object CMakeFiles/tests.dir/src/target/rust/rust_target.c.o
2026-10-02T17:19:05.4994840Z [227/232] Linking C static library bin/lib/gcc/libsn_runtime_min.a
2026-10-02T17:19:06.1030550Z [228/232] Building C object CMakeFiles/tests.dir/tests/unit/_all_.c.o
2026-10-02T17:19:10.0180990Z [229/232] Linking C executable bin/sn
2026-10-02T17:19:10.0186620Z ld: warning: ignoring duplicate libraries: '-liconv', '/Users/runner/work/sindarin-compiler/sindarin-compiler/.sn/sindarin-pkg-libs/libs/darwin/lib/libcrypto.a', '/Users/runner/work/sindarin-compiler/sindarin-compiler/.sn/sindarin-pkg-libs/libs/darwin/lib/libgit2.a', '/Users/runner/work/sindarin-compiler/sindarin-compiler/.sn/sindarin-pkg-libs/libs/darwin/lib/libhttp_parser.a', '/Users/runner/work/sindarin-compiler/sindarin-compiler/.sn/sindarin-pkg-libs/libs/darwin/lib/libjson-c.a', '/Users/runner/work/sindarin-compiler/sindarin-compiler/.sn/sindarin-pkg-libs/libs/darwin/lib/libpcre2-8.a', '/Users/runner/work/sindarin-compiler/sindarin-compiler/.sn/sindarin-pkg-libs/libs/darwin/lib/libssh2.a', '/Users/runner/work/sindarin-compiler/sindarin-compiler/.sn/sindarin-pkg-libs/libs/darwin/lib/libssl.a', '/Users/runner/work/sindarin-compiler/sindarin-compiler/.sn/sindarin-pkg-libs/libs/darwin/lib/libyaml.a', '/Users/runner/work/sindarin-compiler/sindarin-compiler/.sn/sindarin-pkg-libs/libs/darwin/lib/libyyjson.a', '/Users/runner/work/sindarin-compiler/sindarin-compiler/.sn/sindarin-pkg-libs/libs/darwin/lib/libz.a'
2026-10-02T17:19:17.6869240Z [230/232] Linking C executable bin/tests
2026-10-02T17:19:17.6882240Z ld: warning: ignoring duplicate libraries: '-liconv', '/Users/runner/work/sindarin-compiler/sindarin-compiler/.sn/sindarin-pkg-libs/libs/darwin/lib/libcrypto.a', '/Users/runner/work/sindarin-compiler/sindarin-compiler/.sn/sindarin-pkg-libs/libs/darwin/lib/libgit2.a', '/Users/runner/work/sindarin-compiler/sindarin-compiler/.sn/sindarin-pkg-libs/libs/darwin/lib/libhttp_parser.a', '/Users/runner/work/sindarin-compiler/sindarin-compiler/.sn/sindarin-pkg-libs/libs/darwin/lib/libpcre2-8.a', '/Users/runner/work/sindarin-compiler/sindarin-compiler/.sn/sindarin-pkg-libs/libs/darwin/lib/libssh2.a', '/Users/runner/work/sindarin-compiler/sindarin-compiler/.sn/sindarin-pkg-libs/libs/darwin/lib/libssl.a', '/Users/runner/work/sindarin-compiler/sindarin-compiler/.sn/sindarin-pkg-libs/libs/darwin/lib/libyaml.a', '/Users/runner/work/sindarin-compiler/sindarin-compiler/.sn/sindarin-pkg-libs/libs/darwin/lib/libyyjson.a', '/Users/runner/work/sindarin-compiler/sindarin-compiler/.sn/sindarin-pkg-libs/libs/darwin/lib/libz.a'
2026-10-02T17:19:17.7633100Z [231/232] Staging compiler artifacts in bin
2026-10-02T17:19:17.7783350Z 
2026-10-02T17:19:17.7837490Z Build complete!
2026-10-02T17:19:17.7927630Z Compiler: bin/sn
2026-10-02T17:19:17.8221800Z ##[group]Run if [ ! -f "bin/sn" ]; then
2026-10-02T17:19:17.8223110Z [36;1mif [ ! -f "bin/sn" ]; then[0m
2026-10-02T17:19:17.8223700Z [36;1m  echo "ERROR: bin/sn not found"[0m
2026-10-02T17:19:17.8224360Z [36;1m  exit 1[0m
2026-10-02T17:19:17.8224630Z [36;1mfi[0m
2026-10-02T17:19:17.8300730Z shell: /bin/bash --noprofile --norc -e -o pipefail {0}
2026-10-02T17:19:17.8301180Z env:
2026-10-02T17:19:17.8301460Z   VCPKG_ROOT: /Users/runner/vcpkg
2026-10-02T17:19:17.8301780Z ##[endgroup]
2026-10-02T17:19:17.8903090Z ##[group]Run overall_rc=0
2026-10-02T17:19:17.8903720Z [36;1moverall_rc=0[0m
2026-10-02T17:19:17.8904180Z [36;1m[0m
2026-10-02T17:19:17.8904460Z [36;1mrun_gate() {[0m
2026-10-02T17:19:17.8904850Z [36;1m  gate_name="$1"[0m
2026-10-02T17:19:17.8905150Z [36;1m  shift[0m
2026-10-02T17:19:17.8905540Z [36;1m  echo "::group::$gate_name"[0m
2026-10-02T17:19:17.8905870Z [36;1m  if "$@"; then[0m
2026-10-02T17:19:17.8906210Z [36;1m    gate_rc=0[0m
2026-10-02T17:19:17.8906530Z [36;1m  else[0m
2026-10-02T17:19:17.8906750Z [36;1m    gate_rc=$?[0m
2026-10-02T17:19:17.8907020Z [36;1m  fi[0m
2026-10-02T17:19:17.8928540Z [36;1m  echo "::endgroup::"[0m
2026-10-02T17:19:17.8929090Z [36;1m  if [ "$gate_rc" -eq 0 ]; then[0m
2026-10-02T17:19:17.8929540Z [36;1m    echo "- PASS: $gate_name" >> "$GITHUB_STEP_SUMMARY"[0m
2026-10-02T17:19:17.8929850Z [36;1m  else[0m
2026-10-02T17:19:17.8930310Z [36;1m    echo "- FAIL: $gate_name (exit $gate_rc)" >> "$GITHUB_STEP_SUMMARY"[0m
2026-10-02T17:19:17.8930800Z [36;1m    overall_rc=1[0m
2026-10-02T17:19:17.8931210Z [36;1m  fi[0m
2026-10-02T17:19:17.8940030Z [36;1m}[0m
2026-10-02T17:19:17.8940280Z [36;1m[0m
2026-10-02T17:19:17.8940570Z [36;1mrun_gate "tagged native C/Rust parity (6 fixtures)" \[0m
2026-10-02T17:19:17.8941070Z [36;1m  python3 scripts/run_rust_tests.py rust-native-tagged --verbose \[0m
2026-10-02T17:19:17.8941500Z [36;1m    --require-count 6 --fail-on-skip[0m
2026-10-02T17:19:17.8942000Z [36;1mrun_gate "native scalar ABI and raw bool/char fixture (12 fixtures)" \[0m
2026-10-02T17:19:17.8942500Z [36;1m  python3 scripts/run_rust_tests.py rust-native-extra --verbose \[0m
2026-10-02T17:19:17.8942890Z [36;1m    --require-count 12 --fail-on-skip[0m
2026-10-02T17:19:17.8943310Z [36;1mrun_gate "imported native alias origin (1 fixture)" \[0m
2026-10-02T17:19:17.8943720Z [36;1m  python3 scripts/run_rust_tests.py rust-native-origin --verbose \[0m
2026-10-02T17:19:17.8944220Z [36;1m    --require-count 1 --fail-on-skip[0m
2026-10-02T17:19:17.8944870Z [36;1mecho "Unix byte coverage requires 30 raw-output C/Rust pairs (60 target executions) plus 3 Rust-only raw-byte argv executions."[0m
2026-10-02T17:19:17.8945790Z [36;1mecho "Windows byte coverage requires 30 exact C/Rust text-mode raw-output pairs plus 3 Rust-only UTF-16/WTF-8 argv executions."[0m
2026-10-02T17:19:17.8946500Z [36;1mrun_gate "platform-specific raw byte-string behavior" \[0m
2026-10-02T17:19:17.8946890Z [36;1m  python3 tests/rgen/byte_string_compare.py[0m
2026-10-02T17:19:17.8947330Z [36;1mrun_gate "exact Rust/C text output, native flush, and diagnostics" \[0m
2026-10-02T17:19:17.8947750Z [36;1m  python3 tests/rgen/windows_text_transport_compare.py[0m
2026-10-02T17:19:17.8948180Z [36;1mrun_gate "indexed member Rust runtime composition" \[0m
2026-10-02T17:19:17.8948630Z [36;1m  python3 scripts/run_rust_tests.py rgen --filter indexed_member_assignment \[0m
2026-10-02T17:19:17.8949130Z [36;1m    --verbose --require-count 1 --fail-on-skip[0m
2026-10-02T17:19:17.8949520Z [36;1mrun_gate "Windows text helper logic" \[0m
2026-10-02T17:19:17.8949850Z [36;1m  python3 tests/rgen/windows_text_helpers.py[0m
2026-10-02T17:19:17.8950400Z [36;1mrun_gate "complete Rust generation, diagnostics, native, closure and toolchain suites" \[0m
2026-10-02T17:19:17.8950930Z [36;1m  python3 scripts/run_rust_tests.py all --verbose --fail-on-skip[0m
2026-10-02T17:19:17.8951410Z [36;1mrun_gate "core C/Rust differential coverage at O0/O1/O2" \[0m
2026-10-02T17:19:17.8951780Z [36;1m  make test-rust-parity-core[0m
2026-10-02T17:19:17.8952150Z [36;1m[0m
2026-10-02T17:19:17.8952380Z [36;1mexit "$overall_rc"[0m
2026-10-02T17:19:17.8991750Z shell: /bin/bash --noprofile --norc -e -o pipefail {0}
2026-10-02T17:19:17.8992120Z env:
2026-10-02T17:19:17.8992450Z   VCPKG_ROOT: /Users/runner/vcpkg
2026-10-02T17:19:17.8992740Z   SN_CC: clang
2026-10-02T17:19:17.8993090Z   SN_CFLAGS: 
2026-10-02T17:19:17.8993440Z   SN_RELEASE_CFLAGS: 
2026-10-02T17:19:17.8994130Z   SN_RUSTFLAGS: 
2026-10-02T17:19:17.8994390Z   SN_EXCLUDE_TESTS: 
2026-10-02T17:19:17.8994710Z   PYTHONUNBUFFERED: 1
2026-10-02T17:19:17.8994950Z ##[endgroup]
2026-10-02T17:19:17.9343170Z ##[group]tagged native C/Rust parity (6 fixtures)
2026-10-02T17:19:18.3257550Z Compiler: /Users/runner/work/sindarin-compiler/sindarin-compiler/bin/sn
2026-10-02T17:19:18.3258820Z Platform: Darwin
2026-10-02T17:19:18.3259380Z Parallel: 3 workers
2026-10-02T17:19:18.3259770Z 
2026-10-02T17:19:18.3260070Z Tagged Native Scalar/Source/Link Parity Tests
2026-10-02T17:19:18.3260540Z ============================================================
2026-10-02T17:19:18.3262820Z   Running 6 tests with 3 workers...
2026-10-02T17:19:24.7224070Z 
2026-10-02T17:19:24.7241090Z                                                             
2026-10-02T17:19:24.7276690Z ------------------------------------------------------------
2026-10-02T17:19:24.7281750Z Results: 6 passed, 0 failed, 0 skipped  (6.39s)
2026-10-02T17:19:24.7282820Z 
2026-10-02T17:19:24.7284230Z All tests passed!  (total: 6.39s)
2026-10-02T17:19:24.7465480Z ##[endgroup]
2026-10-02T17:19:24.7469600Z ##[group]native scalar ABI and raw bool/char fixture (12 fixtures)
2026-10-02T17:19:24.8482670Z Compiler: /Users/runner/work/sindarin-compiler/sindarin-compiler/bin/sn
2026-10-02T17:19:24.8483930Z Platform: Darwin
2026-10-02T17:19:24.8484430Z Parallel: 3 workers
2026-10-02T17:19:24.8484930Z 
2026-10-02T17:19:24.8485230Z Post-Tag Rust Native Extra Coverage
2026-10-02T17:19:24.8485940Z ============================================================
2026-10-02T17:19:24.8503150Z   Running 12 tests with 3 workers...
2026-10-02T17:19:33.5562850Z 
2026-10-02T17:19:33.5563680Z                                                             
2026-10-02T17:19:33.5564220Z ------------------------------------------------------------
2026-10-02T17:19:33.5564870Z Results: 12 passed, 0 failed, 0 skipped  (8.70s)
2026-10-02T17:19:33.5620900Z 
2026-10-02T17:19:33.5621670Z All tests passed!  (total: 8.70s)
2026-10-02T17:19:33.5948980Z ##[endgroup]
2026-10-02T17:19:33.5951560Z ##[group]imported native alias origin (1 fixture)
2026-10-02T17:19:33.6934260Z Compiler: /Users/runner/work/sindarin-compiler/sindarin-compiler/bin/sn
2026-10-02T17:19:33.6935530Z Platform: Darwin
2026-10-02T17:19:33.6936270Z Parallel: 3 workers
2026-10-02T17:19:33.6938270Z 
2026-10-02T17:19:33.6938780Z Rust Native Imported-Origin Extra Coverage
2026-10-02T17:19:33.6939270Z ============================================================
2026-10-02T17:19:33.6942700Z   Running 1 tests with 3 workers...
2026-10-02T17:19:33.9748600Z 
2026-10-02T17:19:33.9749620Z                                                             
2026-10-02T17:19:33.9750600Z ------------------------------------------------------------
2026-10-02T17:19:33.9751450Z Results: 1 passed, 0 failed, 0 skipped  (281ms)
2026-10-02T17:19:33.9751880Z 
2026-10-02T17:19:33.9752180Z All tests passed!  (total: 281ms)
2026-10-02T17:19:33.9829870Z ##[endgroup]
2026-10-02T17:19:33.9831250Z Unix byte coverage requires 30 raw-output C/Rust pairs (60 target executions) plus 3 Rust-only raw-byte argv executions.
2026-10-02T17:19:33.9832350Z Windows byte coverage requires 30 exact C/Rust text-mode raw-output pairs plus 3 Rust-only UTF-16/WTF-8 argv executions.
2026-10-02T17:19:33.9833210Z ##[group]platform-specific raw byte-string behavior
2026-10-02T17:19:35.6579870Z PASS array_text_utf8: Unix C/Rust O0/O1/O2 raw bytes
2026-10-02T17:19:37.4694150Z PASS byte_array_to_string: Unix C/Rust O0/O1/O2 raw bytes
2026-10-02T17:19:39.1191810Z PASS split_empty_utf8: Unix C/Rust O0/O1/O2 raw bytes
2026-10-02T17:19:40.4320170Z PASS string_apis: Unix C/Rust O0/O1/O2 raw bytes
2026-10-02T17:19:41.7634940Z PASS struct_text_bytes: Unix C/Rust O0/O1/O2 raw bytes
2026-10-02T17:19:42.9349090Z PASS invalid_utf8_concat: Unix C/Rust O0/O1/O2 raw bytes
2026-10-02T17:19:43.9985420Z PASS invalid_utf8_interpolation: Unix C/Rust O0/O1/O2 raw bytes
2026-10-02T17:19:44.8996720Z PASS invalid_utf8_literal: Unix C/Rust O0/O1/O2 raw bytes
2026-10-02T17:19:45.8424960Z PASS invalid_utf8_pattern: Unix C/Rust O0/O1/O2 raw bytes
2026-10-02T17:19:46.8439790Z PASS invalid_utf8_result: Unix C/Rust O0/O1/O2 raw bytes
2026-10-02T17:19:47.6399720Z PASS raw_argv: Unix Rust O0/O1/O2 raw OS argument bytes
2026-10-02T17:19:47.6400420Z PASS: 30 C/Rust raw-output pairs (60 target executions) + 3 Rust-only Unix raw-byte argv executions
2026-10-02T17:19:47.6545630Z ##[endgroup]
2026-10-02T17:19:47.6547080Z ##[group]exact Rust/C text output, native flush, and diagnostics
2026-10-02T17:19:48.9528370Z PASS native initializer/body/return printing and C flush: 2 target executions
2026-10-02T17:19:48.9529380Z PASS native C output ordered between Rust writes: 2 target executions
2026-10-02T17:19:48.9533490Z PASS checked diagnostic stderr/status: 2 target executions
2026-10-02T17:19:48.9590850Z ##[endgroup]
2026-10-02T17:19:48.9594240Z ##[group]indexed member Rust runtime composition
2026-10-02T17:19:49.0403160Z Compiler: /Users/runner/work/sindarin-compiler/sindarin-compiler/bin/sn
2026-10-02T17:19:49.0404110Z Platform: Darwin
2026-10-02T17:19:49.0404730Z Parallel: 3 workers
2026-10-02T17:19:49.0406400Z 
2026-10-02T17:19:49.0406570Z Rust Generation Tests
2026-10-02T17:19:49.0407230Z ============================================================
2026-10-02T17:19:49.0417740Z   Running 1 tests with 3 workers...
2026-10-02T17:19:49.4105910Z 
2026-10-02T17:19:49.4106610Z                                                             
2026-10-02T17:19:49.4107510Z ------------------------------------------------------------
2026-10-02T17:19:49.4108170Z Results: 1 passed, 0 failed, 0 skipped  (370ms)
2026-10-02T17:19:49.4108710Z 
2026-10-02T17:19:49.4109080Z All tests passed!  (total: 370ms)
2026-10-02T17:19:49.4202470Z ##[endgroup]
2026-10-02T17:19:49.4205850Z ##[group]Windows text helper logic
2026-10-02T17:19:49.6529440Z PASS Windows helper logic: scalar formatting, LF/CRLF, raw bytes, stderr
2026-10-02T17:19:49.6572700Z ##[endgroup]
2026-10-02T17:19:49.6574560Z ##[group]complete Rust generation, diagnostics, native, closure and toolchain suites
2026-10-02T17:19:49.7251270Z Compiler: /Users/runner/work/sindarin-compiler/sindarin-compiler/bin/sn
2026-10-02T17:19:49.7251850Z Platform: Darwin
2026-10-02T17:19:49.7252080Z Parallel: 3 workers
2026-10-02T17:19:49.7252270Z 
2026-10-02T17:19:49.7252520Z Rust Generation Tests
2026-10-02T17:19:49.7252800Z ============================================================
2026-10-02T17:19:49.7328630Z   Running 316 tests with 3 workers...
2026-10-02T17:20:29.1685120Z 
2026-10-02T17:20:29.1710100Z                                                             
2026-10-02T17:20:29.1711370Z ------------------------------------------------------------
2026-10-02T17:20:29.1713660Z Results: 316 passed, 0 failed, 0 skipped  (39.43s)
2026-10-02T17:20:29.1716250Z 
2026-10-02T17:20:29.1716560Z Rust Generation Error Tests
2026-10-02T17:20:29.1717160Z ============================================================
2026-10-02T17:20:29.1814200Z   Running 179 tests with 3 workers...
2026-10-02T17:20:30.1231280Z 
2026-10-02T17:20:30.1238910Z                                                             
2026-10-02T17:20:30.1240000Z ------------------------------------------------------------
2026-10-02T17:20:30.1240970Z Results: 179 passed, 0 failed, 0 skipped  (953ms)
2026-10-02T17:20:30.1241550Z 
2026-10-02T17:20:30.1241940Z Tagged Native Scalar/Source/Link Parity Tests
2026-10-02T17:20:30.1242690Z ============================================================
2026-10-02T17:20:30.1243540Z   Running 6 tests with 3 workers...
2026-10-02T17:20:31.7475970Z 
2026-10-02T17:20:31.7476520Z                                                             
2026-10-02T17:20:31.7477020Z ------------------------------------------------------------
2026-10-02T17:20:31.7477570Z Results: 6 passed, 0 failed, 0 skipped  (1.62s)
2026-10-02T17:20:31.7477750Z 
2026-10-02T17:20:31.7477930Z Post-Tag Rust Native Extra Coverage
2026-10-02T17:20:31.7486870Z ============================================================
2026-10-02T17:20:31.7498320Z   Running 12 tests with 3 workers...
2026-10-02T17:20:37.8985660Z 
2026-10-02T17:20:37.8986290Z                                                             
2026-10-02T17:20:37.8986960Z ------------------------------------------------------------
2026-10-02T17:20:37.8987440Z Results: 12 passed, 0 failed, 0 skipped  (6.15s)
2026-10-02T17:20:37.8987860Z 
2026-10-02T17:20:37.9014450Z Rust Native Imported-Origin Extra Coverage
2026-10-02T17:20:37.9015050Z ============================================================
2026-10-02T17:20:37.9015760Z   Running 1 tests with 3 workers...
2026-10-02T17:20:38.2002840Z 
2026-10-02T17:20:38.2003290Z                                                             
2026-10-02T17:20:38.2003930Z ------------------------------------------------------------
2026-10-02T17:20:38.2004420Z Results: 1 passed, 0 failed, 0 skipped  (302ms)
2026-10-02T17:20:38.2004590Z 
2026-10-02T17:20:38.2004770Z Rust Native Scalar Error Tests
2026-10-02T17:20:38.2005080Z ============================================================
2026-10-02T17:20:38.2005610Z   Running 2 tests with 3 workers...
2026-10-02T17:20:38.2494440Z 
2026-10-02T17:20:38.2495060Z                                                             
2026-10-02T17:20:38.2495490Z ------------------------------------------------------------
2026-10-02T17:20:38.2495900Z Results: 2 passed, 0 failed, 0 skipped  (49ms)
2026-10-02T17:20:38.2496130Z 
2026-10-02T17:20:38.2496270Z Rust Closure Value Tests
2026-10-02T17:20:38.2496510Z ============================================================
2026-10-02T17:20:38.2518380Z   Running 36 tests with 3 workers...
2026-10-02T17:20:42.9802200Z 
2026-10-02T17:20:42.9802880Z                                                             
2026-10-02T17:20:42.9803450Z ------------------------------------------------------------
2026-10-02T17:20:42.9803820Z Results: 36 passed, 0 failed, 0 skipped  (4.73s)
2026-10-02T17:20:42.9804060Z 
2026-10-02T17:20:42.9804240Z Rust Closure Value Error Tests
2026-10-02T17:20:42.9804500Z ============================================================
2026-10-02T17:20:42.9805490Z   Running 1 tests with 3 workers...
2026-10-02T17:20:42.9898060Z 
2026-10-02T17:20:42.9898590Z                                                             
2026-10-02T17:20:42.9899070Z ------------------------------------------------------------
2026-10-02T17:20:42.9899550Z Results: 1 passed, 0 failed, 0 skipped  (9ms)
2026-10-02T17:20:42.9899710Z 
2026-10-02T17:20:42.9899890Z Rust Toolchain and Artifact Lifecycle Tests
2026-10-02T17:20:42.9900300Z ============================================================
2026-10-02T17:20:43.0663820Z   subprocess_utf8_boundary                      PASS  (75ms)
2026-10-02T17:20:43.2343650Z   rustc_invocation_records                      PASS  (168ms)
2026-10-02T17:20:43.2730340Z   pure_rust_has_no_c_dependency                 PASS  (39ms)
2026-10-02T17:20:43.2815140Z   native_emit_requires_bundle                   PASS  (8ms)
2026-10-02T17:20:45.4128140Z   native_c_link_driver_contract                 FAIL (native C-link-driver assertions unmet)
2026-10-02T17:20:45.4131070Z     native link capture compile failed:
2026-10-02T17:20:45.4132170Z stdout:
2026-10-02T17:20:45.4132790Z <empty>
2026-10-02T17:20:45.4133280Z stderr:
2026-10-02T17:20:45.4135920Z [1mCompiling[0m /Users/runner/work/sindarin-compiler/sindarin-compiler/tests/rust-native/scalar_bridge.sn...
2026-10-02T17:20:45.4137280Z   Parsing... [1;36mdone[0m
2026-10-02T17:20:45.4138140Z   Type checking... [1;36mdone[0m
2026-10-02T17:20:45.4138860Z   Code generation... [1;36mdone[0m
2026-10-02T17:20:45.4139920Z   Linking...error: linking with `.sn/build/rust/scalar_bridge_17098/sn_rust_linker_proxy.sh` failed: exit status: 1
2026-10-02T17:20:45.4140850Z   |
2026-10-02T17:20:45.4172490Z   = note:  ".sn/build/rust/scalar_bridge_17098/sn_rust_linker_proxy.sh" "/var/folders/36/tjdph2t965j8snz9_vkdnw0r0000gn/T/rustcBAqURY/symbols.o" "<2 object files omitted>" "<sysroot>/lib/rustlib/aarch64-apple-darwin/lib/{libstd-*,libpanic_unwind-*,libobject-*,libmemchr-*,libaddr2line-*,libgimli-*,libcfg_if-*,librustc_demangle-*,libstd_detect-*,libhashbrown-*,librustc_std_workspace_alloc-*,libminiz_oxide-*,libadler2-*,libunwind-*,liblibc-*,librustc_std_workspace_core-*,liballoc-*,libcore-*,libcompiler_builtins-*}.rlib" "-lSystem" "-lc" "-lm" "-arch" "arm64" "-mmacosx-version-min=11.0.0" "-o" "/var/folders/36/tjdph2t965j8snz9_vkdnw0r0000gn/T/sn_rustc_cs3lzuk9/native_link_output" "-Wl,-dead_strip" ".sn/build/rust/scalar_bridge_17098/sn_native_bridge_main.o" ".sn/build/rust/scalar_bridge_17098/pragma_scalar_bridge.sn_9b3900c77a74e8c5.o" ".sn/build/rust/scalar_bridge_17098/pragma_native_d3d96d2a3d7517db.o" ".sn/build/rust/scalar_bridge_17098/pragma_native_97859ae645f81f28.o" "/Users/runner/work/sindarin-compiler/sindarin-compiler/bin/lib/gcc/libsn_runtime_min.a" "-L/Users/runner/work/sindarin-compiler/sindarin-compiler/bin/deps/lib" "-Wl,-rpath,/Users/runner/work/sindarin-compiler/sindarin-compiler/bin/deps/lib"
2026-10-02T17:20:45.4177120Z   = note: some arguments are omitted. use `--verbose` to show all linker arguments
2026-10-02T17:20:45.4178240Z   = note: ld: unknown options: --defsym --defsym 
2026-10-02T17:20:45.4178730Z           clang: error: linker command failed with exit code 1 (use -v to see invocation)
2026-10-02T17:20:45.4179190Z           
2026-10-02T17:20:45.4179350Z 
2026-10-02T17:20:45.4179490Z error: aborting due to 1 previous error
2026-10-02T17:20:45.4179690Z 
2026-10-02T17:20:45.4179820Z Error: rustc failed to link generated Rust and native C objects
2026-10-02T17:20:45.4180200Z  [1;31mfailed[0m
2026-10-02T17:20:45.4180290Z 
2026-10-02T17:20:45.4180380Z [1;31mCompilation failed[0m
2026-10-02T17:20:45.8694850Z   native_debug_sanitizer_link                   PASS  (457ms)
2026-10-02T17:20:46.6245780Z   native_compile_and_link_failures              PASS  (755ms)
2026-10-02T17:20:46.6523970Z   missing_rustc                                 PASS  (27ms)
2026-10-02T17:20:46.6806500Z   failing_rustc                                 PASS  (29ms)
2026-10-02T17:20:46.7960310Z   failing_rustc_build                           PASS  (115ms)
2026-10-02T17:20:46.8990260Z   rust_generated_artifact_lifecycle             PASS  (103ms)
2026-10-02T17:20:47.9791620Z   rust_native_artifact_lifecycle                PASS  (1.08s)
2026-10-02T17:20:47.9828030Z 
2026-10-02T17:20:47.9828790Z ------------------------------------------------------------
2026-10-02T17:20:47.9830040Z Results: 11 passed, 1 failed  (4.99s)
2026-10-02T17:20:48.0341260Z 
2026-10-02T17:20:48.0342360Z Some tests failed!  (total: 58.23s)
2026-10-02T17:20:48.0500080Z ##[endgroup]
2026-10-02T17:20:48.0508390Z ##[group]core C/Rust differential coverage at O0/O1/O2
2026-10-02T17:20:48.1246210Z Building Sindarin compiler...
2026-10-02T17:20:48.1284400Z Platform: darwin
2026-10-02T17:20:48.1326840Z Generator: Ninja
2026-10-02T17:20:48.1327750Z cmake -S . -B build -G "Ninja" \
2026-10-02T17:20:48.1328430Z 		-DCMAKE_BUILD_TYPE=Release \
2026-10-02T17:20:48.1328980Z 		-DCMAKE_C_COMPILER=clang
2026-10-02T17:20:48.2665610Z -- Up-to-date: /Users/runner/work/sindarin-compiler/sindarin-compiler/bin/sn.linux.cfg
2026-10-02T17:20:48.2666300Z -- Up-to-date: /Users/runner/work/sindarin-compiler/sindarin-compiler/bin/sn.darwin.cfg
2026-10-02T17:20:48.2672730Z -- Up-to-date: /Users/runner/work/sindarin-compiler/sindarin-compiler/bin/sn.windows.cfg
2026-10-02T17:20:48.2684160Z -- Installing: /Users/runner/work/sindarin-compiler/sindarin-compiler/bin/include/runtime/sn_arith.h
2026-10-02T17:20:48.2685750Z -- Installing: /Users/runner/work/sindarin-compiler/sindarin-compiler/bin/include/runtime/sn_array.h
2026-10-02T17:20:48.2689100Z -- Installing: /Users/runner/work/sindarin-compiler/sindarin-compiler/bin/include/runtime/sn_byte.h
2026-10-02T17:20:48.2689780Z -- Installing: /Users/runner/work/sindarin-compiler/sindarin-compiler/bin/include/runtime/sn_conv.h
2026-10-02T17:20:48.2691340Z -- Installing: /Users/runner/work/sindarin-compiler/sindarin-compiler/bin/include/runtime/sn_core.h
2026-10-02T17:20:48.2693290Z -- Installing: /Users/runner/work/sindarin-compiler/sindarin-compiler/bin/include/runtime/sn_minimal.h
2026-10-02T17:20:48.2694200Z -- Installing: /Users/runner/work/sindarin-compiler/sindarin-compiler/bin/include/runtime/sn_reflect.h
2026-10-02T17:20:48.2695650Z -- Installing: /Users/runner/work/sindarin-compiler/sindarin-compiler/bin/include/runtime/sn_serial.h
2026-10-02T17:20:48.2697470Z -- Installing: /Users/runner/work/sindarin-compiler/sindarin-compiler/bin/include/runtime/sn_string.h
2026-10-02T17:20:48.2699080Z -- Installing: /Users/runner/work/sindarin-compiler/sindarin-compiler/bin/include/runtime/sn_thread.h
2026-10-02T17:20:48.2700810Z -- Installing: /Users/runner/work/sindarin-compiler/sindarin-compiler/bin/include/minimal/sn_arith.h
2026-10-02T17:20:48.2702430Z -- Installing: /Users/runner/work/sindarin-compiler/sindarin-compiler/bin/include/minimal/sn_array.h
2026-10-02T17:20:48.2705310Z -- Installing: /Users/runner/work/sindarin-compiler/sindarin-compiler/bin/include/minimal/sn_byte.h
2026-10-02T17:20:48.2706110Z -- Installing: /Users/runner/work/sindarin-compiler/sindarin-compiler/bin/include/minimal/sn_conv.h
2026-10-02T17:20:48.2707730Z -- Installing: /Users/runner/work/sindarin-compiler/sindarin-compiler/bin/include/minimal/sn_core.h
2026-10-02T17:20:48.2710730Z -- Installing: /Users/runner/work/sindarin-compiler/sindarin-compiler/bin/include/minimal/sn_minimal.h
2026-10-02T17:20:48.2711860Z -- Installing: /Users/runner/work/sindarin-compiler/sindarin-compiler/bin/include/minimal/sn_reflect.h
2026-10-02T17:20:48.2713320Z -- Installing: /Users/runner/work/sindarin-compiler/sindarin-compiler/bin/include/minimal/sn_serial.h
2026-10-02T17:20:48.2715360Z -- Installing: /Users/runner/work/sindarin-compiler/sindarin-compiler/bin/include/minimal/sn_string.h
2026-10-02T17:20:48.2716920Z -- Installing: /Users/runner/work/sindarin-compiler/sindarin-compiler/bin/include/minimal/sn_thread.h
2026-10-02T17:20:48.2720680Z -- Up-to-date: /Users/runner/work/sindarin-compiler/sindarin-compiler/bin/include/platform/compat_dirent.h
2026-10-02T17:20:48.2722210Z -- Up-to-date: /Users/runner/work/sindarin-compiler/sindarin-compiler/bin/include/platform/compat_io.h
2026-10-02T17:20:48.2722940Z -- Up-to-date: /Users/runner/work/sindarin-compiler/sindarin-compiler/bin/include/platform/compat_net.h
2026-10-02T17:20:48.2723720Z -- Up-to-date: /Users/runner/work/sindarin-compiler/sindarin-compiler/bin/include/platform/compat_pthread.h
2026-10-02T17:20:48.2724490Z -- Up-to-date: /Users/runner/work/sindarin-compiler/sindarin-compiler/bin/include/platform/compat_time.h
2026-10-02T17:20:48.2725150Z -- Up-to-date: /Users/runner/work/sindarin-compiler/sindarin-compiler/bin/include/platform/compat_windows.h
2026-10-02T17:20:48.2725950Z -- Up-to-date: /Users/runner/work/sindarin-compiler/sindarin-compiler/bin/include/platform/platform.h
2026-10-02T17:20:48.2749050Z -- Found libs submodule: /Users/runner/work/sindarin-compiler/sindarin-compiler/.sn/sindarin-pkg-libs/libs/darwin
2026-10-02T17:20:48.2750040Z --   Copying zlib headers...
2026-10-02T17:20:48.2750500Z -- Up-to-date: /Users/runner/work/sindarin-compiler/sindarin-compiler/bin/deps/include/zlib.h
2026-10-02T17:20:48.2751110Z -- Up-to-date: /Users/runner/work/sindarin-compiler/sindarin-compiler/bin/deps/include/zconf.h
2026-10-02T17:20:48.2753730Z --   Copying yyjson headers...
2026-10-02T17:20:48.2754370Z -- Up-to-date: /Users/runner/work/sindarin-compiler/sindarin-compiler/bin/deps/include/yyjson.h
2026-10-02T17:20:48.2755130Z --   Copying json-c headers...
2026-10-02T17:20:48.2755560Z -- Up-to-date: /Users/runner/work/sindarin-compiler/sindarin-compiler/bin/deps/include/json-c
2026-10-02T17:20:48.2756540Z -- Up-to-date: /Users/runner/work/sindarin-compiler/sindarin-compiler/bin/deps/include/json-c/printbuf.h
2026-10-02T17:20:48.2757360Z -- Up-to-date: /Users/runner/work/sindarin-compiler/sindarin-compiler/bin/deps/include/json-c/debug.h
2026-10-02T17:20:48.2760670Z -- Up-to-date: /Users/runner/work/sindarin-compiler/sindarin-compiler/bin/deps/include/json-c/json_util.h
2026-10-02T17:20:48.2761470Z -- Up-to-date: /Users/runner/work/sindarin-compiler/sindarin-compiler/bin/deps/include/json-c/json_config.h
2026-10-02T17:20:48.2762280Z -- Up-to-date: /Users/runner/work/sindarin-compiler/sindarin-compiler/bin/deps/include/json-c/json_patch.h
2026-10-02T17:20:48.2763110Z -- Up-to-date: /Users/runner/work/sindarin-compiler/sindarin-compiler/bin/deps/include/json-c/json_pointer.h
2026-10-02T17:20:48.2763890Z -- Up-to-date: /Users/runner/work/sindarin-compiler/sindarin-compiler/bin/deps/include/json-c/json_visit.h
2026-10-02T17:20:48.2765470Z -- Up-to-date: /Users/runner/work/sindarin-compiler/sindarin-compiler/bin/deps/include/json-c/json.h
2026-10-02T17:20:48.2766600Z -- Up-to-date: /Users/runner/work/sindarin-compiler/sindarin-compiler/bin/deps/include/json-c/json_c_version.h
2026-10-02T17:20:48.2767330Z -- Up-to-date: /Users/runner/work/sindarin-compiler/sindarin-compiler/bin/deps/include/json-c/arraylist.h
2026-10-02T17:20:48.2768010Z -- Up-to-date: /Users/runner/work/sindarin-compiler/sindarin-compiler/bin/deps/include/json-c/linkhash.h
2026-10-02T17:20:48.2768830Z -- Up-to-date: /Users/runner/work/sindarin-compiler/sindarin-compiler/bin/deps/include/json-c/json_tokener.h
2026-10-02T17:20:48.2769750Z -- Up-to-date: /Users/runner/work/sindarin-compiler/sindarin-compiler/bin/deps/include/json-c/json_object_iterator.h
2026-10-02T17:20:48.2770560Z -- Up-to-date: /Users/runner/work/sindarin-compiler/sindarin-compiler/bin/deps/include/json-c/json_inttypes.h
2026-10-02T17:20:48.2771230Z -- Up-to-date: /Users/runner/work/sindarin-compiler/sindarin-compiler/bin/deps/include/json-c/json_types.h
2026-10-02T17:20:48.2771850Z -- Up-to-date: /Users/runner/work/sindarin-compiler/sindarin-compiler/bin/deps/include/json-c/json_object.h
2026-10-02T17:20:48.2772360Z --   Copying libxml2 headers...
2026-10-02T17:20:48.2772740Z -- Up-to-date: /Users/runner/work/sindarin-compiler/sindarin-compiler/bin/deps/include/libxml
2026-10-02T17:20:48.2773920Z -- Up-to-date: /Users/runner/work/sindarin-compiler/sindarin-compiler/bin/deps/include/libxml/chvalid.h
2026-10-02T17:20:48.2774680Z -- Up-to-date: /Users/runner/work/sindarin-compiler/sindarin-compiler/bin/deps/include/libxml/parserInternals.h
2026-10-02T17:20:48.2775340Z -- Up-to-date: /Users/runner/work/sindarin-compiler/sindarin-compiler/bin/deps/include/libxml/xpointer.h
2026-10-02T17:20:48.2776170Z -- Up-to-date: /Users/runner/work/sindarin-compiler/sindarin-compiler/bin/deps/include/libxml/debugXML.h
2026-10-02T17:20:48.2776900Z -- Up-to-date: /Users/runner/work/sindarin-compiler/sindarin-compiler/bin/deps/include/libxml/schematron.h
2026-10-02T17:20:48.2777660Z -- Up-to-date: /Users/runner/work/sindarin-compiler/sindarin-compiler/bin/deps/include/libxml/uri.h
2026-10-02T17:20:48.2778490Z -- Up-to-date: /Users/runner/work/sindarin-compiler/sindarin-compiler/bin/deps/include/libxml/parser.h
2026-10-02T17:20:48.2780650Z -- Up-to-date: /Users/runner/work/sindarin-compiler/sindarin-compiler/bin/deps/include/libxml/encoding.h
2026-10-02T17:20:48.2781440Z -- Up-to-date: /Users/runner/work/sindarin-compiler/sindarin-compiler/bin/deps/include/libxml/tree.h
2026-10-02T17:20:48.2782140Z -- Up-to-date: /Users/runner/work/sindarin-compiler/sindarin-compiler/bin/deps/include/libxml/threads.h
2026-10-02T17:20:48.2782890Z -- Up-to-date: /Users/runner/work/sindarin-compiler/sindarin-compiler/bin/deps/include/libxml/xmlversion.h
2026-10-02T17:20:48.2783620Z -- Up-to-date: /Users/runner/work/sindarin-compiler/sindarin-compiler/bin/deps/include/libxml/globals.h
2026-10-02T17:20:48.2784340Z -- Up-to-date: /Users/runner/work/sindarin-compiler/sindarin-compiler/bin/deps/include/libxml/catalog.h
2026-10-02T17:20:48.2785560Z -- Up-to-date: /Users/runner/work/sindarin-compiler/sindarin-compiler/bin/deps/include/libxml/pattern.h
2026-10-02T17:20:48.2787660Z -- Up-to-date: /Users/runner/work/sindarin-compiler/sindarin-compiler/bin/deps/include/libxml/xmlreader.h
2026-10-02T17:20:48.2789340Z -- Up-to-date: /Users/runner/work/sindarin-compiler/sindarin-compiler/bin/deps/include/libxml/HTMLtree.h
2026-10-02T17:20:48.2790130Z -- Up-to-date: /Users/runner/work/sindarin-compiler/sindarin-compiler/bin/deps/include/libxml/SAX2.h
2026-10-02T17:20:48.2790830Z -- Up-to-date: /Users/runner/work/sindarin-compiler/sindarin-compiler/bin/deps/include/libxml/xmlexports.h
2026-10-02T17:20:48.2791680Z -- Up-to-date: /Users/runner/work/sindarin-compiler/sindarin-compiler/bin/deps/include/libxml/xlink.h
2026-10-02T17:20:48.2792390Z -- Up-to-date: /Users/runner/work/sindarin-compiler/sindarin-compiler/bin/deps/include/libxml/SAX.h
2026-10-02T17:20:48.2792980Z -- Up-to-date: /Users/runner/work/sindarin-compiler/sindarin-compiler/bin/deps/include/libxml/entities.h
2026-10-02T17:20:48.2793610Z -- Up-to-date: /Users/runner/work/sindarin-compiler/sindarin-compiler/bin/deps/include/libxml/xmlregexp.h
2026-10-02T17:20:48.2794280Z -- Up-to-date: /Users/runner/work/sindarin-compiler/sindarin-compiler/bin/deps/include/libxml/list.h
2026-10-02T17:20:48.2795040Z -- Up-to-date: /Users/runner/work/sindarin-compiler/sindarin-compiler/bin/deps/include/libxml/xinclude.h
2026-10-02T17:20:48.2795780Z -- Up-to-date: /Users/runner/work/sindarin-compiler/sindarin-compiler/bin/deps/include/libxml/xmlerror.h
2026-10-02T17:20:48.2799540Z -- Up-to-date: /Users/runner/work/sindarin-compiler/sindarin-compiler/bin/deps/include/libxml/schemasInternals.h
2026-10-02T17:20:48.2800290Z -- Up-to-date: /Users/runner/work/sindarin-compiler/sindarin-compiler/bin/deps/include/libxml/dict.h
2026-10-02T17:20:48.2800880Z -- Up-to-date: /Users/runner/work/sindarin-compiler/sindarin-compiler/bin/deps/include/libxml/xmlIO.h
2026-10-02T17:20:48.2801600Z -- Up-to-date: /Users/runner/work/sindarin-compiler/sindarin-compiler/bin/deps/include/libxml/HTMLparser.h
2026-10-02T17:20:48.2802290Z -- Up-to-date: /Users/runner/work/sindarin-compiler/sindarin-compiler/bin/deps/include/libxml/xmlautomata.h
2026-10-02T17:20:48.2803000Z -- Up-to-date: /Users/runner/work/sindarin-compiler/sindarin-compiler/bin/deps/include/libxml/xmlsave.h
2026-10-02T17:20:48.2803650Z -- Up-to-date: /Users/runner/work/sindarin-compiler/sindarin-compiler/bin/deps/include/libxml/xmlstring.h
2026-10-02T17:20:48.2804330Z -- Up-to-date: /Users/runner/work/sindarin-compiler/sindarin-compiler/bin/deps/include/libxml/xpath.h
2026-10-02T17:20:48.2805050Z -- Up-to-date: /Users/runner/work/sindarin-compiler/sindarin-compiler/bin/deps/include/libxml/valid.h
2026-10-02T17:20:48.2805800Z -- Up-to-date: /Users/runner/work/sindarin-compiler/sindarin-compiler/bin/deps/include/libxml/xmlschemastypes.h
2026-10-02T17:20:48.2806550Z -- Up-to-date: /Users/runner/work/sindarin-compiler/sindarin-compiler/bin/deps/include/libxml/c14n.h
2026-10-02T17:20:48.2807810Z -- Up-to-date: /Users/runner/work/sindarin-compiler/sindarin-compiler/bin/deps/include/libxml/xmlmodule.h
2026-10-02T17:20:48.2809920Z -- Up-to-date: /Users/runner/work/sindarin-compiler/sindarin-compiler/bin/deps/include/libxml/relaxng.h
2026-10-02T17:20:48.2810710Z -- Up-to-date: /Users/runner/work/sindarin-compiler/sindarin-compiler/bin/deps/include/libxml/nanohttp.h
2026-10-02T17:20:48.2811350Z -- Up-to-date: /Users/runner/work/sindarin-compiler/sindarin-compiler/bin/deps/include/libxml/xmlunicode.h
2026-10-02T17:20:48.2812010Z -- Up-to-date: /Users/runner/work/sindarin-compiler/sindarin-compiler/bin/deps/include/libxml/xmlwriter.h
2026-10-02T17:20:48.2812780Z -- Up-to-date: /Users/runner/work/sindarin-compiler/sindarin-compiler/bin/deps/include/libxml/xmlmemory.h
2026-10-02T17:20:48.2813640Z -- Up-to-date: /Users/runner/work/sindarin-compiler/sindarin-compiler/bin/deps/include/libxml/xpathInternals.h
2026-10-02T17:20:48.2814390Z -- Up-to-date: /Users/runner/work/sindarin-compiler/sindarin-compiler/bin/deps/include/libxml/nanoftp.h
2026-10-02T17:20:48.2815190Z -- Up-to-date: /Users/runner/work/sindarin-compiler/sindarin-compiler/bin/deps/include/libxml/hash.h
2026-10-02T17:20:48.2815870Z -- Up-to-date: /Users/runner/work/sindarin-compiler/sindarin-compiler/bin/deps/include/libxml/xmlschemas.h
2026-10-02T17:20:48.2816580Z --   Copying libyaml headers...
2026-10-02T17:20:48.2816960Z -- Up-to-date: /Users/runner/work/sindarin-compiler/sindarin-compiler/bin/deps/include/yaml.h
2026-10-02T17:20:48.2817390Z --   Copying openssl headers...
2026-10-02T17:20:48.2817820Z -- Up-to-date: /Users/runner/work/sindarin-compiler/sindarin-compiler/bin/deps/include/openssl
2026-10-02T17:20:48.2818970Z -- Up-to-date: /Users/runner/work/sindarin-compiler/sindarin-compiler/bin/deps/include/openssl/pem2.h
2026-10-02T17:20:48.2819720Z -- Up-to-date: /Users/runner/work/sindarin-compiler/sindarin-compiler/bin/deps/include/openssl/kdf.h
2026-10-02T17:20:48.2820370Z -- Up-to-date: /Users/runner/work/sindarin-compiler/sindarin-compiler/bin/deps/include/openssl/pem.h
2026-10-02T17:20:48.2821140Z -- Up-to-date: /Users/runner/work/sindarin-compiler/sindarin-compiler/bin/deps/include/openssl/asyncerr.h
2026-10-02T17:20:48.2821760Z -- Up-to-date: /Users/runner/work/sindarin-compiler/sindarin-compiler/bin/deps/include/openssl/md2.h
2026-10-02T17:20:48.2822570Z -- Up-to-date: /Users/runner/work/sindarin-compiler/sindarin-compiler/bin/deps/include/openssl/ssl3.h
2026-10-02T17:20:48.2823260Z -- Up-to-date: /Users/runner/work/sindarin-compiler/sindarin-compiler/bin/deps/include/openssl/ossl_typ.h
2026-10-02T17:20:48.2824230Z -- Up-to-date: /Users/runner/work/sindarin-compiler/sindarin-compiler/bin/deps/include/openssl/dtls1.h
2026-10-02T17:20:48.2824900Z -- Up-to-date: /Users/runner/work/sindarin-compiler/sindarin-compiler/bin/deps/include/openssl/err.h
2026-10-02T17:20:48.2825600Z -- Up-to-date: /Users/runner/work/sindarin-compiler/sindarin-compiler/bin/deps/include/openssl/bn.h
2026-10-02T17:20:48.2826280Z -- Up-to-date: /Users/runner/work/sindarin-compiler/sindarin-compiler/bin/deps/include/openssl/blowfish.h
2026-10-02T17:20:48.2826820Z -- Up-to-date: /Users/runner/work/sindarin-compiler/sindarin-compiler/bin/deps/include/openssl/cms.h
2026-10-02T17:20:48.2827360Z -- Up-to-date: /Users/runner/work/sindarin-compiler/sindarin-compiler/bin/deps/include/openssl/engine.h
2026-10-02T17:20:48.2829560Z -- Up-to-date: /Users/runner/work/sindarin-compiler/sindarin-compiler/bin/deps/include/openssl/conf_api.h
2026-10-02T17:20:48.2831360Z -- Up-to-date: /Users/runner/work/sindarin-compiler/sindarin-compiler/bin/deps/include/openssl/esserr.h
2026-10-02T17:20:48.2832990Z -- Up-to-date: /Users/runner/work/sindarin-compiler/sindarin-compiler/bin/deps/include/openssl/core.h
2026-10-02T17:20:48.2834050Z -- Up-to-date: /Users/runner/work/sindarin-compiler/sindarin-compiler/bin/deps/include/openssl/x509.h
2026-10-02T17:20:48.2834800Z -- Up-to-date: /Users/runner/work/sindarin-compiler/sindarin-compiler/bin/deps/include/openssl/objectserr.h
2026-10-02T17:20:48.2835550Z -- Up-to-date: /Users/runner/work/sindarin-compiler/sindarin-compiler/bin/deps/include/openssl/params.h
2026-10-02T17:20:48.2836260Z -- Up-to-date: /Users/runner/work/sindarin-compiler/sindarin-compiler/bin/deps/include/openssl/cmserr.h
2026-10-02T17:20:48.2837030Z -- Up-to-date: /Users/runner/work/sindarin-compiler/sindarin-compiler/bin/deps/include/openssl/http.h
2026-10-02T17:20:48.2837740Z -- Up-to-date: /Users/runner/work/sindarin-compiler/sindarin-compiler/bin/deps/include/openssl/ui.h
2026-10-02T17:20:48.2838400Z -- Up-to-date: /Users/runner/work/sindarin-compiler/sindarin-compiler/bin/deps/include/openssl/sha.h
2026-10-02T17:20:48.2839470Z -- Up-to-date: /Users/runner/work/sindarin-compiler/sindarin-compiler/bin/deps/include/openssl/byteorder.h
2026-10-02T17:20:48.2840070Z -- Up-to-date: /Users/runner/work/sindarin-compiler/sindarin-compiler/bin/deps/include/openssl/symhacks.h
2026-10-02T17:20:48.2840680Z -- Up-to-date: /Users/runner/work/sindarin-compiler/sindarin-compiler/bin/deps/include/openssl/asn1.h
2026-10-02T17:20:48.2841310Z -- Up-to-date: /Users/runner/work/sindarin-compiler/sindarin-compiler/bin/deps/include/openssl/bioerr.h
2026-10-02T17:20:48.2841940Z -- Up-to-date: /Users/runner/work/sindarin-compiler/sindarin-compiler/bin/deps/include/openssl/opensslconf.h
2026-10-02T17:20:48.2842910Z -- Up-to-date: /Users/runner/work/sindarin-compiler/sindarin-compiler/bin/deps/include/openssl/bio.h
2026-10-02T17:20:48.2843490Z -- Up-to-date: /Users/runner/work/sindarin-compiler/sindarin-compiler/bin/deps/include/openssl/rc2.h
2026-10-02T17:20:48.2844090Z -- Up-to-date: /Users/runner/work/sindarin-compiler/sindarin-compiler/bin/deps/include/openssl/types.h
2026-10-02T17:20:48.2844700Z -- Up-to-date: /Users/runner/work/sindarin-compiler/sindarin-compiler/bin/deps/include/openssl/dh.h
2026-10-02T17:20:48.2845350Z -- Up-to-date: /Users/runner/work/sindarin-compiler/sindarin-compiler/bin/deps/include/openssl/cryptoerr_legacy.h
2026-10-02T17:20:48.2846000Z -- Up-to-date: /Users/runner/work/sindarin-compiler/sindarin-compiler/bin/deps/include/openssl/proverr.h
2026-10-02T17:20:48.2847000Z -- Up-to-date: /Users/runner/work/sindarin-compiler/sindarin-compiler/bin/deps/include/openssl/x509v3.h
2026-10-02T17:20:48.2847770Z -- Up-to-date: /Users/runner/work/sindarin-compiler/sindarin-compiler/bin/deps/include/openssl/core_object.h
2026-10-02T17:20:48.2848480Z -- Up-to-date: /Users/runner/work/sindarin-compiler/sindarin-compiler/bin/deps/include/openssl/decodererr.h
2026-10-02T17:20:48.2849270Z -- Up-to-date: /Users/runner/work/sindarin-compiler/sindarin-compiler/bin/deps/include/openssl/param_build.h
2026-10-02T17:20:48.2850010Z -- Up-to-date: /Users/runner/work/sindarin-compiler/sindarin-compiler/bin/deps/include/openssl/conf.h
2026-10-02T17:20:48.2850640Z -- Up-to-date: /Users/runner/work/sindarin-compiler/sindarin-compiler/bin/deps/include/openssl/ml_kem.h
2026-10-02T17:20:48.2851270Z -- Up-to-date: /Users/runner/work/sindarin-compiler/sindarin-compiler/bin/deps/include/openssl/conftypes.h
2026-10-02T17:20:48.2851940Z -- Up-to-date: /Users/runner/work/sindarin-compiler/sindarin-compiler/bin/deps/include/openssl/md5.h
2026-10-02T17:20:48.2852550Z -- Up-to-date: /Users/runner/work/sindarin-compiler/sindarin-compiler/bin/deps/include/openssl/decoder.h
2026-10-02T17:20:48.2853180Z -- Up-to-date: /Users/runner/work/sindarin-compiler/sindarin-compiler/bin/deps/include/openssl/pemerr.h
2026-10-02T17:20:48.2853790Z -- Up-to-date: /Users/runner/work/sindarin-compiler/sindarin-compiler/bin/deps/include/openssl/crmferr.h
2026-10-02T17:20:48.2855290Z -- Up-to-date: /Users/runner/work/sindarin-compiler/sindarin-compiler/bin/deps/include/openssl/x509_vfy.h
2026-10-02T17:20:48.2855900Z -- Up-to-date: /Users/runner/work/sindarin-compiler/sindarin-compiler/bin/deps/include/openssl/txt_db.h
2026-10-02T17:20:48.2856540Z -- Up-to-date: /Users/runner/work/sindarin-compiler/sindarin-compiler/bin/deps/include/openssl/cmp.h
2026-10-02T17:20:48.2857180Z -- Up-to-date: /Users/runner/work/sindarin-compiler/sindarin-compiler/bin/deps/include/openssl/comperr.h
2026-10-02T17:20:48.2857910Z -- Up-to-date: /Users/runner/work/sindarin-compiler/sindarin-compiler/bin/deps/include/openssl/cterr.h
2026-10-02T17:20:48.2858640Z -- Up-to-date: /Users/runner/work/sindarin-compiler/sindarin-compiler/bin/deps/include/openssl/self_test.h
2026-10-02T17:20:48.2859380Z -- Up-to-date: /Users/runner/work/sindarin-compiler/sindarin-compiler/bin/deps/include/openssl/safestack.h
2026-10-02T17:20:48.2860040Z -- Up-to-date: /Users/runner/work/sindarin-compiler/sindarin-compiler/bin/deps/include/openssl/configuration.h
2026-10-02T17:20:48.2860640Z -- Up-to-date: /Users/runner/work/sindarin-compiler/sindarin-compiler/bin/deps/include/openssl/fips_names.h
2026-10-02T17:20:48.2870880Z -- Up-to-date: /Users/runner/work/sindarin-compiler/sindarin-compiler/bin/deps/include/openssl/ecdsa.h
2026-10-02T17:20:48.2871510Z -- Up-to-date: /Users/runner/work/sindarin-compiler/sindarin-compiler/bin/deps/include/openssl/sslerr.h
2026-10-02T17:20:48.2872120Z -- Up-to-date: /Users/runner/work/sindarin-compiler/sindarin-compiler/bin/deps/include/openssl/prov_ssl.h
2026-10-02T17:20:48.2872780Z -- Up-to-date: /Users/runner/work/sindarin-compiler/sindarin-compiler/bin/deps/include/openssl/fipskey.h
2026-10-02T17:20:48.2873530Z -- Up-to-date: /Users/runner/work/sindarin-compiler/sindarin-compiler/bin/deps/include/openssl/rc5.h
2026-10-02T17:20:48.2874310Z -- Up-to-date: /Users/runner/work/sindarin-compiler/sindarin-compiler/bin/deps/include/openssl/uierr.h
2026-10-02T17:20:48.2875040Z -- Up-to-date: /Users/runner/work/sindarin-compiler/sindarin-compiler/bin/deps/include/openssl/x509_acert.h
2026-10-02T17:20:48.2875720Z -- Up-to-date: /Users/runner/work/sindarin-compiler/sindarin-compiler/bin/deps/include/openssl/x509v3err.h
2026-10-02T17:20:48.2876330Z -- Up-to-date: /Users/runner/work/sindarin-compiler/sindarin-compiler/bin/deps/include/openssl/objects.h
2026-10-02T17:20:48.2876960Z -- Up-to-date: /Users/runner/work/sindarin-compiler/sindarin-compiler/bin/deps/include/openssl/pkcs12.h
2026-10-02T17:20:48.2877600Z -- Up-to-date: /Users/runner/work/sindarin-compiler/sindarin-compiler/bin/deps/include/openssl/crypto.h
2026-10-02T17:20:48.2878190Z -- Up-to-date: /Users/runner/work/sindarin-compiler/sindarin-compiler/bin/deps/include/openssl/crmf.h
2026-10-02T17:20:48.2878780Z -- Up-to-date: /Users/runner/work/sindarin-compiler/sindarin-compiler/bin/deps/include/openssl/cmp_util.h
2026-10-02T17:20:48.2879470Z -- Up-to-date: /Users/runner/work/sindarin-compiler/sindarin-compiler/bin/deps/include/openssl/opensslv.h
2026-10-02T17:20:48.2880170Z -- Up-to-date: /Users/runner/work/sindarin-compiler/sindarin-compiler/bin/deps/include/openssl/evperr.h
2026-10-02T17:20:48.2881130Z -- Up-to-date: /Users/runner/work/sindarin-compiler/sindarin-compiler/bin/deps/include/openssl/pkcs7.h
2026-10-02T17:20:48.2881940Z -- Up-to-date: /Users/runner/work/sindarin-compiler/sindarin-compiler/bin/deps/include/openssl/obj_mac.h
2026-10-02T17:20:48.2882480Z -- Up-to-date: /Users/runner/work/sindarin-compiler/sindarin-compiler/bin/deps/include/openssl/ct.h
2026-10-02T17:20:48.2883010Z -- Up-to-date: /Users/runner/work/sindarin-compiler/sindarin-compiler/bin/deps/include/openssl/async.h
2026-10-02T17:20:48.2883570Z -- Up-to-date: /Users/runner/work/sindarin-compiler/sindarin-compiler/bin/deps/include/openssl/buffer.h
2026-10-02T17:20:48.2884140Z -- Up-to-date: /Users/runner/work/sindarin-compiler/sindarin-compiler/bin/deps/include/openssl/ssl.h
2026-10-02T17:20:48.2884730Z -- Up-to-date: /Users/runner/work/sindarin-compiler/sindarin-compiler/bin/deps/include/openssl/srp.h
2026-10-02T17:20:48.2885270Z -- Up-to-date: /Users/runner/work/sindarin-compiler/sindarin-compiler/bin/deps/include/openssl/camellia.h
2026-10-02T17:20:48.2885850Z -- Up-to-date: /Users/runner/work/sindarin-compiler/sindarin-compiler/bin/deps/include/openssl/httperr.h
2026-10-02T17:20:48.2886490Z -- Up-to-date: /Users/runner/work/sindarin-compiler/sindarin-compiler/bin/deps/include/openssl/thread.h
2026-10-02T17:20:48.2887020Z -- Up-to-date: /Users/runner/work/sindarin-compiler/sindarin-compiler/bin/deps/include/openssl/hpke.h
2026-10-02T17:20:48.2887560Z -- Up-to-date: /Users/runner/work/sindarin-compiler/sindarin-compiler/bin/deps/include/openssl/dherr.h
2026-10-02T17:20:48.2888120Z -- Up-to-date: /Users/runner/work/sindarin-compiler/sindarin-compiler/bin/deps/include/openssl/evp.h
2026-10-02T17:20:48.2888740Z -- Up-to-date: /Users/runner/work/sindarin-compiler/sindarin-compiler/bin/deps/include/openssl/e_os2.h
2026-10-02T17:20:48.2889280Z -- Up-to-date: /Users/runner/work/sindarin-compiler/sindarin-compiler/bin/deps/include/openssl/trace.h
2026-10-02T17:20:48.2889810Z -- Up-to-date: /Users/runner/work/sindarin-compiler/sindarin-compiler/bin/deps/include/openssl/md4.h
2026-10-02T17:20:48.2890460Z -- Up-to-date: /Users/runner/work/sindarin-compiler/sindarin-compiler/bin/deps/include/openssl/core_names.h
2026-10-02T17:20:48.2891010Z -- Up-to-date: /Users/runner/work/sindarin-compiler/sindarin-compiler/bin/deps/include/openssl/hmac.h
2026-10-02T17:20:48.2892540Z -- Up-to-date: /Users/runner/work/sindarin-compiler/sindarin-compiler/bin/deps/include/openssl/provider.h
2026-10-02T17:20:48.2893100Z -- Up-to-date: /Users/runner/work/sindarin-compiler/sindarin-compiler/bin/deps/include/openssl/aes.h
2026-10-02T17:20:48.2894280Z -- Up-to-date: /Users/runner/work/sindarin-compiler/sindarin-compiler/bin/deps/include/openssl/engineerr.h
2026-10-02T17:20:48.2894830Z -- Up-to-date: /Users/runner/work/sindarin-compiler/sindarin-compiler/bin/deps/include/openssl/comp.h
2026-10-02T17:20:48.2896130Z -- Up-to-date: /Users/runner/work/sindarin-compiler/sindarin-compiler/bin/deps/include/openssl/macros.h
2026-10-02T17:20:48.2896730Z -- Up-to-date: /Users/runner/work/sindarin-compiler/sindarin-compiler/bin/deps/include/openssl/pkcs12err.h
2026-10-02T17:20:48.2897380Z -- Up-to-date: /Users/runner/work/sindarin-compiler/sindarin-compiler/bin/deps/include/openssl/encoder.h
2026-10-02T17:20:48.2898020Z -- Up-to-date: /Users/runner/work/sindarin-compiler/sindarin-compiler/bin/deps/include/openssl/cast.h
2026-10-02T17:20:48.2898640Z -- Up-to-date: /Users/runner/work/sindarin-compiler/sindarin-compiler/bin/deps/include/openssl/sslerr_legacy.h
2026-10-02T17:20:48.2899310Z -- Up-to-date: /Users/runner/work/sindarin-compiler/sindarin-compiler/bin/deps/include/openssl/indicator.h
2026-10-02T17:20:48.2899940Z -- Up-to-date: /Users/runner/work/sindarin-compiler/sindarin-compiler/bin/deps/include/openssl/rc4.h
2026-10-02T17:20:48.2900600Z -- Up-to-date: /Users/runner/work/sindarin-compiler/sindarin-compiler/bin/deps/include/openssl/stack.h
2026-10-02T17:20:48.2901390Z -- Up-to-date: /Users/runner/work/sindarin-compiler/sindarin-compiler/bin/deps/include/openssl/des.h
2026-10-02T17:20:48.2901980Z -- Up-to-date: /Users/runner/work/sindarin-compiler/sindarin-compiler/bin/deps/include/openssl/ocsp.h
2026-10-02T17:20:48.2902500Z -- Up-to-date: /Users/runner/work/sindarin-compiler/sindarin-compiler/bin/deps/include/openssl/ec.h
2026-10-02T17:20:48.2903210Z -- Up-to-date: /Users/runner/work/sindarin-compiler/sindarin-compiler/bin/deps/include/openssl/ecdh.h
2026-10-02T17:20:48.2903740Z -- Up-to-date: /Users/runner/work/sindarin-compiler/sindarin-compiler/bin/deps/include/openssl/rand.h
2026-10-02T17:20:48.2904360Z -- Up-to-date: /Users/runner/work/sindarin-compiler/sindarin-compiler/bin/deps/include/openssl/ecerr.h
2026-10-02T17:20:48.2904990Z -- Up-to-date: /Users/runner/work/sindarin-compiler/sindarin-compiler/bin/deps/include/openssl/ts.h
2026-10-02T17:20:48.2905550Z -- Up-to-date: /Users/runner/work/sindarin-compiler/sindarin-compiler/bin/deps/include/openssl/core_dispatch.h
2026-10-02T17:20:48.2906230Z -- Up-to-date: /Users/runner/work/sindarin-compiler/sindarin-compiler/bin/deps/include/openssl/cryptoerr.h
2026-10-02T17:20:48.2906780Z -- Up-to-date: /Users/runner/work/sindarin-compiler/sindarin-compiler/bin/deps/include/openssl/storeerr.h
2026-10-02T17:20:48.2907340Z -- Up-to-date: /Users/runner/work/sindarin-compiler/sindarin-compiler/bin/deps/include/openssl/buffererr.h
2026-10-02T17:20:48.2907980Z -- Up-to-date: /Users/runner/work/sindarin-compiler/sindarin-compiler/bin/deps/include/openssl/seed.h
2026-10-02T17:20:48.2908560Z -- Up-to-date: /Users/runner/work/sindarin-compiler/sindarin-compiler/bin/deps/include/openssl/modes.h
2026-10-02T17:20:48.2909210Z -- Up-to-date: /Users/runner/work/sindarin-compiler/sindarin-compiler/bin/deps/include/openssl/ssl2.h
2026-10-02T17:20:48.2909770Z -- Up-to-date: /Users/runner/work/sindarin-compiler/sindarin-compiler/bin/deps/include/openssl/tserr.h
2026-10-02T17:20:48.2910560Z -- Up-to-date: /Users/runner/work/sindarin-compiler/sindarin-compiler/bin/deps/include/openssl/rsa.h
2026-10-02T17:20:48.2911090Z -- Up-to-date: /Users/runner/work/sindarin-compiler/sindarin-compiler/bin/deps/include/openssl/ripemd.h
2026-10-02T17:20:48.2911680Z -- Up-to-date: /Users/runner/work/sindarin-compiler/sindarin-compiler/bin/deps/include/openssl/whrlpool.h
2026-10-02T17:20:48.2912300Z -- Up-to-date: /Users/runner/work/sindarin-compiler/sindarin-compiler/bin/deps/include/openssl/encodererr.h
2026-10-02T17:20:48.2914610Z -- Up-to-date: /Users/runner/work/sindarin-compiler/sindarin-compiler/bin/deps/include/openssl/cmperr.h
2026-10-02T17:20:48.2915230Z -- Up-to-date: /Users/runner/work/sindarin-compiler/sindarin-compiler/bin/deps/include/openssl/tls1.h
2026-10-02T17:20:48.2916030Z -- Up-to-date: /Users/runner/work/sindarin-compiler/sindarin-compiler/bin/deps/include/openssl/rsaerr.h
2026-10-02T17:20:48.2917490Z -- Up-to-date: /Users/runner/work/sindarin-compiler/sindarin-compiler/bin/deps/include/openssl/randerr.h
2026-10-02T17:20:48.2918030Z -- Up-to-date: /Users/runner/work/sindarin-compiler/sindarin-compiler/bin/deps/include/openssl/mdc2.h
2026-10-02T17:20:48.2918560Z -- Up-to-date: /Users/runner/work/sindarin-compiler/sindarin-compiler/bin/deps/include/openssl/ocsperr.h
2026-10-02T17:20:48.2921390Z -- Up-to-date: /Users/runner/work/sindarin-compiler/sindarin-compiler/bin/deps/include/openssl/x509err.h
2026-10-02T17:20:48.2921980Z -- Up-to-date: /Users/runner/work/sindarin-compiler/sindarin-compiler/bin/deps/include/openssl/pkcs7err.h
2026-10-02T17:20:48.2922520Z -- Up-to-date: /Users/runner/work/sindarin-compiler/sindarin-compiler/bin/deps/include/openssl/dsa.h
2026-10-02T17:20:48.2923050Z -- Up-to-date: /Users/runner/work/sindarin-compiler/sindarin-compiler/bin/deps/include/openssl/kdferr.h
2026-10-02T17:20:48.2923600Z -- Up-to-date: /Users/runner/work/sindarin-compiler/sindarin-compiler/bin/deps/include/openssl/srtp.h
2026-10-02T17:20:48.2924130Z -- Up-to-date: /Users/runner/work/sindarin-compiler/sindarin-compiler/bin/deps/include/openssl/asn1t.h
2026-10-02T17:20:48.2924940Z -- Up-to-date: /Users/runner/work/sindarin-compiler/sindarin-compiler/bin/deps/include/openssl/e_ostime.h
2026-10-02T17:20:48.2925520Z -- Up-to-date: /Users/runner/work/sindarin-compiler/sindarin-compiler/bin/deps/include/openssl/dsaerr.h
2026-10-02T17:20:48.2927000Z -- Up-to-date: /Users/runner/work/sindarin-compiler/sindarin-compiler/bin/deps/include/openssl/bnerr.h
2026-10-02T17:20:48.2927530Z -- Up-to-date: /Users/runner/work/sindarin-compiler/sindarin-compiler/bin/deps/include/openssl/conferr.h
2026-10-02T17:20:48.2928060Z -- Up-to-date: /Users/runner/work/sindarin-compiler/sindarin-compiler/bin/deps/include/openssl/cmac.h
2026-10-02T17:20:48.2928590Z -- Up-to-date: /Users/runner/work/sindarin-compiler/sindarin-compiler/bin/deps/include/openssl/ebcdic.h
2026-10-02T17:20:48.2929130Z -- Up-to-date: /Users/runner/work/sindarin-compiler/sindarin-compiler/bin/deps/include/openssl/store.h
2026-10-02T17:20:48.2929670Z -- Up-to-date: /Users/runner/work/sindarin-compiler/sindarin-compiler/bin/deps/include/openssl/idea.h
2026-10-02T17:20:48.2930200Z -- Up-to-date: /Users/runner/work/sindarin-compiler/sindarin-compiler/bin/deps/include/openssl/lhash.h
2026-10-02T17:20:48.2930720Z -- Up-to-date: /Users/runner/work/sindarin-compiler/sindarin-compiler/bin/deps/include/openssl/ess.h
2026-10-02T17:20:48.2931250Z -- Up-to-date: /Users/runner/work/sindarin-compiler/sindarin-compiler/bin/deps/include/openssl/asn1err.h
2026-10-02T17:20:48.2931880Z -- Up-to-date: /Users/runner/work/sindarin-compiler/sindarin-compiler/bin/deps/include/openssl/quic.h
2026-10-02T17:20:48.2932310Z --   Copying libssh headers...
2026-10-02T17:20:48.2933240Z -- Up-to-date: /Users/runner/work/sindarin-compiler/sindarin-compiler/bin/deps/include/libssh
2026-10-02T17:20:48.2933780Z -- Up-to-date: /Users/runner/work/sindarin-compiler/sindarin-compiler/bin/deps/include/libssh/libsshpp.hpp
2026-10-02T17:20:48.2934650Z -- Up-to-date: /Users/runner/work/sindarin-compiler/sindarin-compiler/bin/deps/include/libssh/legacy.h
2026-10-02T17:20:48.2935300Z -- Up-to-date: /Users/runner/work/sindarin-compiler/sindarin-compiler/bin/deps/include/libssh/sftpserver.h
2026-10-02T17:20:48.2935940Z -- Up-to-date: /Users/runner/work/sindarin-compiler/sindarin-compiler/bin/deps/include/libssh/callbacks.h
2026-10-02T17:20:48.2936570Z -- Up-to-date: /Users/runner/work/sindarin-compiler/sindarin-compiler/bin/deps/include/libssh/libssh_version.h
2026-10-02T17:20:48.2937140Z -- Up-to-date: /Users/runner/work/sindarin-compiler/sindarin-compiler/bin/deps/include/libssh/libssh.h
2026-10-02T17:20:48.2937660Z -- Up-to-date: /Users/runner/work/sindarin-compiler/sindarin-compiler/bin/deps/include/libssh/sftp.h
2026-10-02T17:20:48.2938190Z -- Up-to-date: /Users/runner/work/sindarin-compiler/sindarin-compiler/bin/deps/include/libssh/ssh2.h
2026-10-02T17:20:48.2939500Z -- Up-to-date: /Users/runner/work/sindarin-compiler/sindarin-compiler/bin/deps/include/libssh/server.h
2026-10-02T17:20:48.2940010Z --   Copying libgit2 headers...
2026-10-02T17:20:48.2940390Z -- Up-to-date: /Users/runner/work/sindarin-compiler/sindarin-compiler/bin/deps/include/git2.h
2026-10-02T17:20:48.2940950Z -- Up-to-date: /Users/runner/work/sindarin-compiler/sindarin-compiler/bin/deps/include/git2
2026-10-02T17:20:48.2941580Z -- Up-to-date: /Users/runner/work/sindarin-compiler/sindarin-compiler/bin/deps/include/git2/signature.h
2026-10-02T17:20:48.2942220Z -- Up-to-date: /Users/runner/work/sindarin-compiler/sindarin-compiler/bin/deps/include/git2/oid.h
2026-10-02T17:20:48.2943490Z -- Up-to-date: /Users/runner/work/sindarin-compiler/sindarin-compiler/bin/deps/include/git2/index.h
2026-10-02T17:20:48.2944110Z -- Up-to-date: /Users/runner/work/sindarin-compiler/sindarin-compiler/bin/deps/include/git2/email.h
2026-10-02T17:20:48.2944720Z -- Up-to-date: /Users/runner/work/sindarin-compiler/sindarin-compiler/bin/deps/include/git2/ignore.h
2026-10-02T17:20:48.2945370Z -- Up-to-date: /Users/runner/work/sindarin-compiler/sindarin-compiler/bin/deps/include/git2/attr.h
2026-10-02T17:20:48.2946050Z -- Up-to-date: /Users/runner/work/sindarin-compiler/sindarin-compiler/bin/deps/include/git2/blame.h
2026-10-02T17:20:48.2946700Z -- Up-to-date: /Users/runner/work/sindarin-compiler/sindarin-compiler/bin/deps/include/git2/oidarray.h
2026-10-02T17:20:48.2947290Z -- Up-to-date: /Users/runner/work/sindarin-compiler/sindarin-compiler/bin/deps/include/git2/pack.h
2026-10-02T17:20:48.2947930Z -- Up-to-date: /Users/runner/work/sindarin-compiler/sindarin-compiler/bin/deps/include/git2/revert.h
2026-10-02T17:20:48.2948530Z -- Up-to-date: /Users/runner/work/sindarin-compiler/sindarin-compiler/bin/deps/include/git2/version.h
2026-10-02T17:20:48.2949150Z -- Up-to-date: /Users/runner/work/sindarin-compiler/sindarin-compiler/bin/deps/include/git2/odb.h
2026-10-02T17:20:48.2950420Z -- Up-to-date: /Users/runner/work/sindarin-compiler/sindarin-compiler/bin/deps/include/git2/status.h
2026-10-02T17:20:48.2950940Z -- Up-to-date: /Users/runner/work/sindarin-compiler/sindarin-compiler/bin/deps/include/git2/net.h
2026-10-02T17:20:48.2951550Z -- Up-to-date: /Users/runner/work/sindarin-compiler/sindarin-compiler/bin/deps/include/git2/tag.h
2026-10-02T17:20:48.2952200Z -- Up-to-date: /Users/runner/work/sindarin-compiler/sindarin-compiler/bin/deps/include/git2/annotated_commit.h
2026-10-02T17:20:48.2952880Z -- Up-to-date: /Users/runner/work/sindarin-compiler/sindarin-compiler/bin/deps/include/git2/config.h
2026-10-02T17:20:48.2953450Z -- Up-to-date: /Users/runner/work/sindarin-compiler/sindarin-compiler/bin/deps/include/git2/branch.h
2026-10-02T17:20:48.2954020Z -- Up-to-date: /Users/runner/work/sindarin-compiler/sindarin-compiler/bin/deps/include/git2/types.h
2026-10-02T17:20:48.2954660Z -- Up-to-date: /Users/runner/work/sindarin-compiler/sindarin-compiler/bin/deps/include/git2/repository.h
2026-10-02T17:20:48.2955290Z -- Up-to-date: /Users/runner/work/sindarin-compiler/sindarin-compiler/bin/deps/include/git2/clone.h
2026-10-02T17:20:48.2955900Z -- Up-to-date: /Users/runner/work/sindarin-compiler/sindarin-compiler/bin/deps/include/git2/global.h
2026-10-02T17:20:48.2956520Z -- Up-to-date: /Users/runner/work/sindarin-compiler/sindarin-compiler/bin/deps/include/git2/blob.h
2026-10-02T17:20:48.2957650Z -- Up-to-date: /Users/runner/work/sindarin-compiler/sindarin-compiler/bin/deps/include/git2/cherrypick.h
2026-10-02T17:20:48.2958310Z -- Up-to-date: /Users/runner/work/sindarin-compiler/sindarin-compiler/bin/deps/include/git2/mailmap.h
2026-10-02T17:20:48.2958920Z -- Up-to-date: /Users/runner/work/sindarin-compiler/sindarin-compiler/bin/deps/include/git2/submodule.h
2026-10-02T17:20:48.2959560Z -- Up-to-date: /Users/runner/work/sindarin-compiler/sindarin-compiler/bin/deps/include/git2/errors.h
2026-10-02T17:20:48.2960190Z -- Up-to-date: /Users/runner/work/sindarin-compiler/sindarin-compiler/bin/deps/include/git2/message.h
2026-10-02T17:20:48.2960920Z -- Up-to-date: /Users/runner/work/sindarin-compiler/sindarin-compiler/bin/deps/include/git2/merge.h
2026-10-02T17:20:48.2961540Z -- Up-to-date: /Users/runner/work/sindarin-compiler/sindarin-compiler/bin/deps/include/git2/pathspec.h
2026-10-02T17:20:48.2962190Z -- Up-to-date: /Users/runner/work/sindarin-compiler/sindarin-compiler/bin/deps/include/git2/tree.h
2026-10-02T17:20:48.2962810Z -- Up-to-date: /Users/runner/work/sindarin-compiler/sindarin-compiler/bin/deps/include/git2/odb_backend.h
2026-10-02T17:20:48.2963430Z -- Up-to-date: /Users/runner/work/sindarin-compiler/sindarin-compiler/bin/deps/include/git2/graph.h
2026-10-02T17:20:48.2964030Z -- Up-to-date: /Users/runner/work/sindarin-compiler/sindarin-compiler/bin/deps/include/git2/describe.h
2026-10-02T17:20:48.2964660Z -- Up-to-date: /Users/runner/work/sindarin-compiler/sindarin-compiler/bin/deps/include/git2/rebase.h
2026-10-02T17:20:48.2965800Z -- Up-to-date: /Users/runner/work/sindarin-compiler/sindarin-compiler/bin/deps/include/git2/worktree.h
2026-10-02T17:20:48.2966410Z -- Up-to-date: /Users/runner/work/sindarin-compiler/sindarin-compiler/bin/deps/include/git2/stash.h
2026-10-02T17:20:48.2967030Z -- Up-to-date: /Users/runner/work/sindarin-compiler/sindarin-compiler/bin/deps/include/git2/remote.h
2026-10-02T17:20:48.2967550Z -- Up-to-date: /Users/runner/work/sindarin-compiler/sindarin-compiler/bin/deps/include/git2/strarray.h
2026-10-02T17:20:48.2968070Z -- Up-to-date: /Users/runner/work/sindarin-compiler/sindarin-compiler/bin/deps/include/git2/reflog.h
2026-10-02T17:20:48.2968610Z -- Up-to-date: /Users/runner/work/sindarin-compiler/sindarin-compiler/bin/deps/include/git2/cred_helpers.h
2026-10-02T17:20:48.2969140Z -- Up-to-date: /Users/runner/work/sindarin-compiler/sindarin-compiler/bin/deps/include/git2/buffer.h
2026-10-02T17:20:48.2969750Z -- Up-to-date: /Users/runner/work/sindarin-compiler/sindarin-compiler/bin/deps/include/git2/diff.h
2026-10-02T17:20:48.2970340Z -- Up-to-date: /Users/runner/work/sindarin-compiler/sindarin-compiler/bin/deps/include/git2/sys
2026-10-02T17:20:48.2970950Z -- Up-to-date: /Users/runner/work/sindarin-compiler/sindarin-compiler/bin/deps/include/git2/sys/index.h
2026-10-02T17:20:48.2971580Z -- Up-to-date: /Users/runner/work/sindarin-compiler/sindarin-compiler/bin/deps/include/git2/sys/email.h
2026-10-02T17:20:48.2972130Z -- Up-to-date: /Users/runner/work/sindarin-compiler/sindarin-compiler/bin/deps/include/git2/sys/config.h
2026-10-02T17:20:48.2972660Z -- Up-to-date: /Users/runner/work/sindarin-compiler/sindarin-compiler/bin/deps/include/git2/sys/path.h
2026-10-02T17:20:48.2973220Z -- Up-to-date: /Users/runner/work/sindarin-compiler/sindarin-compiler/bin/deps/include/git2/sys/repository.h
2026-10-02T17:20:48.2973820Z -- Up-to-date: /Users/runner/work/sindarin-compiler/sindarin-compiler/bin/deps/include/git2/sys/openssl.h
2026-10-02T17:20:48.2974490Z -- Up-to-date: /Users/runner/work/sindarin-compiler/sindarin-compiler/bin/deps/include/git2/sys/midx.h
2026-10-02T17:20:48.2975160Z -- Up-to-date: /Users/runner/work/sindarin-compiler/sindarin-compiler/bin/deps/include/git2/sys/cred.h
2026-10-02T17:20:48.2975780Z -- Up-to-date: /Users/runner/work/sindarin-compiler/sindarin-compiler/bin/deps/include/git2/sys/errors.h
2026-10-02T17:20:48.2976600Z -- Up-to-date: /Users/runner/work/sindarin-compiler/sindarin-compiler/bin/deps/include/git2/sys/merge.h
2026-10-02T17:20:48.2977490Z -- Up-to-date: /Users/runner/work/sindarin-compiler/sindarin-compiler/bin/deps/include/git2/sys/stream.h
2026-10-02T17:20:48.2978150Z -- Up-to-date: /Users/runner/work/sindarin-compiler/sindarin-compiler/bin/deps/include/git2/sys/odb_backend.h
2026-10-02T17:20:48.2978800Z -- Up-to-date: /Users/runner/work/sindarin-compiler/sindarin-compiler/bin/deps/include/git2/sys/remote.h
2026-10-02T17:20:48.2979420Z -- Up-to-date: /Users/runner/work/sindarin-compiler/sindarin-compiler/bin/deps/include/git2/sys/diff.h
2026-10-02T17:20:48.2980070Z -- Up-to-date: /Users/runner/work/sindarin-compiler/sindarin-compiler/bin/deps/include/git2/sys/commit_graph.h
2026-10-02T17:20:48.2980870Z -- Up-to-date: /Users/runner/work/sindarin-compiler/sindarin-compiler/bin/deps/include/git2/sys/transport.h
2026-10-02T17:20:48.2981530Z -- Up-to-date: /Users/runner/work/sindarin-compiler/sindarin-compiler/bin/deps/include/git2/sys/hashsig.h
2026-10-02T17:20:48.2982190Z -- Up-to-date: /Users/runner/work/sindarin-compiler/sindarin-compiler/bin/deps/include/git2/sys/credential.h
2026-10-02T17:20:48.2982740Z -- Up-to-date: /Users/runner/work/sindarin-compiler/sindarin-compiler/bin/deps/include/git2/sys/refs.h
2026-10-02T17:20:48.2983280Z -- Up-to-date: /Users/runner/work/sindarin-compiler/sindarin-compiler/bin/deps/include/git2/sys/filter.h
2026-10-02T17:20:48.2983820Z -- Up-to-date: /Users/runner/work/sindarin-compiler/sindarin-compiler/bin/deps/include/git2/sys/alloc.h
2026-10-02T17:20:48.2984360Z -- Up-to-date: /Users/runner/work/sindarin-compiler/sindarin-compiler/bin/deps/include/git2/sys/mempack.h
2026-10-02T17:20:48.2984910Z -- Up-to-date: /Users/runner/work/sindarin-compiler/sindarin-compiler/bin/deps/include/git2/sys/commit.h
2026-10-02T17:20:48.2985610Z -- Up-to-date: /Users/runner/work/sindarin-compiler/sindarin-compiler/bin/deps/include/git2/sys/refdb_backend.h
2026-10-02T17:20:48.2986580Z -- Up-to-date: /Users/runner/work/sindarin-compiler/sindarin-compiler/bin/deps/include/git2/trace.h
2026-10-02T17:20:48.2987140Z -- Up-to-date: /Users/runner/work/sindarin-compiler/sindarin-compiler/bin/deps/include/git2/common.h
2026-10-02T17:20:48.2987670Z -- Up-to-date: /Users/runner/work/sindarin-compiler/sindarin-compiler/bin/deps/include/git2/proxy.h
2026-10-02T17:20:48.2988190Z -- Up-to-date: /Users/runner/work/sindarin-compiler/sindarin-compiler/bin/deps/include/git2/indexer.h
2026-10-02T17:20:48.2988720Z -- Up-to-date: /Users/runner/work/sindarin-compiler/sindarin-compiler/bin/deps/include/git2/refspec.h
2026-10-02T17:20:48.2989340Z -- Up-to-date: /Users/runner/work/sindarin-compiler/sindarin-compiler/bin/deps/include/git2/notes.h
2026-10-02T17:20:48.2989860Z -- Up-to-date: /Users/runner/work/sindarin-compiler/sindarin-compiler/bin/deps/include/git2/cert.h
2026-10-02T17:20:48.2990400Z -- Up-to-date: /Users/runner/work/sindarin-compiler/sindarin-compiler/bin/deps/include/git2/deprecated.h
2026-10-02T17:20:48.2990950Z -- Up-to-date: /Users/runner/work/sindarin-compiler/sindarin-compiler/bin/deps/include/git2/transport.h
2026-10-02T17:20:48.2991490Z -- Up-to-date: /Users/runner/work/sindarin-compiler/sindarin-compiler/bin/deps/include/git2/revwalk.h
2026-10-02T17:20:48.2992010Z -- Up-to-date: /Users/runner/work/sindarin-compiler/sindarin-compiler/bin/deps/include/git2/patch.h
2026-10-02T17:20:48.2992540Z -- Up-to-date: /Users/runner/work/sindarin-compiler/sindarin-compiler/bin/deps/include/git2/object.h
2026-10-02T17:20:48.2993070Z -- Up-to-date: /Users/runner/work/sindarin-compiler/sindarin-compiler/bin/deps/include/git2/checkout.h
2026-10-02T17:20:48.2993590Z -- Up-to-date: /Users/runner/work/sindarin-compiler/sindarin-compiler/bin/deps/include/git2/apply.h
2026-10-02T17:20:48.2994120Z -- Up-to-date: /Users/runner/work/sindarin-compiler/sindarin-compiler/bin/deps/include/git2/revparse.h
2026-10-02T17:20:48.2994720Z -- Up-to-date: /Users/runner/work/sindarin-compiler/sindarin-compiler/bin/deps/include/git2/credential_helpers.h
2026-10-02T17:20:48.2995320Z -- Up-to-date: /Users/runner/work/sindarin-compiler/sindarin-compiler/bin/deps/include/git2/credential.h
2026-10-02T17:20:48.2995940Z -- Up-to-date: /Users/runner/work/sindarin-compiler/sindarin-compiler/bin/deps/include/git2/refs.h
2026-10-02T17:20:48.2996470Z -- Up-to-date: /Users/runner/work/sindarin-compiler/sindarin-compiler/bin/deps/include/git2/reset.h
2026-10-02T17:20:48.2996990Z -- Up-to-date: /Users/runner/work/sindarin-compiler/sindarin-compiler/bin/deps/include/git2/filter.h
2026-10-02T17:20:48.2997530Z -- Up-to-date: /Users/runner/work/sindarin-compiler/sindarin-compiler/bin/deps/include/git2/transaction.h
2026-10-02T17:20:48.2998090Z -- Up-to-date: /Users/runner/work/sindarin-compiler/sindarin-compiler/bin/deps/include/git2/experimental.h
2026-10-02T17:20:48.2998870Z -- Up-to-date: /Users/runner/work/sindarin-compiler/sindarin-compiler/bin/deps/include/git2/stdint.h
2026-10-02T17:20:48.2999430Z -- Up-to-date: /Users/runner/work/sindarin-compiler/sindarin-compiler/bin/deps/include/git2/commit.h
2026-10-02T17:20:48.2999950Z -- Up-to-date: /Users/runner/work/sindarin-compiler/sindarin-compiler/bin/deps/include/git2/refdb.h
2026-10-02T17:20:48.3000310Z --   Copying curl headers...
2026-10-02T17:20:48.3000620Z -- Up-to-date: /Users/runner/work/sindarin-compiler/sindarin-compiler/bin/deps/include/curl
2026-10-02T17:20:48.3001230Z -- Up-to-date: /Users/runner/work/sindarin-compiler/sindarin-compiler/bin/deps/include/curl/stdcheaders.h
2026-10-02T17:20:48.3001760Z -- Up-to-date: /Users/runner/work/sindarin-compiler/sindarin-compiler/bin/deps/include/curl/header.h
2026-10-02T17:20:48.3002280Z -- Up-to-date: /Users/runner/work/sindarin-compiler/sindarin-compiler/bin/deps/include/curl/options.h
2026-10-02T17:20:48.3002820Z -- Up-to-date: /Users/runner/work/sindarin-compiler/sindarin-compiler/bin/deps/include/curl/mprintf.h
2026-10-02T17:20:48.3003340Z -- Up-to-date: /Users/runner/work/sindarin-compiler/sindarin-compiler/bin/deps/include/curl/easy.h
2026-10-02T17:20:48.3004020Z -- Up-to-date: /Users/runner/work/sindarin-compiler/sindarin-compiler/bin/deps/include/curl/curl.h
2026-10-02T17:20:48.3004550Z -- Up-to-date: /Users/runner/work/sindarin-compiler/sindarin-compiler/bin/deps/include/curl/websockets.h
2026-10-02T17:20:48.3005080Z -- Up-to-date: /Users/runner/work/sindarin-compiler/sindarin-compiler/bin/deps/include/curl/curlver.h
2026-10-02T17:20:48.3005610Z -- Up-to-date: /Users/runner/work/sindarin-compiler/sindarin-compiler/bin/deps/include/curl/system.h
2026-10-02T17:20:48.3006150Z -- Up-to-date: /Users/runner/work/sindarin-compiler/sindarin-compiler/bin/deps/include/curl/typecheck-gcc.h
2026-10-02T17:20:48.3006800Z -- Up-to-date: /Users/runner/work/sindarin-compiler/sindarin-compiler/bin/deps/include/curl/multi.h
2026-10-02T17:20:48.3007330Z -- Up-to-date: /Users/runner/work/sindarin-compiler/sindarin-compiler/bin/deps/include/curl/urlapi.h
2026-10-02T17:20:48.3007920Z --   Copying library: /Users/runner/work/sindarin-compiler/sindarin-compiler/.sn/sindarin-pkg-libs/libs/darwin/lib/libz.a
2026-10-02T17:20:48.3008570Z -- Up-to-date: /Users/runner/work/sindarin-compiler/sindarin-compiler/bin/deps/lib/libz.a
2026-10-02T17:20:48.3009140Z --   Copying library: /Users/runner/work/sindarin-compiler/sindarin-compiler/.sn/sindarin-pkg-libs/libs/darwin/lib/libyyjson.a
2026-10-02T17:20:48.3009750Z -- Up-to-date: /Users/runner/work/sindarin-compiler/sindarin-compiler/bin/deps/lib/libyyjson.a
2026-10-02T17:20:48.3010400Z --   Copying library: /Users/runner/work/sindarin-compiler/sindarin-compiler/.sn/sindarin-pkg-libs/libs/darwin/lib/libxml2.a
2026-10-02T17:20:48.3010990Z -- Up-to-date: /Users/runner/work/sindarin-compiler/sindarin-compiler/bin/deps/lib/libxml2.a
2026-10-02T17:20:48.3011550Z --   Copying library: /Users/runner/work/sindarin-compiler/sindarin-compiler/.sn/sindarin-pkg-libs/libs/darwin/lib/libyaml.a
2026-10-02T17:20:48.3012180Z -- Up-to-date: /Users/runner/work/sindarin-compiler/sindarin-compiler/bin/deps/lib/libyaml.a
2026-10-02T17:20:48.3012810Z --   Copying library: /Users/runner/work/sindarin-compiler/sindarin-compiler/.sn/sindarin-pkg-libs/libs/darwin/lib/libcrypto.a
2026-10-02T17:20:48.3013390Z -- Up-to-date: /Users/runner/work/sindarin-compiler/sindarin-compiler/bin/deps/lib/libcrypto.a
2026-10-02T17:20:48.3013950Z --   Copying library: /Users/runner/work/sindarin-compiler/sindarin-compiler/.sn/sindarin-pkg-libs/libs/darwin/lib/libssl.a
2026-10-02T17:20:48.3014610Z -- Up-to-date: /Users/runner/work/sindarin-compiler/sindarin-compiler/bin/deps/lib/libssl.a
2026-10-02T17:20:48.3015170Z --   Copying library: /Users/runner/work/sindarin-compiler/sindarin-compiler/.sn/sindarin-pkg-libs/libs/darwin/lib/libssh.a
2026-10-02T17:20:48.3015730Z -- Up-to-date: /Users/runner/work/sindarin-compiler/sindarin-compiler/bin/deps/lib/libssh.a
2026-10-02T17:20:48.3016440Z --   Copying library: /Users/runner/work/sindarin-compiler/sindarin-compiler/.sn/sindarin-pkg-libs/libs/darwin/lib/libgit2.a
2026-10-02T17:20:48.3017010Z -- Up-to-date: /Users/runner/work/sindarin-compiler/sindarin-compiler/bin/deps/lib/libgit2.a
2026-10-02T17:20:48.3017720Z --   Copying library: /Users/runner/work/sindarin-compiler/sindarin-compiler/.sn/sindarin-pkg-libs/libs/darwin/lib/libhttp_parser.a
2026-10-02T17:20:48.3018410Z -- Up-to-date: /Users/runner/work/sindarin-compiler/sindarin-compiler/bin/deps/lib/libhttp_parser.a
2026-10-02T17:20:48.3019010Z --   Copying library: /Users/runner/work/sindarin-compiler/sindarin-compiler/.sn/sindarin-pkg-libs/libs/darwin/lib/libpcre2-8.a
2026-10-02T17:20:48.3019600Z -- Up-to-date: /Users/runner/work/sindarin-compiler/sindarin-compiler/bin/deps/lib/libpcre2-8.a
2026-10-02T17:20:48.3020270Z --   Copying library: /Users/runner/work/sindarin-compiler/sindarin-compiler/.sn/sindarin-pkg-libs/libs/darwin/lib/libssh2.a
2026-10-02T17:20:48.3020830Z -- Up-to-date: /Users/runner/work/sindarin-compiler/sindarin-compiler/bin/deps/lib/libssh2.a
2026-10-02T17:20:48.3021390Z --   Copying library: /Users/runner/work/sindarin-compiler/sindarin-compiler/.sn/sindarin-pkg-libs/libs/darwin/lib/libcurl.a
2026-10-02T17:20:48.3022050Z -- Up-to-date: /Users/runner/work/sindarin-compiler/sindarin-compiler/bin/deps/lib/libcurl.a
2026-10-02T17:20:48.3022530Z --   Dependencies copied to: /Users/runner/work/sindarin-compiler/sindarin-compiler/bin/deps
2026-10-02T17:20:48.3022870Z -- Found sindarin-template (handlebars)
2026-10-02T17:20:48.3023100Z -- Found libcurl - enabling auto-update feature
2026-10-02T17:20:48.3023370Z -- Found libgit2 and libyaml - enabling package manager
2026-10-02T17:20:48.3050070Z -- 
2026-10-02T17:20:48.3050410Z -- Sindarin Compiler Build Configuration:
2026-10-02T17:20:48.3050700Z --   Version:      1.0.0
2026-10-02T17:20:48.3057640Z --   Platform:     Darwin
2026-10-02T17:20:48.3057840Z --   Compiler:     AppleClang 21.0.0.21000101
2026-10-02T17:20:48.3058050Z --   Build Type:   Release
2026-10-02T17:20:48.3058220Z --   Debug:        OFF
2026-10-02T17:20:48.3058450Z --   ASAN:         OFF
2026-10-02T17:20:48.3058760Z --   Output:       /Users/runner/work/sindarin-compiler/sindarin-compiler/bin
2026-10-02T17:20:48.3059140Z -- 
2026-10-02T17:20:48.3059300Z -- Configuring done (0.1s)
2026-10-02T17:20:48.3537090Z -- Generating done (0.0s)
2026-10-02T17:20:48.3554970Z -- Build files have been written to: /Users/runner/work/sindarin-compiler/sindarin-compiler/build
2026-10-02T17:20:48.3574060Z cmake --build build
2026-10-02T17:20:48.3734190Z [0/2] Re-checking globbed directories...
2026-10-02T17:20:48.4218550Z [1/3] Synchronizing runtime headers
2026-10-02T17:20:48.4956260Z [2/3] Staging compiler artifacts in bin
2026-10-02T17:20:48.5002720Z 
2026-10-02T17:20:48.5042380Z Build complete!
2026-10-02T17:20:48.5091980Z Compiler: bin/sn
2026-10-02T17:20:49.1478600Z PASS tests/rgen/by_value_scalar_parameter_assignment.sn -O0
2026-10-02T17:20:49.6525460Z PASS tests/rgen/by_value_scalar_parameter_assignment.sn -O1
2026-10-02T17:20:50.1714080Z PASS tests/rgen/by_value_scalar_parameter_assignment.sn -O2
2026-10-02T17:20:50.6569340Z PASS tests/rgen/by_value_scalar_parameter_assignment_unchecked.sn -O0
2026-10-02T17:20:51.1368610Z PASS tests/rgen/by_value_scalar_parameter_assignment_unchecked.sn -O1
2026-10-02T17:20:51.5876990Z PASS tests/rgen/by_value_scalar_parameter_assignment_unchecked.sn -O2
2026-10-02T17:20:52.1452940Z PASS tests/rgen/checked_numeric_mutations.sn -O0
2026-10-02T17:20:52.6783580Z PASS tests/rgen/checked_numeric_mutations.sn -O1
2026-10-02T17:20:53.2040890Z PASS tests/rgen/checked_numeric_mutations.sn -O2
2026-10-02T17:20:53.8862440Z PASS tests/rgen/iterator_protocol_numeric_mutations.sn -O0
2026-10-02T17:20:54.6425030Z PASS tests/rgen/iterator_protocol_numeric_mutations.sn -O1
2026-10-02T17:20:55.4091970Z PASS tests/rgen/iterator_protocol_numeric_mutations.sn -O2
2026-10-02T17:20:56.0528680Z PASS tests/rgen/resolved_callable_methods.sn -O0
2026-10-02T17:20:56.7005490Z PASS tests/rgen/resolved_callable_methods.sn -O1
2026-10-02T17:20:57.2963200Z PASS tests/rgen/resolved_callable_methods.sn -O2
2026-10-02T17:20:57.6282860Z PASS tests/rgen/receiver_array_alias.sn -O0
2026-10-02T17:20:57.9630070Z PASS tests/rgen/receiver_array_alias.sn -O1
2026-10-02T17:20:58.2938730Z PASS tests/rgen/receiver_array_alias.sn -O2
2026-10-02T17:20:58.7556310Z PASS tests/rgen/receiver_array_alias_forward_recursive.sn -O0
2026-10-02T17:20:59.1625860Z PASS tests/rgen/receiver_array_alias_forward_recursive.sn -O1
2026-10-02T17:20:59.6017510Z PASS tests/rgen/receiver_array_alias_forward_recursive.sn -O2
2026-10-02T17:21:00.2184880Z PASS tests/rgen/receiver_array_alias_identity.sn -O0
2026-10-02T17:21:00.8089000Z PASS tests/rgen/receiver_array_alias_identity.sn -O1
2026-10-02T17:21:01.2780850Z PASS tests/rgen/receiver_array_alias_identity.sn -O2
2026-10-02T17:21:01.5965860Z PASS tests/rgen/receiver_array_alias_minimal.sn -O0
2026-10-02T17:21:01.9393760Z PASS tests/rgen/receiver_array_alias_minimal.sn -O1
2026-10-02T17:21:02.2432320Z PASS tests/rgen/receiver_array_alias_minimal.sn -O2
2026-10-02T17:21:02.7032850Z PASS tests/rgen/receiver_array_alias_multiple.sn -O0
2026-10-02T17:21:03.1771940Z PASS tests/rgen/receiver_array_alias_multiple.sn -O1
2026-10-02T17:21:03.7004350Z PASS tests/rgen/receiver_array_alias_multiple.sn -O2
2026-10-02T17:21:03.7166770Z ##[endgroup]
2026-10-02T17:21:03.7202890Z ##[error]Process completed with exit code 1.
2026-10-02T17:21:03.7504730Z ##[group]Run actions/upload-artifact@v7
2026-10-02T17:21:03.7505390Z with:
2026-10-02T17:21:03.7505840Z   name: rust-runtime-diagnostics-macos-latest
2026-10-02T17:21:03.7506610Z   path: .sn/rust-runtime-diagnostics/
.sn/rust-parity-core.json

2026-10-02T17:21:03.7507340Z   if-no-files-found: ignore
2026-10-02T17:21:03.7507790Z   retention-days: 7
2026-10-02T17:21:03.7508230Z   compression-level: 6
2026-10-02T17:21:03.7508660Z   overwrite: false
2026-10-02T17:21:03.7509080Z   include-hidden-files: false
2026-10-02T17:21:03.7509540Z   archive: true
2026-10-02T17:21:03.7509920Z env:
2026-10-02T17:21:03.7510290Z   VCPKG_ROOT: /Users/runner/vcpkg
2026-10-02T17:21:03.7510760Z ##[endgroup]
2026-10-02T17:21:04.2479940Z Multiple search paths detected. Calculating the least common ancestor of all paths
2026-10-02T17:21:04.2482340Z The least common ancestor is /Users/runner/work/sindarin-compiler/sindarin-compiler/.sn. This will be the root directory of the artifact
2026-10-02T17:21:04.2483910Z With the provided path, there will be 1 file uploaded
2026-10-02T17:21:04.2484880Z Artifact name is valid!
2026-10-02T17:21:04.2485390Z Root directory input is valid!
2026-10-02T17:21:04.4850230Z Uploading artifact: rust-runtime-diagnostics-macos-latest.zip
2026-10-02T17:21:04.4857050Z Beginning upload of artifact content to blob storage
2026-10-02T17:21:04.5434190Z Uploaded bytes 9518
2026-10-02T17:21:04.5602520Z Finished uploading artifact content to blob storage!
2026-10-02T17:21:04.5608160Z SHA256 digest of uploaded artifact is b83974fa35dc89d9eac7aa5543ab1e9aa0f1013a6ea9af1b930cd16274fe3188
2026-10-02T17:21:04.5609310Z Finalizing artifact upload
2026-10-02T17:21:04.7903660Z Artifact rust-runtime-diagnostics-macos-latest successfully finalized. Artifact ID 11242485779
2026-10-02T17:21:04.7905610Z Artifact rust-runtime-diagnostics-macos-latest has been successfully uploaded! Final size is 9518 bytes. Artifact ID is 11242485779
2026-10-02T17:21:04.7914530Z Artifact download URL: https://github.com/SindarinSDK/sindarin-compiler/actions/runs/37039769263/artifacts/11242485779
2026-10-02T17:21:04.8112960Z Post job cleanup.
2026-10-02T17:21:04.9282860Z [command]/opt/homebrew/bin/git version
2026-10-02T17:21:04.9390910Z git version 2.55.0
2026-10-02T17:21:04.9414710Z Copying '/Users/runner/.gitconfig' to '/Users/runner/work/_temp/010192f8-8851-4b2f-8fc5-3bd37b1a16f8/.gitconfig'
2026-10-02T17:21:04.9425530Z Temporarily overriding HOME='/Users/runner/work/_temp/010192f8-8851-4b2f-8fc5-3bd37b1a16f8' before making global git config changes
2026-10-02T17:21:04.9427780Z Adding repository directory to the temporary git global config as a safe directory
2026-10-02T17:21:04.9429820Z [command]/opt/homebrew/bin/git config --global --add safe.directory /Users/runner/work/sindarin-compiler/sindarin-compiler
2026-10-02T17:21:04.9533930Z Removing SSH command configuration
2026-10-02T17:21:04.9539360Z [command]/opt/homebrew/bin/git config --local --name-only --get-regexp core\.sshCommand
2026-10-02T17:21:04.9624310Z [command]/opt/homebrew/bin/git submodule foreach --recursive sh -c "git config --local --name-only --get-regexp 'core\.sshCommand' && git config --local --unset-all 'core.sshCommand' || :"
2026-10-02T17:21:05.0909250Z Removing HTTP extra header
2026-10-02T17:21:05.0921390Z [command]/opt/homebrew/bin/git config --local --name-only --get-regexp http\.https\:\/\/github\.com\/\.extraheader
2026-10-02T17:21:05.1106970Z [command]/opt/homebrew/bin/git submodule foreach --recursive sh -c "git config --local --name-only --get-regexp 'http\.https\:\/\/github\.com\/\.extraheader' && git config --local --unset-all 'http.https://github.com/.extraheader' || :"
2026-10-02T17:21:05.2458280Z Removing includeIf entries pointing to credentials config files
2026-10-02T17:21:05.2560480Z [command]/opt/homebrew/bin/git config --local --name-only --get-regexp ^includeIf\.gitdir:
2026-10-02T17:21:05.2614440Z includeif.gitdir:/Users/runner/work/sindarin-compiler/sindarin-compiler/.git.path
2026-10-02T17:21:05.2629730Z includeif.gitdir:/Users/runner/work/sindarin-compiler/sindarin-compiler/.git/worktrees/*.path
2026-10-02T17:21:05.2630440Z includeif.gitdir:/github/workspace/.git.path
2026-10-02T17:21:05.2630900Z includeif.gitdir:/github/workspace/.git/worktrees/*.path
2026-10-02T17:21:05.2632250Z [command]/opt/homebrew/bin/git config --local --get-all includeif.gitdir:/Users/runner/work/sindarin-compiler/sindarin-compiler/.git.path
2026-10-02T17:21:05.2635150Z /Users/runner/work/_temp/git-credentials-a5035583-aadc-4dea-b51f-128912362ade.config
2026-10-02T17:21:05.2638330Z [command]/opt/homebrew/bin/git config --local --unset includeif.gitdir:/Users/runner/work/sindarin-compiler/sindarin-compiler/.git.path \/Users\/runner\/work\/_temp\/git\-credentials\-a5035583\-aadc\-4dea\-b51f\-128912362ade\.config
2026-10-02T17:21:05.2640790Z [command]/opt/homebrew/bin/git config --local --get-all includeif.gitdir:/Users/runner/work/sindarin-compiler/sindarin-compiler/.git/worktrees/*.path
2026-10-02T17:21:05.2642340Z /Users/runner/work/_temp/git-credentials-a5035583-aadc-4dea-b51f-128912362ade.config
2026-10-02T17:21:05.2645680Z [command]/opt/homebrew/bin/git config --local --unset includeif.gitdir:/Users/runner/work/sindarin-compiler/sindarin-compiler/.git/worktrees/*.path \/Users\/runner\/work\/_temp\/git\-credentials\-a5035583\-aadc\-4dea\-b51f\-128912362ade\.config
2026-10-02T17:21:05.2647390Z [command]/opt/homebrew/bin/git config --local --get-all includeif.gitdir:/github/workspace/.git.path
2026-10-02T17:21:05.2678800Z /github/runner_temp/git-credentials-a5035583-aadc-4dea-b51f-128912362ade.config
2026-10-02T17:21:05.2684210Z [command]/opt/homebrew/bin/git config --local --unset includeif.gitdir:/github/workspace/.git.path \/github\/runner_temp\/git\-credentials\-a5035583\-aadc\-4dea\-b51f\-128912362ade\.config
2026-10-02T17:21:05.2750370Z [command]/opt/homebrew/bin/git config --local --get-all includeif.gitdir:/github/workspace/.git/worktrees/*.path
2026-10-02T17:21:05.2806880Z /github/runner_temp/git-credentials-a5035583-aadc-4dea-b51f-128912362ade.config
2026-10-02T17:21:05.2822140Z [command]/opt/homebrew/bin/git config --local --unset includeif.gitdir:/github/workspace/.git/worktrees/*.path \/github\/runner_temp\/git\-credentials\-a5035583\-aadc\-4dea\-b51f\-128912362ade\.config
2026-10-02T17:21:05.2882740Z [command]/opt/homebrew/bin/git submodule foreach --recursive git config --local --show-origin --name-only --get-regexp remote.origin.url
2026-10-02T17:21:05.3907290Z Removing credentials config '/Users/runner/work/_temp/git-credentials-a5035583-aadc-4dea-b51f-128912362ade.config'
2026-10-02T17:21:05.4017350Z Cleaning up orphan processes
