2026-10-02T18:04:24.1957721Z Current runner version: '2.337.0'
2026-10-02T18:04:24.1984958Z ##[group]Runner Image Provisioner
2026-10-02T18:04:24.1985766Z Hosted Compute Agent
2026-10-02T18:04:24.1986330Z Version: 20260901.588
2026-10-02T18:04:24.1986943Z Commit: f88ec8081b781fac6c440065ac7ff9e710ce3d0b
2026-10-02T18:04:24.1987739Z Build Date: 2026-09-01T19:56:44Z
2026-10-02T18:04:24.1988414Z Worker ID: {2a73c0f6-ea68-47aa-83c0-9281b6a219aa}
2026-10-02T18:04:24.1989167Z Azure Region: northcentralus
2026-10-02T18:04:24.1989819Z ##[endgroup]
2026-10-02T18:04:24.1991195Z ##[group]Operating System
2026-10-02T18:04:24.1991834Z Microsoft Windows Server 2025
2026-10-02T18:04:24.1992525Z 10.0.26100
2026-10-02T18:04:24.1993068Z Datacenter
2026-10-02T18:04:24.1993585Z ##[endgroup]
2026-10-02T18:04:24.1994118Z ##[group]Runner Image
2026-10-02T18:04:24.1994774Z Image: windows-2025-vs2026
2026-10-02T18:04:24.1995333Z Version: 20260925.250.1
2026-10-02T18:04:24.1997165Z Included Software: https://github.com/actions/runner-images/blob/win25-vs2026/20260925.250/images/windows/Windows2025-VS2026-Readme.md
2026-10-02T18:04:24.1998839Z Image Release: https://github.com/actions/runner-images/releases/tag/win25-vs2026%2F20260925.250
2026-10-02T18:04:24.2000083Z ##[endgroup]
2026-10-02T18:04:24.2001263Z ##[group]GITHUB_TOKEN Permissions
2026-10-02T18:04:24.2003186Z Contents: read
2026-10-02T18:04:24.2003739Z Metadata: read
2026-10-02T18:04:24.2004319Z Packages: read
2026-10-02T18:04:24.2004833Z ##[endgroup]
2026-10-02T18:04:24.2006909Z Secret source: Actions
2026-10-02T18:04:24.2007825Z Cache mode: write
2026-10-02T18:04:24.2008503Z Prepare workflow directory
2026-10-02T18:04:24.2487242Z Prepare all required actions
2026-10-02T18:04:24.2548048Z Getting action download info
2026-10-02T18:04:24.4677088Z Download action repository 'actions/checkout@v7' (SHA:3d3c42e5aac5ba805825da76410c181273ba90b1)
2026-10-02T18:04:24.6076655Z Download action repository 'actions/upload-artifact@v7' (SHA:043fb46d1a93c77aae656e7c1c64a875d1fc6a0a)
2026-10-02T18:04:24.8427107Z Complete job name: Build (windows-latest)
2026-10-02T18:04:25.0051745Z ##[group]Run actions/checkout@v7
2026-10-02T18:04:25.0052744Z with:
2026-10-02T18:04:25.0053189Z   repository: SindarinSDK/sindarin-compiler
2026-10-02T18:04:25.0056856Z   token: ***
2026-10-02T18:04:25.0057252Z   ssh-strict: true
2026-10-02T18:04:25.0057652Z   ssh-user: git
2026-10-02T18:04:25.0058061Z   persist-credentials: true
2026-10-02T18:04:25.0058501Z   clean: true
2026-10-02T18:04:25.0058903Z   sparse-checkout-cone-mode: true
2026-10-02T18:04:25.0059394Z   fetch-depth: 1
2026-10-02T18:04:25.0059784Z   fetch-tags: false
2026-10-02T18:04:25.0060180Z   show-progress: true
2026-10-02T18:04:25.0060582Z   lfs: false
2026-10-02T18:04:25.0060960Z   submodules: false
2026-10-02T18:04:25.0061372Z   set-safe-directory: true
2026-10-02T18:04:25.0061832Z   allow-unsafe-pr-checkout: false
2026-10-02T18:04:25.0062506Z ##[endgroup]
2026-10-02T18:04:25.1588353Z Syncing repository: SindarinSDK/sindarin-compiler
2026-10-02T18:04:25.1591305Z ##[group]Getting Git version info
2026-10-02T18:04:25.1593271Z Working directory is 'D:\a\sindarin-compiler\sindarin-compiler'
2026-10-02T18:04:25.2849089Z [command]"C:\Program Files\Git\bin\git.exe" version
2026-10-02T18:04:25.6651273Z git version 2.55.0.windows.5
2026-10-02T18:04:25.6702196Z ##[endgroup]
2026-10-02T18:04:25.6719513Z Temporarily overriding HOME='D:\a\_temp\8d0f04c5-d376-462b-a3ca-446e0b21bc5e' before making global git config changes
2026-10-02T18:04:25.6720966Z Adding repository directory to the temporary git global config as a safe directory
2026-10-02T18:04:25.6730063Z [command]"C:\Program Files\Git\bin\git.exe" config --global --add safe.directory D:\a\sindarin-compiler\sindarin-compiler
2026-10-02T18:04:25.7404001Z Deleting the contents of 'D:\a\sindarin-compiler\sindarin-compiler'
2026-10-02T18:04:25.7409241Z ##[group]Determining repository object format
2026-10-02T18:04:25.7411760Z ##[endgroup]
2026-10-02T18:04:25.7412821Z ##[group]Initializing the repository
2026-10-02T18:04:25.7420577Z [command]"C:\Program Files\Git\bin\git.exe" init D:\a\sindarin-compiler\sindarin-compiler
2026-10-02T18:04:25.8301736Z Initialized empty Git repository in D:/a/sindarin-compiler/sindarin-compiler/.git/
2026-10-02T18:04:25.8345857Z [command]"C:\Program Files\Git\bin\git.exe" remote add origin https://github.com/SindarinSDK/sindarin-compiler
2026-10-02T18:04:25.9010343Z ##[endgroup]
2026-10-02T18:04:25.9012553Z ##[group]Disabling automatic garbage collection
2026-10-02T18:04:25.9020268Z [command]"C:\Program Files\Git\bin\git.exe" config --local gc.auto 0
2026-10-02T18:04:25.9326742Z ##[endgroup]
2026-10-02T18:04:25.9329303Z ##[group]Setting up auth
2026-10-02T18:04:25.9330829Z Removing SSH command configuration
2026-10-02T18:04:25.9340069Z [command]"C:\Program Files\Git\bin\git.exe" config --local --name-only --get-regexp core\.sshCommand
2026-10-02T18:04:25.9642372Z [command]"C:\Program Files\Git\bin\git.exe" submodule foreach --recursive "sh -c \"git config --local --name-only --get-regexp 'core\.sshCommand' && git config --local --unset-all 'core.sshCommand' || :\""
2026-10-02T18:04:27.5452697Z Removing HTTP extra header
2026-10-02T18:04:27.5461894Z [command]"C:\Program Files\Git\bin\git.exe" config --local --name-only --get-regexp http\.https\:\/\/github\.com\/\.extraheader
2026-10-02T18:04:27.5775086Z [command]"C:\Program Files\Git\bin\git.exe" submodule foreach --recursive "sh -c \"git config --local --name-only --get-regexp 'http\.https\:\/\/github\.com\/\.extraheader' && git config --local --unset-all 'http.https://github.com/.extraheader' || :\""
2026-10-02T18:04:28.1754619Z Removing includeIf entries pointing to credentials config files
2026-10-02T18:04:28.1765980Z [command]"C:\Program Files\Git\bin\git.exe" config --local --name-only --get-regexp ^includeIf\.gitdir:
2026-10-02T18:04:28.2075884Z [command]"C:\Program Files\Git\bin\git.exe" submodule foreach --recursive "git config --local --show-origin --name-only --get-regexp remote.origin.url"
2026-10-02T18:04:28.7561759Z [command]"C:\Program Files\Git\bin\git.exe" config --file D:\a\_temp\git-credentials-d5d1845b-46c7-44a2-9645-10723f1ee56c.config http.https://github.com/.extraheader "AUTHORIZATION: basic ***"
2026-10-02T18:04:28.7886155Z [command]"C:\Program Files\Git\bin\git.exe" config --local includeIf.gitdir:D:/a/sindarin-compiler/sindarin-compiler/.git.path D:\a\_temp\git-credentials-d5d1845b-46c7-44a2-9645-10723f1ee56c.config
2026-10-02T18:04:28.8204653Z [command]"C:\Program Files\Git\bin\git.exe" config --local includeIf.gitdir:D:/a/sindarin-compiler/sindarin-compiler/.git/worktrees/*.path D:\a\_temp\git-credentials-d5d1845b-46c7-44a2-9645-10723f1ee56c.config
2026-10-02T18:04:28.8600328Z [command]"C:\Program Files\Git\bin\git.exe" config --local includeIf.gitdir:/github/workspace/.git.path /github/runner_temp/git-credentials-d5d1845b-46c7-44a2-9645-10723f1ee56c.config
2026-10-02T18:04:28.8938690Z [command]"C:\Program Files\Git\bin\git.exe" config --local includeIf.gitdir:/github/workspace/.git/worktrees/*.path /github/runner_temp/git-credentials-d5d1845b-46c7-44a2-9645-10723f1ee56c.config
2026-10-02T18:04:28.9274986Z ##[endgroup]
2026-10-02T18:04:28.9275626Z ##[group]Fetching the repository
2026-10-02T18:04:28.9288549Z [command]"C:\Program Files\Git\bin\git.exe" -c protocol.version=2 fetch --no-tags --prune --no-recurse-submodules --depth=1 origin +c7b67421fd476fe7fb1f406b93ecf381b29beb40:refs/remotes/pull/144/merge
2026-10-02T18:04:31.9164877Z From https://github.com/SindarinSDK/sindarin-compiler
2026-10-02T18:04:31.9165915Z  * [new ref]         c7b67421fd476fe7fb1f406b93ecf381b29beb40 -> pull/144/merge
2026-10-02T18:04:31.9210205Z ##[endgroup]
2026-10-02T18:04:31.9210832Z ##[group]Determining the checkout info
2026-10-02T18:04:31.9211764Z ##[endgroup]
2026-10-02T18:04:31.9221363Z [command]"C:\Program Files\Git\bin\git.exe" sparse-checkout disable
2026-10-02T18:04:31.9688215Z [command]"C:\Program Files\Git\bin\git.exe" config --local --unset-all extensions.worktreeConfig
2026-10-02T18:04:31.9991356Z ##[group]Checking out the ref
2026-10-02T18:04:32.0000422Z [command]"C:\Program Files\Git\bin\git.exe" checkout --progress --force refs/remotes/pull/144/merge
2026-10-02T18:04:33.0549400Z Updating files:  66% (4127/6218)
2026-10-02T18:04:33.0707154Z Updating files:  67% (4167/6218)
2026-10-02T18:04:33.0841272Z Updating files:  68% (4229/6218)
2026-10-02T18:04:33.0984533Z Updating files:  69% (4291/6218)
2026-10-02T18:04:33.1125997Z Updating files:  70% (4353/6218)
2026-10-02T18:04:33.1272567Z Updating files:  71% (4415/6218)
2026-10-02T18:04:33.1417642Z Updating files:  72% (4477/6218)
2026-10-02T18:04:33.1564584Z Updating files:  73% (4540/6218)
2026-10-02T18:04:33.1702597Z Updating files:  74% (4602/6218)
2026-10-02T18:04:33.1843738Z Updating files:  75% (4664/6218)
2026-10-02T18:04:33.1978556Z Updating files:  76% (4726/6218)
2026-10-02T18:04:33.2125470Z Updating files:  77% (4788/6218)
2026-10-02T18:04:33.2261521Z Updating files:  78% (4851/6218)
2026-10-02T18:04:33.2406450Z Updating files:  79% (4913/6218)
2026-10-02T18:04:33.2536098Z Updating files:  80% (4975/6218)
2026-10-02T18:04:33.2666090Z Updating files:  81% (5037/6218)
2026-10-02T18:04:33.2795785Z Updating files:  82% (5099/6218)
2026-10-02T18:04:33.2934793Z Updating files:  83% (5161/6218)
2026-10-02T18:04:33.3074460Z Updating files:  84% (5224/6218)
2026-10-02T18:04:33.3201955Z Updating files:  85% (5286/6218)
2026-10-02T18:04:33.3339401Z Updating files:  86% (5348/6218)
2026-10-02T18:04:33.3466870Z Updating files:  87% (5410/6218)
2026-10-02T18:04:33.3606610Z Updating files:  88% (5472/6218)
2026-10-02T18:04:33.3744335Z Updating files:  89% (5535/6218)
2026-10-02T18:04:33.3914087Z Updating files:  90% (5597/6218)
2026-10-02T18:04:33.4105276Z Updating files:  91% (5659/6218)
2026-10-02T18:04:33.4244350Z Updating files:  92% (5721/6218)
2026-10-02T18:04:33.4377903Z Updating files:  93% (5783/6218)
2026-10-02T18:04:33.4520340Z Updating files:  94% (5845/6218)
2026-10-02T18:04:33.4658591Z Updating files:  95% (5908/6218)
2026-10-02T18:04:33.4809768Z Updating files:  96% (5970/6218)
2026-10-02T18:04:33.4978074Z Updating files:  97% (6032/6218)
2026-10-02T18:04:33.5142330Z Updating files:  98% (6094/6218)
2026-10-02T18:04:33.5315415Z Updating files:  99% (6156/6218)
2026-10-02T18:04:33.5316158Z Updating files: 100% (6218/6218)
2026-10-02T18:04:33.5316513Z Updating files: 100% (6218/6218), done.
2026-10-02T18:04:33.5510193Z Note: switching to 'refs/remotes/pull/144/merge'.
2026-10-02T18:04:33.5510873Z 
2026-10-02T18:04:33.5511262Z You are in 'detached HEAD' state. You can look around, make experimental
2026-10-02T18:04:33.5512156Z changes and commit them, and you can discard any commits you make in this
2026-10-02T18:04:33.5512996Z state without impacting any branches by switching back to a branch.
2026-10-02T18:04:33.5513374Z 
2026-10-02T18:04:33.5514002Z If you want to create a new branch to retain commits you create, you may
2026-10-02T18:04:33.5514839Z do so (now or later) by using -c with the switch command. Example:
2026-10-02T18:04:33.5515213Z 
2026-10-02T18:04:33.5515355Z   git switch -c <new-branch-name>
2026-10-02T18:04:33.5515522Z 
2026-10-02T18:04:33.5515614Z Or undo this operation with:
2026-10-02T18:04:33.5515756Z 
2026-10-02T18:04:33.5515831Z   git switch -
2026-10-02T18:04:33.5515936Z 
2026-10-02T18:04:33.5516140Z Turn off this advice by setting config variable advice.detachedHead to false
2026-10-02T18:04:33.5516444Z 
2026-10-02T18:04:33.5516783Z HEAD is now at c7b6742 Merge c39d8cc2ce358eda882b92c17a78d5eb920f1f83 into a03421325a4a5785eec1645633d68ff99fc00126
2026-10-02T18:04:33.5643268Z ##[endgroup]
2026-10-02T18:04:33.6086539Z [command]"C:\Program Files\Git\bin\git.exe" log -1 --format=%H
2026-10-02T18:04:33.6369147Z c7b67421fd476fe7fb1f406b93ecf381b29beb40
2026-10-02T18:04:33.6889661Z ##[group]Run # LLVM 19's ASan cannot decode the Windows 11 24H2 CRT prologue.
2026-10-02T18:04:33.6890478Z [36;1m# LLVM 19's ASan cannot decode the Windows 11 24H2 CRT prologue.[0m
2026-10-02T18:04:33.6891066Z [36;1m$version = "20260616"[0m
2026-10-02T18:04:33.6891654Z [36;1m$url = "https://github.com/mstorsjo/llvm-mingw/releases/download/$version/llvm-mingw-$version-ucrt-x86_64.zip"[0m
2026-10-02T18:04:33.6892223Z [36;1m$zipPath = "$env:TEMP\llvm-mingw.zip"[0m
2026-10-02T18:04:33.6892625Z [36;1m$extractPath = Join-Path $env:GITHUB_WORKSPACE ".sn\toolchains\llvm-mingw"[0m
2026-10-02T18:04:33.6893007Z [36;1m[0m
2026-10-02T18:04:33.6893233Z [36;1mWrite-Host "Downloading LLVM-MinGW $version..."[0m
2026-10-02T18:04:33.6893580Z [36;1mInvoke-WebRequest -Uri $url -OutFile $zipPath[0m
2026-10-02T18:04:33.6894049Z [36;1m$expectedHash = "b9b68a4d276e16fa25802aaba458e4638f64b3884c290aaccdc2d87083b6ca35"[0m
2026-10-02T18:04:33.6894712Z [36;1mif ((Get-FileHash $zipPath -Algorithm SHA256).Hash.ToLowerInvariant() -ne $expectedHash) {[0m
2026-10-02T18:04:33.6895207Z [36;1m  throw "LLVM-MinGW archive SHA-256 mismatch"[0m
2026-10-02T18:04:33.6895471Z [36;1m}[0m
2026-10-02T18:04:33.6895634Z [36;1m[0m
2026-10-02T18:04:33.6895838Z [36;1mWrite-Host "Extracting to $extractPath..."[0m
2026-10-02T18:04:33.6896247Z [36;1mExpand-Archive -Path $zipPath -DestinationPath $extractPath -Force[0m
2026-10-02T18:04:33.6896615Z [36;1m[0m
2026-10-02T18:04:33.6896931Z [36;1m$llvmDir = Get-ChildItem -Path $extractPath -Directory | Select-Object -First 1[0m
2026-10-02T18:04:33.6897376Z [36;1m$binPath = Join-Path $llvmDir.FullName "bin"[0m
2026-10-02T18:04:33.6897703Z [36;1m[0m
2026-10-02T18:04:33.6897982Z [36;1mWrite-Host "LLVM-MinGW installed at: $($llvmDir.FullName)"[0m
2026-10-02T18:04:33.6898450Z [36;1mecho "$binPath" | Out-File -FilePath $env:GITHUB_PATH -Encoding utf8 -Append[0m
2026-10-02T18:04:33.7604272Z shell: C:\Program Files\PowerShell\7\pwsh.EXE -command ". '{0}'"
2026-10-02T18:04:33.7604753Z ##[endgroup]
2026-10-02T18:04:34.2582260Z Downloading LLVM-MinGW 20260616...
2026-10-02T18:04:35.7180079Z Extracting to D:\a\sindarin-compiler\sindarin-compiler\.sn\toolchains\llvm-mingw...
2026-10-02T18:04:52.4001963Z LLVM-MinGW installed at: D:\a\sindarin-compiler\sindarin-compiler\.sn\toolchains\llvm-mingw\llvm-mingw-20260616-ucrt-x86_64
2026-10-02T18:04:52.4504349Z ##[group]Run choco install make ninja -y
2026-10-02T18:04:52.4504730Z [36;1mchoco install make ninja -y[0m
2026-10-02T18:04:52.4584307Z shell: C:\Program Files\PowerShell\7\pwsh.EXE -command ". '{0}'"
2026-10-02T18:04:52.4584661Z ##[endgroup]
2026-10-02T18:04:55.9282153Z Chocolatey v2.7.4
2026-10-02T18:04:56.7442565Z Installing the following packages:
2026-10-02T18:04:56.7447712Z make;ninja
2026-10-02T18:04:56.7452667Z By installing, you accept licenses for the packages.
2026-10-02T18:05:08.0140811Z Downloading package from source 'https://community.chocolatey.org/api/v2/'
2026-10-02T18:05:08.2286977Z 
2026-10-02T18:05:08.2287874Z Progress: Downloading make 4.4.1... %
2026-10-02T18:05:08.2295772Z Progress: Downloading make 4.4.1... 1%
2026-10-02T18:05:08.2296522Z Progress: Downloading make 4.4.1... 1%
2026-10-02T18:05:08.2297386Z Progress: Downloading make 4.4.1... 1%
2026-10-02T18:05:08.2298031Z Progress: Downloading make 4.4.1... 2%
2026-10-02T18:05:08.2298686Z Progress: Downloading make 4.4.1... 2%
2026-10-02T18:05:08.2299302Z Progress: Downloading make 4.4.1... 2%
2026-10-02T18:05:08.2299910Z Progress: Downloading make 4.4.1... 2%
2026-10-02T18:05:08.2300755Z Progress: Downloading make 4.4.1... 3%
2026-10-02T18:05:08.2301546Z Progress: Downloading make 4.4.1... 3%
2026-10-02T18:05:08.2302298Z Progress: Downloading make 4.4.1... 3%
2026-10-02T18:05:08.2303059Z Progress: Downloading make 4.4.1... 4%
2026-10-02T18:05:08.2303714Z Progress: Downloading make 4.4.1... 4%
2026-10-02T18:05:08.2304474Z Progress: Downloading make 4.4.1... 4%
2026-10-02T18:05:08.2305290Z Progress: Downloading make 4.4.1... 5%
2026-10-02T18:05:08.2306110Z Progress: Downloading make 4.4.1... 5%
2026-10-02T18:05:08.2306963Z Progress: Downloading make 4.4.1... 5%
2026-10-02T18:05:08.2307988Z Progress: Downloading make 4.4.1... 6%
2026-10-02T18:05:08.2308907Z Progress: Downloading make 4.4.1... 6%
2026-10-02T18:05:08.2309577Z Progress: Downloading make 4.4.1... 6%
2026-10-02T18:05:08.2310223Z Progress: Downloading make 4.4.1... 7%
2026-10-02T18:05:08.2310859Z Progress: Downloading make 4.4.1... 7%
2026-10-02T18:05:08.2311474Z Progress: Downloading make 4.4.1... 7%
2026-10-02T18:05:08.2312100Z Progress: Downloading make 4.4.1... 8%
2026-10-02T18:05:08.2312744Z Progress: Downloading make 4.4.1... 8%
2026-10-02T18:05:08.2313371Z Progress: Downloading make 4.4.1... 8%
2026-10-02T18:05:08.2313957Z Progress: Downloading make 4.4.1... 9%
2026-10-02T18:05:08.2314958Z Progress: Downloading make 4.4.1... 9%
2026-10-02T18:05:08.2315569Z Progress: Downloading make 4.4.1... 9%
2026-10-02T18:05:08.2316004Z Progress: Downloading make 4.4.1... 10%
2026-10-02T18:05:08.2316441Z Progress: Downloading make 4.4.1... 10%
2026-10-02T18:05:08.2316885Z Progress: Downloading make 4.4.1... 10%
2026-10-02T18:05:08.2317319Z Progress: Downloading make 4.4.1... 11%
2026-10-02T18:05:08.2317746Z Progress: Downloading make 4.4.1... 11%
2026-10-02T18:05:08.2318172Z Progress: Downloading make 4.4.1... 11%
2026-10-02T18:05:08.2318609Z Progress: Downloading make 4.4.1... 12%
2026-10-02T18:05:08.2319035Z Progress: Downloading make 4.4.1... 12%
2026-10-02T18:05:08.2319460Z Progress: Downloading make 4.4.1... 12%
2026-10-02T18:05:08.2319889Z Progress: Downloading make 4.4.1... 13%
2026-10-02T18:05:08.2320324Z Progress: Downloading make 4.4.1... 13%
2026-10-02T18:05:08.2320751Z Progress: Downloading make 4.4.1... 13%
2026-10-02T18:05:08.2321175Z Progress: Downloading make 4.4.1... 14%
2026-10-02T18:05:08.2321601Z Progress: Downloading make 4.4.1... 15%
2026-10-02T18:05:08.2322028Z Progress: Downloading make 4.4.1... 16%
2026-10-02T18:05:08.2322459Z Progress: Downloading make 4.4.1... 17%
2026-10-02T18:05:08.2322883Z Progress: Downloading make 4.4.1... 18%
2026-10-02T18:05:08.2323312Z Progress: Downloading make 4.4.1... 19%
2026-10-02T18:05:08.2323746Z Progress: Downloading make 4.4.1... 20%
2026-10-02T18:05:08.2324171Z Progress: Downloading make 4.4.1... 21%
2026-10-02T18:05:08.2326737Z Progress: Downloading make 4.4.1... 22%
2026-10-02T18:05:08.2327456Z Progress: Downloading make 4.4.1... 23%
2026-10-02T18:05:08.2327896Z Progress: Downloading make 4.4.1... 24%
2026-10-02T18:05:08.2328353Z Progress: Downloading make 4.4.1... 25%
2026-10-02T18:05:08.2328795Z Progress: Downloading make 4.4.1... 26%
2026-10-02T18:05:08.2329230Z Progress: Downloading make 4.4.1... 27%
2026-10-02T18:05:08.2329658Z Progress: Downloading make 4.4.1... 29%
2026-10-02T18:05:08.2330092Z Progress: Downloading make 4.4.1... 30%
2026-10-02T18:05:08.2330518Z Progress: Downloading make 4.4.1... 31%
2026-10-02T18:05:08.2330945Z Progress: Downloading make 4.4.1... 32%
2026-10-02T18:05:08.2331372Z Progress: Downloading make 4.4.1... 33%
2026-10-02T18:05:08.2331806Z Progress: Downloading make 4.4.1... 34%
2026-10-02T18:05:08.2332237Z Progress: Downloading make 4.4.1... 35%
2026-10-02T18:05:08.2332669Z Progress: Downloading make 4.4.1... 36%
2026-10-02T18:05:08.2333094Z Progress: Downloading make 4.4.1... 37%
2026-10-02T18:05:08.2333535Z Progress: Downloading make 4.4.1... 38%
2026-10-02T18:05:08.2333935Z Progress: Downloading make 4.4.1... 39%
2026-10-02T18:05:08.2334334Z Progress: Downloading make 4.4.1... 40%
2026-10-02T18:05:08.2335082Z Progress: Downloading make 4.4.1... 41%
2026-10-02T18:05:08.2335480Z Progress: Downloading make 4.4.1... 42%
2026-10-02T18:05:08.2335870Z Progress: Downloading make 4.4.1... 43%
2026-10-02T18:05:08.2336260Z Progress: Downloading make 4.4.1... 44%
2026-10-02T18:05:08.2336647Z Progress: Downloading make 4.4.1... 45%
2026-10-02T18:05:08.2337037Z Progress: Downloading make 4.4.1... 46%
2026-10-02T18:05:08.2337423Z Progress: Downloading make 4.4.1... 47%
2026-10-02T18:05:08.2337977Z Progress: Downloading make 4.4.1... 48%
2026-10-02T18:05:08.2338559Z Progress: Downloading make 4.4.1... 49%
2026-10-02T18:05:08.2339947Z Progress: Downloading make 4.4.1... 50%
2026-10-02T18:05:08.2340406Z Progress: Downloading make 4.4.1... 51%
2026-10-02T18:05:08.2340885Z Progress: Downloading make 4.4.1... 52%
2026-10-02T18:05:08.2341356Z Progress: Downloading make 4.4.1... 53%
2026-10-02T18:05:08.2342110Z Progress: Downloading make 4.4.1... 54%
2026-10-02T18:05:08.2342564Z Progress: Downloading make 4.4.1... 56%
2026-10-02T18:05:08.2342983Z Progress: Downloading make 4.4.1... 58%
2026-10-02T18:05:08.2343401Z Progress: Downloading make 4.4.1... 60%
2026-10-02T18:05:08.2343818Z Progress: Downloading make 4.4.1... 62%
2026-10-02T18:05:08.2344233Z Progress: Downloading make 4.4.1... 64%
2026-10-02T18:05:08.2344651Z Progress: Downloading make 4.4.1... 66%
2026-10-02T18:05:08.2345065Z Progress: Downloading make 4.4.1... 68%
2026-10-02T18:05:08.2345482Z Progress: Downloading make 4.4.1... 70%
2026-10-02T18:05:08.2345897Z Progress: Downloading make 4.4.1... 72%
2026-10-02T18:05:08.2346316Z Progress: Downloading make 4.4.1... 75%
2026-10-02T18:05:08.2346750Z Progress: Downloading make 4.4.1... 77%
2026-10-02T18:05:08.2347167Z Progress: Downloading make 4.4.1... 79%
2026-10-02T18:05:08.2347588Z Progress: Downloading make 4.4.1... 80%
2026-10-02T18:05:08.2348005Z Progress: Downloading make 4.4.1... 82%
2026-10-02T18:05:08.2348425Z Progress: Downloading make 4.4.1... 84%
2026-10-02T18:05:08.2348849Z Progress: Downloading make 4.4.1... 86%
2026-10-02T18:05:08.2349267Z Progress: Downloading make 4.4.1... 88%
2026-10-02T18:05:08.2349688Z Progress: Downloading make 4.4.1... 90%
2026-10-02T18:05:08.2350107Z Progress: Downloading make 4.4.1... 92%
2026-10-02T18:05:08.2350530Z Progress: Downloading make 4.4.1... 94%
2026-10-02T18:05:08.2350962Z Progress: Downloading make 4.4.1... 96%
2026-10-02T18:05:08.2351384Z Progress: Downloading make 4.4.1... 98%
2026-10-02T18:05:08.2351812Z Progress: Downloading make 4.4.1... 100%
2026-10-02T18:05:09.0231205Z 
2026-10-02T18:05:09.0231840Z make v4.4.1 [Approved]
2026-10-02T18:05:09.0558023Z make package files install completed. Performing other installation steps.
2026-10-02T18:05:10.4313096Z  ShimGen has successfully created a shim for make.exe
2026-10-02T18:05:10.4892794Z  The install of make was successful.
2026-10-02T18:05:10.4896125Z   Deployed to 'C:\ProgramData\chocolatey\lib\make'
2026-10-02T18:05:10.6494867Z ninja v1.13.2 already installed.
2026-10-02T18:05:10.6495577Z  Use --force to reinstall, specify a version to install, or try upgrade.
2026-10-02T18:05:10.6589735Z 
2026-10-02T18:05:10.6590200Z Chocolatey installed 1/2 packages. 
2026-10-02T18:05:10.6590856Z  See the log for details (C:\ProgramData\chocolatey\logs\chocolatey.log).
2026-10-02T18:05:10.6594571Z 
2026-10-02T18:05:10.6598380Z Warnings:
2026-10-02T18:05:10.6604332Z  - ninja - ninja v1.13.2 already installed.
2026-10-02T18:05:10.6604982Z  Use --force to reinstall, specify a version to install, or try upgrade.
2026-10-02T18:05:10.6613058Z 
2026-10-02T18:05:10.6613769Z Did you know the proceeds of Pro (and some proceeds from other
2026-10-02T18:05:10.6614545Z  licensed editions) go into bettering the community infrastructure?
2026-10-02T18:05:10.6615355Z  Your support ensures an active community, keeps Chocolatey tip-top,
2026-10-02T18:05:10.6615991Z  plus it nets you some awesome features!
2026-10-02T18:05:10.6616459Z  https://chocolatey.org/compare
2026-10-02T18:05:10.8224737Z ##[group]Run rustup toolchain install 1.93.1 --profile minimal
2026-10-02T18:05:10.8225307Z [36;1mrustup toolchain install 1.93.1 --profile minimal[0m
2026-10-02T18:05:10.8225630Z [36;1mrustup default 1.93.1[0m
2026-10-02T18:05:10.8225871Z [36;1mrustc --version --verbose[0m
2026-10-02T18:05:10.8298802Z shell: C:\Program Files\PowerShell\7\pwsh.EXE -command ". '{0}'"
2026-10-02T18:05:10.8299161Z ##[endgroup]
2026-10-02T18:05:12.0108777Z info: syncing channel updates for 1.93.1-x86_64-pc-windows-msvc
2026-10-02T18:05:12.6015719Z info: latest update on 2026-02-12 for version 1.93.1 (01f6ddf75 2026-02-11)
2026-10-02T18:05:12.6116762Z info: downloading 3 components
2026-10-02T18:05:20.9690200Z 
2026-10-02T18:05:21.0034522Z   1.93.1-x86_64-pc-windows-msvc installed - rustc 1.93.1 (01f6ddf75 2026-02-11)
2026-10-02T18:05:21.0035127Z 
2026-10-02T18:05:21.0389687Z info: using existing install for 1.93.1-x86_64-pc-windows-msvc
2026-10-02T18:05:21.0470193Z info: default toolchain set to 1.93.1-x86_64-pc-windows-msvc
2026-10-02T18:05:21.0470642Z 
2026-10-02T18:05:21.0739973Z   1.93.1-x86_64-pc-windows-msvc unchanged - rustc 1.93.1 (01f6ddf75 2026-02-11)
2026-10-02T18:05:21.0740566Z 
2026-10-02T18:05:22.4100515Z rustc 1.93.1 (01f6ddf75 2026-02-11)
2026-10-02T18:05:22.4100972Z binary: rustc
2026-10-02T18:05:22.4101335Z commit-hash: 01f6ddf7588f42ae2d7eb0a2f21d44e8e96674cf
2026-10-02T18:05:22.4101816Z commit-date: 2026-02-11
2026-10-02T18:05:22.4102149Z host: x86_64-pc-windows-msvc
2026-10-02T18:05:22.4102484Z release: 1.93.1
2026-10-02T18:05:22.4104721Z LLVM version: 21.1.8
2026-10-02T18:05:22.5871636Z ##[group]Run make setup
2026-10-02T18:05:22.5871956Z [36;1mmake setup[0m
2026-10-02T18:05:22.5898045Z shell: C:\Program Files\Git\bin\bash.EXE --noprofile --norc -e -o pipefail {0}
2026-10-02T18:05:22.5898452Z env:
2026-10-02T18:05:22.5901138Z   GH_TOKEN: ***
2026-10-02T18:05:22.5901596Z   SN_SKIP_PREREQS: 1
2026-10-02T18:05:22.5901808Z ##[endgroup]
2026-10-02T18:05:23.0707258Z Setting up build dependencies for Windows...
2026-10-02T18:05:27.3429959Z 
2026-10-02T18:05:27.3448847Z ========================================
2026-10-02T18:05:27.3456756Z     Sindarin Compiler Installer
2026-10-02T18:05:27.3465381Z ========================================
2026-10-02T18:05:27.3470150Z 
2026-10-02T18:05:27.3638578Z [*] Using prerequisites supplied by caller (SN_SKIP_PREREQS=1)
2026-10-02T18:05:27.3684195Z [*] Fetching latest version...
2026-10-02T18:05:27.8349565Z [+] Found release: v0.0.83
2026-10-02T18:05:27.8663431Z [*] Downloading sindarin-0.0.83-windows-x64.zip...
2026-10-02T18:05:40.7402761Z [+] Download complete
2026-10-02T18:05:41.0437484Z [*] Extracting to C:\Users\runneradmin\.sn...
2026-10-02T18:05:53.3392257Z [*] Flattening nested directory structure...
2026-10-02T18:05:53.3636707Z [+] Extraction complete
2026-10-02T18:05:53.3992965Z [*] Configuring PATH...
2026-10-02T18:05:53.4017031Z [*] GitHub Actions detected, registering in GITHUB_PATH...
2026-10-02T18:05:53.5087752Z [+] Added C:\Users\runneradmin\.sn\bin to GITHUB_PATH
2026-10-02T18:05:53.5093524Z 
2026-10-02T18:05:53.5106501Z [+] Sindarin compiler installed successfully!
2026-10-02T18:05:53.5124500Z 
2026-10-02T18:05:53.5125277Z   Installed to: C:\Users\runneradmin\.sn
2026-10-02T18:05:53.5125914Z   Version:      v0.0.83
2026-10-02T18:05:53.5126857Z 
2026-10-02T18:05:53.5137757Z   ============================================
2026-10-02T18:05:53.5146769Z   IMPORTANT: Please restart your terminal
2026-10-02T18:05:53.5155755Z   for PATH changes to take effect.
2026-10-02T18:05:53.5165161Z   ============================================
2026-10-02T18:05:53.5169239Z 
2026-10-02T18:05:53.5189879Z   After restarting, you can compile Sindarin programs:
2026-10-02T18:05:53.5191003Z     sn myprogram.sn -o myprogram.exe
2026-10-02T18:05:53.5191525Z 
2026-10-02T18:05:53.9701907Z Installing dependencies from sn.yaml...
2026-10-02T18:05:54.8740682Z   sindarin-pkg-libs (main) ... [1;36mdone[0m
2026-10-02T18:05:54.8741715Z     running install script...
2026-10-02T18:05:56.5163738Z sindarin-pkg-libs - native library installer
2026-10-02T18:05:56.5177230Z ========================================
2026-10-02T18:05:56.6477147Z Detected: windows (x64)
2026-10-02T18:05:56.6489842Z Package version: v0.0.18
2026-10-02T18:05:56.6597357Z Downloading sindarin-pkg-libs v0.0.18 for windows-x64...
2026-10-02T18:06:14.3006791Z Extracting to D:\a\sindarin-compiler\sindarin-compiler\.sn\sindarin-pkg-libs\libs\windows...
2026-10-02T18:06:31.8356669Z Successfully installed sindarin-pkg-libs v0.0.18 to D:\a\sindarin-compiler\sindarin-compiler\.sn\sindarin-pkg-libs\libs\windows
2026-10-02T18:06:31.8419260Z 
2026-10-02T18:06:31.8434060Z Installation complete!
2026-10-02T18:06:31.8979220Z Pre-built libraries ready!
2026-10-02T18:06:31.9255337Z Run 'make build' to build the compiler.
2026-10-02T18:06:31.9813046Z ##[group]Run $toolchainRoot = Join-Path $env:GITHUB_WORKSPACE ".sn\toolchains\llvm-mingw"
2026-10-02T18:06:31.9814246Z [36;1m$toolchainRoot = Join-Path $env:GITHUB_WORKSPACE ".sn\toolchains\llvm-mingw"[0m
2026-10-02T18:06:31.9815316Z [36;1m$toolchain = Get-ChildItem $toolchainRoot -Directory | Select-Object -First 1[0m
2026-10-02T18:06:31.9816223Z [36;1m$expected = Join-Path $toolchain.FullName "bin\clang.exe"[0m
2026-10-02T18:06:31.9816857Z [36;1m$selected = (Get-Command clang.exe).Source[0m
2026-10-02T18:06:31.9817649Z [36;1mif ($selected -ne $expected) { throw "Expected pinned clang $expected, selected $selected" }[0m
2026-10-02T18:06:31.9818459Z [36;1mclang --version[0m
2026-10-02T18:06:31.9923319Z shell: C:\Program Files\PowerShell\7\pwsh.EXE -command ". '{0}'"
2026-10-02T18:06:31.9923715Z ##[endgroup]
2026-10-02T18:06:32.5040272Z clang version 22.1.8 (https://github.com/llvm/llvm-project.git ca7933e47d3a3451d81e72ac174dcb5aa28b59d1)
2026-10-02T18:06:32.5041604Z Target: x86_64-w64-windows-gnu
2026-10-02T18:06:32.5042483Z Thread model: posix
2026-10-02T18:06:32.5043511Z InstalledDir: D:/a/sindarin-compiler/sindarin-compiler/.sn/toolchains/llvm-mingw/llvm-mingw-20260616-ucrt-x86_64/bin
2026-10-02T18:06:32.5046868Z Configuration file: D:/a/sindarin-compiler/sindarin-compiler/.sn/toolchains/llvm-mingw/llvm-mingw-20260616-ucrt-x86_64/bin/x86_64-w64-windows-gnu.cfg
2026-10-02T18:06:32.5916271Z ##[group]Run make build
2026-10-02T18:06:32.5916598Z [36;1mmake build[0m
2026-10-02T18:06:32.5937389Z shell: C:\Program Files\Git\bin\bash.EXE --noprofile --norc -e -o pipefail {0}
2026-10-02T18:06:32.5938103Z ##[endgroup]
2026-10-02T18:06:32.7660017Z Building Sindarin compiler...
2026-10-02T18:06:32.7928290Z Platform: windows
2026-10-02T18:06:32.8219221Z Generator: Ninja
2026-10-02T18:06:32.8238686Z cmake -S . -B build -G "Ninja" \
2026-10-02T18:06:32.8239192Z 	-DCMAKE_BUILD_TYPE=Release \
2026-10-02T18:06:32.8239602Z 	-DCMAKE_C_COMPILER=clang
2026-10-02T18:06:34.1386117Z -- The C compiler identification is Clang 22.1.8
2026-10-02T18:06:34.5110927Z -- Detecting C compiler ABI info
2026-10-02T18:06:35.1568937Z -- Detecting C compiler ABI info - done
2026-10-02T18:06:35.1891100Z -- Check for working C compiler: D:/a/sindarin-compiler/sindarin-compiler/.sn/toolchains/llvm-mingw/llvm-mingw-20260616-ucrt-x86_64/bin/clang.exe - skipped
2026-10-02T18:06:35.1908375Z -- Detecting C compile features
2026-10-02T18:06:35.1921629Z -- Detecting C compile features - done
2026-10-02T18:06:35.2781465Z -- Installing: D:/a/sindarin-compiler/sindarin-compiler/bin/sn.linux.cfg
2026-10-02T18:06:35.2787342Z -- Installing: D:/a/sindarin-compiler/sindarin-compiler/bin/sn.darwin.cfg
2026-10-02T18:06:35.2792920Z -- Installing: D:/a/sindarin-compiler/sindarin-compiler/bin/sn.windows.cfg
2026-10-02T18:06:35.2804429Z -- Installing: D:/a/sindarin-compiler/sindarin-compiler/bin/include/runtime/sn_arith.h
2026-10-02T18:06:35.2809255Z -- Installing: D:/a/sindarin-compiler/sindarin-compiler/bin/include/runtime/sn_array.h
2026-10-02T18:06:35.2814401Z -- Installing: D:/a/sindarin-compiler/sindarin-compiler/bin/include/runtime/sn_byte.h
2026-10-02T18:06:35.2819146Z -- Installing: D:/a/sindarin-compiler/sindarin-compiler/bin/include/runtime/sn_conv.h
2026-10-02T18:06:35.2825447Z -- Installing: D:/a/sindarin-compiler/sindarin-compiler/bin/include/runtime/sn_core.h
2026-10-02T18:06:35.2830268Z -- Installing: D:/a/sindarin-compiler/sindarin-compiler/bin/include/runtime/sn_minimal.h
2026-10-02T18:06:35.2835111Z -- Installing: D:/a/sindarin-compiler/sindarin-compiler/bin/include/runtime/sn_reflect.h
2026-10-02T18:06:35.2842280Z -- Installing: D:/a/sindarin-compiler/sindarin-compiler/bin/include/runtime/sn_serial.h
2026-10-02T18:06:35.2848464Z -- Installing: D:/a/sindarin-compiler/sindarin-compiler/bin/include/runtime/sn_string.h
2026-10-02T18:06:35.2854004Z -- Installing: D:/a/sindarin-compiler/sindarin-compiler/bin/include/runtime/sn_thread.h
2026-10-02T18:06:35.2859155Z -- Installing: D:/a/sindarin-compiler/sindarin-compiler/bin/include/minimal/sn_arith.h
2026-10-02T18:06:35.2864467Z -- Installing: D:/a/sindarin-compiler/sindarin-compiler/bin/include/minimal/sn_array.h
2026-10-02T18:06:35.2869537Z -- Installing: D:/a/sindarin-compiler/sindarin-compiler/bin/include/minimal/sn_byte.h
2026-10-02T18:06:35.2874473Z -- Installing: D:/a/sindarin-compiler/sindarin-compiler/bin/include/minimal/sn_conv.h
2026-10-02T18:06:35.2879712Z -- Installing: D:/a/sindarin-compiler/sindarin-compiler/bin/include/minimal/sn_core.h
2026-10-02T18:06:35.2884433Z -- Installing: D:/a/sindarin-compiler/sindarin-compiler/bin/include/minimal/sn_minimal.h
2026-10-02T18:06:35.2890016Z -- Installing: D:/a/sindarin-compiler/sindarin-compiler/bin/include/minimal/sn_reflect.h
2026-10-02T18:06:35.2896783Z -- Installing: D:/a/sindarin-compiler/sindarin-compiler/bin/include/minimal/sn_serial.h
2026-10-02T18:06:35.2902098Z -- Installing: D:/a/sindarin-compiler/sindarin-compiler/bin/include/minimal/sn_string.h
2026-10-02T18:06:35.2906939Z -- Installing: D:/a/sindarin-compiler/sindarin-compiler/bin/include/minimal/sn_thread.h
2026-10-02T18:06:35.2914571Z -- Installing: D:/a/sindarin-compiler/sindarin-compiler/bin/include/platform/compat_dirent.h
2026-10-02T18:06:35.2920786Z -- Installing: D:/a/sindarin-compiler/sindarin-compiler/bin/include/platform/compat_io.h
2026-10-02T18:06:35.2929264Z -- Installing: D:/a/sindarin-compiler/sindarin-compiler/bin/include/platform/compat_net.h
2026-10-02T18:06:35.2932370Z -- Installing: D:/a/sindarin-compiler/sindarin-compiler/bin/include/platform/compat_pthread.h
2026-10-02T18:06:35.2937797Z -- Installing: D:/a/sindarin-compiler/sindarin-compiler/bin/include/platform/compat_time.h
2026-10-02T18:06:35.2944426Z -- Installing: D:/a/sindarin-compiler/sindarin-compiler/bin/include/platform/compat_windows.h
2026-10-02T18:06:35.2952126Z -- Installing: D:/a/sindarin-compiler/sindarin-compiler/bin/include/platform/platform.h
2026-10-02T18:06:35.3106193Z -- Found libs submodule: D:/a/sindarin-compiler/sindarin-compiler/.sn/sindarin-pkg-libs/libs/windows
2026-10-02T18:06:35.3107153Z --   Copying zlib headers...
2026-10-02T18:06:35.3107811Z -- Installing: D:/a/sindarin-compiler/sindarin-compiler/bin/deps/include/zlib.h
2026-10-02T18:06:35.3115960Z -- Installing: D:/a/sindarin-compiler/sindarin-compiler/bin/deps/include/zconf.h
2026-10-02T18:06:35.3121326Z --   Copying yyjson headers...
2026-10-02T18:06:35.3123359Z -- Installing: D:/a/sindarin-compiler/sindarin-compiler/bin/deps/include/yyjson.h
2026-10-02T18:06:35.3133789Z --   Copying json-c headers...
2026-10-02T18:06:35.3135250Z -- Installing: D:/a/sindarin-compiler/sindarin-compiler/bin/deps/include/json-c
2026-10-02T18:06:35.3141736Z -- Installing: D:/a/sindarin-compiler/sindarin-compiler/bin/deps/include/json-c/arraylist.h
2026-10-02T18:06:35.3147262Z -- Installing: D:/a/sindarin-compiler/sindarin-compiler/bin/deps/include/json-c/debug.h
2026-10-02T18:06:35.3152178Z -- Installing: D:/a/sindarin-compiler/sindarin-compiler/bin/deps/include/json-c/json.h
2026-10-02T18:06:35.3157503Z -- Installing: D:/a/sindarin-compiler/sindarin-compiler/bin/deps/include/json-c/json_config.h
2026-10-02T18:06:35.3161954Z -- Installing: D:/a/sindarin-compiler/sindarin-compiler/bin/deps/include/json-c/json_c_version.h
2026-10-02T18:06:35.3167259Z -- Installing: D:/a/sindarin-compiler/sindarin-compiler/bin/deps/include/json-c/json_inttypes.h
2026-10-02T18:06:35.3171961Z -- Installing: D:/a/sindarin-compiler/sindarin-compiler/bin/deps/include/json-c/json_object.h
2026-10-02T18:06:35.3180336Z -- Installing: D:/a/sindarin-compiler/sindarin-compiler/bin/deps/include/json-c/json_object_iterator.h
2026-10-02T18:06:35.3186620Z -- Installing: D:/a/sindarin-compiler/sindarin-compiler/bin/deps/include/json-c/json_patch.h
2026-10-02T18:06:35.3191857Z -- Installing: D:/a/sindarin-compiler/sindarin-compiler/bin/deps/include/json-c/json_pointer.h
2026-10-02T18:06:35.3197159Z -- Installing: D:/a/sindarin-compiler/sindarin-compiler/bin/deps/include/json-c/json_tokener.h
2026-10-02T18:06:35.3203450Z -- Installing: D:/a/sindarin-compiler/sindarin-compiler/bin/deps/include/json-c/json_types.h
2026-10-02T18:06:35.3208968Z -- Installing: D:/a/sindarin-compiler/sindarin-compiler/bin/deps/include/json-c/json_util.h
2026-10-02T18:06:35.3213947Z -- Installing: D:/a/sindarin-compiler/sindarin-compiler/bin/deps/include/json-c/json_visit.h
2026-10-02T18:06:35.3218885Z -- Installing: D:/a/sindarin-compiler/sindarin-compiler/bin/deps/include/json-c/linkhash.h
2026-10-02T18:06:35.3224682Z -- Installing: D:/a/sindarin-compiler/sindarin-compiler/bin/deps/include/json-c/printbuf.h
2026-10-02T18:06:35.3229674Z --   Copying libxml2 headers...
2026-10-02T18:06:35.3231305Z -- Installing: D:/a/sindarin-compiler/sindarin-compiler/bin/deps/include/libxml
2026-10-02T18:06:35.3237741Z -- Installing: D:/a/sindarin-compiler/sindarin-compiler/bin/deps/include/libxml/c14n.h
2026-10-02T18:06:35.3243035Z -- Installing: D:/a/sindarin-compiler/sindarin-compiler/bin/deps/include/libxml/catalog.h
2026-10-02T18:06:35.3248781Z -- Installing: D:/a/sindarin-compiler/sindarin-compiler/bin/deps/include/libxml/chvalid.h
2026-10-02T18:06:35.3253928Z -- Installing: D:/a/sindarin-compiler/sindarin-compiler/bin/deps/include/libxml/debugXML.h
2026-10-02T18:06:35.3259563Z -- Installing: D:/a/sindarin-compiler/sindarin-compiler/bin/deps/include/libxml/dict.h
2026-10-02T18:06:35.3265601Z -- Installing: D:/a/sindarin-compiler/sindarin-compiler/bin/deps/include/libxml/encoding.h
2026-10-02T18:06:35.3270091Z -- Installing: D:/a/sindarin-compiler/sindarin-compiler/bin/deps/include/libxml/entities.h
2026-10-02T18:06:35.3284372Z -- Installing: D:/a/sindarin-compiler/sindarin-compiler/bin/deps/include/libxml/globals.h
2026-10-02T18:06:35.3289080Z -- Installing: D:/a/sindarin-compiler/sindarin-compiler/bin/deps/include/libxml/hash.h
2026-10-02T18:06:35.3294458Z -- Installing: D:/a/sindarin-compiler/sindarin-compiler/bin/deps/include/libxml/HTMLparser.h
2026-10-02T18:06:35.3300099Z -- Installing: D:/a/sindarin-compiler/sindarin-compiler/bin/deps/include/libxml/HTMLtree.h
2026-10-02T18:06:35.3305275Z -- Installing: D:/a/sindarin-compiler/sindarin-compiler/bin/deps/include/libxml/list.h
2026-10-02T18:06:35.3310247Z -- Installing: D:/a/sindarin-compiler/sindarin-compiler/bin/deps/include/libxml/nanoftp.h
2026-10-02T18:06:35.3314866Z -- Installing: D:/a/sindarin-compiler/sindarin-compiler/bin/deps/include/libxml/nanohttp.h
2026-10-02T18:06:35.3320077Z -- Installing: D:/a/sindarin-compiler/sindarin-compiler/bin/deps/include/libxml/parser.h
2026-10-02T18:06:35.3326967Z -- Installing: D:/a/sindarin-compiler/sindarin-compiler/bin/deps/include/libxml/parserInternals.h
2026-10-02T18:06:35.3333097Z -- Installing: D:/a/sindarin-compiler/sindarin-compiler/bin/deps/include/libxml/pattern.h
2026-10-02T18:06:35.3338028Z -- Installing: D:/a/sindarin-compiler/sindarin-compiler/bin/deps/include/libxml/relaxng.h
2026-10-02T18:06:35.3343844Z -- Installing: D:/a/sindarin-compiler/sindarin-compiler/bin/deps/include/libxml/SAX.h
2026-10-02T18:06:35.3348585Z -- Installing: D:/a/sindarin-compiler/sindarin-compiler/bin/deps/include/libxml/SAX2.h
2026-10-02T18:06:35.3353904Z -- Installing: D:/a/sindarin-compiler/sindarin-compiler/bin/deps/include/libxml/schemasInternals.h
2026-10-02T18:06:35.3359908Z -- Installing: D:/a/sindarin-compiler/sindarin-compiler/bin/deps/include/libxml/schematron.h
2026-10-02T18:06:35.3365686Z -- Installing: D:/a/sindarin-compiler/sindarin-compiler/bin/deps/include/libxml/threads.h
2026-10-02T18:06:35.3371021Z -- Installing: D:/a/sindarin-compiler/sindarin-compiler/bin/deps/include/libxml/tree.h
2026-10-02T18:06:35.3376925Z -- Installing: D:/a/sindarin-compiler/sindarin-compiler/bin/deps/include/libxml/uri.h
2026-10-02T18:06:35.3382448Z -- Installing: D:/a/sindarin-compiler/sindarin-compiler/bin/deps/include/libxml/valid.h
2026-10-02T18:06:35.3387757Z -- Installing: D:/a/sindarin-compiler/sindarin-compiler/bin/deps/include/libxml/xinclude.h
2026-10-02T18:06:35.3393625Z -- Installing: D:/a/sindarin-compiler/sindarin-compiler/bin/deps/include/libxml/xlink.h
2026-10-02T18:06:35.3399560Z -- Installing: D:/a/sindarin-compiler/sindarin-compiler/bin/deps/include/libxml/xmlautomata.h
2026-10-02T18:06:35.3404672Z -- Installing: D:/a/sindarin-compiler/sindarin-compiler/bin/deps/include/libxml/xmlerror.h
2026-10-02T18:06:35.3410617Z -- Installing: D:/a/sindarin-compiler/sindarin-compiler/bin/deps/include/libxml/xmlexports.h
2026-10-02T18:06:35.3415678Z -- Installing: D:/a/sindarin-compiler/sindarin-compiler/bin/deps/include/libxml/xmlIO.h
2026-10-02T18:06:35.3421528Z -- Installing: D:/a/sindarin-compiler/sindarin-compiler/bin/deps/include/libxml/xmlmemory.h
2026-10-02T18:06:35.3426856Z -- Installing: D:/a/sindarin-compiler/sindarin-compiler/bin/deps/include/libxml/xmlmodule.h
2026-10-02T18:06:35.3432131Z -- Installing: D:/a/sindarin-compiler/sindarin-compiler/bin/deps/include/libxml/xmlreader.h
2026-10-02T18:06:35.3437747Z -- Installing: D:/a/sindarin-compiler/sindarin-compiler/bin/deps/include/libxml/xmlregexp.h
2026-10-02T18:06:35.3442735Z -- Installing: D:/a/sindarin-compiler/sindarin-compiler/bin/deps/include/libxml/xmlsave.h
2026-10-02T18:06:35.3447709Z -- Installing: D:/a/sindarin-compiler/sindarin-compiler/bin/deps/include/libxml/xmlschemas.h
2026-10-02T18:06:35.3452840Z -- Installing: D:/a/sindarin-compiler/sindarin-compiler/bin/deps/include/libxml/xmlschemastypes.h
2026-10-02T18:06:35.3460719Z -- Installing: D:/a/sindarin-compiler/sindarin-compiler/bin/deps/include/libxml/xmlstring.h
2026-10-02T18:06:35.3465820Z -- Installing: D:/a/sindarin-compiler/sindarin-compiler/bin/deps/include/libxml/xmlunicode.h
2026-10-02T18:06:35.3470458Z -- Installing: D:/a/sindarin-compiler/sindarin-compiler/bin/deps/include/libxml/xmlversion.h
2026-10-02T18:06:35.3475574Z -- Installing: D:/a/sindarin-compiler/sindarin-compiler/bin/deps/include/libxml/xmlwriter.h
2026-10-02T18:06:35.3481466Z -- Installing: D:/a/sindarin-compiler/sindarin-compiler/bin/deps/include/libxml/xpath.h
2026-10-02T18:06:35.3487021Z -- Installing: D:/a/sindarin-compiler/sindarin-compiler/bin/deps/include/libxml/xpathInternals.h
2026-10-02T18:06:35.3493346Z -- Installing: D:/a/sindarin-compiler/sindarin-compiler/bin/deps/include/libxml/xpointer.h
2026-10-02T18:06:35.3498834Z --   Copying libyaml headers...
2026-10-02T18:06:35.3500276Z -- Installing: D:/a/sindarin-compiler/sindarin-compiler/bin/deps/include/yaml.h
2026-10-02T18:06:35.3506331Z --   Copying openssl headers...
2026-10-02T18:06:35.3507924Z -- Installing: D:/a/sindarin-compiler/sindarin-compiler/bin/deps/include/openssl
2026-10-02T18:06:35.3515119Z -- Installing: D:/a/sindarin-compiler/sindarin-compiler/bin/deps/include/openssl/aes.h
2026-10-02T18:06:35.3520784Z -- Installing: D:/a/sindarin-compiler/sindarin-compiler/bin/deps/include/openssl/asn1.h
2026-10-02T18:06:35.3526991Z -- Installing: D:/a/sindarin-compiler/sindarin-compiler/bin/deps/include/openssl/asn1err.h
2026-10-02T18:06:35.3532282Z -- Installing: D:/a/sindarin-compiler/sindarin-compiler/bin/deps/include/openssl/asn1t.h
2026-10-02T18:06:35.3539122Z -- Installing: D:/a/sindarin-compiler/sindarin-compiler/bin/deps/include/openssl/async.h
2026-10-02T18:06:35.3543944Z -- Installing: D:/a/sindarin-compiler/sindarin-compiler/bin/deps/include/openssl/asyncerr.h
2026-10-02T18:06:35.3549462Z -- Installing: D:/a/sindarin-compiler/sindarin-compiler/bin/deps/include/openssl/bio.h
2026-10-02T18:06:35.3558753Z -- Installing: D:/a/sindarin-compiler/sindarin-compiler/bin/deps/include/openssl/bioerr.h
2026-10-02T18:06:35.3563986Z -- Installing: D:/a/sindarin-compiler/sindarin-compiler/bin/deps/include/openssl/blowfish.h
2026-10-02T18:06:35.3569026Z -- Installing: D:/a/sindarin-compiler/sindarin-compiler/bin/deps/include/openssl/bn.h
2026-10-02T18:06:35.3575880Z -- Installing: D:/a/sindarin-compiler/sindarin-compiler/bin/deps/include/openssl/bnerr.h
2026-10-02T18:06:35.3580599Z -- Installing: D:/a/sindarin-compiler/sindarin-compiler/bin/deps/include/openssl/buffer.h
2026-10-02T18:06:35.3585700Z -- Installing: D:/a/sindarin-compiler/sindarin-compiler/bin/deps/include/openssl/buffererr.h
2026-10-02T18:06:35.3590653Z -- Installing: D:/a/sindarin-compiler/sindarin-compiler/bin/deps/include/openssl/byteorder.h
2026-10-02T18:06:35.3596481Z -- Installing: D:/a/sindarin-compiler/sindarin-compiler/bin/deps/include/openssl/camellia.h
2026-10-02T18:06:35.3602249Z -- Installing: D:/a/sindarin-compiler/sindarin-compiler/bin/deps/include/openssl/cast.h
2026-10-02T18:06:35.3607455Z -- Installing: D:/a/sindarin-compiler/sindarin-compiler/bin/deps/include/openssl/cmac.h
2026-10-02T18:06:35.3612423Z -- Installing: D:/a/sindarin-compiler/sindarin-compiler/bin/deps/include/openssl/cmp.h
2026-10-02T18:06:35.3619030Z -- Installing: D:/a/sindarin-compiler/sindarin-compiler/bin/deps/include/openssl/cmperr.h
2026-10-02T18:06:35.3624455Z -- Installing: D:/a/sindarin-compiler/sindarin-compiler/bin/deps/include/openssl/cmp_util.h
2026-10-02T18:06:35.3629485Z -- Installing: D:/a/sindarin-compiler/sindarin-compiler/bin/deps/include/openssl/cms.h
2026-10-02T18:06:35.3635628Z -- Installing: D:/a/sindarin-compiler/sindarin-compiler/bin/deps/include/openssl/cmserr.h
2026-10-02T18:06:35.3640980Z -- Installing: D:/a/sindarin-compiler/sindarin-compiler/bin/deps/include/openssl/comp.h
2026-10-02T18:06:35.3646408Z -- Installing: D:/a/sindarin-compiler/sindarin-compiler/bin/deps/include/openssl/comperr.h
2026-10-02T18:06:35.3651666Z -- Installing: D:/a/sindarin-compiler/sindarin-compiler/bin/deps/include/openssl/conf.h
2026-10-02T18:06:35.3657293Z -- Installing: D:/a/sindarin-compiler/sindarin-compiler/bin/deps/include/openssl/conferr.h
2026-10-02T18:06:35.3662360Z -- Installing: D:/a/sindarin-compiler/sindarin-compiler/bin/deps/include/openssl/configuration.h
2026-10-02T18:06:35.3667613Z -- Installing: D:/a/sindarin-compiler/sindarin-compiler/bin/deps/include/openssl/conftypes.h
2026-10-02T18:06:35.3672519Z -- Installing: D:/a/sindarin-compiler/sindarin-compiler/bin/deps/include/openssl/conf_api.h
2026-10-02T18:06:35.3677883Z -- Installing: D:/a/sindarin-compiler/sindarin-compiler/bin/deps/include/openssl/core.h
2026-10-02T18:06:35.3683397Z -- Installing: D:/a/sindarin-compiler/sindarin-compiler/bin/deps/include/openssl/core_dispatch.h
2026-10-02T18:06:35.3689948Z -- Installing: D:/a/sindarin-compiler/sindarin-compiler/bin/deps/include/openssl/core_names.h
2026-10-02T18:06:35.3696205Z -- Installing: D:/a/sindarin-compiler/sindarin-compiler/bin/deps/include/openssl/core_object.h
2026-10-02T18:06:35.3701142Z -- Installing: D:/a/sindarin-compiler/sindarin-compiler/bin/deps/include/openssl/crmf.h
2026-10-02T18:06:35.3706526Z -- Installing: D:/a/sindarin-compiler/sindarin-compiler/bin/deps/include/openssl/crmferr.h
2026-10-02T18:06:35.3711700Z -- Installing: D:/a/sindarin-compiler/sindarin-compiler/bin/deps/include/openssl/crypto.h
2026-10-02T18:06:35.3717791Z -- Installing: D:/a/sindarin-compiler/sindarin-compiler/bin/deps/include/openssl/cryptoerr.h
2026-10-02T18:06:35.3722890Z -- Installing: D:/a/sindarin-compiler/sindarin-compiler/bin/deps/include/openssl/cryptoerr_legacy.h
2026-10-02T18:06:35.3729197Z -- Installing: D:/a/sindarin-compiler/sindarin-compiler/bin/deps/include/openssl/ct.h
2026-10-02T18:06:35.3735419Z -- Installing: D:/a/sindarin-compiler/sindarin-compiler/bin/deps/include/openssl/cterr.h
2026-10-02T18:06:35.3744515Z -- Installing: D:/a/sindarin-compiler/sindarin-compiler/bin/deps/include/openssl/decoder.h
2026-10-02T18:06:35.3750242Z -- Installing: D:/a/sindarin-compiler/sindarin-compiler/bin/deps/include/openssl/decodererr.h
2026-10-02T18:06:35.3754814Z -- Installing: D:/a/sindarin-compiler/sindarin-compiler/bin/deps/include/openssl/des.h
2026-10-02T18:06:35.3760702Z -- Installing: D:/a/sindarin-compiler/sindarin-compiler/bin/deps/include/openssl/dh.h
2026-10-02T18:06:35.3766462Z -- Installing: D:/a/sindarin-compiler/sindarin-compiler/bin/deps/include/openssl/dherr.h
2026-10-02T18:06:35.3772332Z -- Installing: D:/a/sindarin-compiler/sindarin-compiler/bin/deps/include/openssl/dsa.h
2026-10-02T18:06:35.3777803Z -- Installing: D:/a/sindarin-compiler/sindarin-compiler/bin/deps/include/openssl/dsaerr.h
2026-10-02T18:06:35.3782982Z -- Installing: D:/a/sindarin-compiler/sindarin-compiler/bin/deps/include/openssl/dtls1.h
2026-10-02T18:06:35.3787883Z -- Installing: D:/a/sindarin-compiler/sindarin-compiler/bin/deps/include/openssl/ebcdic.h
2026-10-02T18:06:35.3792820Z -- Installing: D:/a/sindarin-compiler/sindarin-compiler/bin/deps/include/openssl/ec.h
2026-10-02T18:06:35.3799641Z -- Installing: D:/a/sindarin-compiler/sindarin-compiler/bin/deps/include/openssl/ecdh.h
2026-10-02T18:06:35.3804459Z -- Installing: D:/a/sindarin-compiler/sindarin-compiler/bin/deps/include/openssl/ecdsa.h
2026-10-02T18:06:35.3809204Z -- Installing: D:/a/sindarin-compiler/sindarin-compiler/bin/deps/include/openssl/ecerr.h
2026-10-02T18:06:35.3814210Z -- Installing: D:/a/sindarin-compiler/sindarin-compiler/bin/deps/include/openssl/encoder.h
2026-10-02T18:06:35.3819789Z -- Installing: D:/a/sindarin-compiler/sindarin-compiler/bin/deps/include/openssl/encodererr.h
2026-10-02T18:06:35.3824932Z -- Installing: D:/a/sindarin-compiler/sindarin-compiler/bin/deps/include/openssl/engine.h
2026-10-02T18:06:35.3830785Z -- Installing: D:/a/sindarin-compiler/sindarin-compiler/bin/deps/include/openssl/engineerr.h
2026-10-02T18:06:35.3835784Z -- Installing: D:/a/sindarin-compiler/sindarin-compiler/bin/deps/include/openssl/err.h
2026-10-02T18:06:35.3842789Z -- Installing: D:/a/sindarin-compiler/sindarin-compiler/bin/deps/include/openssl/ess.h
2026-10-02T18:06:35.3847536Z -- Installing: D:/a/sindarin-compiler/sindarin-compiler/bin/deps/include/openssl/esserr.h
2026-10-02T18:06:35.3854429Z -- Installing: D:/a/sindarin-compiler/sindarin-compiler/bin/deps/include/openssl/evp.h
2026-10-02T18:06:35.3861991Z -- Installing: D:/a/sindarin-compiler/sindarin-compiler/bin/deps/include/openssl/evperr.h
2026-10-02T18:06:35.3867874Z -- Installing: D:/a/sindarin-compiler/sindarin-compiler/bin/deps/include/openssl/e_os2.h
2026-10-02T18:06:35.3873741Z -- Installing: D:/a/sindarin-compiler/sindarin-compiler/bin/deps/include/openssl/e_ostime.h
2026-10-02T18:06:35.3878712Z -- Installing: D:/a/sindarin-compiler/sindarin-compiler/bin/deps/include/openssl/fipskey.h
2026-10-02T18:06:35.3883569Z -- Installing: D:/a/sindarin-compiler/sindarin-compiler/bin/deps/include/openssl/fips_names.h
2026-10-02T18:06:35.3888717Z -- Installing: D:/a/sindarin-compiler/sindarin-compiler/bin/deps/include/openssl/hmac.h
2026-10-02T18:06:35.3893634Z -- Installing: D:/a/sindarin-compiler/sindarin-compiler/bin/deps/include/openssl/hpke.h
2026-10-02T18:06:35.3898634Z -- Installing: D:/a/sindarin-compiler/sindarin-compiler/bin/deps/include/openssl/http.h
2026-10-02T18:06:35.3903792Z -- Installing: D:/a/sindarin-compiler/sindarin-compiler/bin/deps/include/openssl/httperr.h
2026-10-02T18:06:35.3908886Z -- Installing: D:/a/sindarin-compiler/sindarin-compiler/bin/deps/include/openssl/idea.h
2026-10-02T18:06:35.3913913Z -- Installing: D:/a/sindarin-compiler/sindarin-compiler/bin/deps/include/openssl/indicator.h
2026-10-02T18:06:35.3918873Z -- Installing: D:/a/sindarin-compiler/sindarin-compiler/bin/deps/include/openssl/kdf.h
2026-10-02T18:06:35.3924110Z -- Installing: D:/a/sindarin-compiler/sindarin-compiler/bin/deps/include/openssl/kdferr.h
2026-10-02T18:06:35.3928993Z -- Installing: D:/a/sindarin-compiler/sindarin-compiler/bin/deps/include/openssl/lhash.h
2026-10-02T18:06:35.3935138Z -- Installing: D:/a/sindarin-compiler/sindarin-compiler/bin/deps/include/openssl/macros.h
2026-10-02T18:06:35.3940407Z -- Installing: D:/a/sindarin-compiler/sindarin-compiler/bin/deps/include/openssl/md2.h
2026-10-02T18:06:35.3945330Z -- Installing: D:/a/sindarin-compiler/sindarin-compiler/bin/deps/include/openssl/md4.h
2026-10-02T18:06:35.3950787Z -- Installing: D:/a/sindarin-compiler/sindarin-compiler/bin/deps/include/openssl/md5.h
2026-10-02T18:06:35.3956006Z -- Installing: D:/a/sindarin-compiler/sindarin-compiler/bin/deps/include/openssl/mdc2.h
2026-10-02T18:06:35.3960930Z -- Installing: D:/a/sindarin-compiler/sindarin-compiler/bin/deps/include/openssl/ml_kem.h
2026-10-02T18:06:35.3968542Z -- Installing: D:/a/sindarin-compiler/sindarin-compiler/bin/deps/include/openssl/modes.h
2026-10-02T18:06:35.3974746Z -- Installing: D:/a/sindarin-compiler/sindarin-compiler/bin/deps/include/openssl/objects.h
2026-10-02T18:06:35.3980663Z -- Installing: D:/a/sindarin-compiler/sindarin-compiler/bin/deps/include/openssl/objectserr.h
2026-10-02T18:06:35.3985369Z -- Installing: D:/a/sindarin-compiler/sindarin-compiler/bin/deps/include/openssl/obj_mac.h
2026-10-02T18:06:35.3996845Z -- Installing: D:/a/sindarin-compiler/sindarin-compiler/bin/deps/include/openssl/ocsp.h
2026-10-02T18:06:35.4002788Z -- Installing: D:/a/sindarin-compiler/sindarin-compiler/bin/deps/include/openssl/ocsperr.h
2026-10-02T18:06:35.4008130Z -- Installing: D:/a/sindarin-compiler/sindarin-compiler/bin/deps/include/openssl/opensslconf.h
2026-10-02T18:06:35.4013658Z -- Installing: D:/a/sindarin-compiler/sindarin-compiler/bin/deps/include/openssl/opensslv.h
2026-10-02T18:06:35.4018640Z -- Installing: D:/a/sindarin-compiler/sindarin-compiler/bin/deps/include/openssl/ossl_typ.h
2026-10-02T18:06:35.4023321Z -- Installing: D:/a/sindarin-compiler/sindarin-compiler/bin/deps/include/openssl/params.h
2026-10-02T18:06:35.4029683Z -- Installing: D:/a/sindarin-compiler/sindarin-compiler/bin/deps/include/openssl/param_build.h
2026-10-02T18:06:35.4034753Z -- Installing: D:/a/sindarin-compiler/sindarin-compiler/bin/deps/include/openssl/pem.h
2026-10-02T18:06:35.4040557Z -- Installing: D:/a/sindarin-compiler/sindarin-compiler/bin/deps/include/openssl/pem2.h
2026-10-02T18:06:35.4045205Z -- Installing: D:/a/sindarin-compiler/sindarin-compiler/bin/deps/include/openssl/pemerr.h
2026-10-02T18:06:35.4050834Z -- Installing: D:/a/sindarin-compiler/sindarin-compiler/bin/deps/include/openssl/pkcs12.h
2026-10-02T18:06:35.4056730Z -- Installing: D:/a/sindarin-compiler/sindarin-compiler/bin/deps/include/openssl/pkcs12err.h
2026-10-02T18:06:35.4061568Z -- Installing: D:/a/sindarin-compiler/sindarin-compiler/bin/deps/include/openssl/pkcs7.h
2026-10-02T18:06:35.4067226Z -- Installing: D:/a/sindarin-compiler/sindarin-compiler/bin/deps/include/openssl/pkcs7err.h
2026-10-02T18:06:35.4073054Z -- Installing: D:/a/sindarin-compiler/sindarin-compiler/bin/deps/include/openssl/proverr.h
2026-10-02T18:06:35.4081081Z -- Installing: D:/a/sindarin-compiler/sindarin-compiler/bin/deps/include/openssl/provider.h
2026-10-02T18:06:35.4085993Z -- Installing: D:/a/sindarin-compiler/sindarin-compiler/bin/deps/include/openssl/prov_ssl.h
2026-10-02T18:06:35.4091421Z -- Installing: D:/a/sindarin-compiler/sindarin-compiler/bin/deps/include/openssl/quic.h
2026-10-02T18:06:35.4096587Z -- Installing: D:/a/sindarin-compiler/sindarin-compiler/bin/deps/include/openssl/rand.h
2026-10-02T18:06:35.4101524Z -- Installing: D:/a/sindarin-compiler/sindarin-compiler/bin/deps/include/openssl/randerr.h
2026-10-02T18:06:35.4106481Z -- Installing: D:/a/sindarin-compiler/sindarin-compiler/bin/deps/include/openssl/rc2.h
2026-10-02T18:06:35.4111889Z -- Installing: D:/a/sindarin-compiler/sindarin-compiler/bin/deps/include/openssl/rc4.h
2026-10-02T18:06:35.4120759Z -- Installing: D:/a/sindarin-compiler/sindarin-compiler/bin/deps/include/openssl/rc5.h
2026-10-02T18:06:35.4125652Z -- Installing: D:/a/sindarin-compiler/sindarin-compiler/bin/deps/include/openssl/ripemd.h
2026-10-02T18:06:35.4131091Z -- Installing: D:/a/sindarin-compiler/sindarin-compiler/bin/deps/include/openssl/rsa.h
2026-10-02T18:06:35.4137601Z -- Installing: D:/a/sindarin-compiler/sindarin-compiler/bin/deps/include/openssl/rsaerr.h
2026-10-02T18:06:35.4143254Z -- Installing: D:/a/sindarin-compiler/sindarin-compiler/bin/deps/include/openssl/safestack.h
2026-10-02T18:06:35.4148110Z -- Installing: D:/a/sindarin-compiler/sindarin-compiler/bin/deps/include/openssl/seed.h
2026-10-02T18:06:35.4153658Z -- Installing: D:/a/sindarin-compiler/sindarin-compiler/bin/deps/include/openssl/self_test.h
2026-10-02T18:06:35.4158770Z -- Installing: D:/a/sindarin-compiler/sindarin-compiler/bin/deps/include/openssl/sha.h
2026-10-02T18:06:35.4164125Z -- Installing: D:/a/sindarin-compiler/sindarin-compiler/bin/deps/include/openssl/srp.h
2026-10-02T18:06:35.4169472Z -- Installing: D:/a/sindarin-compiler/sindarin-compiler/bin/deps/include/openssl/srtp.h
2026-10-02T18:06:35.4174915Z -- Installing: D:/a/sindarin-compiler/sindarin-compiler/bin/deps/include/openssl/ssl.h
2026-10-02T18:06:35.4182097Z -- Installing: D:/a/sindarin-compiler/sindarin-compiler/bin/deps/include/openssl/ssl2.h
2026-10-02T18:06:35.4187073Z -- Installing: D:/a/sindarin-compiler/sindarin-compiler/bin/deps/include/openssl/ssl3.h
2026-10-02T18:06:35.4192635Z -- Installing: D:/a/sindarin-compiler/sindarin-compiler/bin/deps/include/openssl/sslerr.h
2026-10-02T18:06:35.4202475Z -- Installing: D:/a/sindarin-compiler/sindarin-compiler/bin/deps/include/openssl/sslerr_legacy.h
2026-10-02T18:06:35.4208020Z -- Installing: D:/a/sindarin-compiler/sindarin-compiler/bin/deps/include/openssl/stack.h
2026-10-02T18:06:35.4213323Z -- Installing: D:/a/sindarin-compiler/sindarin-compiler/bin/deps/include/openssl/store.h
2026-10-02T18:06:35.4218664Z -- Installing: D:/a/sindarin-compiler/sindarin-compiler/bin/deps/include/openssl/storeerr.h
2026-10-02T18:06:35.4223525Z -- Installing: D:/a/sindarin-compiler/sindarin-compiler/bin/deps/include/openssl/symhacks.h
2026-10-02T18:06:35.4228859Z -- Installing: D:/a/sindarin-compiler/sindarin-compiler/bin/deps/include/openssl/thread.h
2026-10-02T18:06:35.4234221Z -- Installing: D:/a/sindarin-compiler/sindarin-compiler/bin/deps/include/openssl/tls1.h
2026-10-02T18:06:35.4240658Z -- Installing: D:/a/sindarin-compiler/sindarin-compiler/bin/deps/include/openssl/trace.h
2026-10-02T18:06:35.4245663Z -- Installing: D:/a/sindarin-compiler/sindarin-compiler/bin/deps/include/openssl/ts.h
2026-10-02T18:06:35.4251832Z -- Installing: D:/a/sindarin-compiler/sindarin-compiler/bin/deps/include/openssl/tserr.h
2026-10-02T18:06:35.4256937Z -- Installing: D:/a/sindarin-compiler/sindarin-compiler/bin/deps/include/openssl/txt_db.h
2026-10-02T18:06:35.4261973Z -- Installing: D:/a/sindarin-compiler/sindarin-compiler/bin/deps/include/openssl/types.h
2026-10-02T18:06:35.4267277Z -- Installing: D:/a/sindarin-compiler/sindarin-compiler/bin/deps/include/openssl/ui.h
2026-10-02T18:06:35.4273294Z -- Installing: D:/a/sindarin-compiler/sindarin-compiler/bin/deps/include/openssl/uierr.h
2026-10-02T18:06:35.4278641Z -- Installing: D:/a/sindarin-compiler/sindarin-compiler/bin/deps/include/openssl/whrlpool.h
2026-10-02T18:06:35.4283443Z -- Installing: D:/a/sindarin-compiler/sindarin-compiler/bin/deps/include/openssl/x509.h
2026-10-02T18:06:35.4289853Z -- Installing: D:/a/sindarin-compiler/sindarin-compiler/bin/deps/include/openssl/x509err.h
2026-10-02T18:06:35.4295216Z -- Installing: D:/a/sindarin-compiler/sindarin-compiler/bin/deps/include/openssl/x509v3.h
2026-10-02T18:06:35.4302351Z -- Installing: D:/a/sindarin-compiler/sindarin-compiler/bin/deps/include/openssl/x509v3err.h
2026-10-02T18:06:35.4307374Z -- Installing: D:/a/sindarin-compiler/sindarin-compiler/bin/deps/include/openssl/x509_acert.h
2026-10-02T18:06:35.4312925Z -- Installing: D:/a/sindarin-compiler/sindarin-compiler/bin/deps/include/openssl/x509_vfy.h
2026-10-02T18:06:35.4321559Z --   Copying libssh headers...
2026-10-02T18:06:35.4323313Z -- Installing: D:/a/sindarin-compiler/sindarin-compiler/bin/deps/include/libssh
2026-10-02T18:06:35.4330464Z -- Installing: D:/a/sindarin-compiler/sindarin-compiler/bin/deps/include/libssh/callbacks.h
2026-10-02T18:06:35.4336537Z -- Installing: D:/a/sindarin-compiler/sindarin-compiler/bin/deps/include/libssh/legacy.h
2026-10-02T18:06:35.4342088Z -- Installing: D:/a/sindarin-compiler/sindarin-compiler/bin/deps/include/libssh/libssh.h
2026-10-02T18:06:35.4348972Z -- Installing: D:/a/sindarin-compiler/sindarin-compiler/bin/deps/include/libssh/libsshpp.hpp
2026-10-02T18:06:35.4354696Z -- Installing: D:/a/sindarin-compiler/sindarin-compiler/bin/deps/include/libssh/libssh_version.h
2026-10-02T18:06:35.4359412Z -- Installing: D:/a/sindarin-compiler/sindarin-compiler/bin/deps/include/libssh/server.h
2026-10-02T18:06:35.4364603Z -- Installing: D:/a/sindarin-compiler/sindarin-compiler/bin/deps/include/libssh/sftp.h
2026-10-02T18:06:35.4389708Z -- Installing: D:/a/sindarin-compiler/sindarin-compiler/bin/deps/include/libssh/sftpserver.h
2026-10-02T18:06:35.4395238Z -- Installing: D:/a/sindarin-compiler/sindarin-compiler/bin/deps/include/libssh/ssh2.h
2026-10-02T18:06:35.4399818Z --   Copying libgit2 headers...
2026-10-02T18:06:35.4401482Z -- Installing: D:/a/sindarin-compiler/sindarin-compiler/bin/deps/include/git2.h
2026-10-02T18:06:35.4407518Z -- Installing: D:/a/sindarin-compiler/sindarin-compiler/bin/deps/include/git2
2026-10-02T18:06:35.4413528Z -- Installing: D:/a/sindarin-compiler/sindarin-compiler/bin/deps/include/git2/annotated_commit.h
2026-10-02T18:06:35.4418813Z -- Installing: D:/a/sindarin-compiler/sindarin-compiler/bin/deps/include/git2/apply.h
2026-10-02T18:06:35.4424150Z -- Installing: D:/a/sindarin-compiler/sindarin-compiler/bin/deps/include/git2/attr.h
2026-10-02T18:06:35.4429676Z -- Installing: D:/a/sindarin-compiler/sindarin-compiler/bin/deps/include/git2/blame.h
2026-10-02T18:06:35.4434970Z -- Installing: D:/a/sindarin-compiler/sindarin-compiler/bin/deps/include/git2/blob.h
2026-10-02T18:06:35.4440191Z -- Installing: D:/a/sindarin-compiler/sindarin-compiler/bin/deps/include/git2/branch.h
2026-10-02T18:06:35.4445759Z -- Installing: D:/a/sindarin-compiler/sindarin-compiler/bin/deps/include/git2/buffer.h
2026-10-02T18:06:35.4454215Z -- Installing: D:/a/sindarin-compiler/sindarin-compiler/bin/deps/include/git2/cert.h
2026-10-02T18:06:35.4459415Z -- Installing: D:/a/sindarin-compiler/sindarin-compiler/bin/deps/include/git2/checkout.h
2026-10-02T18:06:35.4465092Z -- Installing: D:/a/sindarin-compiler/sindarin-compiler/bin/deps/include/git2/cherrypick.h
2026-10-02T18:06:35.4470116Z -- Installing: D:/a/sindarin-compiler/sindarin-compiler/bin/deps/include/git2/clone.h
2026-10-02T18:06:35.4475324Z -- Installing: D:/a/sindarin-compiler/sindarin-compiler/bin/deps/include/git2/commit.h
2026-10-02T18:06:35.4480878Z -- Installing: D:/a/sindarin-compiler/sindarin-compiler/bin/deps/include/git2/common.h
2026-10-02T18:06:35.4487431Z -- Installing: D:/a/sindarin-compiler/sindarin-compiler/bin/deps/include/git2/config.h
2026-10-02T18:06:35.4493212Z -- Installing: D:/a/sindarin-compiler/sindarin-compiler/bin/deps/include/git2/credential.h
2026-10-02T18:06:35.4498855Z -- Installing: D:/a/sindarin-compiler/sindarin-compiler/bin/deps/include/git2/credential_helpers.h
2026-10-02T18:06:35.4503724Z -- Installing: D:/a/sindarin-compiler/sindarin-compiler/bin/deps/include/git2/cred_helpers.h
2026-10-02T18:06:35.4508772Z -- Installing: D:/a/sindarin-compiler/sindarin-compiler/bin/deps/include/git2/deprecated.h
2026-10-02T18:06:35.4514500Z -- Installing: D:/a/sindarin-compiler/sindarin-compiler/bin/deps/include/git2/describe.h
2026-10-02T18:06:35.4519671Z -- Installing: D:/a/sindarin-compiler/sindarin-compiler/bin/deps/include/git2/diff.h
2026-10-02T18:06:35.4526542Z -- Installing: D:/a/sindarin-compiler/sindarin-compiler/bin/deps/include/git2/email.h
2026-10-02T18:06:35.4531464Z -- Installing: D:/a/sindarin-compiler/sindarin-compiler/bin/deps/include/git2/errors.h
2026-10-02T18:06:35.4536809Z -- Installing: D:/a/sindarin-compiler/sindarin-compiler/bin/deps/include/git2/experimental.h
2026-10-02T18:06:35.4541510Z -- Installing: D:/a/sindarin-compiler/sindarin-compiler/bin/deps/include/git2/filter.h
2026-10-02T18:06:35.4547333Z -- Installing: D:/a/sindarin-compiler/sindarin-compiler/bin/deps/include/git2/global.h
2026-10-02T18:06:35.4552369Z -- Installing: D:/a/sindarin-compiler/sindarin-compiler/bin/deps/include/git2/graph.h
2026-10-02T18:06:35.4557237Z -- Installing: D:/a/sindarin-compiler/sindarin-compiler/bin/deps/include/git2/ignore.h
2026-10-02T18:06:35.4562326Z -- Installing: D:/a/sindarin-compiler/sindarin-compiler/bin/deps/include/git2/index.h
2026-10-02T18:06:35.4568447Z -- Installing: D:/a/sindarin-compiler/sindarin-compiler/bin/deps/include/git2/indexer.h
2026-10-02T18:06:35.4573578Z -- Installing: D:/a/sindarin-compiler/sindarin-compiler/bin/deps/include/git2/mailmap.h
2026-10-02T18:06:35.4579023Z -- Installing: D:/a/sindarin-compiler/sindarin-compiler/bin/deps/include/git2/merge.h
2026-10-02T18:06:35.4584553Z -- Installing: D:/a/sindarin-compiler/sindarin-compiler/bin/deps/include/git2/message.h
2026-10-02T18:06:35.4589816Z -- Installing: D:/a/sindarin-compiler/sindarin-compiler/bin/deps/include/git2/net.h
2026-10-02T18:06:35.4594745Z -- Installing: D:/a/sindarin-compiler/sindarin-compiler/bin/deps/include/git2/notes.h
2026-10-02T18:06:35.4600258Z -- Installing: D:/a/sindarin-compiler/sindarin-compiler/bin/deps/include/git2/object.h
2026-10-02T18:06:35.4606248Z -- Installing: D:/a/sindarin-compiler/sindarin-compiler/bin/deps/include/git2/odb.h
2026-10-02T18:06:35.4612286Z -- Installing: D:/a/sindarin-compiler/sindarin-compiler/bin/deps/include/git2/odb_backend.h
2026-10-02T18:06:35.4617374Z -- Installing: D:/a/sindarin-compiler/sindarin-compiler/bin/deps/include/git2/oid.h
2026-10-02T18:06:35.4622717Z -- Installing: D:/a/sindarin-compiler/sindarin-compiler/bin/deps/include/git2/oidarray.h
2026-10-02T18:06:35.4642167Z -- Installing: D:/a/sindarin-compiler/sindarin-compiler/bin/deps/include/git2/pack.h
2026-10-02T18:06:35.4643563Z -- Installing: D:/a/sindarin-compiler/sindarin-compiler/bin/deps/include/git2/patch.h
2026-10-02T18:06:35.4646394Z -- Installing: D:/a/sindarin-compiler/sindarin-compiler/bin/deps/include/git2/pathspec.h
2026-10-02T18:06:35.4647189Z -- Installing: D:/a/sindarin-compiler/sindarin-compiler/bin/deps/include/git2/proxy.h
2026-10-02T18:06:35.4651942Z -- Installing: D:/a/sindarin-compiler/sindarin-compiler/bin/deps/include/git2/rebase.h
2026-10-02T18:06:35.4657071Z -- Installing: D:/a/sindarin-compiler/sindarin-compiler/bin/deps/include/git2/refdb.h
2026-10-02T18:06:35.4663823Z -- Installing: D:/a/sindarin-compiler/sindarin-compiler/bin/deps/include/git2/reflog.h
2026-10-02T18:06:35.4669181Z -- Installing: D:/a/sindarin-compiler/sindarin-compiler/bin/deps/include/git2/refs.h
2026-10-02T18:06:35.4674934Z -- Installing: D:/a/sindarin-compiler/sindarin-compiler/bin/deps/include/git2/refspec.h
2026-10-02T18:06:35.4680197Z -- Installing: D:/a/sindarin-compiler/sindarin-compiler/bin/deps/include/git2/remote.h
2026-10-02T18:06:35.4687079Z -- Installing: D:/a/sindarin-compiler/sindarin-compiler/bin/deps/include/git2/repository.h
2026-10-02T18:06:35.4693070Z -- Installing: D:/a/sindarin-compiler/sindarin-compiler/bin/deps/include/git2/reset.h
2026-10-02T18:06:35.4698190Z -- Installing: D:/a/sindarin-compiler/sindarin-compiler/bin/deps/include/git2/revert.h
2026-10-02T18:06:35.4703756Z -- Installing: D:/a/sindarin-compiler/sindarin-compiler/bin/deps/include/git2/revparse.h
2026-10-02T18:06:35.4708596Z -- Installing: D:/a/sindarin-compiler/sindarin-compiler/bin/deps/include/git2/revwalk.h
2026-10-02T18:06:35.4713774Z -- Installing: D:/a/sindarin-compiler/sindarin-compiler/bin/deps/include/git2/signature.h
2026-10-02T18:06:35.4719081Z -- Installing: D:/a/sindarin-compiler/sindarin-compiler/bin/deps/include/git2/stash.h
2026-10-02T18:06:35.4724779Z -- Installing: D:/a/sindarin-compiler/sindarin-compiler/bin/deps/include/git2/status.h
2026-10-02T18:06:35.4730673Z -- Installing: D:/a/sindarin-compiler/sindarin-compiler/bin/deps/include/git2/stdint.h
2026-10-02T18:06:35.4735829Z -- Installing: D:/a/sindarin-compiler/sindarin-compiler/bin/deps/include/git2/strarray.h
2026-10-02T18:06:35.4744269Z -- Installing: D:/a/sindarin-compiler/sindarin-compiler/bin/deps/include/git2/submodule.h
2026-10-02T18:06:35.4750285Z -- Installing: D:/a/sindarin-compiler/sindarin-compiler/bin/deps/include/git2/sys
2026-10-02T18:06:35.4756478Z -- Installing: D:/a/sindarin-compiler/sindarin-compiler/bin/deps/include/git2/sys/alloc.h
2026-10-02T18:06:35.4761768Z -- Installing: D:/a/sindarin-compiler/sindarin-compiler/bin/deps/include/git2/sys/commit.h
2026-10-02T18:06:35.4767618Z -- Installing: D:/a/sindarin-compiler/sindarin-compiler/bin/deps/include/git2/sys/commit_graph.h
2026-10-02T18:06:35.4772880Z -- Installing: D:/a/sindarin-compiler/sindarin-compiler/bin/deps/include/git2/sys/config.h
2026-10-02T18:06:35.4778534Z -- Installing: D:/a/sindarin-compiler/sindarin-compiler/bin/deps/include/git2/sys/cred.h
2026-10-02T18:06:35.4783219Z -- Installing: D:/a/sindarin-compiler/sindarin-compiler/bin/deps/include/git2/sys/credential.h
2026-10-02T18:06:35.4788405Z -- Installing: D:/a/sindarin-compiler/sindarin-compiler/bin/deps/include/git2/sys/diff.h
2026-10-02T18:06:35.4795636Z -- Installing: D:/a/sindarin-compiler/sindarin-compiler/bin/deps/include/git2/sys/email.h
2026-10-02T18:06:35.4800485Z -- Installing: D:/a/sindarin-compiler/sindarin-compiler/bin/deps/include/git2/sys/errors.h
2026-10-02T18:06:35.4805979Z -- Installing: D:/a/sindarin-compiler/sindarin-compiler/bin/deps/include/git2/sys/filter.h
2026-10-02T18:06:35.4811894Z -- Installing: D:/a/sindarin-compiler/sindarin-compiler/bin/deps/include/git2/sys/hashsig.h
2026-10-02T18:06:35.4816759Z -- Installing: D:/a/sindarin-compiler/sindarin-compiler/bin/deps/include/git2/sys/index.h
2026-10-02T18:06:35.4821961Z -- Installing: D:/a/sindarin-compiler/sindarin-compiler/bin/deps/include/git2/sys/mempack.h
2026-10-02T18:06:35.4827450Z -- Installing: D:/a/sindarin-compiler/sindarin-compiler/bin/deps/include/git2/sys/merge.h
2026-10-02T18:06:35.4832975Z -- Installing: D:/a/sindarin-compiler/sindarin-compiler/bin/deps/include/git2/sys/midx.h
2026-10-02T18:06:35.4837621Z -- Installing: D:/a/sindarin-compiler/sindarin-compiler/bin/deps/include/git2/sys/odb_backend.h
2026-10-02T18:06:35.4843008Z -- Installing: D:/a/sindarin-compiler/sindarin-compiler/bin/deps/include/git2/sys/openssl.h
2026-10-02T18:06:35.4848164Z -- Installing: D:/a/sindarin-compiler/sindarin-compiler/bin/deps/include/git2/sys/path.h
2026-10-02T18:06:35.4853199Z -- Installing: D:/a/sindarin-compiler/sindarin-compiler/bin/deps/include/git2/sys/refdb_backend.h
2026-10-02T18:06:35.4858426Z -- Installing: D:/a/sindarin-compiler/sindarin-compiler/bin/deps/include/git2/sys/refs.h
2026-10-02T18:06:35.4863732Z -- Installing: D:/a/sindarin-compiler/sindarin-compiler/bin/deps/include/git2/sys/remote.h
2026-10-02T18:06:35.4868807Z -- Installing: D:/a/sindarin-compiler/sindarin-compiler/bin/deps/include/git2/sys/repository.h
2026-10-02T18:06:35.4873750Z -- Installing: D:/a/sindarin-compiler/sindarin-compiler/bin/deps/include/git2/sys/stream.h
2026-10-02T18:06:35.4880008Z -- Installing: D:/a/sindarin-compiler/sindarin-compiler/bin/deps/include/git2/sys/transport.h
2026-10-02T18:06:35.4885121Z -- Installing: D:/a/sindarin-compiler/sindarin-compiler/bin/deps/include/git2/tag.h
2026-10-02T18:06:35.4891169Z -- Installing: D:/a/sindarin-compiler/sindarin-compiler/bin/deps/include/git2/trace.h
2026-10-02T18:06:35.4896221Z -- Installing: D:/a/sindarin-compiler/sindarin-compiler/bin/deps/include/git2/transaction.h
2026-10-02T18:06:35.4901696Z -- Installing: D:/a/sindarin-compiler/sindarin-compiler/bin/deps/include/git2/transport.h
2026-10-02T18:06:35.4906556Z -- Installing: D:/a/sindarin-compiler/sindarin-compiler/bin/deps/include/git2/tree.h
2026-10-02T18:06:35.4912340Z -- Installing: D:/a/sindarin-compiler/sindarin-compiler/bin/deps/include/git2/types.h
2026-10-02T18:06:35.4917590Z -- Installing: D:/a/sindarin-compiler/sindarin-compiler/bin/deps/include/git2/version.h
2026-10-02T18:06:35.4922380Z -- Installing: D:/a/sindarin-compiler/sindarin-compiler/bin/deps/include/git2/worktree.h
2026-10-02T18:06:35.4927826Z --   Copying curl headers...
2026-10-02T18:06:35.4929805Z -- Installing: D:/a/sindarin-compiler/sindarin-compiler/bin/deps/include/curl
2026-10-02T18:06:35.4935151Z -- Installing: D:/a/sindarin-compiler/sindarin-compiler/bin/deps/include/curl/curl.h
2026-10-02T18:06:35.4942940Z -- Installing: D:/a/sindarin-compiler/sindarin-compiler/bin/deps/include/curl/curlver.h
2026-10-02T18:06:35.4947681Z -- Installing: D:/a/sindarin-compiler/sindarin-compiler/bin/deps/include/curl/easy.h
2026-10-02T18:06:35.4953340Z -- Installing: D:/a/sindarin-compiler/sindarin-compiler/bin/deps/include/curl/header.h
2026-10-02T18:06:35.4958111Z -- Installing: D:/a/sindarin-compiler/sindarin-compiler/bin/deps/include/curl/mprintf.h
2026-10-02T18:06:35.4962887Z -- Installing: D:/a/sindarin-compiler/sindarin-compiler/bin/deps/include/curl/multi.h
2026-10-02T18:06:35.4968385Z -- Installing: D:/a/sindarin-compiler/sindarin-compiler/bin/deps/include/curl/options.h
2026-10-02T18:06:35.4975252Z -- Installing: D:/a/sindarin-compiler/sindarin-compiler/bin/deps/include/curl/stdcheaders.h
2026-10-02T18:06:35.4981115Z -- Installing: D:/a/sindarin-compiler/sindarin-compiler/bin/deps/include/curl/system.h
2026-10-02T18:06:35.4986817Z -- Installing: D:/a/sindarin-compiler/sindarin-compiler/bin/deps/include/curl/typecheck-gcc.h
2026-10-02T18:06:35.4992849Z -- Installing: D:/a/sindarin-compiler/sindarin-compiler/bin/deps/include/curl/urlapi.h
2026-10-02T18:06:35.4998537Z -- Installing: D:/a/sindarin-compiler/sindarin-compiler/bin/deps/include/curl/websockets.h
2026-10-02T18:06:35.5014207Z --   Copying library: D:/a/sindarin-compiler/sindarin-compiler/.sn/sindarin-pkg-libs/libs/windows/lib/libzlib.a
2026-10-02T18:06:35.5015487Z -- Installing: D:/a/sindarin-compiler/sindarin-compiler/bin/deps/lib/libzlib.a
2026-10-02T18:06:35.5022934Z --   Copying library: D:/a/sindarin-compiler/sindarin-compiler/.sn/sindarin-pkg-libs/libs/windows/lib/libzs.a
2026-10-02T18:06:35.5024917Z -- Installing: D:/a/sindarin-compiler/sindarin-compiler/bin/deps/lib/libzs.a
2026-10-02T18:06:35.5031667Z --   Copying library: D:/a/sindarin-compiler/sindarin-compiler/.sn/sindarin-pkg-libs/libs/windows/lib/libyyjson.a
2026-10-02T18:06:35.5032564Z -- Installing: D:/a/sindarin-compiler/sindarin-compiler/bin/deps/lib/libyyjson.a
2026-10-02T18:06:35.5043847Z --   Copying library: D:/a/sindarin-compiler/sindarin-compiler/.sn/sindarin-pkg-libs/libs/windows/lib/libxml2.a
2026-10-02T18:06:35.5044942Z -- Installing: D:/a/sindarin-compiler/sindarin-compiler/bin/deps/lib/libxml2.a
2026-10-02T18:06:35.5083769Z --   Copying library: D:/a/sindarin-compiler/sindarin-compiler/.sn/sindarin-pkg-libs/libs/windows/lib/libyaml.a
2026-10-02T18:06:35.5084726Z -- Installing: D:/a/sindarin-compiler/sindarin-compiler/bin/deps/lib/libyaml.a
2026-10-02T18:06:35.5092501Z --   Copying library: D:/a/sindarin-compiler/sindarin-compiler/.sn/sindarin-pkg-libs/libs/windows/lib/libcrypto.a
2026-10-02T18:06:35.5093487Z -- Installing: D:/a/sindarin-compiler/sindarin-compiler/bin/deps/lib/libcrypto.a
2026-10-02T18:06:35.5293643Z --   Copying library: D:/a/sindarin-compiler/sindarin-compiler/.sn/sindarin-pkg-libs/libs/windows/lib/libssl.a
2026-10-02T18:06:35.5294846Z -- Installing: D:/a/sindarin-compiler/sindarin-compiler/bin/deps/lib/libssl.a
2026-10-02T18:06:35.5333742Z --   Copying library: D:/a/sindarin-compiler/sindarin-compiler/.sn/sindarin-pkg-libs/libs/windows/lib/libssh.a
2026-10-02T18:06:35.5335044Z -- Installing: D:/a/sindarin-compiler/sindarin-compiler/bin/deps/lib/libssh.a
2026-10-02T18:06:35.5353683Z --   Copying library: D:/a/sindarin-compiler/sindarin-compiler/.sn/sindarin-pkg-libs/libs/windows/lib/libssh2.a
2026-10-02T18:06:35.5354749Z -- Installing: D:/a/sindarin-compiler/sindarin-compiler/bin/deps/lib/libssh2.a
2026-10-02T18:06:35.5367397Z --   Copying library: D:/a/sindarin-compiler/sindarin-compiler/.sn/sindarin-pkg-libs/libs/windows/lib/libgit2.a
2026-10-02T18:06:35.5368521Z -- Installing: D:/a/sindarin-compiler/sindarin-compiler/bin/deps/lib/libgit2.a
2026-10-02T18:06:35.5412653Z --   Copying library: D:/a/sindarin-compiler/sindarin-compiler/.sn/sindarin-pkg-libs/libs/windows/lib/libhttp_parser.a
2026-10-02T18:06:35.5414227Z -- Installing: D:/a/sindarin-compiler/sindarin-compiler/bin/deps/lib/libhttp_parser.a
2026-10-02T18:06:35.5421076Z --   Copying library: D:/a/sindarin-compiler/sindarin-compiler/.sn/sindarin-pkg-libs/libs/windows/lib/libpcre2-8.a
2026-10-02T18:06:35.5422687Z -- Installing: D:/a/sindarin-compiler/sindarin-compiler/bin/deps/lib/libpcre2-8.a
2026-10-02T18:06:35.5449117Z --   Copying library: D:/a/sindarin-compiler/sindarin-compiler/.sn/sindarin-pkg-libs/libs/windows/lib/libssh2.a
2026-10-02T18:06:35.5450140Z -- Up-to-date: D:/a/sindarin-compiler/sindarin-compiler/bin/deps/lib/libssh2.a
2026-10-02T18:06:35.5451460Z --   Copying library: D:/a/sindarin-compiler/sindarin-compiler/.sn/sindarin-pkg-libs/libs/windows/lib/libcurl.a
2026-10-02T18:06:35.5452662Z -- Installing: D:/a/sindarin-compiler/sindarin-compiler/bin/deps/lib/libcurl.a
2026-10-02T18:06:35.5479331Z --   Dependencies copied to: D:/a/sindarin-compiler/sindarin-compiler/bin/deps
2026-10-02T18:06:35.5480640Z -- Using zlib archive: D:/a/sindarin-compiler/sindarin-compiler/.sn/sindarin-pkg-libs/libs/windows/lib/libzlib.a
2026-10-02T18:06:35.5481307Z -- Found sindarin-template (handlebars)
2026-10-02T18:06:35.5491671Z -- Found libcurl - enabling auto-update feature
2026-10-02T18:06:35.5493182Z -- Found libgit2 and libyaml - enabling package manager
2026-10-02T18:06:35.5732069Z -- 
2026-10-02T18:06:35.5732369Z -- Sindarin Compiler Build Configuration:
2026-10-02T18:06:35.5732849Z --   Version:      1.0.0
2026-10-02T18:06:35.5733100Z --   Platform:     Windows
2026-10-02T18:06:35.5733355Z --   Compiler:     Clang 22.1.8
2026-10-02T18:06:35.5733625Z --   Build Type:   Release
2026-10-02T18:06:35.5733867Z --   Debug:        OFF
2026-10-02T18:06:35.5734085Z --   ASAN:         OFF
2026-10-02T18:06:35.5734683Z --   Output:       D:/a/sindarin-compiler/sindarin-compiler/bin
2026-10-02T18:06:35.5735157Z -- 
2026-10-02T18:06:35.5736839Z -- Configuring done (2.1s)
2026-10-02T18:06:35.6854250Z -- Generating done (0.1s)
2026-10-02T18:06:35.6867321Z -- Build files have been written to: D:/a/sindarin-compiler/sindarin-compiler/build
2026-10-02T18:06:35.7054842Z cmake --build build
2026-10-02T18:06:35.7656349Z [0/2] Re-checking globbed directories...
2026-10-02T18:06:35.9303422Z [1/232] Building C object CMakeFiles/sn_fake_rustc.dir/tests/fixtures/fake_rustc.c.obj
2026-10-02T18:06:35.9603588Z [2/232] Building C object CMakeFiles/sn_runtime_min.dir/src/runtime/sn_byte.c.obj
2026-10-02T18:06:35.9707131Z [3/232] Synchronizing runtime headers
2026-10-02T18:06:36.0928284Z [4/232] Building C object CMakeFiles/sn_runtime_min.dir/src/runtime/sn_string.c.obj
2026-10-02T18:06:36.1054310Z [5/232] Building C object CMakeFiles/sn_runtime_min.dir/src/runtime/sn_array.c.obj
2026-10-02T18:06:36.1220636Z [6/232] Building C object CMakeFiles/sn.dir/src/arena.c.obj
2026-10-02T18:06:36.2074761Z [7/232] Copying templates to bin/templates
2026-10-02T18:06:36.2219089Z [8/232] Building C object CMakeFiles/sn.dir/src/debug.c.obj
2026-10-02T18:06:36.2264116Z [9/232] Building C object CMakeFiles/sn.dir/src/file.c.obj
2026-10-02T18:06:36.2311127Z [10/232] Building C object CMakeFiles/sn.dir/src/token.c.obj
2026-10-02T18:06:36.2769891Z [11/232] Linking C executable bin\sn_fake_rustc.exe
2026-10-02T18:06:36.4153002Z [12/232] Building C object CMakeFiles/sn.dir/src/diagnostic.c.obj
2026-10-02T18:06:36.4179378Z [13/232] Building C object CMakeFiles/sn.dir/src/compiler.c.obj
2026-10-02T18:06:36.4248947Z [14/232] Building C object CMakeFiles/sn.dir/src/lexer.c.obj
2026-10-02T18:06:36.5709944Z [15/232] Building C object CMakeFiles/sn.dir/src/lexer/lexer_util.c.obj
2026-10-02T18:06:36.6000997Z [16/232] Building C object CMakeFiles/sn.dir/src/ast.c.obj
2026-10-02T18:06:36.6591521Z [17/232] Building C object CMakeFiles/sn.dir/src/lexer/lexer_scan.c.obj
2026-10-02T18:06:36.7087451Z [18/232] Building C object CMakeFiles/sn.dir/src/ast/ast_type.c.obj
2026-10-02T18:06:36.8369870Z [19/232] Building C object CMakeFiles/sn.dir/src/ast/ast_expr.c.obj
2026-10-02T18:06:36.8468246Z [20/232] Building C object CMakeFiles/sn.dir/src/main.c.obj
2026-10-02T18:06:36.8572823Z [21/232] Building C object CMakeFiles/sn.dir/src/ast/ast_stmt.c.obj
2026-10-02T18:06:37.0744114Z [22/232] Building C object CMakeFiles/sn.dir/src/ast/ast_print.c.obj
2026-10-02T18:06:37.0940105Z [23/232] Building C object CMakeFiles/sn.dir/src/parser/expr/parser_expr_interpol.c.obj
2026-10-02T18:06:37.1127538Z [24/232] Building C object CMakeFiles/sn.dir/src/parser/util/parser_util.c.obj
2026-10-02T18:06:37.1174380Z [25/232] Building C object CMakeFiles/sn.dir/src/parser/expr/parser_expr.c.obj
2026-10-02T18:06:37.2174507Z [26/232] Building C object CMakeFiles/sn.dir/src/parser/expr/parser_expr_struct.c.obj
2026-10-02T18:06:37.2222647Z [27/232] Building C object CMakeFiles/sn.dir/src/parser.c.obj
2026-10-02T18:06:37.2281585Z [28/232] Building C object CMakeFiles/sn.dir/src/parser/expr/parser_expr_match.c.obj
2026-10-02T18:06:37.3217608Z [29/232] Building C object CMakeFiles/sn.dir/src/parser/expr/parser_expr_lambda.c.obj
2026-10-02T18:06:37.3665439Z [30/232] Building C object CMakeFiles/sn.dir/src/parser/stmt/parser_stmt.c.obj
2026-10-02T18:06:37.3699391Z [31/232] Building C object CMakeFiles/sn.dir/src/symbol_table.c.obj
2026-10-02T18:06:37.3753118Z [32/232] Building C object CMakeFiles/sn.dir/src/parser/stmt/parser_stmt_control.c.obj
2026-10-02T18:06:37.5417362Z [33/232] Building C object CMakeFiles/sn.dir/src/symbol_table/symbol_table_thread.c.obj
2026-10-02T18:06:37.6031953Z [34/232] Building C object CMakeFiles/sn.dir/src/parser/stmt/parser_stmt_decl.c.obj
2026-10-02T18:06:37.6065536Z [35/232] Building C object CMakeFiles/sn.dir/src/symbol_table/symbol_table_core.c.obj
2026-10-02T18:06:37.6116625Z [36/232] Building C object CMakeFiles/sn.dir/src/symbol_table/symbol_table_namespace.c.obj
2026-10-02T18:06:37.6507922Z [37/232] Building C object CMakeFiles/sn.dir/src/type_checker.c.obj
2026-10-02T18:06:37.7920114Z [38/232] Building C object CMakeFiles/sn.dir/src/type_checker/util/type_checker_util_escape.c.obj
2026-10-02T18:06:37.7975398Z [39/232] Building C object CMakeFiles/sn.dir/src/type_checker/util/type_checker_util.c.obj
2026-10-02T18:06:37.8031593Z [40/232] Building C object CMakeFiles/sn.dir/src/type_checker/util/type_checker_util_suggest.c.obj
2026-10-02T18:06:37.8173072Z [41/232] Building C object CMakeFiles/sn.dir/src/formatter.c.obj
2026-10-02T18:06:37.8982539Z [42/232] Building C object CMakeFiles/sn.dir/src/type_checker/util/type_checker_util_struct.c.obj
2026-10-02T18:06:37.9091656Z [43/232] Building C object CMakeFiles/sn.dir/src/type_checker/util/type_checker_util_layout.c.obj
2026-10-02T18:06:37.9141958Z [44/232] Building C object CMakeFiles/sn.dir/src/type_checker/type_checker_generics.c.obj
2026-10-02T18:06:37.9552580Z [45/232] Building C object CMakeFiles/sn.dir/src/type_checker/expr/type_checker_expr.c.obj
2026-10-02T18:06:38.0151355Z [46/232] Building C object CMakeFiles/sn.dir/src/type_checker/expr/type_checker_expr_ops.c.obj
2026-10-02T18:06:38.0343067Z [47/232] Building C object CMakeFiles/sn.dir/src/type_checker/expr/type_checker_expr_assign.c.obj
2026-10-02T18:06:38.0528588Z [48/232] Building C object CMakeFiles/sn.dir/src/type_checker/expr/type_checker_expr_thread.c.obj
2026-10-02T18:06:38.0641725Z [49/232] Building C object CMakeFiles/sn.dir/src/type_checker/expr/type_checker_expr_basic.c.obj
2026-10-02T18:06:38.1375305Z [50/232] Building C object CMakeFiles/sn.dir/src/type_checker/expr/type_checker_expr_member.c.obj
2026-10-02T18:06:38.1690675Z [51/232] Building C object CMakeFiles/sn.dir/src/type_checker/expr/type_checker_expr_cast.c.obj
2026-10-02T18:06:38.1909690Z [52/232] Building C object CMakeFiles/sn.dir/src/type_checker/expr/type_checker_expr_access.c.obj
2026-10-02T18:06:38.2016108Z [53/232] Building C object CMakeFiles/sn.dir/src/type_checker/expr/type_checker_expr_struct.c.obj
2026-10-02T18:06:38.2315851Z [54/232] Building C object CMakeFiles/sn.dir/src/type_checker/expr/type_checker_expr_misc.c.obj
2026-10-02T18:06:38.2658237Z [55/232] Building C object CMakeFiles/sn.dir/src/type_checker/expr/call/type_checker_expr_call.c.obj
2026-10-02T18:06:38.2894568Z [56/232] Building C object CMakeFiles/sn.dir/src/type_checker/expr/type_checker_expr_array.c.obj
2026-10-02T18:06:38.3640562Z [57/232] Building C object CMakeFiles/sn.dir/src/type_checker/expr/call/type_checker_expr_call_array.c.obj
2026-10-02T18:06:38.3691997Z [58/232] Building C object CMakeFiles/sn.dir/src/type_checker/expr/type_checker_expr_lambda.c.obj
2026-10-02T18:06:38.3735238Z [59/232] Building C object CMakeFiles/sn.dir/src/type_checker/expr/call/type_checker_expr_call_char.c.obj
2026-10-02T18:06:38.4075978Z [60/232] Building C object CMakeFiles/sn.dir/src/type_checker/expr/call/type_checker_expr_call_core.c.obj
2026-10-02T18:06:38.4188870Z [61/232] Building C object CMakeFiles/sn.dir/src/type_checker/expr/call/type_checker_expr_call_int.c.obj
2026-10-02T18:06:38.4351817Z [62/232] Building C object CMakeFiles/sn.dir/src/type_checker/expr/call/type_checker_expr_call_long.c.obj
2026-10-02T18:06:38.5013698Z [63/232] Building C object CMakeFiles/sn.dir/src/type_checker/expr/call/type_checker_expr_call_double.c.obj
2026-10-02T18:06:38.5050729Z [64/232] Building C object CMakeFiles/sn.dir/src/type_checker/expr/call/type_checker_expr_call_uint.c.obj
2026-10-02T18:06:38.5358298Z [65/232] Building C object CMakeFiles/sn.dir/src/type_checker/expr/call/type_checker_expr_call_byte.c.obj
2026-10-02T18:06:38.5880564Z [66/232] Building C object CMakeFiles/sn.dir/src/type_checker/expr/call/type_checker_expr_call_bool.c.obj
2026-10-02T18:06:38.5965633Z [67/232] Building C object CMakeFiles/sn.dir/src/type_checker/expr/call/type_checker_expr_call_string.c.obj
2026-10-02T18:06:38.6415450Z [68/232] Building C object CMakeFiles/sn.dir/src/type_checker/stmt/type_checker_stmt.c.obj
2026-10-02T18:06:38.6742673Z [69/232] Building C object CMakeFiles/sn.dir/src/type_checker/stmt/type_checker_stmt_var.c.obj
2026-10-02T18:06:38.6913588Z [70/232] Building C object CMakeFiles/sn.dir/src/type_checker/stmt/type_checker_stmt_var_util.c.obj
2026-10-02T18:06:38.7123677Z [71/232] Building C object CMakeFiles/sn.dir/src/type_checker/stmt/type_checker_stmt_func.c.obj
2026-10-02T18:06:38.7650302Z [72/232] Building C object CMakeFiles/sn.dir/src/type_checker/stmt/type_checker_stmt_control.c.obj
2026-10-02T18:06:38.7833828Z [73/232] Building C object CMakeFiles/sn.dir/src/type_checker/stmt/type_checker_stmt_struct.c.obj
2026-10-02T18:06:38.8275991Z [74/232] Building C object CMakeFiles/sn.dir/src/type_checker/stmt/type_checker_stmt_interface.c.obj
2026-10-02T18:06:38.8353558Z [75/232] Building C object CMakeFiles/sn.dir/src/type_checker/stmt/type_checker_stmt_import.c.obj
2026-10-02T18:06:38.8551072Z [76/232] Building C object CMakeFiles/sn.dir/src/type_checker/stmt/type_checker_stmt_import_ns.c.obj
2026-10-02T18:06:38.8881045Z [77/232] Building C object CMakeFiles/sn.dir/src/type_checker/stmt/type_checker_stmt_import_ns_util.c.obj
2026-10-02T18:06:38.9379615Z [78/232] Building C object CMakeFiles/sn.dir/src/optimizer.c.obj
2026-10-02T18:06:38.9609058Z [79/232] Building C object CMakeFiles/sn.dir/src/optimizer/optimizer_tail_call.c.obj
2026-10-02T18:06:38.9932704Z [80/232] Building C object CMakeFiles/sn.dir/src/optimizer/optimizer_string.c.obj
2026-10-02T18:06:39.0653658Z [81/232] Building C object CMakeFiles/sn.dir/src/optimizer/optimizer_util.c.obj
2026-10-02T18:06:39.1173249Z [82/232] Building C object CMakeFiles/sn.dir/src/cgen/gen_model_type.c.obj
2026-10-02T18:06:39.1509859Z [83/232] Building C object CMakeFiles/sn.dir/src/cgen/gen_model.c.obj
2026-10-02T18:06:39.2450076Z [84/232] Building C object CMakeFiles/sn.dir/src/cgen/gen_model_stmt.c.obj
2026-10-02T18:06:39.2765214Z [85/232] Building C object CMakeFiles/sn.dir/src/cgen/gen_model_chain_flatten.c.obj
2026-10-02T18:06:39.2889822Z [86/232] Building C object CMakeFiles/sn.dir/src/cgen/gen_model_render_common.c.obj
2026-10-02T18:06:39.3588654Z [87/232] Building C object CMakeFiles/sn.dir/src/cgen/gen_model_struct.c.obj
2026-10-02T18:06:39.3683212Z [88/232] Building C object CMakeFiles/sn.dir/src/cgen/gen_model_func.c.obj
2026-10-02T18:06:39.4400350Z [89/232] Building C object CMakeFiles/sn.dir/src/cgen/gen_model_render_modular.c.obj
2026-10-02T18:06:39.4495321Z [90/232] Building C object CMakeFiles/sn.dir/src/cgen/c/gen_model_render_min_c.c.obj
2026-10-02T18:06:39.4679821Z [91/232] Building C object CMakeFiles/sn.dir/src/cgen/gen_model_split.c.obj
2026-10-02T18:06:39.4954300Z [92/232] Building C object CMakeFiles/sn.dir/src/cgen/ownership.c.obj
2026-10-02T18:06:39.6002048Z [93/232] Building C object CMakeFiles/sn.dir/src/cgen/gen_model_expr.c.obj
2026-10-02T18:06:39.6875670Z [94/232] Building C object CMakeFiles/sn.dir/src/target/target.c.obj
2026-10-02T18:06:39.9508609Z [95/232] Building C object CMakeFiles/sn.dir/src/target/rust/rust_render.c.obj
2026-10-02T18:06:40.4982109Z [96/232] Building C object CMakeFiles/sn.dir/src/target/rust/rust_native_plan.c.obj
2026-10-02T18:06:40.5290352Z [97/232] Building C object CMakeFiles/sn.dir/src/gcc_backend_config.c.obj
2026-10-02T18:06:40.5329557Z [98/232] Building C object CMakeFiles/sn.dir/src/gcc_backend.c.obj
2026-10-02T18:06:40.6472751Z [99/232] Building C object CMakeFiles/sn.dir/src/gcc_backend_pkgconfig.c.obj
2026-10-02T18:06:40.7037721Z [100/232] Building C object CMakeFiles/sn.dir/src/target/rust/rust_native_render.c.obj
2026-10-02T18:06:40.7750440Z [101/232] Building C object CMakeFiles/sn.dir/src/target/rust/rust_native_build.c.obj
2026-10-02T18:06:40.8941164Z [102/232] Building C object CMakeFiles/sn.dir/src/target/rust/projection/rust_model.c.obj
2026-10-02T18:06:41.0062446Z [103/232] Building C object CMakeFiles/sn.dir/src/target/rust/projection/rust_model_stmt.c.obj
2026-10-02T18:06:41.0300443Z [104/232] Building C object CMakeFiles/sn.dir/src/target/rust/cc_sidecar.c.obj
2026-10-02T18:06:41.0775113Z [105/232] Building C object CMakeFiles/sn.dir/src/target/rust/projection/rust_model_func.c.obj
2026-10-02T18:06:41.1572989Z [106/232] Building C object CMakeFiles/sn.dir/src/target/rust/projection/rust_model_struct.c.obj
2026-10-02T18:06:41.1919484Z [107/232] Building C object CMakeFiles/sn.dir/src/target/rust/projection/rust_ownership.c.obj
2026-10-02T18:06:41.2557405Z [108/232] Building C object CMakeFiles/sn.dir/src/target/rust/projection/rust_model_type.c.obj
2026-10-02T18:06:41.2926960Z [109/232] Building C object CMakeFiles/sn.dir/src/runtime/sn_array.c.obj
2026-10-02T18:06:41.3639406Z [110/232] Building C object CMakeFiles/sn.dir/src/target/rust/projection/rust_model_expr.c.obj
2026-10-02T18:06:41.3832958Z [111/232] Building C object CMakeFiles/sn.dir/src/runtime/sn_byte.c.obj
2026-10-02T18:06:41.3952778Z [112/232] Building C object CMakeFiles/sn.dir/src/runtime/sn_string.c.obj
2026-10-02T18:06:41.4864834Z [113/232] Building C object CMakeFiles/sn.dir/src/target/rust/rust_target.c.obj
2026-10-02T18:06:41.5043752Z [114/232] Building C object CMakeFiles/sn.dir/src/package/package_yaml.c.obj
2026-10-02T18:06:41.6018232Z [115/232] Building C object CMakeFiles/sn.dir/src/package.c.obj
2026-10-02T18:06:41.6377674Z [116/232] Building C object CMakeFiles/tests.dir/src/file.c.obj
2026-10-02T18:06:41.6544731Z [117/232] Building C object CMakeFiles/tests.dir/src/arena.c.obj
2026-10-02T18:06:41.8206997Z [118/232] Building C object CMakeFiles/tests.dir/src/token.c.obj
2026-10-02T18:06:41.8330926Z [119/232] Building C object CMakeFiles/tests.dir/src/debug.c.obj
2026-10-02T18:06:41.8771296Z [120/232] Building C object CMakeFiles/tests.dir/src/diagnostic.c.obj
2026-10-02T18:06:42.0646297Z [121/232] Building C object CMakeFiles/tests.dir/src/compiler.c.obj
2026-10-02T18:06:42.2181885Z [122/232] Building C object CMakeFiles/tests.dir/src/lexer.c.obj
2026-10-02T18:06:42.2960041Z [123/232] Building C object CMakeFiles/tests.dir/src/lexer/lexer_util.c.obj
2026-10-02T18:06:42.3180293Z [124/232] Building C object CMakeFiles/sn.dir/src/package/package_git.c.obj
2026-10-02T18:06:42.5357100Z [125/232] Building C object CMakeFiles/tests.dir/src/ast.c.obj
2026-10-02T18:06:42.5454299Z [126/232] Building C object CMakeFiles/tests.dir/src/lexer/lexer_scan.c.obj
2026-10-02T18:06:42.6296161Z [127/232] Building C object CMakeFiles/sn.dir/src/package/lfs/package_lfs.c.obj
2026-10-02T18:06:42.6448370Z [128/232] Building C object CMakeFiles/tests.dir/src/ast/ast_type.c.obj
2026-10-02T18:06:42.8004535Z [129/232] Building C object CMakeFiles/tests.dir/src/ast/ast_expr.c.obj
2026-10-02T18:06:42.8171914Z [130/232] Building C object CMakeFiles/tests.dir/src/ast/ast_stmt.c.obj
2026-10-02T18:06:43.0213344Z [131/232] Building C object CMakeFiles/tests.dir/src/ast/ast_print.c.obj
2026-10-02T18:06:43.0924208Z [132/232] Building C object CMakeFiles/tests.dir/src/parser/util/parser_util.c.obj
2026-10-02T18:06:43.0967226Z [133/232] Building C object CMakeFiles/tests.dir/src/parser.c.obj
2026-10-02T18:06:43.1226067Z [134/232] Building C object CMakeFiles/tests.dir/src/parser/expr/parser_expr.c.obj
2026-10-02T18:06:43.2338209Z [135/232] Building C object CMakeFiles/tests.dir/src/parser/expr/parser_expr_match.c.obj
2026-10-02T18:06:43.2380421Z [136/232] Building C object CMakeFiles/tests.dir/src/parser/expr/parser_expr_struct.c.obj
2026-10-02T18:06:43.2588343Z [137/232] Building C object CMakeFiles/tests.dir/src/parser/expr/parser_expr_interpol.c.obj
2026-10-02T18:06:43.3095358Z [138/232] Building C object CMakeFiles/tests.dir/src/parser/expr/parser_expr_lambda.c.obj
2026-10-02T18:06:43.4392798Z [139/232] Building C object CMakeFiles/tests.dir/src/parser/stmt/parser_stmt_control.c.obj
2026-10-02T18:06:43.4681443Z [140/232] Building C object CMakeFiles/tests.dir/src/parser/stmt/parser_stmt.c.obj
2026-10-02T18:06:43.4815275Z [141/232] Building C object CMakeFiles/tests.dir/src/formatter.c.obj
2026-10-02T18:06:43.5598483Z [142/232] Building C object CMakeFiles/tests.dir/src/symbol_table.c.obj
2026-10-02T18:06:43.5814291Z [143/232] Building C object CMakeFiles/tests.dir/src/parser/stmt/parser_stmt_decl.c.obj
2026-10-02T18:06:43.6977705Z [144/232] Building C object CMakeFiles/tests.dir/src/symbol_table/symbol_table_thread.c.obj
2026-10-02T18:06:43.7290943Z [145/232] Building C object CMakeFiles/tests.dir/src/symbol_table/symbol_table_namespace.c.obj
2026-10-02T18:06:43.7327183Z [146/232] Building C object CMakeFiles/tests.dir/src/type_checker.c.obj
2026-10-02T18:06:43.7392358Z [147/232] Building C object CMakeFiles/tests.dir/src/symbol_table/symbol_table_core.c.obj
2026-10-02T18:06:43.9178597Z [148/232] Building C object CMakeFiles/tests.dir/src/type_checker/util/type_checker_util.c.obj
2026-10-02T18:06:43.9231098Z [149/232] Building C object CMakeFiles/tests.dir/src/type_checker/util/type_checker_util_escape.c.obj
2026-10-02T18:06:43.9314911Z [150/232] Building C object CMakeFiles/tests.dir/src/type_checker/util/type_checker_util_struct.c.obj
2026-10-02T18:06:43.9382559Z [151/232] Building C object CMakeFiles/tests.dir/src/type_checker/util/type_checker_util_suggest.c.obj
2026-10-02T18:06:44.0409423Z [152/232] Building C object CMakeFiles/tests.dir/src/type_checker/type_checker_generics.c.obj
2026-10-02T18:06:44.0676694Z [153/232] Building C object CMakeFiles/tests.dir/src/type_checker/util/type_checker_util_layout.c.obj
2026-10-02T18:06:44.0792963Z [154/232] Building C object CMakeFiles/tests.dir/src/type_checker/expr/type_checker_expr.c.obj
2026-10-02T18:06:44.1180231Z [155/232] Building C object CMakeFiles/tests.dir/src/type_checker/expr/type_checker_expr_assign.c.obj
2026-10-02T18:06:44.1838486Z [156/232] Building C object CMakeFiles/tests.dir/src/type_checker/expr/type_checker_expr_ops.c.obj
2026-10-02T18:06:44.2305301Z [157/232] Building C object CMakeFiles/tests.dir/src/type_checker/expr/type_checker_expr_thread.c.obj
2026-10-02T18:06:44.2463862Z [158/232] Building C object CMakeFiles/tests.dir/src/type_checker/expr/type_checker_expr_member.c.obj
2026-10-02T18:06:44.2510071Z [159/232] Building C object CMakeFiles/tests.dir/src/type_checker/expr/type_checker_expr_basic.c.obj
2026-10-02T18:06:44.3026662Z [160/232] Building C object CMakeFiles/tests.dir/src/type_checker/expr/type_checker_expr_cast.c.obj
2026-10-02T18:06:44.3945949Z [161/232] Building C object CMakeFiles/tests.dir/src/type_checker/expr/type_checker_expr_access.c.obj
2026-10-02T18:06:44.4018076Z [162/232] Building C object CMakeFiles/tests.dir/src/type_checker/expr/type_checker_expr_struct.c.obj
2026-10-02T18:06:44.4045485Z [163/232] Building C object CMakeFiles/tests.dir/src/type_checker/expr/type_checker_expr_misc.c.obj
2026-10-02T18:06:44.4110421Z [164/232] Building C object CMakeFiles/tests.dir/src/type_checker/expr/type_checker_expr_array.c.obj
2026-10-02T18:06:44.4893923Z [165/232] Building C object CMakeFiles/tests.dir/src/type_checker/expr/call/type_checker_expr_call.c.obj
2026-10-02T18:06:44.5421324Z [166/232] Building C object CMakeFiles/tests.dir/src/type_checker/expr/call/type_checker_expr_call_array.c.obj
2026-10-02T18:06:44.5790245Z [167/232] Building C object CMakeFiles/tests.dir/src/type_checker/expr/call/type_checker_expr_call_char.c.obj
2026-10-02T18:06:44.5962309Z [168/232] Building C object CMakeFiles/tests.dir/src/type_checker/expr/type_checker_expr_lambda.c.obj
2026-10-02T18:06:44.6171838Z [169/232] Building C object CMakeFiles/tests.dir/src/type_checker/expr/call/type_checker_expr_call_core.c.obj
2026-10-02T18:06:44.6576554Z [170/232] Building C object CMakeFiles/tests.dir/src/type_checker/expr/call/type_checker_expr_call_int.c.obj
2026-10-02T18:06:44.7190593Z [171/232] Building C object CMakeFiles/tests.dir/src/type_checker/expr/call/type_checker_expr_call_uint.c.obj
2026-10-02T18:06:44.7242438Z [172/232] Building C object CMakeFiles/tests.dir/src/type_checker/expr/call/type_checker_expr_call_long.c.obj
2026-10-02T18:06:44.7327349Z [173/232] Building C object CMakeFiles/tests.dir/src/type_checker/expr/call/type_checker_expr_call_double.c.obj
2026-10-02T18:06:44.7726865Z [174/232] Building C object CMakeFiles/tests.dir/src/type_checker/expr/call/type_checker_expr_call_byte.c.obj
2026-10-02T18:06:44.8477136Z [175/232] Building C object CMakeFiles/tests.dir/src/type_checker/expr/call/type_checker_expr_call_bool.c.obj
2026-10-02T18:06:44.8707240Z [176/232] Building C object CMakeFiles/tests.dir/src/type_checker/expr/call/type_checker_expr_call_string.c.obj
2026-10-02T18:06:44.8812804Z [177/232] Building C object CMakeFiles/tests.dir/src/type_checker/stmt/type_checker_stmt.c.obj
2026-10-02T18:06:44.9175474Z [178/232] Building C object CMakeFiles/tests.dir/src/type_checker/stmt/type_checker_stmt_var.c.obj
2026-10-02T18:06:44.9499504Z [179/232] Building C object CMakeFiles/tests.dir/src/type_checker/stmt/type_checker_stmt_var_util.c.obj
2026-10-02T18:06:45.0196698Z [180/232] Building C object CMakeFiles/tests.dir/src/type_checker/stmt/type_checker_stmt_func.c.obj
2026-10-02T18:06:45.0384169Z [181/232] Building C object CMakeFiles/tests.dir/src/type_checker/stmt/type_checker_stmt_control.c.obj
2026-10-02T18:06:45.1258473Z [182/232] Building C object CMakeFiles/tests.dir/src/type_checker/stmt/type_checker_stmt_struct.c.obj
2026-10-02T18:06:45.1417367Z [183/232] Building C object CMakeFiles/tests.dir/src/type_checker/stmt/type_checker_stmt_interface.c.obj
2026-10-02T18:06:45.1616402Z [184/232] Building C object CMakeFiles/tests.dir/src/type_checker/stmt/type_checker_stmt_import.c.obj
2026-10-02T18:06:45.2188628Z [185/232] Building C object CMakeFiles/tests.dir/src/type_checker/stmt/type_checker_stmt_import_ns.c.obj
2026-10-02T18:06:45.2386280Z [186/232] Building C object CMakeFiles/tests.dir/src/type_checker/stmt/type_checker_stmt_import_ns_util.c.obj
2026-10-02T18:06:45.2960395Z [187/232] Building C object CMakeFiles/tests.dir/src/optimizer.c.obj
2026-10-02T18:06:45.3138657Z [188/232] Building C object CMakeFiles/tests.dir/src/optimizer/optimizer_tail_call.c.obj
2026-10-02T18:06:45.3808879Z [189/232] Building C object CMakeFiles/tests.dir/src/optimizer/optimizer_string.c.obj
2026-10-02T18:06:45.3963340Z [190/232] Building C object CMakeFiles/tests.dir/src/optimizer/optimizer_util.c.obj
2026-10-02T18:06:45.5416953Z [191/232] Building C object CMakeFiles/tests.dir/src/cgen/gen_model_type.c.obj
2026-10-02T18:06:45.5567619Z [192/232] Building C object CMakeFiles/tests.dir/src/cgen/gen_model.c.obj
2026-10-02T18:06:45.5822143Z [193/232] Building C object CMakeFiles/tests.dir/src/cgen/gen_model_stmt.c.obj
2026-10-02T18:06:45.6201746Z [194/232] Building C object CMakeFiles/tests.dir/src/cgen/gen_model_chain_flatten.c.obj
2026-10-02T18:06:45.7840303Z [195/232] Building C object CMakeFiles/tests.dir/src/cgen/gen_model_struct.c.obj
2026-10-02T18:06:45.7965236Z [196/232] Building C object CMakeFiles/tests.dir/src/cgen/gen_model_render_common.c.obj
2026-10-02T18:06:45.8452970Z [197/232] Building C object CMakeFiles/tests.dir/src/cgen/gen_model_func.c.obj
2026-10-02T18:06:45.9477938Z [198/232] Building C object CMakeFiles/tests.dir/src/cgen/gen_model_render_modular.c.obj
2026-10-02T18:06:45.9525943Z [199/232] Building C object CMakeFiles/tests.dir/src/cgen/ownership.c.obj
2026-10-02T18:06:45.9575353Z [200/232] Building C object CMakeFiles/tests.dir/src/cgen/c/gen_model_render_min_c.c.obj
2026-10-02T18:06:45.9683111Z [201/232] Building C object CMakeFiles/tests.dir/src/cgen/gen_model_expr.c.obj
2026-10-02T18:06:45.9854586Z [202/232] Building C object CMakeFiles/tests.dir/src/cgen/gen_model_split.c.obj
2026-10-02T18:06:46.2950914Z [203/232] Building C object CMakeFiles/tests.dir/src/target/target.c.obj
2026-10-02T18:06:46.6949604Z [204/232] Building C object CMakeFiles/tests.dir/src/target/rust/rust_render.c.obj
2026-10-02T18:06:47.0495641Z [205/232] Building C object CMakeFiles/tests.dir/src/gcc_backend_config.c.obj
2026-10-02T18:06:47.0923348Z [206/232] Building C object CMakeFiles/tests.dir/src/gcc_backend_pkgconfig.c.obj
2026-10-02T18:06:47.1068180Z [207/232] Building C object CMakeFiles/tests.dir/src/gcc_backend.c.obj
2026-10-02T18:06:47.3399697Z [208/232] Building C object CMakeFiles/tests.dir/src/target/rust/rust_native_render.c.obj
2026-10-02T18:06:47.4288501Z [209/232] Building C object CMakeFiles/tests.dir/src/target/rust/rust_native_build.c.obj
2026-10-02T18:06:47.5175511Z [210/232] Building C object CMakeFiles/tests.dir/src/target/rust/rust_native_plan.c.obj
2026-10-02T18:06:47.7458512Z [211/232] Building C object CMakeFiles/tests.dir/src/target/rust/projection/rust_model.c.obj
2026-10-02T18:06:47.8711639Z [212/232] Building C object CMakeFiles/tests.dir/src/target/rust/projection/rust_model_stmt.c.obj
2026-10-02T18:06:47.9754167Z [213/232] Building C object CMakeFiles/tests.dir/src/target/rust/rust_target.c.obj
2026-10-02T18:06:48.0148389Z [214/232] Building C object CMakeFiles/tests.dir/src/target/rust/cc_sidecar.c.obj
2026-10-02T18:06:48.0831403Z [215/232] Building C object CMakeFiles/tests.dir/src/target/rust/projection/rust_model_func.c.obj
2026-10-02T18:06:48.1114303Z [216/232] Building C object CMakeFiles/tests.dir/src/target/rust/projection/rust_model_expr.c.obj
2026-10-02T18:06:48.1654645Z [217/232] Building C object CMakeFiles/tests.dir/src/target/rust/projection/rust_model_struct.c.obj
2026-10-02T18:06:48.1858067Z [218/232] Building C object CMakeFiles/tests.dir/src/target/rust/projection/rust_model_type.c.obj
2026-10-02T18:06:48.2388850Z [219/232] Building C object CMakeFiles/tests.dir/src/target/rust/projection/rust_ownership.c.obj
2026-10-02T18:06:48.3061702Z [220/232] Building C object CMakeFiles/tests.dir/src/runtime/sn_string.c.obj
2026-10-02T18:06:48.3127359Z [221/232] Building C object CMakeFiles/tests.dir/src/runtime/sn_array.c.obj
2026-10-02T18:06:48.3252288Z [222/232] Building C object CMakeFiles/tests.dir/src/runtime/sn_byte.c.obj
2026-10-02T18:06:48.4546058Z [223/232] Building C object CMakeFiles/tests.dir/src/package/package_yaml.c.obj
2026-10-02T18:06:48.4676229Z [224/232] Building C object CMakeFiles/tests.dir/src/package.c.obj
2026-10-02T18:06:48.7400487Z [225/232] Linking C static library bin\lib\clang\libsn_runtime_min.a
2026-10-02T18:06:49.0623719Z [226/232] Building C object CMakeFiles/tests.dir/src/package/package_git.c.obj
2026-10-02T18:06:49.2319014Z [227/232] Building C object CMakeFiles/tests.dir/src/package/lfs/package_lfs.c.obj
2026-10-02T18:06:49.9038416Z [228/232] Building C object CMakeFiles/tests.dir/tests/unit/_all_.c.obj
2026-10-02T18:06:55.1667128Z [229/232] Linking C executable bin\sn.exe
2026-10-02T18:06:59.6787347Z [230/232] Linking C executable bin\tests.exe
2026-10-02T18:06:59.8487080Z [231/232] Staging compiler artifacts in bin
2026-10-02T18:06:59.8805983Z 
2026-10-02T18:06:59.9053303Z Build complete!
2026-10-02T18:06:59.9309447Z Compiler: bin/sn.exe
2026-10-02T18:06:59.9569321Z ##[group]Run echo "Checking for compiler executable..."
2026-10-02T18:06:59.9569800Z [36;1mecho "Checking for compiler executable..."[0m
2026-10-02T18:06:59.9570131Z [36;1mif [ ! -f "bin/sn.exe" ]; then[0m
2026-10-02T18:06:59.9570412Z [36;1m  echo "ERROR: bin/sn.exe not found"[0m
2026-10-02T18:06:59.9570679Z [36;1m  exit 1[0m
2026-10-02T18:06:59.9570855Z [36;1mfi[0m
2026-10-02T18:06:59.9571030Z [36;1mecho "Found: bin/sn.exe"[0m
2026-10-02T18:06:59.9571250Z [36;1m[0m
2026-10-02T18:06:59.9571451Z [36;1mecho "Checking for test executable..."[0m
2026-10-02T18:06:59.9571747Z [36;1mif [ ! -f "bin/tests.exe" ]; then[0m
2026-10-02T18:06:59.9572037Z [36;1m  echo "ERROR: bin/tests.exe not found"[0m
2026-10-02T18:06:59.9572320Z [36;1m  exit 1[0m
2026-10-02T18:06:59.9572489Z [36;1mfi[0m
2026-10-02T18:06:59.9572661Z [36;1mecho "Found: bin/tests.exe"[0m
2026-10-02T18:06:59.9572888Z [36;1m[0m
2026-10-02T18:06:59.9573101Z [36;1mecho "Checking for runtime library..."[0m
2026-10-02T18:06:59.9573438Z [36;1mif [ ! -f "bin/lib/clang/libsn_runtime_min.a" ]; then[0m
2026-10-02T18:06:59.9573811Z [36;1m  echo "ERROR: bin/lib/clang/libsn_runtime_min.a not found"[0m
2026-10-02T18:06:59.9574118Z [36;1m  exit 1[0m
2026-10-02T18:06:59.9574280Z [36;1mfi[0m
2026-10-02T18:06:59.9574494Z [36;1mecho "Found: bin/lib/clang/libsn_runtime_min.a"[0m
2026-10-02T18:06:59.9574766Z [36;1m[0m
2026-10-02T18:06:59.9574917Z [36;1mecho ""[0m
2026-10-02T18:06:59.9575134Z [36;1mecho "Build outputs verified successfully!"[0m
2026-10-02T18:06:59.9591909Z shell: C:\Program Files\Git\bin\bash.EXE --noprofile --norc -e -o pipefail {0}
2026-10-02T18:06:59.9592305Z ##[endgroup]
2026-10-02T18:06:59.9963592Z Checking for compiler executable...
2026-10-02T18:06:59.9965305Z Found: bin/sn.exe
2026-10-02T18:06:59.9965715Z Checking for test executable...
2026-10-02T18:06:59.9967185Z Found: bin/tests.exe
2026-10-02T18:06:59.9967613Z Checking for runtime library...
2026-10-02T18:06:59.9969700Z Found: bin/lib/clang/libsn_runtime_min.a
2026-10-02T18:06:59.9970140Z 
2026-10-02T18:06:59.9970351Z Build outputs verified successfully!
2026-10-02T18:07:00.0184579Z ##[group]Run bin/sn.exe --format --check
2026-10-02T18:07:00.0184968Z [36;1mbin/sn.exe --format --check[0m
2026-10-02T18:07:00.0201990Z shell: C:\Program Files\Git\bin\bash.EXE --noprofile --norc -e -o pipefail {0}
2026-10-02T18:07:00.0202400Z ##[endgroup]
2026-10-02T18:07:00.1954548Z All files already formatted.
2026-10-02T18:07:00.2194039Z ##[group]Run make test ARENA_SANITIZE=
2026-10-02T18:07:00.2194482Z [36;1mmake test ARENA_SANITIZE=[0m
2026-10-02T18:07:00.2211010Z shell: C:\Program Files\Git\bin\bash.EXE --noprofile --norc -e -o pipefail {0}
2026-10-02T18:07:00.2211407Z env:
2026-10-02T18:07:00.2211578Z   SN_CC: clang
2026-10-02T18:07:00.2211924Z   SN_CFLAGS: --target=x86_64-w64-mingw32 -fuse-ld=lld -rtlib=compiler-rt -unwindlib=none
2026-10-02T18:07:00.2212637Z   SN_RELEASE_CFLAGS: -O3 -fwrapv
2026-10-02T18:07:00.2212868Z   SN_EXCLUDE_TESTS: 
2026-10-02T18:07:00.2213052Z ##[endgroup]
2026-10-02T18:07:00.3539322Z Building Sindarin compiler...
2026-10-02T18:07:00.3769396Z Platform: windows
2026-10-02T18:07:00.4001308Z Generator: Ninja
2026-10-02T18:07:00.4015253Z cmake -S . -B build -G "Ninja" \
2026-10-02T18:07:00.4016178Z 	-DCMAKE_BUILD_TYPE=Release \
2026-10-02T18:07:00.4016784Z 	-DCMAKE_C_COMPILER=clang
2026-10-02T18:07:00.6208460Z -- Up-to-date: D:/a/sindarin-compiler/sindarin-compiler/bin/sn.linux.cfg
2026-10-02T18:07:00.6210069Z -- Up-to-date: D:/a/sindarin-compiler/sindarin-compiler/bin/sn.darwin.cfg
2026-10-02T18:07:00.6212450Z -- Up-to-date: D:/a/sindarin-compiler/sindarin-compiler/bin/sn.windows.cfg
2026-10-02T18:07:00.6234854Z -- Installing: D:/a/sindarin-compiler/sindarin-compiler/bin/include/runtime/sn_arith.h
2026-10-02T18:07:00.6242068Z -- Installing: D:/a/sindarin-compiler/sindarin-compiler/bin/include/runtime/sn_array.h
2026-10-02T18:07:00.6250748Z -- Installing: D:/a/sindarin-compiler/sindarin-compiler/bin/include/runtime/sn_byte.h
2026-10-02T18:07:00.6258147Z -- Installing: D:/a/sindarin-compiler/sindarin-compiler/bin/include/runtime/sn_conv.h
2026-10-02T18:07:00.6266841Z -- Installing: D:/a/sindarin-compiler/sindarin-compiler/bin/include/runtime/sn_core.h
2026-10-02T18:07:00.6273904Z -- Installing: D:/a/sindarin-compiler/sindarin-compiler/bin/include/runtime/sn_minimal.h
2026-10-02T18:07:00.6281766Z -- Installing: D:/a/sindarin-compiler/sindarin-compiler/bin/include/runtime/sn_reflect.h
2026-10-02T18:07:00.6290305Z -- Installing: D:/a/sindarin-compiler/sindarin-compiler/bin/include/runtime/sn_serial.h
2026-10-02T18:07:00.6298286Z -- Installing: D:/a/sindarin-compiler/sindarin-compiler/bin/include/runtime/sn_string.h
2026-10-02T18:07:00.6305673Z -- Installing: D:/a/sindarin-compiler/sindarin-compiler/bin/include/runtime/sn_thread.h
2026-10-02T18:07:00.6312959Z -- Installing: D:/a/sindarin-compiler/sindarin-compiler/bin/include/minimal/sn_arith.h
2026-10-02T18:07:00.6319591Z -- Installing: D:/a/sindarin-compiler/sindarin-compiler/bin/include/minimal/sn_array.h
2026-10-02T18:07:00.6328053Z -- Installing: D:/a/sindarin-compiler/sindarin-compiler/bin/include/minimal/sn_byte.h
2026-10-02T18:07:00.6336362Z -- Installing: D:/a/sindarin-compiler/sindarin-compiler/bin/include/minimal/sn_conv.h
2026-10-02T18:07:00.6344832Z -- Installing: D:/a/sindarin-compiler/sindarin-compiler/bin/include/minimal/sn_core.h
2026-10-02T18:07:00.6352106Z -- Installing: D:/a/sindarin-compiler/sindarin-compiler/bin/include/minimal/sn_minimal.h
2026-10-02T18:07:00.6359852Z -- Installing: D:/a/sindarin-compiler/sindarin-compiler/bin/include/minimal/sn_reflect.h
2026-10-02T18:07:00.6368007Z -- Installing: D:/a/sindarin-compiler/sindarin-compiler/bin/include/minimal/sn_serial.h
2026-10-02T18:07:00.6376651Z -- Installing: D:/a/sindarin-compiler/sindarin-compiler/bin/include/minimal/sn_string.h
2026-10-02T18:07:00.6383956Z -- Installing: D:/a/sindarin-compiler/sindarin-compiler/bin/include/minimal/sn_thread.h
2026-10-02T18:07:00.6394766Z -- Up-to-date: D:/a/sindarin-compiler/sindarin-compiler/bin/include/platform/compat_dirent.h
2026-10-02T18:07:00.6397465Z -- Up-to-date: D:/a/sindarin-compiler/sindarin-compiler/bin/include/platform/compat_io.h
2026-10-02T18:07:00.6399583Z -- Up-to-date: D:/a/sindarin-compiler/sindarin-compiler/bin/include/platform/compat_net.h
2026-10-02T18:07:00.6401564Z -- Up-to-date: D:/a/sindarin-compiler/sindarin-compiler/bin/include/platform/compat_pthread.h
2026-10-02T18:07:00.6405986Z -- Up-to-date: D:/a/sindarin-compiler/sindarin-compiler/bin/include/platform/compat_time.h
2026-10-02T18:07:00.6406898Z -- Up-to-date: D:/a/sindarin-compiler/sindarin-compiler/bin/include/platform/compat_windows.h
2026-10-02T18:07:00.6408476Z -- Up-to-date: D:/a/sindarin-compiler/sindarin-compiler/bin/include/platform/platform.h
2026-10-02T18:07:00.6467128Z -- Found libs submodule: D:/a/sindarin-compiler/sindarin-compiler/.sn/sindarin-pkg-libs/libs/windows
2026-10-02T18:07:00.6468037Z --   Copying zlib headers...
2026-10-02T18:07:00.6469745Z -- Up-to-date: D:/a/sindarin-compiler/sindarin-compiler/bin/deps/include/zlib.h
2026-10-02T18:07:00.6471936Z -- Up-to-date: D:/a/sindarin-compiler/sindarin-compiler/bin/deps/include/zconf.h
2026-10-02T18:07:00.6472717Z --   Copying yyjson headers...
2026-10-02T18:07:00.6474691Z -- Up-to-date: D:/a/sindarin-compiler/sindarin-compiler/bin/deps/include/yyjson.h
2026-10-02T18:07:00.6476453Z --   Copying json-c headers...
2026-10-02T18:07:00.6478425Z -- Up-to-date: D:/a/sindarin-compiler/sindarin-compiler/bin/deps/include/json-c
2026-10-02T18:07:00.6481112Z -- Up-to-date: D:/a/sindarin-compiler/sindarin-compiler/bin/deps/include/json-c/arraylist.h
2026-10-02T18:07:00.6482791Z -- Up-to-date: D:/a/sindarin-compiler/sindarin-compiler/bin/deps/include/json-c/debug.h
2026-10-02T18:07:00.6484152Z -- Up-to-date: D:/a/sindarin-compiler/sindarin-compiler/bin/deps/include/json-c/json.h
2026-10-02T18:07:00.6486223Z -- Up-to-date: D:/a/sindarin-compiler/sindarin-compiler/bin/deps/include/json-c/json_config.h
2026-10-02T18:07:00.6488289Z -- Up-to-date: D:/a/sindarin-compiler/sindarin-compiler/bin/deps/include/json-c/json_c_version.h
2026-10-02T18:07:00.6489509Z -- Up-to-date: D:/a/sindarin-compiler/sindarin-compiler/bin/deps/include/json-c/json_inttypes.h
2026-10-02T18:07:00.6491005Z -- Up-to-date: D:/a/sindarin-compiler/sindarin-compiler/bin/deps/include/json-c/json_object.h
2026-10-02T18:07:00.6493068Z -- Up-to-date: D:/a/sindarin-compiler/sindarin-compiler/bin/deps/include/json-c/json_object_iterator.h
2026-10-02T18:07:00.6495892Z -- Up-to-date: D:/a/sindarin-compiler/sindarin-compiler/bin/deps/include/json-c/json_patch.h
2026-10-02T18:07:00.6497124Z -- Up-to-date: D:/a/sindarin-compiler/sindarin-compiler/bin/deps/include/json-c/json_pointer.h
2026-10-02T18:07:00.6498600Z -- Up-to-date: D:/a/sindarin-compiler/sindarin-compiler/bin/deps/include/json-c/json_tokener.h
2026-10-02T18:07:00.6500098Z -- Up-to-date: D:/a/sindarin-compiler/sindarin-compiler/bin/deps/include/json-c/json_types.h
2026-10-02T18:07:00.6501972Z -- Up-to-date: D:/a/sindarin-compiler/sindarin-compiler/bin/deps/include/json-c/json_util.h
2026-10-02T18:07:00.6503130Z -- Up-to-date: D:/a/sindarin-compiler/sindarin-compiler/bin/deps/include/json-c/json_visit.h
2026-10-02T18:07:00.6504435Z -- Up-to-date: D:/a/sindarin-compiler/sindarin-compiler/bin/deps/include/json-c/linkhash.h
2026-10-02T18:07:00.6506571Z -- Up-to-date: D:/a/sindarin-compiler/sindarin-compiler/bin/deps/include/json-c/printbuf.h
2026-10-02T18:07:00.6507692Z --   Copying libxml2 headers...
2026-10-02T18:07:00.6509065Z -- Up-to-date: D:/a/sindarin-compiler/sindarin-compiler/bin/deps/include/libxml
2026-10-02T18:07:00.6513287Z -- Up-to-date: D:/a/sindarin-compiler/sindarin-compiler/bin/deps/include/libxml/c14n.h
2026-10-02T18:07:00.6514761Z -- Up-to-date: D:/a/sindarin-compiler/sindarin-compiler/bin/deps/include/libxml/catalog.h
2026-10-02T18:07:00.6516588Z -- Up-to-date: D:/a/sindarin-compiler/sindarin-compiler/bin/deps/include/libxml/chvalid.h
2026-10-02T18:07:00.6518427Z -- Up-to-date: D:/a/sindarin-compiler/sindarin-compiler/bin/deps/include/libxml/debugXML.h
2026-10-02T18:07:00.6520225Z -- Up-to-date: D:/a/sindarin-compiler/sindarin-compiler/bin/deps/include/libxml/dict.h
2026-10-02T18:07:00.6522070Z -- Up-to-date: D:/a/sindarin-compiler/sindarin-compiler/bin/deps/include/libxml/encoding.h
2026-10-02T18:07:00.6524577Z -- Up-to-date: D:/a/sindarin-compiler/sindarin-compiler/bin/deps/include/libxml/entities.h
2026-10-02T18:07:00.6527347Z -- Up-to-date: D:/a/sindarin-compiler/sindarin-compiler/bin/deps/include/libxml/globals.h
2026-10-02T18:07:00.6528452Z -- Up-to-date: D:/a/sindarin-compiler/sindarin-compiler/bin/deps/include/libxml/hash.h
2026-10-02T18:07:00.6529592Z -- Up-to-date: D:/a/sindarin-compiler/sindarin-compiler/bin/deps/include/libxml/HTMLparser.h
2026-10-02T18:07:00.6531428Z -- Up-to-date: D:/a/sindarin-compiler/sindarin-compiler/bin/deps/include/libxml/HTMLtree.h
2026-10-02T18:07:00.6533369Z -- Up-to-date: D:/a/sindarin-compiler/sindarin-compiler/bin/deps/include/libxml/list.h
2026-10-02T18:07:00.6534787Z -- Up-to-date: D:/a/sindarin-compiler/sindarin-compiler/bin/deps/include/libxml/nanoftp.h
2026-10-02T18:07:00.6537178Z -- Up-to-date: D:/a/sindarin-compiler/sindarin-compiler/bin/deps/include/libxml/nanohttp.h
2026-10-02T18:07:00.6538810Z -- Up-to-date: D:/a/sindarin-compiler/sindarin-compiler/bin/deps/include/libxml/parser.h
2026-10-02T18:07:00.6540756Z -- Up-to-date: D:/a/sindarin-compiler/sindarin-compiler/bin/deps/include/libxml/parserInternals.h
2026-10-02T18:07:00.6542124Z -- Up-to-date: D:/a/sindarin-compiler/sindarin-compiler/bin/deps/include/libxml/pattern.h
2026-10-02T18:07:00.6544089Z -- Up-to-date: D:/a/sindarin-compiler/sindarin-compiler/bin/deps/include/libxml/relaxng.h
2026-10-02T18:07:00.6545558Z -- Up-to-date: D:/a/sindarin-compiler/sindarin-compiler/bin/deps/include/libxml/SAX.h
2026-10-02T18:07:00.6547862Z -- Up-to-date: D:/a/sindarin-compiler/sindarin-compiler/bin/deps/include/libxml/SAX2.h
2026-10-02T18:07:00.6549194Z -- Up-to-date: D:/a/sindarin-compiler/sindarin-compiler/bin/deps/include/libxml/schemasInternals.h
2026-10-02T18:07:00.6551059Z -- Up-to-date: D:/a/sindarin-compiler/sindarin-compiler/bin/deps/include/libxml/schematron.h
2026-10-02T18:07:00.6552791Z -- Up-to-date: D:/a/sindarin-compiler/sindarin-compiler/bin/deps/include/libxml/threads.h
2026-10-02T18:07:00.6555039Z -- Up-to-date: D:/a/sindarin-compiler/sindarin-compiler/bin/deps/include/libxml/tree.h
2026-10-02T18:07:00.6557344Z -- Up-to-date: D:/a/sindarin-compiler/sindarin-compiler/bin/deps/include/libxml/uri.h
2026-10-02T18:07:00.6559913Z -- Up-to-date: D:/a/sindarin-compiler/sindarin-compiler/bin/deps/include/libxml/valid.h
2026-10-02T18:07:00.6561058Z -- Up-to-date: D:/a/sindarin-compiler/sindarin-compiler/bin/deps/include/libxml/xinclude.h
2026-10-02T18:07:00.6563117Z -- Up-to-date: D:/a/sindarin-compiler/sindarin-compiler/bin/deps/include/libxml/xlink.h
2026-10-02T18:07:00.6564112Z -- Up-to-date: D:/a/sindarin-compiler/sindarin-compiler/bin/deps/include/libxml/xmlautomata.h
2026-10-02T18:07:00.6565663Z -- Up-to-date: D:/a/sindarin-compiler/sindarin-compiler/bin/deps/include/libxml/xmlerror.h
2026-10-02T18:07:00.6567339Z -- Up-to-date: D:/a/sindarin-compiler/sindarin-compiler/bin/deps/include/libxml/xmlexports.h
2026-10-02T18:07:00.6569123Z -- Up-to-date: D:/a/sindarin-compiler/sindarin-compiler/bin/deps/include/libxml/xmlIO.h
2026-10-02T18:07:00.6571270Z -- Up-to-date: D:/a/sindarin-compiler/sindarin-compiler/bin/deps/include/libxml/xmlmemory.h
2026-10-02T18:07:00.6573673Z -- Up-to-date: D:/a/sindarin-compiler/sindarin-compiler/bin/deps/include/libxml/xmlmodule.h
2026-10-02T18:07:00.6575269Z -- Up-to-date: D:/a/sindarin-compiler/sindarin-compiler/bin/deps/include/libxml/xmlreader.h
2026-10-02T18:07:00.6577016Z -- Up-to-date: D:/a/sindarin-compiler/sindarin-compiler/bin/deps/include/libxml/xmlregexp.h
2026-10-02T18:07:00.6578223Z -- Up-to-date: D:/a/sindarin-compiler/sindarin-compiler/bin/deps/include/libxml/xmlsave.h
2026-10-02T18:07:00.6579743Z -- Up-to-date: D:/a/sindarin-compiler/sindarin-compiler/bin/deps/include/libxml/xmlschemas.h
2026-10-02T18:07:00.6580847Z -- Up-to-date: D:/a/sindarin-compiler/sindarin-compiler/bin/deps/include/libxml/xmlschemastypes.h
2026-10-02T18:07:00.6582275Z -- Up-to-date: D:/a/sindarin-compiler/sindarin-compiler/bin/deps/include/libxml/xmlstring.h
2026-10-02T18:07:00.6583544Z -- Up-to-date: D:/a/sindarin-compiler/sindarin-compiler/bin/deps/include/libxml/xmlunicode.h
2026-10-02T18:07:00.6584839Z -- Up-to-date: D:/a/sindarin-compiler/sindarin-compiler/bin/deps/include/libxml/xmlversion.h
2026-10-02T18:07:00.6586314Z -- Up-to-date: D:/a/sindarin-compiler/sindarin-compiler/bin/deps/include/libxml/xmlwriter.h
2026-10-02T18:07:00.6587401Z -- Up-to-date: D:/a/sindarin-compiler/sindarin-compiler/bin/deps/include/libxml/xpath.h
2026-10-02T18:07:00.6588927Z -- Up-to-date: D:/a/sindarin-compiler/sindarin-compiler/bin/deps/include/libxml/xpathInternals.h
2026-10-02T18:07:00.6590008Z -- Up-to-date: D:/a/sindarin-compiler/sindarin-compiler/bin/deps/include/libxml/xpointer.h
2026-10-02T18:07:00.6591083Z --   Copying libyaml headers...
2026-10-02T18:07:00.6592697Z -- Up-to-date: D:/a/sindarin-compiler/sindarin-compiler/bin/deps/include/yaml.h
2026-10-02T18:07:00.6593350Z --   Copying openssl headers...
2026-10-02T18:07:00.6595012Z -- Up-to-date: D:/a/sindarin-compiler/sindarin-compiler/bin/deps/include/openssl
2026-10-02T18:07:00.6599205Z -- Up-to-date: D:/a/sindarin-compiler/sindarin-compiler/bin/deps/include/openssl/aes.h
2026-10-02T18:07:00.6600349Z -- Up-to-date: D:/a/sindarin-compiler/sindarin-compiler/bin/deps/include/openssl/asn1.h
2026-10-02T18:07:00.6601861Z -- Up-to-date: D:/a/sindarin-compiler/sindarin-compiler/bin/deps/include/openssl/asn1err.h
2026-10-02T18:07:00.6602737Z -- Up-to-date: D:/a/sindarin-compiler/sindarin-compiler/bin/deps/include/openssl/asn1t.h
2026-10-02T18:07:00.6604366Z -- Up-to-date: D:/a/sindarin-compiler/sindarin-compiler/bin/deps/include/openssl/async.h
2026-10-02T18:07:00.6605432Z -- Up-to-date: D:/a/sindarin-compiler/sindarin-compiler/bin/deps/include/openssl/asyncerr.h
2026-10-02T18:07:00.6606833Z -- Up-to-date: D:/a/sindarin-compiler/sindarin-compiler/bin/deps/include/openssl/bio.h
2026-10-02T18:07:00.6607957Z -- Up-to-date: D:/a/sindarin-compiler/sindarin-compiler/bin/deps/include/openssl/bioerr.h
2026-10-02T18:07:00.6609420Z -- Up-to-date: D:/a/sindarin-compiler/sindarin-compiler/bin/deps/include/openssl/blowfish.h
2026-10-02T18:07:00.6610493Z -- Up-to-date: D:/a/sindarin-compiler/sindarin-compiler/bin/deps/include/openssl/bn.h
2026-10-02T18:07:00.6611958Z -- Up-to-date: D:/a/sindarin-compiler/sindarin-compiler/bin/deps/include/openssl/bnerr.h
2026-10-02T18:07:00.6613191Z -- Up-to-date: D:/a/sindarin-compiler/sindarin-compiler/bin/deps/include/openssl/buffer.h
2026-10-02T18:07:00.6614698Z -- Up-to-date: D:/a/sindarin-compiler/sindarin-compiler/bin/deps/include/openssl/buffererr.h
2026-10-02T18:07:00.6616031Z -- Up-to-date: D:/a/sindarin-compiler/sindarin-compiler/bin/deps/include/openssl/byteorder.h
2026-10-02T18:07:00.6617185Z -- Up-to-date: D:/a/sindarin-compiler/sindarin-compiler/bin/deps/include/openssl/camellia.h
2026-10-02T18:07:00.6618744Z -- Up-to-date: D:/a/sindarin-compiler/sindarin-compiler/bin/deps/include/openssl/cast.h
2026-10-02T18:07:00.6619821Z -- Up-to-date: D:/a/sindarin-compiler/sindarin-compiler/bin/deps/include/openssl/cmac.h
2026-10-02T18:07:00.6621270Z -- Up-to-date: D:/a/sindarin-compiler/sindarin-compiler/bin/deps/include/openssl/cmp.h
2026-10-02T18:07:00.6622415Z -- Up-to-date: D:/a/sindarin-compiler/sindarin-compiler/bin/deps/include/openssl/cmperr.h
2026-10-02T18:07:00.6623883Z -- Up-to-date: D:/a/sindarin-compiler/sindarin-compiler/bin/deps/include/openssl/cmp_util.h
2026-10-02T18:07:00.6624931Z -- Up-to-date: D:/a/sindarin-compiler/sindarin-compiler/bin/deps/include/openssl/cms.h
2026-10-02T18:07:00.6626414Z -- Up-to-date: D:/a/sindarin-compiler/sindarin-compiler/bin/deps/include/openssl/cmserr.h
2026-10-02T18:07:00.6627461Z -- Up-to-date: D:/a/sindarin-compiler/sindarin-compiler/bin/deps/include/openssl/comp.h
2026-10-02T18:07:00.6628904Z -- Up-to-date: D:/a/sindarin-compiler/sindarin-compiler/bin/deps/include/openssl/comperr.h
2026-10-02T18:07:00.6629989Z -- Up-to-date: D:/a/sindarin-compiler/sindarin-compiler/bin/deps/include/openssl/conf.h
2026-10-02T18:07:00.6631408Z -- Up-to-date: D:/a/sindarin-compiler/sindarin-compiler/bin/deps/include/openssl/conferr.h
2026-10-02T18:07:00.6632687Z -- Up-to-date: D:/a/sindarin-compiler/sindarin-compiler/bin/deps/include/openssl/configuration.h
2026-10-02T18:07:00.6633994Z -- Up-to-date: D:/a/sindarin-compiler/sindarin-compiler/bin/deps/include/openssl/conftypes.h
2026-10-02T18:07:00.6635709Z -- Up-to-date: D:/a/sindarin-compiler/sindarin-compiler/bin/deps/include/openssl/conf_api.h
2026-10-02T18:07:00.6637236Z -- Up-to-date: D:/a/sindarin-compiler/sindarin-compiler/bin/deps/include/openssl/core.h
2026-10-02T18:07:00.6638379Z -- Up-to-date: D:/a/sindarin-compiler/sindarin-compiler/bin/deps/include/openssl/core_dispatch.h
2026-10-02T18:07:00.6639779Z -- Up-to-date: D:/a/sindarin-compiler/sindarin-compiler/bin/deps/include/openssl/core_names.h
2026-10-02T18:07:00.6640953Z -- Up-to-date: D:/a/sindarin-compiler/sindarin-compiler/bin/deps/include/openssl/core_object.h
2026-10-02T18:07:00.6642457Z -- Up-to-date: D:/a/sindarin-compiler/sindarin-compiler/bin/deps/include/openssl/crmf.h
2026-10-02T18:07:00.6643601Z -- Up-to-date: D:/a/sindarin-compiler/sindarin-compiler/bin/deps/include/openssl/crmferr.h
2026-10-02T18:07:00.6645037Z -- Up-to-date: D:/a/sindarin-compiler/sindarin-compiler/bin/deps/include/openssl/crypto.h
2026-10-02T18:07:00.6646150Z -- Up-to-date: D:/a/sindarin-compiler/sindarin-compiler/bin/deps/include/openssl/cryptoerr.h
2026-10-02T18:07:00.6647655Z -- Up-to-date: D:/a/sindarin-compiler/sindarin-compiler/bin/deps/include/openssl/cryptoerr_legacy.h
2026-10-02T18:07:00.6649153Z -- Up-to-date: D:/a/sindarin-compiler/sindarin-compiler/bin/deps/include/openssl/ct.h
2026-10-02T18:07:00.6650213Z -- Up-to-date: D:/a/sindarin-compiler/sindarin-compiler/bin/deps/include/openssl/cterr.h
2026-10-02T18:07:00.6651829Z -- Up-to-date: D:/a/sindarin-compiler/sindarin-compiler/bin/deps/include/openssl/decoder.h
2026-10-02T18:07:00.6654092Z -- Up-to-date: D:/a/sindarin-compiler/sindarin-compiler/bin/deps/include/openssl/decodererr.h
2026-10-02T18:07:00.6655527Z -- Up-to-date: D:/a/sindarin-compiler/sindarin-compiler/bin/deps/include/openssl/des.h
2026-10-02T18:07:00.6656586Z -- Up-to-date: D:/a/sindarin-compiler/sindarin-compiler/bin/deps/include/openssl/dh.h
2026-10-02T18:07:00.6658039Z -- Up-to-date: D:/a/sindarin-compiler/sindarin-compiler/bin/deps/include/openssl/dherr.h
2026-10-02T18:07:00.6659372Z -- Up-to-date: D:/a/sindarin-compiler/sindarin-compiler/bin/deps/include/openssl/dsa.h
2026-10-02T18:07:00.6660527Z -- Up-to-date: D:/a/sindarin-compiler/sindarin-compiler/bin/deps/include/openssl/dsaerr.h
2026-10-02T18:07:00.6661942Z -- Up-to-date: D:/a/sindarin-compiler/sindarin-compiler/bin/deps/include/openssl/dtls1.h
2026-10-02T18:07:00.6663197Z -- Up-to-date: D:/a/sindarin-compiler/sindarin-compiler/bin/deps/include/openssl/ebcdic.h
2026-10-02T18:07:00.6664643Z -- Up-to-date: D:/a/sindarin-compiler/sindarin-compiler/bin/deps/include/openssl/ec.h
2026-10-02T18:07:00.6665775Z -- Up-to-date: D:/a/sindarin-compiler/sindarin-compiler/bin/deps/include/openssl/ecdh.h
2026-10-02T18:07:00.6667261Z -- Up-to-date: D:/a/sindarin-compiler/sindarin-compiler/bin/deps/include/openssl/ecdsa.h
2026-10-02T18:07:00.6668331Z -- Up-to-date: D:/a/sindarin-compiler/sindarin-compiler/bin/deps/include/openssl/ecerr.h
2026-10-02T18:07:00.6669793Z -- Up-to-date: D:/a/sindarin-compiler/sindarin-compiler/bin/deps/include/openssl/encoder.h
2026-10-02T18:07:00.6671130Z -- Up-to-date: D:/a/sindarin-compiler/sindarin-compiler/bin/deps/include/openssl/encodererr.h
2026-10-02T18:07:00.6672751Z -- Up-to-date: D:/a/sindarin-compiler/sindarin-compiler/bin/deps/include/openssl/engine.h
2026-10-02T18:07:00.6674437Z -- Up-to-date: D:/a/sindarin-compiler/sindarin-compiler/bin/deps/include/openssl/engineerr.h
2026-10-02T18:07:00.6675513Z -- Up-to-date: D:/a/sindarin-compiler/sindarin-compiler/bin/deps/include/openssl/err.h
2026-10-02T18:07:00.6677008Z -- Up-to-date: D:/a/sindarin-compiler/sindarin-compiler/bin/deps/include/openssl/ess.h
2026-10-02T18:07:00.6678075Z -- Up-to-date: D:/a/sindarin-compiler/sindarin-compiler/bin/deps/include/openssl/esserr.h
2026-10-02T18:07:00.6680225Z -- Up-to-date: D:/a/sindarin-compiler/sindarin-compiler/bin/deps/include/openssl/evp.h
2026-10-02T18:07:00.6681457Z -- Up-to-date: D:/a/sindarin-compiler/sindarin-compiler/bin/deps/include/openssl/evperr.h
2026-10-02T18:07:00.6682519Z -- Up-to-date: D:/a/sindarin-compiler/sindarin-compiler/bin/deps/include/openssl/e_os2.h
2026-10-02T18:07:00.6684017Z -- Up-to-date: D:/a/sindarin-compiler/sindarin-compiler/bin/deps/include/openssl/e_ostime.h
2026-10-02T18:07:00.6685114Z -- Up-to-date: D:/a/sindarin-compiler/sindarin-compiler/bin/deps/include/openssl/fipskey.h
2026-10-02T18:07:00.6686572Z -- Up-to-date: D:/a/sindarin-compiler/sindarin-compiler/bin/deps/include/openssl/fips_names.h
2026-10-02T18:07:00.6687613Z -- Up-to-date: D:/a/sindarin-compiler/sindarin-compiler/bin/deps/include/openssl/hmac.h
2026-10-02T18:07:00.6689038Z -- Up-to-date: D:/a/sindarin-compiler/sindarin-compiler/bin/deps/include/openssl/hpke.h
2026-10-02T18:07:00.6690116Z -- Up-to-date: D:/a/sindarin-compiler/sindarin-compiler/bin/deps/include/openssl/http.h
2026-10-02T18:07:00.6691813Z -- Up-to-date: D:/a/sindarin-compiler/sindarin-compiler/bin/deps/include/openssl/httperr.h
2026-10-02T18:07:00.6692612Z -- Up-to-date: D:/a/sindarin-compiler/sindarin-compiler/bin/deps/include/openssl/idea.h
2026-10-02T18:07:00.6694674Z -- Up-to-date: D:/a/sindarin-compiler/sindarin-compiler/bin/deps/include/openssl/indicator.h
2026-10-02T18:07:00.6695708Z -- Up-to-date: D:/a/sindarin-compiler/sindarin-compiler/bin/deps/include/openssl/kdf.h
2026-10-02T18:07:00.6697146Z -- Up-to-date: D:/a/sindarin-compiler/sindarin-compiler/bin/deps/include/openssl/kdferr.h
2026-10-02T18:07:00.6698256Z -- Up-to-date: D:/a/sindarin-compiler/sindarin-compiler/bin/deps/include/openssl/lhash.h
2026-10-02T18:07:00.6699678Z -- Up-to-date: D:/a/sindarin-compiler/sindarin-compiler/bin/deps/include/openssl/macros.h
2026-10-02T18:07:00.6700740Z -- Up-to-date: D:/a/sindarin-compiler/sindarin-compiler/bin/deps/include/openssl/md2.h
2026-10-02T18:07:00.6702173Z -- Up-to-date: D:/a/sindarin-compiler/sindarin-compiler/bin/deps/include/openssl/md4.h
2026-10-02T18:07:00.6703215Z -- Up-to-date: D:/a/sindarin-compiler/sindarin-compiler/bin/deps/include/openssl/md5.h
2026-10-02T18:07:00.6704809Z -- Up-to-date: D:/a/sindarin-compiler/sindarin-compiler/bin/deps/include/openssl/mdc2.h
2026-10-02T18:07:00.6705883Z -- Up-to-date: D:/a/sindarin-compiler/sindarin-compiler/bin/deps/include/openssl/ml_kem.h
2026-10-02T18:07:00.6707339Z -- Up-to-date: D:/a/sindarin-compiler/sindarin-compiler/bin/deps/include/openssl/modes.h
2026-10-02T18:07:00.6708451Z -- Up-to-date: D:/a/sindarin-compiler/sindarin-compiler/bin/deps/include/openssl/objects.h
2026-10-02T18:07:00.6709930Z -- Up-to-date: D:/a/sindarin-compiler/sindarin-compiler/bin/deps/include/openssl/objectserr.h
2026-10-02T18:07:00.6710999Z -- Up-to-date: D:/a/sindarin-compiler/sindarin-compiler/bin/deps/include/openssl/obj_mac.h
2026-10-02T18:07:00.6712604Z -- Up-to-date: D:/a/sindarin-compiler/sindarin-compiler/bin/deps/include/openssl/ocsp.h
2026-10-02T18:07:00.6714000Z -- Up-to-date: D:/a/sindarin-compiler/sindarin-compiler/bin/deps/include/openssl/ocsperr.h
2026-10-02T18:07:00.6715360Z -- Up-to-date: D:/a/sindarin-compiler/sindarin-compiler/bin/deps/include/openssl/opensslconf.h
2026-10-02T18:07:00.6716412Z -- Up-to-date: D:/a/sindarin-compiler/sindarin-compiler/bin/deps/include/openssl/opensslv.h
2026-10-02T18:07:00.6717872Z -- Up-to-date: D:/a/sindarin-compiler/sindarin-compiler/bin/deps/include/openssl/ossl_typ.h
2026-10-02T18:07:00.6718948Z -- Up-to-date: D:/a/sindarin-compiler/sindarin-compiler/bin/deps/include/openssl/params.h
2026-10-02T18:07:00.6720415Z -- Up-to-date: D:/a/sindarin-compiler/sindarin-compiler/bin/deps/include/openssl/param_build.h
2026-10-02T18:07:00.6721481Z -- Up-to-date: D:/a/sindarin-compiler/sindarin-compiler/bin/deps/include/openssl/pem.h
2026-10-02T18:07:00.6722920Z -- Up-to-date: D:/a/sindarin-compiler/sindarin-compiler/bin/deps/include/openssl/pem2.h
2026-10-02T18:07:00.6724210Z -- Up-to-date: D:/a/sindarin-compiler/sindarin-compiler/bin/deps/include/openssl/pemerr.h
2026-10-02T18:07:00.6725496Z -- Up-to-date: D:/a/sindarin-compiler/sindarin-compiler/bin/deps/include/openssl/pkcs12.h
2026-10-02T18:07:00.6727048Z -- Up-to-date: D:/a/sindarin-compiler/sindarin-compiler/bin/deps/include/openssl/pkcs12err.h
2026-10-02T18:07:00.6728077Z -- Up-to-date: D:/a/sindarin-compiler/sindarin-compiler/bin/deps/include/openssl/pkcs7.h
2026-10-02T18:07:00.6729514Z -- Up-to-date: D:/a/sindarin-compiler/sindarin-compiler/bin/deps/include/openssl/pkcs7err.h
2026-10-02T18:07:00.6730594Z -- Up-to-date: D:/a/sindarin-compiler/sindarin-compiler/bin/deps/include/openssl/proverr.h
2026-10-02T18:07:00.6732635Z -- Up-to-date: D:/a/sindarin-compiler/sindarin-compiler/bin/deps/include/openssl/provider.h
2026-10-02T18:07:00.6733369Z -- Up-to-date: D:/a/sindarin-compiler/sindarin-compiler/bin/deps/include/openssl/prov_ssl.h
2026-10-02T18:07:00.6735348Z -- Up-to-date: D:/a/sindarin-compiler/sindarin-compiler/bin/deps/include/openssl/quic.h
2026-10-02T18:07:00.6736425Z -- Up-to-date: D:/a/sindarin-compiler/sindarin-compiler/bin/deps/include/openssl/rand.h
2026-10-02T18:07:00.6737904Z -- Up-to-date: D:/a/sindarin-compiler/sindarin-compiler/bin/deps/include/openssl/randerr.h
2026-10-02T18:07:00.6739679Z -- Up-to-date: D:/a/sindarin-compiler/sindarin-compiler/bin/deps/include/openssl/rc2.h
2026-10-02T18:07:00.6741000Z -- Up-to-date: D:/a/sindarin-compiler/sindarin-compiler/bin/deps/include/openssl/rc4.h
2026-10-02T18:07:00.6742474Z -- Up-to-date: D:/a/sindarin-compiler/sindarin-compiler/bin/deps/include/openssl/rc5.h
2026-10-02T18:07:00.6743573Z -- Up-to-date: D:/a/sindarin-compiler/sindarin-compiler/bin/deps/include/openssl/ripemd.h
2026-10-02T18:07:00.6745009Z -- Up-to-date: D:/a/sindarin-compiler/sindarin-compiler/bin/deps/include/openssl/rsa.h
2026-10-02T18:07:00.6746228Z -- Up-to-date: D:/a/sindarin-compiler/sindarin-compiler/bin/deps/include/openssl/rsaerr.h
2026-10-02T18:07:00.6747819Z -- Up-to-date: D:/a/sindarin-compiler/sindarin-compiler/bin/deps/include/openssl/safestack.h
2026-10-02T18:07:00.6748872Z -- Up-to-date: D:/a/sindarin-compiler/sindarin-compiler/bin/deps/include/openssl/seed.h
2026-10-02T18:07:00.6750339Z -- Up-to-date: D:/a/sindarin-compiler/sindarin-compiler/bin/deps/include/openssl/self_test.h
2026-10-02T18:07:00.6751375Z -- Up-to-date: D:/a/sindarin-compiler/sindarin-compiler/bin/deps/include/openssl/sha.h
2026-10-02T18:07:00.6753122Z -- Up-to-date: D:/a/sindarin-compiler/sindarin-compiler/bin/deps/include/openssl/srp.h
2026-10-02T18:07:00.6754775Z -- Up-to-date: D:/a/sindarin-compiler/sindarin-compiler/bin/deps/include/openssl/srtp.h
2026-10-02T18:07:00.6755885Z -- Up-to-date: D:/a/sindarin-compiler/sindarin-compiler/bin/deps/include/openssl/ssl.h
2026-10-02T18:07:00.6757337Z -- Up-to-date: D:/a/sindarin-compiler/sindarin-compiler/bin/deps/include/openssl/ssl2.h
2026-10-02T18:07:00.6758414Z -- Up-to-date: D:/a/sindarin-compiler/sindarin-compiler/bin/deps/include/openssl/ssl3.h
2026-10-02T18:07:00.6759860Z -- Up-to-date: D:/a/sindarin-compiler/sindarin-compiler/bin/deps/include/openssl/sslerr.h
2026-10-02T18:07:00.6761037Z -- Up-to-date: D:/a/sindarin-compiler/sindarin-compiler/bin/deps/include/openssl/sslerr_legacy.h
2026-10-02T18:07:00.6762744Z -- Up-to-date: D:/a/sindarin-compiler/sindarin-compiler/bin/deps/include/openssl/stack.h
2026-10-02T18:07:00.6763840Z -- Up-to-date: D:/a/sindarin-compiler/sindarin-compiler/bin/deps/include/openssl/store.h
2026-10-02T18:07:00.6765317Z -- Up-to-date: D:/a/sindarin-compiler/sindarin-compiler/bin/deps/include/openssl/storeerr.h
2026-10-02T18:07:00.6766385Z -- Up-to-date: D:/a/sindarin-compiler/sindarin-compiler/bin/deps/include/openssl/symhacks.h
2026-10-02T18:07:00.6767796Z -- Up-to-date: D:/a/sindarin-compiler/sindarin-compiler/bin/deps/include/openssl/thread.h
2026-10-02T18:07:00.6768920Z -- Up-to-date: D:/a/sindarin-compiler/sindarin-compiler/bin/deps/include/openssl/tls1.h
2026-10-02T18:07:00.6770547Z -- Up-to-date: D:/a/sindarin-compiler/sindarin-compiler/bin/deps/include/openssl/trace.h
2026-10-02T18:07:00.6771244Z -- Up-to-date: D:/a/sindarin-compiler/sindarin-compiler/bin/deps/include/openssl/ts.h
2026-10-02T18:07:00.6772989Z -- Up-to-date: D:/a/sindarin-compiler/sindarin-compiler/bin/deps/include/openssl/tserr.h
2026-10-02T18:07:00.6773701Z -- Up-to-date: D:/a/sindarin-compiler/sindarin-compiler/bin/deps/include/openssl/txt_db.h
2026-10-02T18:07:00.6775759Z -- Up-to-date: D:/a/sindarin-compiler/sindarin-compiler/bin/deps/include/openssl/types.h
2026-10-02T18:07:00.6776805Z -- Up-to-date: D:/a/sindarin-compiler/sindarin-compiler/bin/deps/include/openssl/ui.h
2026-10-02T18:07:00.6778252Z -- Up-to-date: D:/a/sindarin-compiler/sindarin-compiler/bin/deps/include/openssl/uierr.h
2026-10-02T18:07:00.6779341Z -- Up-to-date: D:/a/sindarin-compiler/sindarin-compiler/bin/deps/include/openssl/whrlpool.h
2026-10-02T18:07:00.6780737Z -- Up-to-date: D:/a/sindarin-compiler/sindarin-compiler/bin/deps/include/openssl/x509.h
2026-10-02T18:07:00.6781865Z -- Up-to-date: D:/a/sindarin-compiler/sindarin-compiler/bin/deps/include/openssl/x509err.h
2026-10-02T18:07:00.6783254Z -- Up-to-date: D:/a/sindarin-compiler/sindarin-compiler/bin/deps/include/openssl/x509v3.h
2026-10-02T18:07:00.6784367Z -- Up-to-date: D:/a/sindarin-compiler/sindarin-compiler/bin/deps/include/openssl/x509v3err.h
2026-10-02T18:07:00.6785730Z -- Up-to-date: D:/a/sindarin-compiler/sindarin-compiler/bin/deps/include/openssl/x509_acert.h
2026-10-02T18:07:00.6787348Z -- Up-to-date: D:/a/sindarin-compiler/sindarin-compiler/bin/deps/include/openssl/x509_vfy.h
2026-10-02T18:07:00.6789095Z --   Copying libssh headers...
2026-10-02T18:07:00.6790419Z -- Up-to-date: D:/a/sindarin-compiler/sindarin-compiler/bin/deps/include/libssh
2026-10-02T18:07:00.6792309Z -- Up-to-date: D:/a/sindarin-compiler/sindarin-compiler/bin/deps/include/libssh/callbacks.h
2026-10-02T18:07:00.6793254Z -- Up-to-date: D:/a/sindarin-compiler/sindarin-compiler/bin/deps/include/libssh/legacy.h
2026-10-02T18:07:00.6795223Z -- Up-to-date: D:/a/sindarin-compiler/sindarin-compiler/bin/deps/include/libssh/libssh.h
2026-10-02T18:07:00.6796513Z -- Up-to-date: D:/a/sindarin-compiler/sindarin-compiler/bin/deps/include/libssh/libsshpp.hpp
2026-10-02T18:07:00.6798013Z -- Up-to-date: D:/a/sindarin-compiler/sindarin-compiler/bin/deps/include/libssh/libssh_version.h
2026-10-02T18:07:00.6799116Z -- Up-to-date: D:/a/sindarin-compiler/sindarin-compiler/bin/deps/include/libssh/server.h
2026-10-02T18:07:00.6800559Z -- Up-to-date: D:/a/sindarin-compiler/sindarin-compiler/bin/deps/include/libssh/sftp.h
2026-10-02T18:07:00.6801699Z -- Up-to-date: D:/a/sindarin-compiler/sindarin-compiler/bin/deps/include/libssh/sftpserver.h
2026-10-02T18:07:00.6803119Z -- Up-to-date: D:/a/sindarin-compiler/sindarin-compiler/bin/deps/include/libssh/ssh2.h
2026-10-02T18:07:00.6803729Z --   Copying libgit2 headers...
2026-10-02T18:07:00.6805401Z -- Up-to-date: D:/a/sindarin-compiler/sindarin-compiler/bin/deps/include/git2.h
2026-10-02T18:07:00.6806807Z -- Up-to-date: D:/a/sindarin-compiler/sindarin-compiler/bin/deps/include/git2
2026-10-02T18:07:00.6809235Z -- Up-to-date: D:/a/sindarin-compiler/sindarin-compiler/bin/deps/include/git2/annotated_commit.h
2026-10-02T18:07:00.6810569Z -- Up-to-date: D:/a/sindarin-compiler/sindarin-compiler/bin/deps/include/git2/apply.h
2026-10-02T18:07:00.6812276Z -- Up-to-date: D:/a/sindarin-compiler/sindarin-compiler/bin/deps/include/git2/attr.h
2026-10-02T18:07:00.6814405Z -- Up-to-date: D:/a/sindarin-compiler/sindarin-compiler/bin/deps/include/git2/blame.h
2026-10-02T18:07:00.6815417Z -- Up-to-date: D:/a/sindarin-compiler/sindarin-compiler/bin/deps/include/git2/blob.h
2026-10-02T18:07:00.6816892Z -- Up-to-date: D:/a/sindarin-compiler/sindarin-compiler/bin/deps/include/git2/branch.h
2026-10-02T18:07:00.6817970Z -- Up-to-date: D:/a/sindarin-compiler/sindarin-compiler/bin/deps/include/git2/buffer.h
2026-10-02T18:07:00.6819390Z -- Up-to-date: D:/a/sindarin-compiler/sindarin-compiler/bin/deps/include/git2/cert.h
2026-10-02T18:07:00.6820689Z -- Up-to-date: D:/a/sindarin-compiler/sindarin-compiler/bin/deps/include/git2/checkout.h
2026-10-02T18:07:00.6821948Z -- Up-to-date: D:/a/sindarin-compiler/sindarin-compiler/bin/deps/include/git2/cherrypick.h
2026-10-02T18:07:00.6823467Z -- Up-to-date: D:/a/sindarin-compiler/sindarin-compiler/bin/deps/include/git2/clone.h
2026-10-02T18:07:00.6824513Z -- Up-to-date: D:/a/sindarin-compiler/sindarin-compiler/bin/deps/include/git2/commit.h
2026-10-02T18:07:00.6827420Z -- Up-to-date: D:/a/sindarin-compiler/sindarin-compiler/bin/deps/include/git2/common.h
2026-10-02T18:07:00.6829249Z -- Up-to-date: D:/a/sindarin-compiler/sindarin-compiler/bin/deps/include/git2/config.h
2026-10-02T18:07:00.6831177Z -- Up-to-date: D:/a/sindarin-compiler/sindarin-compiler/bin/deps/include/git2/credential.h
2026-10-02T18:07:00.6832866Z -- Up-to-date: D:/a/sindarin-compiler/sindarin-compiler/bin/deps/include/git2/credential_helpers.h
2026-10-02T18:07:00.6835561Z -- Up-to-date: D:/a/sindarin-compiler/sindarin-compiler/bin/deps/include/git2/cred_helpers.h
2026-10-02T18:07:00.6836324Z -- Up-to-date: D:/a/sindarin-compiler/sindarin-compiler/bin/deps/include/git2/deprecated.h
2026-10-02T18:07:00.6837942Z -- Up-to-date: D:/a/sindarin-compiler/sindarin-compiler/bin/deps/include/git2/describe.h
2026-10-02T18:07:00.6839709Z -- Up-to-date: D:/a/sindarin-compiler/sindarin-compiler/bin/deps/include/git2/diff.h
2026-10-02T18:07:00.6840816Z -- Up-to-date: D:/a/sindarin-compiler/sindarin-compiler/bin/deps/include/git2/email.h
2026-10-02T18:07:00.6842625Z -- Up-to-date: D:/a/sindarin-compiler/sindarin-compiler/bin/deps/include/git2/errors.h
2026-10-02T18:07:00.6843841Z -- Up-to-date: D:/a/sindarin-compiler/sindarin-compiler/bin/deps/include/git2/experimental.h
2026-10-02T18:07:00.6845259Z -- Up-to-date: D:/a/sindarin-compiler/sindarin-compiler/bin/deps/include/git2/filter.h
2026-10-02T18:07:00.6846388Z -- Up-to-date: D:/a/sindarin-compiler/sindarin-compiler/bin/deps/include/git2/global.h
2026-10-02T18:07:00.6847803Z -- Up-to-date: D:/a/sindarin-compiler/sindarin-compiler/bin/deps/include/git2/graph.h
2026-10-02T18:07:00.6848883Z -- Up-to-date: D:/a/sindarin-compiler/sindarin-compiler/bin/deps/include/git2/ignore.h
2026-10-02T18:07:00.6850567Z -- Up-to-date: D:/a/sindarin-compiler/sindarin-compiler/bin/deps/include/git2/index.h
2026-10-02T18:07:00.6851531Z -- Up-to-date: D:/a/sindarin-compiler/sindarin-compiler/bin/deps/include/git2/indexer.h
2026-10-02T18:07:00.6853315Z -- Up-to-date: D:/a/sindarin-compiler/sindarin-compiler/bin/deps/include/git2/mailmap.h
2026-10-02T18:07:00.6854434Z -- Up-to-date: D:/a/sindarin-compiler/sindarin-compiler/bin/deps/include/git2/merge.h
2026-10-02T18:07:00.6855852Z -- Up-to-date: D:/a/sindarin-compiler/sindarin-compiler/bin/deps/include/git2/message.h
2026-10-02T18:07:00.6857024Z -- Up-to-date: D:/a/sindarin-compiler/sindarin-compiler/bin/deps/include/git2/net.h
2026-10-02T18:07:00.6858472Z -- Up-to-date: D:/a/sindarin-compiler/sindarin-compiler/bin/deps/include/git2/notes.h
2026-10-02T18:07:00.6859557Z -- Up-to-date: D:/a/sindarin-compiler/sindarin-compiler/bin/deps/include/git2/object.h
2026-10-02T18:07:00.6861005Z -- Up-to-date: D:/a/sindarin-compiler/sindarin-compiler/bin/deps/include/git2/odb.h
2026-10-02T18:07:00.6862105Z -- Up-to-date: D:/a/sindarin-compiler/sindarin-compiler/bin/deps/include/git2/odb_backend.h
2026-10-02T18:07:00.6863539Z -- Up-to-date: D:/a/sindarin-compiler/sindarin-compiler/bin/deps/include/git2/oid.h
2026-10-02T18:07:00.6864646Z -- Up-to-date: D:/a/sindarin-compiler/sindarin-compiler/bin/deps/include/git2/oidarray.h
2026-10-02T18:07:00.6866073Z -- Up-to-date: D:/a/sindarin-compiler/sindarin-compiler/bin/deps/include/git2/pack.h
2026-10-02T18:07:00.6867142Z -- Up-to-date: D:/a/sindarin-compiler/sindarin-compiler/bin/deps/include/git2/patch.h
2026-10-02T18:07:00.6868563Z -- Up-to-date: D:/a/sindarin-compiler/sindarin-compiler/bin/deps/include/git2/pathspec.h
2026-10-02T18:07:00.6870568Z -- Up-to-date: D:/a/sindarin-compiler/sindarin-compiler/bin/deps/include/git2/proxy.h
2026-10-02T18:07:00.6872119Z -- Up-to-date: D:/a/sindarin-compiler/sindarin-compiler/bin/deps/include/git2/rebase.h
2026-10-02T18:07:00.6873242Z -- Up-to-date: D:/a/sindarin-compiler/sindarin-compiler/bin/deps/include/git2/refdb.h
2026-10-02T18:07:00.6874727Z -- Up-to-date: D:/a/sindarin-compiler/sindarin-compiler/bin/deps/include/git2/reflog.h
2026-10-02T18:07:00.6875762Z -- Up-to-date: D:/a/sindarin-compiler/sindarin-compiler/bin/deps/include/git2/refs.h
2026-10-02T18:07:00.6877200Z -- Up-to-date: D:/a/sindarin-compiler/sindarin-compiler/bin/deps/include/git2/refspec.h
2026-10-02T18:07:00.6878267Z -- Up-to-date: D:/a/sindarin-compiler/sindarin-compiler/bin/deps/include/git2/remote.h
2026-10-02T18:07:00.6879765Z -- Up-to-date: D:/a/sindarin-compiler/sindarin-compiler/bin/deps/include/git2/repository.h
2026-10-02T18:07:00.6880791Z -- Up-to-date: D:/a/sindarin-compiler/sindarin-compiler/bin/deps/include/git2/reset.h
2026-10-02T18:07:00.6882266Z -- Up-to-date: D:/a/sindarin-compiler/sindarin-compiler/bin/deps/include/git2/revert.h
2026-10-02T18:07:00.6883352Z -- Up-to-date: D:/a/sindarin-compiler/sindarin-compiler/bin/deps/include/git2/revparse.h
2026-10-02T18:07:00.6884908Z -- Up-to-date: D:/a/sindarin-compiler/sindarin-compiler/bin/deps/include/git2/revwalk.h
2026-10-02T18:07:00.6887238Z -- Up-to-date: D:/a/sindarin-compiler/sindarin-compiler/bin/deps/include/git2/signature.h
2026-10-02T18:07:00.6888002Z -- Up-to-date: D:/a/sindarin-compiler/sindarin-compiler/bin/deps/include/git2/stash.h
2026-10-02T18:07:00.6889455Z -- Up-to-date: D:/a/sindarin-compiler/sindarin-compiler/bin/deps/include/git2/status.h
2026-10-02T18:07:00.6890619Z -- Up-to-date: D:/a/sindarin-compiler/sindarin-compiler/bin/deps/include/git2/stdint.h
2026-10-02T18:07:00.6891964Z -- Up-to-date: D:/a/sindarin-compiler/sindarin-compiler/bin/deps/include/git2/strarray.h
2026-10-02T18:07:00.6893861Z -- Up-to-date: D:/a/sindarin-compiler/sindarin-compiler/bin/deps/include/git2/submodule.h
2026-10-02T18:07:00.6894940Z -- Up-to-date: D:/a/sindarin-compiler/sindarin-compiler/bin/deps/include/git2/sys
2026-10-02T18:07:00.6897034Z -- Up-to-date: D:/a/sindarin-compiler/sindarin-compiler/bin/deps/include/git2/sys/alloc.h
2026-10-02T18:07:00.6898138Z -- Up-to-date: D:/a/sindarin-compiler/sindarin-compiler/bin/deps/include/git2/sys/commit.h
2026-10-02T18:07:00.6899615Z -- Up-to-date: D:/a/sindarin-compiler/sindarin-compiler/bin/deps/include/git2/sys/commit_graph.h
2026-10-02T18:07:00.6900681Z -- Up-to-date: D:/a/sindarin-compiler/sindarin-compiler/bin/deps/include/git2/sys/config.h
2026-10-02T18:07:00.6902111Z -- Up-to-date: D:/a/sindarin-compiler/sindarin-compiler/bin/deps/include/git2/sys/cred.h
2026-10-02T18:07:00.6903224Z -- Up-to-date: D:/a/sindarin-compiler/sindarin-compiler/bin/deps/include/git2/sys/credential.h
2026-10-02T18:07:00.6904642Z -- Up-to-date: D:/a/sindarin-compiler/sindarin-compiler/bin/deps/include/git2/sys/diff.h
2026-10-02T18:07:00.6905759Z -- Up-to-date: D:/a/sindarin-compiler/sindarin-compiler/bin/deps/include/git2/sys/email.h
2026-10-02T18:07:00.6907167Z -- Up-to-date: D:/a/sindarin-compiler/sindarin-compiler/bin/deps/include/git2/sys/errors.h
2026-10-02T18:07:00.6908262Z -- Up-to-date: D:/a/sindarin-compiler/sindarin-compiler/bin/deps/include/git2/sys/filter.h
2026-10-02T18:07:00.6909721Z -- Up-to-date: D:/a/sindarin-compiler/sindarin-compiler/bin/deps/include/git2/sys/hashsig.h
2026-10-02T18:07:00.6910782Z -- Up-to-date: D:/a/sindarin-compiler/sindarin-compiler/bin/deps/include/git2/sys/index.h
2026-10-02T18:07:00.6912698Z -- Up-to-date: D:/a/sindarin-compiler/sindarin-compiler/bin/deps/include/git2/sys/mempack.h
2026-10-02T18:07:00.6914601Z -- Up-to-date: D:/a/sindarin-compiler/sindarin-compiler/bin/deps/include/git2/sys/merge.h
2026-10-02T18:07:00.6915869Z -- Up-to-date: D:/a/sindarin-compiler/sindarin-compiler/bin/deps/include/git2/sys/midx.h
2026-10-02T18:07:00.6917463Z -- Up-to-date: D:/a/sindarin-compiler/sindarin-compiler/bin/deps/include/git2/sys/odb_backend.h
2026-10-02T18:07:00.6918691Z -- Up-to-date: D:/a/sindarin-compiler/sindarin-compiler/bin/deps/include/git2/sys/openssl.h
2026-10-02T18:07:00.6920060Z -- Up-to-date: D:/a/sindarin-compiler/sindarin-compiler/bin/deps/include/git2/sys/path.h
2026-10-02T18:07:00.6921206Z -- Up-to-date: D:/a/sindarin-compiler/sindarin-compiler/bin/deps/include/git2/sys/refdb_backend.h
2026-10-02T18:07:00.6922621Z -- Up-to-date: D:/a/sindarin-compiler/sindarin-compiler/bin/deps/include/git2/sys/refs.h
2026-10-02T18:07:00.6923720Z -- Up-to-date: D:/a/sindarin-compiler/sindarin-compiler/bin/deps/include/git2/sys/remote.h
2026-10-02T18:07:00.6925195Z -- Up-to-date: D:/a/sindarin-compiler/sindarin-compiler/bin/deps/include/git2/sys/repository.h
2026-10-02T18:07:00.6926269Z -- Up-to-date: D:/a/sindarin-compiler/sindarin-compiler/bin/deps/include/git2/sys/stream.h
2026-10-02T18:07:00.6927707Z -- Up-to-date: D:/a/sindarin-compiler/sindarin-compiler/bin/deps/include/git2/sys/transport.h
2026-10-02T18:07:00.6928806Z -- Up-to-date: D:/a/sindarin-compiler/sindarin-compiler/bin/deps/include/git2/tag.h
2026-10-02T18:07:00.6930239Z -- Up-to-date: D:/a/sindarin-compiler/sindarin-compiler/bin/deps/include/git2/trace.h
2026-10-02T18:07:00.6931310Z -- Up-to-date: D:/a/sindarin-compiler/sindarin-compiler/bin/deps/include/git2/transaction.h
2026-10-02T18:07:00.6932706Z -- Up-to-date: D:/a/sindarin-compiler/sindarin-compiler/bin/deps/include/git2/transport.h
2026-10-02T18:07:00.6934582Z -- Up-to-date: D:/a/sindarin-compiler/sindarin-compiler/bin/deps/include/git2/tree.h
2026-10-02T18:07:00.6935657Z -- Up-to-date: D:/a/sindarin-compiler/sindarin-compiler/bin/deps/include/git2/types.h
2026-10-02T18:07:00.6937081Z -- Up-to-date: D:/a/sindarin-compiler/sindarin-compiler/bin/deps/include/git2/version.h
2026-10-02T18:07:00.6938188Z -- Up-to-date: D:/a/sindarin-compiler/sindarin-compiler/bin/deps/include/git2/worktree.h
2026-10-02T18:07:00.6939282Z --   Copying curl headers...
2026-10-02T18:07:00.6940577Z -- Up-to-date: D:/a/sindarin-compiler/sindarin-compiler/bin/deps/include/curl
2026-10-02T18:07:00.6942218Z -- Up-to-date: D:/a/sindarin-compiler/sindarin-compiler/bin/deps/include/curl/curl.h
2026-10-02T18:07:00.6943397Z -- Up-to-date: D:/a/sindarin-compiler/sindarin-compiler/bin/deps/include/curl/curlver.h
2026-10-02T18:07:00.6944837Z -- Up-to-date: D:/a/sindarin-compiler/sindarin-compiler/bin/deps/include/curl/easy.h
2026-10-02T18:07:00.6946034Z -- Up-to-date: D:/a/sindarin-compiler/sindarin-compiler/bin/deps/include/curl/header.h
2026-10-02T18:07:00.6947496Z -- Up-to-date: D:/a/sindarin-compiler/sindarin-compiler/bin/deps/include/curl/mprintf.h
2026-10-02T18:07:00.6948605Z -- Up-to-date: D:/a/sindarin-compiler/sindarin-compiler/bin/deps/include/curl/multi.h
2026-10-02T18:07:00.6950043Z -- Up-to-date: D:/a/sindarin-compiler/sindarin-compiler/bin/deps/include/curl/options.h
2026-10-02T18:07:00.6951404Z -- Up-to-date: D:/a/sindarin-compiler/sindarin-compiler/bin/deps/include/curl/stdcheaders.h
2026-10-02T18:07:00.6952572Z -- Up-to-date: D:/a/sindarin-compiler/sindarin-compiler/bin/deps/include/curl/system.h
2026-10-02T18:07:00.6954077Z -- Up-to-date: D:/a/sindarin-compiler/sindarin-compiler/bin/deps/include/curl/typecheck-gcc.h
2026-10-02T18:07:00.6955122Z -- Up-to-date: D:/a/sindarin-compiler/sindarin-compiler/bin/deps/include/curl/urlapi.h
2026-10-02T18:07:00.6956688Z -- Up-to-date: D:/a/sindarin-compiler/sindarin-compiler/bin/deps/include/curl/websockets.h
2026-10-02T18:07:00.6968355Z --   Copying library: D:/a/sindarin-compiler/sindarin-compiler/.sn/sindarin-pkg-libs/libs/windows/lib/libzlib.a
2026-10-02T18:07:00.6971125Z -- Up-to-date: D:/a/sindarin-compiler/sindarin-compiler/bin/deps/lib/libzlib.a
2026-10-02T18:07:00.6972509Z --   Copying library: D:/a/sindarin-compiler/sindarin-compiler/.sn/sindarin-pkg-libs/libs/windows/lib/libzs.a
2026-10-02T18:07:00.6974000Z -- Up-to-date: D:/a/sindarin-compiler/sindarin-compiler/bin/deps/lib/libzs.a
2026-10-02T18:07:00.6974872Z --   Copying library: D:/a/sindarin-compiler/sindarin-compiler/.sn/sindarin-pkg-libs/libs/windows/lib/libyyjson.a
2026-10-02T18:07:00.6976104Z -- Up-to-date: D:/a/sindarin-compiler/sindarin-compiler/bin/deps/lib/libyyjson.a
2026-10-02T18:07:00.6977113Z --   Copying library: D:/a/sindarin-compiler/sindarin-compiler/.sn/sindarin-pkg-libs/libs/windows/lib/libxml2.a
2026-10-02T18:07:00.6978488Z -- Up-to-date: D:/a/sindarin-compiler/sindarin-compiler/bin/deps/lib/libxml2.a
2026-10-02T18:07:00.6979118Z --   Copying library: D:/a/sindarin-compiler/sindarin-compiler/.sn/sindarin-pkg-libs/libs/windows/lib/libyaml.a
2026-10-02T18:07:00.6980523Z -- Up-to-date: D:/a/sindarin-compiler/sindarin-compiler/bin/deps/lib/libyaml.a
2026-10-02T18:07:00.6981165Z --   Copying library: D:/a/sindarin-compiler/sindarin-compiler/.sn/sindarin-pkg-libs/libs/windows/lib/libcrypto.a
2026-10-02T18:07:00.6982606Z -- Up-to-date: D:/a/sindarin-compiler/sindarin-compiler/bin/deps/lib/libcrypto.a
2026-10-02T18:07:00.6983273Z --   Copying library: D:/a/sindarin-compiler/sindarin-compiler/.sn/sindarin-pkg-libs/libs/windows/lib/libssl.a
2026-10-02T18:07:00.6984646Z -- Up-to-date: D:/a/sindarin-compiler/sindarin-compiler/bin/deps/lib/libssl.a
2026-10-02T18:07:00.6985258Z --   Copying library: D:/a/sindarin-compiler/sindarin-compiler/.sn/sindarin-pkg-libs/libs/windows/lib/libssh.a
2026-10-02T18:07:00.6986676Z -- Up-to-date: D:/a/sindarin-compiler/sindarin-compiler/bin/deps/lib/libssh.a
2026-10-02T18:07:00.6987688Z --   Copying library: D:/a/sindarin-compiler/sindarin-compiler/.sn/sindarin-pkg-libs/libs/windows/lib/libssh2.a
2026-10-02T18:07:00.6989279Z -- Up-to-date: D:/a/sindarin-compiler/sindarin-compiler/bin/deps/lib/libssh2.a
2026-10-02T18:07:00.6990051Z --   Copying library: D:/a/sindarin-compiler/sindarin-compiler/.sn/sindarin-pkg-libs/libs/windows/lib/libgit2.a
2026-10-02T18:07:00.6991521Z -- Up-to-date: D:/a/sindarin-compiler/sindarin-compiler/bin/deps/lib/libgit2.a
2026-10-02T18:07:00.6992178Z --   Copying library: D:/a/sindarin-compiler/sindarin-compiler/.sn/sindarin-pkg-libs/libs/windows/lib/libhttp_parser.a
2026-10-02T18:07:00.6993602Z -- Up-to-date: D:/a/sindarin-compiler/sindarin-compiler/bin/deps/lib/libhttp_parser.a
2026-10-02T18:07:00.6994437Z --   Copying library: D:/a/sindarin-compiler/sindarin-compiler/.sn/sindarin-pkg-libs/libs/windows/lib/libpcre2-8.a
2026-10-02T18:07:00.6995658Z -- Up-to-date: D:/a/sindarin-compiler/sindarin-compiler/bin/deps/lib/libpcre2-8.a
2026-10-02T18:07:00.6996692Z --   Copying library: D:/a/sindarin-compiler/sindarin-compiler/.sn/sindarin-pkg-libs/libs/windows/lib/libssh2.a
2026-10-02T18:07:00.6997989Z -- Up-to-date: D:/a/sindarin-compiler/sindarin-compiler/bin/deps/lib/libssh2.a
2026-10-02T18:07:00.6999081Z --   Copying library: D:/a/sindarin-compiler/sindarin-compiler/.sn/sindarin-pkg-libs/libs/windows/lib/libcurl.a
2026-10-02T18:07:00.7000367Z -- Up-to-date: D:/a/sindarin-compiler/sindarin-compiler/bin/deps/lib/libcurl.a
2026-10-02T18:07:00.7001416Z --   Dependencies copied to: D:/a/sindarin-compiler/sindarin-compiler/bin/deps
2026-10-02T18:07:00.7002477Z -- Using zlib archive: D:/a/sindarin-compiler/sindarin-compiler/.sn/sindarin-pkg-libs/libs/windows/lib/libzlib.a
2026-10-02T18:07:00.7003013Z -- Found sindarin-template (handlebars)
2026-10-02T18:07:00.7013182Z -- Found libcurl - enabling auto-update feature
2026-10-02T18:07:00.7014326Z -- Found libgit2 and libyaml - enabling package manager
2026-10-02T18:07:00.7078331Z -- 
2026-10-02T18:07:00.7078866Z -- Sindarin Compiler Build Configuration:
2026-10-02T18:07:00.7079318Z --   Version:      1.0.0
2026-10-02T18:07:00.7079538Z --   Platform:     Windows
2026-10-02T18:07:00.7079753Z --   Compiler:     Clang 22.1.8
2026-10-02T18:07:00.7079969Z --   Build Type:   Release
2026-10-02T18:07:00.7080166Z --   Debug:        OFF
2026-10-02T18:07:00.7080352Z --   ASAN:         OFF
2026-10-02T18:07:00.7080604Z --   Output:       D:/a/sindarin-compiler/sindarin-compiler/bin
2026-10-02T18:07:00.7080900Z -- 
2026-10-02T18:07:00.7083709Z -- Configuring done (0.3s)
2026-10-02T18:07:00.7854910Z -- Generating done (0.1s)
2026-10-02T18:07:00.7867876Z -- Build files have been written to: D:/a/sindarin-compiler/sindarin-compiler/build
2026-10-02T18:07:00.7943457Z cmake --build build
2026-10-02T18:07:00.8529678Z [0/2] Re-checking globbed directories...
2026-10-02T18:07:00.9329052Z [1/3] Synchronizing runtime headers
2026-10-02T18:07:01.0844269Z [2/3] Staging compiler artifacts in bin
2026-10-02T18:07:01.1147387Z 
2026-10-02T18:07:01.1383888Z Build complete!
2026-10-02T18:07:01.1610977Z Compiler: bin/sn.exe
2026-10-02T18:07:01.1969461Z Running all tests...
2026-10-02T18:07:01.1985006Z python scripts/run_tests.py all --verbose
2026-10-02T18:07:02.8141299Z Compiler: D:\a\sindarin-compiler\sindarin-compiler\bin\sn.exe
2026-10-02T18:07:02.8141680Z Platform: Windows
2026-10-02T18:07:02.8142042Z Parallel: 4 workers
2026-10-02T18:07:02.8142276Z 
2026-10-02T18:07:02.8142388Z Unit Tests
2026-10-02T18:07:02.8142590Z ============================================================
2026-10-02T18:07:02.8142931Z   inline_pointer_passing_allowed                     
2026-10-02T18:07:02.8143430Z Error: No source file specified
2026-10-02T18:07:02.8143896Z [ERROR] D:/a/sindarin-compiler/sindarin-compiler/src/compiler.c:312: Unknown option: --unknown-option
2026-10-02T18:07:02.8144388Z Invalid log level: 99 (must be 0-4)
2026-10-02T18:07:02.8145288Z [ERROR] D:/a/sindarin-compiler/sindarin-compiler/src/compiler.c:312: Unknown option: --no-opt
2026-10-02T18:07:02.8145908Z 
2026-10-02T18:07:02.8146359Z [1;31merror[0m: test error 1
2026-10-02T18:07:02.8146617Z 
2026-10-02T18:07:02.8146623Z 
2026-10-02T18:07:02.8146846Z [1;31merror[0m: test error 2
2026-10-02T18:07:02.8147078Z 
2026-10-02T18:07:02.8147081Z 
2026-10-02T18:07:02.8147213Z [1;33mwarning[0m: test warning
2026-10-02T18:07:02.8147470Z   [1;34m-->[0m test.sn:1:1
2026-10-02T18:07:02.8147666Z       var x = 1
2026-10-02T18:07:02.8147870Z       [1;33m^[0m
2026-10-02T18:07:02.8147981Z 
2026-10-02T18:07:02.8147985Z 
2026-10-02T18:07:02.8148089Z [1;31merror[0m: error 1
2026-10-02T18:07:02.8148220Z 
2026-10-02T18:07:02.8148223Z 
2026-10-02T18:07:02.8148321Z [1;31merror[0m: error 2
2026-10-02T18:07:02.8148438Z 
2026-10-02T18:07:02.8148441Z 
2026-10-02T18:07:02.8148537Z [1;31merror[0m: error 3
2026-10-02T18:07:02.8148659Z 
2026-10-02T18:07:02.8148662Z 
2026-10-02T18:07:02.8148765Z [1;31merror[0m: an error
2026-10-02T18:07:02.8148887Z 
2026-10-02T18:07:02.8148890Z 
2026-10-02T18:07:02.8148986Z [1;31merror[0m: error
2026-10-02T18:07:02.8149105Z 
2026-10-02T18:07:02.8149108Z 
2026-10-02T18:07:02.8149209Z [1;33mwarning[0m: warning 1
2026-10-02T18:07:02.8149444Z   [1;34m-->[0m test.sn:1:1
2026-10-02T18:07:02.8149634Z       source
2026-10-02T18:07:02.8149812Z       [1;33m^[0m
2026-10-02T18:07:02.8149918Z 
2026-10-02T18:07:02.8149921Z 
2026-10-02T18:07:02.8150024Z [1;33mwarning[0m: warning 2
2026-10-02T18:07:02.8150257Z   [1;34m-->[0m test.sn:1:1
2026-10-02T18:07:02.8150446Z       source
2026-10-02T18:07:02.8150620Z       [1;33m^[0m
2026-10-02T18:07:02.8150722Z 
2026-10-02T18:07:02.8150726Z 
2026-10-02T18:07:02.8150833Z [1;33mwarning[0m: warning
2026-10-02T18:07:02.8151063Z   [1;34m-->[0m test.sn:1:1
2026-10-02T18:07:02.8151245Z       source
2026-10-02T18:07:02.8151419Z       [1;33m^[0m
2026-10-02T18:07:02.8151526Z 
2026-10-02T18:07:02.8151529Z 
2026-10-02T18:07:02.8151655Z [1;31merror[0m: simple error message
2026-10-02T18:07:02.8151828Z 
2026-10-02T18:07:02.8151831Z 
2026-10-02T18:07:02.8152002Z [1;31merror[0m: error: undefined variable at line 10
2026-10-02T18:07:02.8152224Z 
2026-10-02T18:07:02.8152227Z 
2026-10-02T18:07:02.8152364Z [1;31merror[0m: undefined identifier
2026-10-02T18:07:02.8152628Z   [1;34m-->[0m test.sn:1:9
2026-10-02T18:07:02.8152828Z       var x = undefined
2026-10-02T18:07:02.8153057Z               [1;31m^^^^^^^^^[0m
2026-10-02T18:07:02.8153208Z 
2026-10-02T18:07:02.8153211Z 
2026-10-02T18:07:02.8153327Z [1;31merror[0m: error with null token
2026-10-02T18:07:02.8153505Z 
2026-10-02T18:07:02.8153708Z 
2026-10-02T18:07:02.8153959Z [1;31merror[0m: unknown function 'pritn' (did you mean 'print'?)
2026-10-02T18:07:02.8154327Z   [1;34m-->[0m test.sn:1:9
2026-10-02T18:07:02.8154528Z       var x = pritn()
2026-10-02T18:07:02.8154742Z               [1;31m^^^^^[0m
2026-10-02T18:07:02.8154874Z 
2026-10-02T18:07:02.8154877Z 
2026-10-02T18:07:02.8154999Z [1;31merror[0m: unknown identifier
2026-10-02T18:07:02.8155253Z   [1;34m-->[0m test.sn:1:9
2026-10-02T18:07:02.8155836Z       var x = unknown
2026-10-02T18:07:02.8156090Z               [1;31m^^^^^^^[0m
2026-10-02T18:07:02.8156235Z 
2026-10-02T18:07:02.8156238Z 
2026-10-02T18:07:02.8156363Z [1;33mwarning[0m: unused variable 'x'
2026-10-02T18:07:02.8156639Z   [1;34m-->[0m test.sn:1:5
2026-10-02T18:07:02.8156844Z       var x = 42
2026-10-02T18:07:02.8157033Z           [1;33m^[0m
2026-10-02T18:07:02.8157144Z 
2026-10-02T18:07:02.8157147Z 
2026-10-02T18:07:02.8157277Z [1;33mwarning[0m: warning with null token
2026-10-02T18:07:02.8157465Z 
2026-10-02T18:07:02.8157469Z 
2026-10-02T18:07:02.8157586Z [1;36mnote[0m: function defined here
2026-10-02T18:07:02.8157845Z   [1;34m-->[0m test.sn:1:4
2026-10-02T18:07:02.8158061Z       fn foo() {}
2026-10-02T18:07:02.8158391Z          [1;36m^^^[0m
2026-10-02T18:07:02.8158515Z 
2026-10-02T18:07:02.8158518Z 
2026-10-02T18:07:02.8158640Z [1;36mnote[0m: note with null token
2026-10-02T18:07:02.8158796Z 
2026-10-02T18:07:02.8158798Z 
2026-10-02T18:07:02.8158920Z [1;31merror[0m: unexpected token
2026-10-02T18:07:02.8159176Z   [1;34m-->[0m test.sn:1:5
2026-10-02T18:07:02.8159369Z       var x = 42
2026-10-02T18:07:02.8159560Z           [1;31m^[0m
2026-10-02T18:07:02.8159674Z 
2026-10-02T18:07:02.8159677Z 
2026-10-02T18:07:02.8159799Z [1;31merror[0m: error without filename
2026-10-02T18:07:02.8159972Z 
2026-10-02T18:07:02.8159975Z 
2026-10-02T18:07:02.8160099Z [1;31merror[0m: error at unknown location
2026-10-02T18:07:02.8160386Z   [1;34m-->[0m test.sn
2026-10-02T18:07:02.8160507Z 
2026-10-02T18:07:02.8160510Z 
2026-10-02T18:07:02.8160640Z [1;31merror[0m: error at large line number
2026-10-02T18:07:02.8160918Z   [1;34m-->[0m test.sn:9999:1
2026-10-02T18:07:02.8161052Z 
2026-10-02T18:07:02.8161059Z 
2026-10-02T18:07:02.8161166Z [1;31merror[0m: error message
2026-10-02T18:07:02.8171552Z   [1;34m-->[0m test.sn:1:1
2026-10-02T18:07:02.8171828Z       source
2026-10-02T18:07:02.8172061Z       [1;31m^[0m
2026-10-02T18:07:02.8172178Z 
2026-10-02T18:07:02.8172182Z 
2026-10-02T18:07:02.8172307Z [1;33mwarning[0m: warning message
2026-10-02T18:07:02.8172590Z   [1;34m-->[0m test.sn:1:1
2026-10-02T18:07:02.8172793Z       source
2026-10-02T18:07:02.8172977Z       [1;33m^[0m
2026-10-02T18:07:02.8173084Z 
2026-10-02T18:07:02.8173088Z 
2026-10-02T18:07:02.8173200Z [1;36mnote[0m: note message
2026-10-02T18:07:02.8173437Z   [1;34m-->[0m test.sn:1:1
2026-10-02T18:07:02.8173634Z       source
2026-10-02T18:07:02.8173822Z       [1;36m^[0m
2026-10-02T18:07:02.8173926Z 
2026-10-02T18:07:02.8173935Z 
2026-10-02T18:07:02.8174044Z [1;31merror[0m: invalid level
2026-10-02T18:07:02.8174295Z   [1;34m-->[0m test.sn:1:1
2026-10-02T18:07:02.8174494Z       source
2026-10-02T18:07:02.8174682Z       [1;31m^[0m
2026-10-02T18:07:02.8174789Z 
2026-10-02T18:07:02.8174894Z   Parsing... [1;36mdone[0m
2026-10-02T18:07:02.8175150Z   Type checking... [1;36mdone[0m
2026-10-02T18:07:02.8175425Z   Code generation... [1;36mdone[0m
2026-10-02T18:07:02.8176138Z   Linking... [1;36mdone[0m
2026-10-02T18:07:02.8176411Z   Parsing... [1;31mfailed[0m
2026-10-02T18:07:02.8176556Z 
2026-10-02T18:07:02.8176681Z   Parsing... [1;36mdone[0m (0.50s)
2026-10-02T18:07:02.8176955Z [1mCompiling[0m test.sn...
2026-10-02T18:07:02.8177213Z [1;36mDone[0m: output.exe (12.1 KB)
2026-10-02T18:07:02.8177491Z [1;36mDone[0m: output.exe (10.0 MB)
2026-10-02T18:07:02.8177766Z [1;36mDone[0m: output.exe (100 bytes)
2026-10-02T18:07:02.8177928Z 
2026-10-02T18:07:02.8178247Z [1;36mDone[0m: output.exe (100.0 KB) in 0.50s
2026-10-02T18:07:02.8178568Z [1;31mCompilation failed[0m
2026-10-02T18:07:02.8178714Z 
2026-10-02T18:07:02.8178824Z [1;31merror[0m: error 1
2026-10-02T18:07:02.8178946Z 
2026-10-02T18:07:02.8178955Z 
2026-10-02T18:07:02.8179052Z [1;31merror[0m: error 2
2026-10-02T18:07:02.8179181Z 
2026-10-02T18:07:02.8179314Z [1;31mCompilation failed[0m: 2 errors
2026-10-02T18:07:02.8179482Z 
2026-10-02T18:07:02.8179585Z [1;31merror[0m: error 0
2026-10-02T18:07:02.8179706Z 
2026-10-02T18:07:02.8179709Z 
2026-10-02T18:07:02.8179811Z [1;31merror[0m: error 1
2026-10-02T18:07:02.8179933Z 
2026-10-02T18:07:02.8179936Z 
2026-10-02T18:07:02.8180029Z [1;31merror[0m: error 2
2026-10-02T18:07:02.8180153Z 
2026-10-02T18:07:02.8180156Z 
2026-10-02T18:07:02.8180255Z [1;31merror[0m: error 3
2026-10-02T18:07:02.8180385Z 
2026-10-02T18:07:02.8180387Z 
2026-10-02T18:07:02.8180481Z [1;31merror[0m: error 4
2026-10-02T18:07:02.8180611Z 
2026-10-02T18:07:02.8180615Z 
2026-10-02T18:07:02.8180716Z [1;31merror[0m: error 5
2026-10-02T18:07:02.8180835Z 
2026-10-02T18:07:02.8180838Z 
2026-10-02T18:07:02.8180938Z [1;31merror[0m: error 6
2026-10-02T18:07:02.8181057Z 
2026-10-02T18:07:02.8181143Z 
2026-10-02T18:07:02.8181255Z [1;31merror[0m: error 7
2026-10-02T18:07:02.8181380Z 
2026-10-02T18:07:02.8181383Z 
2026-10-02T18:07:02.8181476Z [1;31merror[0m: error 8
2026-10-02T18:07:02.8181600Z 
2026-10-02T18:07:02.8181603Z 
2026-10-02T18:07:02.8181695Z [1;31merror[0m: error 9
2026-10-02T18:07:02.8181815Z 
2026-10-02T18:07:02.8181818Z 
2026-10-02T18:07:02.8181915Z [1;31merror[0m: error 10
2026-10-02T18:07:02.8182046Z 
2026-10-02T18:07:02.8182050Z 
2026-10-02T18:07:02.8182150Z [1;31merror[0m: error 11
2026-10-02T18:07:02.8182273Z 
2026-10-02T18:07:02.8182276Z 
2026-10-02T18:07:02.8182381Z [1;31merror[0m: error 12
2026-10-02T18:07:02.8182502Z 
2026-10-02T18:07:02.8182505Z 
2026-10-02T18:07:02.8182609Z [1;31merror[0m: error 13
2026-10-02T18:07:02.8182736Z 
2026-10-02T18:07:02.8182739Z 
2026-10-02T18:07:02.8182834Z [1;31merror[0m: error 14
2026-10-02T18:07:02.8182959Z 
2026-10-02T18:07:02.8182962Z 
2026-10-02T18:07:02.8183054Z [1;31merror[0m: error 15
2026-10-02T18:07:02.8183184Z 
2026-10-02T18:07:02.8183187Z 
2026-10-02T18:07:02.8183286Z [1;31merror[0m: error 16
2026-10-02T18:07:02.8183406Z 
2026-10-02T18:07:02.8183409Z 
2026-10-02T18:07:02.8183507Z [1;31merror[0m: error 17
2026-10-02T18:07:02.8183626Z 
2026-10-02T18:07:02.8183629Z 
2026-10-02T18:07:02.8183728Z [1;31merror[0m: error 18
2026-10-02T18:07:02.8183853Z 
2026-10-02T18:07:02.8183856Z 
2026-10-02T18:07:02.8183957Z [1;31merror[0m: error 19
2026-10-02T18:07:02.8184082Z 
2026-10-02T18:07:02.8184085Z 
2026-10-02T18:07:02.8184177Z [1;31merror[0m: error 20
2026-10-02T18:07:02.8184300Z 
2026-10-02T18:07:02.8184303Z 
2026-10-02T18:07:02.8184395Z [1;31merror[0m: error 21
2026-10-02T18:07:02.8184520Z 
2026-10-02T18:07:02.8184526Z 
2026-10-02T18:07:02.8184626Z [1;31merror[0m: error 22
2026-10-02T18:07:02.8184745Z 
2026-10-02T18:07:02.8184748Z 
2026-10-02T18:07:02.8184846Z [1;31merror[0m: error 23
2026-10-02T18:07:02.8184966Z 
2026-10-02T18:07:02.8184968Z 
2026-10-02T18:07:02.8185070Z [1;31merror[0m: error 24
2026-10-02T18:07:02.8185189Z 
2026-10-02T18:07:02.8185198Z 
2026-10-02T18:07:02.8185291Z [1;31merror[0m: error 25
2026-10-02T18:07:02.8185415Z 
2026-10-02T18:07:02.8185418Z 
2026-10-02T18:07:02.8185510Z [1;31merror[0m: error 26
2026-10-02T18:07:02.8185633Z 
2026-10-02T18:07:02.8185636Z 
2026-10-02T18:07:02.8185730Z [1;31merror[0m: error 27
2026-10-02T18:07:02.8185856Z 
2026-10-02T18:07:02.8185859Z 
2026-10-02T18:07:02.8185956Z [1;31merror[0m: error 28
2026-10-02T18:07:02.8186073Z 
2026-10-02T18:07:02.8186075Z 
2026-10-02T18:07:02.8186173Z [1;31merror[0m: error 29
2026-10-02T18:07:02.8186295Z 
2026-10-02T18:07:02.8186298Z 
2026-10-02T18:07:02.8186400Z [1;31merror[0m: error 30
2026-10-02T18:07:02.8186610Z 
2026-10-02T18:07:02.8186613Z 
2026-10-02T18:07:02.8186717Z [1;31merror[0m: error 31
2026-10-02T18:07:02.8186848Z 
2026-10-02T18:07:02.8186851Z 
2026-10-02T18:07:02.8186946Z [1;31merror[0m: error 32
2026-10-02T18:07:02.8187066Z 
2026-10-02T18:07:02.8187072Z 
2026-10-02T18:07:02.8187165Z [1;31merror[0m: error 33
2026-10-02T18:07:02.8187289Z 
2026-10-02T18:07:02.8187292Z 
2026-10-02T18:07:02.8187394Z [1;31merror[0m: error 34
2026-10-02T18:07:02.8187514Z 
2026-10-02T18:07:02.8187517Z 
2026-10-02T18:07:02.8187615Z [1;31merror[0m: error 35
2026-10-02T18:07:02.8187734Z 
2026-10-02T18:07:02.8187736Z 
2026-10-02T18:07:02.8187837Z [1;31merror[0m: error 36
2026-10-02T18:07:02.8187962Z 
2026-10-02T18:07:02.8187965Z 
2026-10-02T18:07:02.8188061Z [1;31merror[0m: error 37
2026-10-02T18:07:02.8188184Z 
2026-10-02T18:07:02.8188187Z 
2026-10-02T18:07:02.8188281Z [1;31merror[0m: error 38
2026-10-02T18:07:02.8188406Z 
2026-10-02T18:07:02.8188409Z 
2026-10-02T18:07:02.8188505Z [1;31merror[0m: error 39
2026-10-02T18:07:02.8188631Z 
2026-10-02T18:07:02.8188634Z 
2026-10-02T18:07:02.8188734Z [1;31merror[0m: error 40
2026-10-02T18:07:02.8188854Z 
2026-10-02T18:07:02.8188856Z 
2026-10-02T18:07:02.8188954Z [1;31merror[0m: error 41
2026-10-02T18:07:02.8189157Z 
2026-10-02T18:07:02.8189161Z 
2026-10-02T18:07:02.8189262Z [1;31merror[0m: error 42
2026-10-02T18:07:02.8189380Z 
2026-10-02T18:07:02.8189383Z 
2026-10-02T18:07:02.8189482Z [1;31merror[0m: error 43
2026-10-02T18:07:02.8189616Z 
2026-10-02T18:07:02.8189619Z 
2026-10-02T18:07:02.8189714Z [1;31merror[0m: error 44
2026-10-02T18:07:02.8189847Z 
2026-10-02T18:07:02.8189850Z 
2026-10-02T18:07:02.8189946Z [1;31merror[0m: error 45
2026-10-02T18:07:02.8190073Z 
2026-10-02T18:07:02.8190076Z 
2026-10-02T18:07:02.8190174Z [1;31merror[0m: error 46
2026-10-02T18:07:02.8190294Z 
2026-10-02T18:07:02.8190296Z 
2026-10-02T18:07:02.8190395Z [1;31merror[0m: error 47
2026-10-02T18:07:02.8190513Z 
2026-10-02T18:07:02.8190520Z 
2026-10-02T18:07:02.8190620Z [1;31merror[0m: error 48
2026-10-02T18:07:02.8190738Z 
2026-10-02T18:07:02.8190748Z 
2026-10-02T18:07:02.8190840Z [1;31merror[0m: error 49
2026-10-02T18:07:02.8190971Z 
2026-10-02T18:07:02.8190977Z 
2026-10-02T18:07:02.8191070Z [1;31merror[0m: error 50
2026-10-02T18:07:02.8191197Z 
2026-10-02T18:07:02.8191200Z 
2026-10-02T18:07:02.8191367Z [1;31merror[0m: error 51
2026-10-02T18:07:02.8191593Z 
2026-10-02T18:07:02.8191598Z 
2026-10-02T18:07:02.8191749Z [1;31merror[0m: error 52
2026-10-02T18:07:02.8191873Z 
2026-10-02T18:07:02.8191876Z 
2026-10-02T18:07:02.8191979Z [1;31merror[0m: error 53
2026-10-02T18:07:02.8192100Z 
2026-10-02T18:07:02.8192103Z 
2026-10-02T18:07:02.8192203Z [1;31merror[0m: error 54
2026-10-02T18:07:02.8192330Z 
2026-10-02T18:07:02.8192333Z 
2026-10-02T18:07:02.8192431Z [1;31merror[0m: error 55
2026-10-02T18:07:02.8192557Z 
2026-10-02T18:07:02.8192560Z 
2026-10-02T18:07:02.8192656Z [1;31merror[0m: error 56
2026-10-02T18:07:02.8192780Z 
2026-10-02T18:07:02.8192783Z 
2026-10-02T18:07:02.8192876Z [1;31merror[0m: error 57
2026-10-02T18:07:02.8193001Z 
2026-10-02T18:07:02.8193004Z 
2026-10-02T18:07:02.8193100Z [1;31merror[0m: error 58
2026-10-02T18:07:02.8193224Z 
2026-10-02T18:07:02.8193227Z 
2026-10-02T18:07:02.8193710Z [1;31merror[0m: error 59
2026-10-02T18:07:02.8193865Z 
2026-10-02T18:07:02.8193869Z 
2026-10-02T18:07:02.8193987Z [1;31merror[0m: error 60
2026-10-02T18:07:02.8194115Z 
2026-10-02T18:07:02.8194118Z 
2026-10-02T18:07:02.8194213Z [1;31merror[0m: error 61
2026-10-02T18:07:02.8194338Z 
2026-10-02T18:07:02.8194341Z 
2026-10-02T18:07:02.8194435Z [1;31merror[0m: error 62
2026-10-02T18:07:02.8194559Z 
2026-10-02T18:07:02.8194561Z 
2026-10-02T18:07:02.8194653Z [1;31merror[0m: error 63
2026-10-02T18:07:02.8194776Z 
2026-10-02T18:07:02.8194779Z 
2026-10-02T18:07:02.8194878Z [1;31merror[0m: error 64
2026-10-02T18:07:02.8194995Z 
2026-10-02T18:07:02.8195122Z 
2026-10-02T18:07:02.8195229Z [1;31merror[0m: error 65
2026-10-02T18:07:02.8195349Z 
2026-10-02T18:07:02.8195352Z 
2026-10-02T18:07:02.8195451Z [1;31merror[0m: error 66
2026-10-02T18:07:02.8195576Z 
2026-10-02T18:07:02.8195578Z 
2026-10-02T18:07:02.8195676Z [1;31merror[0m: error 67
2026-10-02T18:07:02.8195799Z 
2026-10-02T18:07:02.8195803Z 
2026-10-02T18:07:02.8195893Z [1;31merror[0m: error 68
2026-10-02T18:07:02.8196017Z 
2026-10-02T18:07:02.8196020Z 
2026-10-02T18:07:02.8196117Z [1;31merror[0m: error 69
2026-10-02T18:07:02.8196237Z 
2026-10-02T18:07:02.8196240Z 
2026-10-02T18:07:02.8196337Z [1;31merror[0m: error 70
2026-10-02T18:07:02.8196454Z 
2026-10-02T18:07:02.8196457Z 
2026-10-02T18:07:02.8196556Z [1;31merror[0m: error 71
2026-10-02T18:07:02.8196674Z 
2026-10-02T18:07:02.8196677Z 
2026-10-02T18:07:02.8196775Z [1;31merror[0m: error 72
2026-10-02T18:07:02.8196897Z 
2026-10-02T18:07:02.8196899Z 
2026-10-02T18:07:02.8196990Z [1;31merror[0m: error 73
2026-10-02T18:07:02.8197116Z 
2026-10-02T18:07:02.8197119Z 
2026-10-02T18:07:02.8197210Z [1;31merror[0m: error 74
2026-10-02T18:07:02.8197332Z 
2026-10-02T18:07:02.8197335Z 
2026-10-02T18:07:02.8197431Z [1;31merror[0m: error 75
2026-10-02T18:07:02.8197551Z 
2026-10-02T18:07:02.8197634Z 
2026-10-02T18:07:02.8197737Z [1;31merror[0m: error 76
2026-10-02T18:07:02.8197856Z 
2026-10-02T18:07:02.8197859Z 
2026-10-02T18:07:02.8197958Z [1;31merror[0m: error 77
2026-10-02T18:07:02.8198079Z 
2026-10-02T18:07:02.8198086Z 
2026-10-02T18:07:02.8198177Z [1;31merror[0m: error 78
2026-10-02T18:07:02.8198299Z 
2026-10-02T18:07:02.8198302Z 
2026-10-02T18:07:02.8198394Z [1;31merror[0m: error 79
2026-10-02T18:07:02.8198518Z 
2026-10-02T18:07:02.8198521Z 
2026-10-02T18:07:02.8198613Z [1;31merror[0m: error 80
2026-10-02T18:07:02.8198738Z 
2026-10-02T18:07:02.8198741Z 
2026-10-02T18:07:02.8198838Z [1;31merror[0m: error 81
2026-10-02T18:07:02.8198957Z 
2026-10-02T18:07:02.8198960Z 
2026-10-02T18:07:02.8199061Z [1;31merror[0m: error 82
2026-10-02T18:07:02.8199183Z 
2026-10-02T18:07:02.8199186Z 
2026-10-02T18:07:02.8199286Z [1;31merror[0m: error 83
2026-10-02T18:07:02.8199411Z 
2026-10-02T18:07:02.8199414Z 
2026-10-02T18:07:02.8199505Z [1;31merror[0m: error 84
2026-10-02T18:07:02.8199633Z 
2026-10-02T18:07:02.8199635Z 
2026-10-02T18:07:02.8199728Z [1;31merror[0m: error 85
2026-10-02T18:07:02.8199854Z 
2026-10-02T18:07:02.8199857Z 
2026-10-02T18:07:02.8199949Z [1;31merror[0m: error 86
2026-10-02T18:07:02.8200074Z 
2026-10-02T18:07:02.8200077Z 
2026-10-02T18:07:02.8200174Z [1;31merror[0m: error 87
2026-10-02T18:07:02.8200292Z 
2026-10-02T18:07:02.8200295Z 
2026-10-02T18:07:02.8200392Z [1;31merror[0m: error 88
2026-10-02T18:07:02.8200511Z 
2026-10-02T18:07:02.8200513Z 
2026-10-02T18:07:02.8200611Z [1;31merror[0m: error 89
2026-10-02T18:07:02.8200735Z 
2026-10-02T18:07:02.8200738Z 
2026-10-02T18:07:02.8200831Z [1;31merror[0m: error 90
2026-10-02T18:07:02.8200954Z 
2026-10-02T18:07:02.8200960Z 
2026-10-02T18:07:02.8201054Z [1;31merror[0m: error 91
2026-10-02T18:07:02.8201179Z 
2026-10-02T18:07:02.8201181Z 
2026-10-02T18:07:02.8201271Z [1;31merror[0m: error 92
2026-10-02T18:07:02.8201400Z 
2026-10-02T18:07:02.8201403Z 
2026-10-02T18:07:02.8201505Z [1;31merror[0m: error 93
2026-10-02T18:07:02.8201624Z 
2026-10-02T18:07:02.8201627Z 
2026-10-02T18:07:02.8201725Z [1;31merror[0m: error 94
2026-10-02T18:07:02.8201843Z 
2026-10-02T18:07:02.8201845Z 
2026-10-02T18:07:02.8201950Z [1;31merror[0m: error 95
2026-10-02T18:07:02.8202073Z 
2026-10-02T18:07:02.8202075Z 
2026-10-02T18:07:02.8202169Z [1;31merror[0m: error 96
2026-10-02T18:07:02.8202293Z 
2026-10-02T18:07:02.8202297Z 
2026-10-02T18:07:02.8202388Z [1;31merror[0m: error 97
2026-10-02T18:07:02.8202513Z 
2026-10-02T18:07:02.8202516Z 
2026-10-02T18:07:02.8202613Z [1;31merror[0m: error 98
2026-10-02T18:07:02.8202733Z 
2026-10-02T18:07:02.8202735Z 
2026-10-02T18:07:02.8203567Z [1;31merror[0m: error 99
2026-10-02T18:07:02.8203740Z 
2026-10-02T18:07:02.8203744Z 
2026-10-02T18:07:02.8203891Z [1;33mwarning[0m: warning 0
2026-10-02T18:07:02.8204151Z   [1;34m-->[0m test.sn:1:1
2026-10-02T18:07:02.8204352Z       source
2026-10-02T18:07:02.8204544Z       [1;33m^[0m
2026-10-02T18:07:02.8204652Z 
2026-10-02T18:07:02.8204655Z 
2026-10-02T18:07:02.8204762Z [1;33mwarning[0m: warning 1
2026-10-02T18:07:02.8205001Z   [1;34m-->[0m test.sn:1:1
2026-10-02T18:07:02.8205191Z       source
2026-10-02T18:07:02.8205376Z       [1;33m^[0m
2026-10-02T18:07:02.8205481Z 
2026-10-02T18:07:02.8205485Z 
2026-10-02T18:07:02.8205591Z [1;33mwarning[0m: warning 2
2026-10-02T18:07:02.8205818Z   [1;34m-->[0m test.sn:1:1
2026-10-02T18:07:02.8206003Z       source
2026-10-02T18:07:02.8206180Z       [1;33m^[0m
2026-10-02T18:07:02.8206284Z 
2026-10-02T18:07:02.8206287Z 
2026-10-02T18:07:02.8206391Z [1;33mwarning[0m: warning 3
2026-10-02T18:07:02.8206627Z   [1;34m-->[0m test.sn:1:1
2026-10-02T18:07:02.8206821Z       source
2026-10-02T18:07:02.8206999Z       [1;33m^[0m
2026-10-02T18:07:02.8207102Z 
2026-10-02T18:07:02.8207105Z 
2026-10-02T18:07:02.8207211Z [1;33mwarning[0m: warning 4
2026-10-02T18:07:02.8207443Z   [1;34m-->[0m test.sn:1:1
2026-10-02T18:07:02.8207737Z       source
2026-10-02T18:07:02.8207916Z       [1;33m^[0m
2026-10-02T18:07:02.8208016Z 
2026-10-02T18:07:02.8208019Z 
2026-10-02T18:07:02.8208130Z [1;33mwarning[0m: warning 5
2026-10-02T18:07:02.8208361Z   [1;34m-->[0m test.sn:1:1
2026-10-02T18:07:02.8208546Z       source
2026-10-02T18:07:02.8208725Z       [1;33m^[0m
2026-10-02T18:07:02.8208828Z 
2026-10-02T18:07:02.8208832Z 
2026-10-02T18:07:02.8208932Z [1;33mwarning[0m: warning 6
2026-10-02T18:07:02.8209169Z   [1;34m-->[0m test.sn:1:1
2026-10-02T18:07:02.8209356Z       source
2026-10-02T18:07:02.8209531Z       [1;33m^[0m
2026-10-02T18:07:02.8209627Z 
2026-10-02T18:07:02.8209631Z 
2026-10-02T18:07:02.8209736Z [1;33mwarning[0m: warning 7
2026-10-02T18:07:02.8209971Z   [1;34m-->[0m test.sn:1:1
2026-10-02T18:07:02.8210158Z       source
2026-10-02T18:07:02.8210335Z       [1;33m^[0m
2026-10-02T18:07:02.8210434Z 
2026-10-02T18:07:02.8210437Z 
2026-10-02T18:07:02.8210540Z [1;33mwarning[0m: warning 8
2026-10-02T18:07:02.8210772Z   [1;34m-->[0m test.sn:1:1
2026-10-02T18:07:02.8210961Z       source
2026-10-02T18:07:02.8211146Z       [1;33m^[0m
2026-10-02T18:07:02.8211246Z 
2026-10-02T18:07:02.8211248Z 
2026-10-02T18:07:02.8211357Z [1;33mwarning[0m: warning 9
2026-10-02T18:07:02.8211584Z   [1;34m-->[0m test.sn:1:1
2026-10-02T18:07:02.8211768Z       source
2026-10-02T18:07:02.8211943Z       [1;33m^[0m
2026-10-02T18:07:02.8212047Z 
2026-10-02T18:07:02.8212050Z 
2026-10-02T18:07:02.8212158Z [1;33mwarning[0m: warning 10
2026-10-02T18:07:02.8212393Z   [1;34m-->[0m test.sn:1:1
2026-10-02T18:07:02.8212577Z       source
2026-10-02T18:07:02.8212749Z       [1;33m^[0m
2026-10-02T18:07:02.8212850Z 
2026-10-02T18:07:02.8212858Z 
2026-10-02T18:07:02.8212966Z [1;33mwarning[0m: warning 11
2026-10-02T18:07:02.8213199Z   [1;34m-->[0m test.sn:1:1
2026-10-02T18:07:02.8213384Z       source
2026-10-02T18:07:02.8213955Z       [1;33m^[0m
2026-10-02T18:07:02.8214060Z 
2026-10-02T18:07:02.8214068Z 
2026-10-02T18:07:02.8214185Z [1;33mwarning[0m: warning 12
2026-10-02T18:07:02.8214417Z   [1;34m-->[0m test.sn:1:1
2026-10-02T18:07:02.8214605Z       source
2026-10-02T18:07:02.8214776Z       [1;33m^[0m
2026-10-02T18:07:02.8214879Z 
2026-10-02T18:07:02.8214883Z 
2026-10-02T18:07:02.8214988Z [1;33mwarning[0m: warning 13
2026-10-02T18:07:02.8215215Z   [1;34m-->[0m test.sn:1:1
2026-10-02T18:07:02.8215400Z       source
2026-10-02T18:07:02.8215573Z       [1;33m^[0m
2026-10-02T18:07:02.8215669Z 
2026-10-02T18:07:02.8215672Z 
2026-10-02T18:07:02.8215780Z [1;33mwarning[0m: warning 14
2026-10-02T18:07:02.8216009Z   [1;34m-->[0m test.sn:1:1
2026-10-02T18:07:02.8216192Z       source
2026-10-02T18:07:02.8216475Z       [1;33m^[0m
2026-10-02T18:07:02.8216589Z 
2026-10-02T18:07:02.8216592Z 
2026-10-02T18:07:02.8216699Z [1;33mwarning[0m: warning 15
2026-10-02T18:07:02.8216934Z   [1;34m-->[0m test.sn:1:1
2026-10-02T18:07:02.8217127Z       source
2026-10-02T18:07:02.8217308Z       [1;33m^[0m
2026-10-02T18:07:02.8217403Z 
2026-10-02T18:07:02.8217406Z 
2026-10-02T18:07:02.8217513Z [1;33mwarning[0m: warning 16
2026-10-02T18:07:02.8217742Z   [1;34m-->[0m test.sn:1:1
2026-10-02T18:07:02.8217927Z       source
2026-10-02T18:07:02.8218103Z       [1;33m^[0m
2026-10-02T18:07:02.8218202Z 
2026-10-02T18:07:02.8218205Z 
2026-10-02T18:07:02.8218306Z [1;33mwarning[0m: warning 17
2026-10-02T18:07:02.8218532Z   [1;34m-->[0m test.sn:1:1
2026-10-02T18:07:02.8218723Z       source
2026-10-02T18:07:02.8218906Z       [1;33m^[0m
2026-10-02T18:07:02.8219001Z 
2026-10-02T18:07:02.8219004Z 
2026-10-02T18:07:02.8219110Z [1;33mwarning[0m: warning 18
2026-10-02T18:07:02.8219341Z   [1;34m-->[0m test.sn:1:1
2026-10-02T18:07:02.8219531Z       source
2026-10-02T18:07:02.8219708Z       [1;33m^[0m
2026-10-02T18:07:02.8219811Z 
2026-10-02T18:07:02.8219814Z 
2026-10-02T18:07:02.8219916Z [1;33mwarning[0m: warning 19
2026-10-02T18:07:02.8220146Z   [1;34m-->[0m test.sn:1:1
2026-10-02T18:07:02.8220427Z       source
2026-10-02T18:07:02.8220608Z       [1;33m^[0m
2026-10-02T18:07:02.8220713Z 
2026-10-02T18:07:02.8220716Z 
2026-10-02T18:07:02.8220822Z [1;33mwarning[0m: warning 20
2026-10-02T18:07:02.8221055Z   [1;34m-->[0m test.sn:1:1
2026-10-02T18:07:02.8221240Z       source
2026-10-02T18:07:02.8221413Z       [1;33m^[0m
2026-10-02T18:07:02.8221509Z 
2026-10-02T18:07:02.8221512Z 
2026-10-02T18:07:02.8221619Z [1;33mwarning[0m: warning 21
2026-10-02T18:07:02.8221849Z   [1;34m-->[0m test.sn:1:1
2026-10-02T18:07:02.8222035Z       source
2026-10-02T18:07:02.8222209Z       [1;33m^[0m
2026-10-02T18:07:02.8222313Z 
2026-10-02T18:07:02.8222316Z 
2026-10-02T18:07:02.8222420Z [1;33mwarning[0m: warning 22
2026-10-02T18:07:02.8222655Z   [1;34m-->[0m test.sn:1:1
2026-10-02T18:07:02.8222839Z       source
2026-10-02T18:07:02.8223011Z       [1;33m^[0m
2026-10-02T18:07:02.8223108Z 
2026-10-02T18:07:02.8223111Z 
2026-10-02T18:07:02.8223218Z [1;33mwarning[0m: warning 23
2026-10-02T18:07:02.8223450Z   [1;34m-->[0m test.sn:1:1
2026-10-02T18:07:02.8223642Z       source
2026-10-02T18:07:02.8223814Z       [1;33m^[0m
2026-10-02T18:07:02.8223913Z 
2026-10-02T18:07:02.8223916Z 
2026-10-02T18:07:02.8224015Z [1;33mwarning[0m: warning 24
2026-10-02T18:07:02.8224241Z   [1;34m-->[0m test.sn:1:1
2026-10-02T18:07:02.8224424Z       source
2026-10-02T18:07:02.8224604Z       [1;33m^[0m
2026-10-02T18:07:02.8224701Z 
2026-10-02T18:07:02.8224704Z 
2026-10-02T18:07:02.8224811Z [1;33mwarning[0m: warning 25
2026-10-02T18:07:02.8225038Z   [1;34m-->[0m test.sn:1:1
2026-10-02T18:07:02.8225223Z       source
2026-10-02T18:07:02.8225393Z       [1;33m^[0m
2026-10-02T18:07:02.8225544Z 
2026-10-02T18:07:02.8225550Z 
2026-10-02T18:07:02.8225655Z [1;33mwarning[0m: warning 26
2026-10-02T18:07:02.8225882Z   [1;34m-->[0m test.sn:1:1
2026-10-02T18:07:02.8226066Z       source
2026-10-02T18:07:02.8226302Z       [1;33m^[0m
2026-10-02T18:07:02.8226491Z 
2026-10-02T18:07:02.8226504Z 
2026-10-02T18:07:02.8226712Z [1;33mwarning[0m: warning 27
2026-10-02T18:07:02.8227213Z   [1;34m-->[0m test.sn:1:1
2026-10-02T18:07:02.8227574Z       source
2026-10-02T18:07:02.8227818Z       [1;33m^[0m
2026-10-02T18:07:02.8227919Z 
2026-10-02T18:07:02.8227923Z 
2026-10-02T18:07:02.8228039Z [1;33mwarning[0m: warning 28
2026-10-02T18:07:02.8228434Z   [1;34m-->[0m test.sn:1:1
2026-10-02T18:07:02.8228637Z       source
2026-10-02T18:07:02.8228941Z       [1;33m^[0m
2026-10-02T18:07:02.8229050Z 
2026-10-02T18:07:02.8229053Z 
2026-10-02T18:07:02.8229203Z [1;33mwarning[0m: warning 29
2026-10-02T18:07:02.8229567Z   [1;34m-->[0m test.sn:1:1
2026-10-02T18:07:02.8229868Z       source
2026-10-02T18:07:02.8230350Z       [1;33m^[0m
2026-10-02T18:07:02.8230622Z 
2026-10-02T18:07:02.8230628Z 
2026-10-02T18:07:02.8230888Z [1;33mwarning[0m: warning 30
2026-10-02T18:07:02.8231367Z   [1;34m-->[0m test.sn:1:1
2026-10-02T18:07:02.8231747Z       source
2026-10-02T18:07:02.8232120Z       [1;33m^[0m
2026-10-02T18:07:02.8232315Z 
2026-10-02T18:07:02.8232321Z 
2026-10-02T18:07:02.8232532Z [1;33mwarning[0m: warning 31
2026-10-02T18:07:02.8233009Z   [1;34m-->[0m test.sn:1:1
2026-10-02T18:07:02.8233442Z       source
2026-10-02T18:07:02.8234151Z       [1;33m^[0m
2026-10-02T18:07:02.8234359Z 
2026-10-02T18:07:02.8234364Z 
2026-10-02T18:07:02.8234593Z [1;33mwarning[0m: warning 32
2026-10-02T18:07:02.8235056Z   [1;34m-->[0m test.sn:1:1
2026-10-02T18:07:02.8235419Z       source
2026-10-02T18:07:02.8235793Z       [1;33m^[0m
2026-10-02T18:07:02.8236034Z 
2026-10-02T18:07:02.8236040Z 
2026-10-02T18:07:02.8236494Z [1;33mwarning[0m: warning 33
2026-10-02T18:07:02.8237007Z   [1;34m-->[0m test.sn:1:1
2026-10-02T18:07:02.8237350Z       source
2026-10-02T18:07:02.8237674Z       [1;33m^[0m
2026-10-02T18:07:02.8237854Z 
2026-10-02T18:07:02.8237860Z 
2026-10-02T18:07:02.8238045Z [1;33mwarning[0m: warning 34
2026-10-02T18:07:02.8238448Z   [1;34m-->[0m test.sn:1:1
2026-10-02T18:07:02.8239017Z       source
2026-10-02T18:07:02.8239354Z       [1;33m^[0m
2026-10-02T18:07:02.8239532Z 
2026-10-02T18:07:02.8239538Z 
2026-10-02T18:07:02.8240510Z [1;33mwarning[0m: warning 35
2026-10-02T18:07:02.8241403Z   [1;34m-->[0m test.sn:1:1
2026-10-02T18:07:02.8241768Z       source
2026-10-02T18:07:02.8242458Z       [1;33m^[0m
2026-10-02T18:07:02.8242996Z 
2026-10-02T18:07:02.8243003Z 
2026-10-02T18:07:02.8243761Z [1;33mwarning[0m: warning 36
2026-10-02T18:07:02.8244293Z   [1;34m-->[0m test.sn:1:1
2026-10-02T18:07:02.8244652Z       source
2026-10-02T18:07:02.8244981Z       [1;33m^[0m
2026-10-02T18:07:02.8245165Z 
2026-10-02T18:07:02.8245171Z 
2026-10-02T18:07:02.8245378Z [1;33mwarning[0m: warning 37
2026-10-02T18:07:02.8245782Z   [1;34m-->[0m test.sn:1:1
2026-10-02T18:07:02.8246119Z       source
2026-10-02T18:07:02.8246451Z       [1;33m^[0m
2026-10-02T18:07:02.8246640Z 
2026-10-02T18:07:02.8246645Z 
2026-10-02T18:07:02.8246851Z [1;33mwarning[0m: warning 38
2026-10-02T18:07:02.8247293Z   [1;34m-->[0m test.sn:1:1
2026-10-02T18:07:02.8247640Z       source
2026-10-02T18:07:02.8247964Z       [1;33m^[0m
2026-10-02T18:07:02.8248151Z 
2026-10-02T18:07:02.8248156Z 
2026-10-02T18:07:02.8248356Z [1;33mwarning[0m: warning 39
2026-10-02T18:07:02.8248782Z   [1;34m-->[0m test.sn:1:1
2026-10-02T18:07:02.8248982Z       source
2026-10-02T18:07:02.8249166Z       [1;33m^[0m
2026-10-02T18:07:02.8249266Z 
2026-10-02T18:07:02.8249276Z 
2026-10-02T18:07:02.8249385Z [1;33mwarning[0m: warning 40
2026-10-02T18:07:02.8249630Z   [1;34m-->[0m test.sn:1:1
2026-10-02T18:07:02.8249823Z       source
2026-10-02T18:07:02.8250000Z       [1;33m^[0m
2026-10-02T18:07:02.8250105Z 
2026-10-02T18:07:02.8250116Z 
2026-10-02T18:07:02.8250221Z [1;33mwarning[0m: warning 41
2026-10-02T18:07:02.8250517Z   [1;34m-->[0m test.sn:1:1
2026-10-02T18:07:02.8250699Z       source
2026-10-02T18:07:02.8250883Z       [1;33m^[0m
2026-10-02T18:07:02.8250988Z 
2026-10-02T18:07:02.8250992Z 
2026-10-02T18:07:02.8251103Z [1;33mwarning[0m: warning 42
2026-10-02T18:07:02.8251343Z   [1;34m-->[0m test.sn:1:1
2026-10-02T18:07:02.8251893Z       source
2026-10-02T18:07:02.8252090Z       [1;33m^[0m
2026-10-02T18:07:02.8252207Z 
2026-10-02T18:07:02.8252210Z 
2026-10-02T18:07:02.8252322Z [1;33mwarning[0m: warning 43
2026-10-02T18:07:02.8252555Z   [1;34m-->[0m test.sn:1:1
2026-10-02T18:07:02.8252741Z       source
2026-10-02T18:07:02.8252916Z       [1;33m^[0m
2026-10-02T18:07:02.8253012Z 
2026-10-02T18:07:02.8253015Z 
2026-10-02T18:07:02.8253124Z [1;33mwarning[0m: warning 44
2026-10-02T18:07:02.8253350Z   [1;34m-->[0m test.sn:1:1
2026-10-02T18:07:02.8253533Z       source
2026-10-02T18:07:02.8253898Z       [1;33m^[0m
2026-10-02T18:07:02.8254016Z 
2026-10-02T18:07:02.8254019Z 
2026-10-02T18:07:02.8254132Z [1;33mwarning[0m: warning 45
2026-10-02T18:07:02.8254361Z   [1;34m-->[0m test.sn:1:1
2026-10-02T18:07:02.8254553Z       source
2026-10-02T18:07:02.8254731Z       [1;33m^[0m
2026-10-02T18:07:02.8254823Z 
2026-10-02T18:07:02.8254827Z 
2026-10-02T18:07:02.8254931Z [1;33mwarning[0m: warning 46
2026-10-02T18:07:02.8255160Z   [1;34m-->[0m test.sn:1:1
2026-10-02T18:07:02.8255338Z       source
2026-10-02T18:07:02.8255510Z       [1;33m^[0m
2026-10-02T18:07:02.8255607Z 
2026-10-02T18:07:02.8255610Z 
2026-10-02T18:07:02.8255708Z [1;33mwarning[0m: warning 47
2026-10-02T18:07:02.8255933Z   [1;34m-->[0m test.sn:1:1
2026-10-02T18:07:02.8256114Z       source
2026-10-02T18:07:02.8256283Z       [1;33m^[0m
2026-10-02T18:07:02.8256383Z 
2026-10-02T18:07:02.8256386Z 
2026-10-02T18:07:02.8256488Z [1;33mwarning[0m: warning 48
2026-10-02T18:07:02.8256717Z   [1;34m-->[0m test.sn:1:1
2026-10-02T18:07:02.8256895Z       source
2026-10-02T18:07:02.8257065Z       [1;33m^[0m
2026-10-02T18:07:02.8257159Z 
2026-10-02T18:07:02.8257167Z 
2026-10-02T18:07:02.8257265Z [1;33mwarning[0m: warning 49
2026-10-02T18:07:02.8257605Z   [1;34m-->[0m test.sn:1:1
2026-10-02T18:07:02.8257786Z       source
2026-10-02T18:07:02.8257950Z       [1;33m^[0m
2026-10-02T18:07:02.8258052Z 
2026-10-02T18:07:02.8258056Z 
2026-10-02T18:07:02.8258154Z [1;33mwarning[0m: warning 50
2026-10-02T18:07:02.8258384Z   [1;34m-->[0m test.sn:1:1
2026-10-02T18:07:02.8258565Z       source
2026-10-02T18:07:02.8258731Z       [1;33m^[0m
2026-10-02T18:07:02.8258825Z 
2026-10-02T18:07:02.8258829Z 
2026-10-02T18:07:02.8258934Z [1;33mwarning[0m: warning 51
2026-10-02T18:07:02.8259157Z   [1;34m-->[0m test.sn:1:1
2026-10-02T18:07:02.8259335Z       source
2026-10-02T18:07:02.8259507Z       [1;33m^[0m
2026-10-02T18:07:02.8259610Z 
2026-10-02T18:07:02.8259612Z 
2026-10-02T18:07:02.8259714Z [1;33mwarning[0m: warning 52
2026-10-02T18:07:02.8259939Z   [1;34m-->[0m test.sn:1:1
2026-10-02T18:07:02.8260125Z       source
2026-10-02T18:07:02.8260293Z       [1;33m^[0m
2026-10-02T18:07:02.8260387Z 
2026-10-02T18:07:02.8260390Z 
2026-10-02T18:07:02.8260501Z [1;33mwarning[0m: warning 53
2026-10-02T18:07:02.8260728Z   [1;34m-->[0m test.sn:1:1
2026-10-02T18:07:02.8260911Z       source
2026-10-02T18:07:02.8261085Z       [1;33m^[0m
2026-10-02T18:07:02.8261185Z 
2026-10-02T18:07:02.8261189Z 
2026-10-02T18:07:02.8261289Z [1;33mwarning[0m: warning 54
2026-10-02T18:07:02.8261513Z   [1;34m-->[0m test.sn:1:1
2026-10-02T18:07:02.8261700Z       source
2026-10-02T18:07:02.8261871Z       [1;33m^[0m
2026-10-02T18:07:02.8261973Z 
2026-10-02T18:07:02.8261976Z 
2026-10-02T18:07:02.8262082Z [1;33mwarning[0m: warning 55
2026-10-02T18:07:02.8262309Z   [1;34m-->[0m test.sn:1:1
2026-10-02T18:07:02.8262488Z       source
2026-10-02T18:07:02.8262657Z       [1;33m^[0m
2026-10-02T18:07:02.8262755Z 
2026-10-02T18:07:02.8262759Z 
2026-10-02T18:07:02.8262864Z [1;33mwarning[0m: warning 56
2026-10-02T18:07:02.8263086Z   [1;34m-->[0m test.sn:1:1
2026-10-02T18:07:02.8263264Z       source
2026-10-02T18:07:02.8263432Z       [1;33m^[0m
2026-10-02T18:07:02.8263535Z 
2026-10-02T18:07:02.8263538Z 
2026-10-02T18:07:02.8263636Z [1;33mwarning[0m: warning 57
2026-10-02T18:07:02.8263866Z   [1;34m-->[0m test.sn:1:1
2026-10-02T18:07:02.8264043Z       source
2026-10-02T18:07:02.8264210Z       [1;33m^[0m
2026-10-02T18:07:02.8264301Z 
2026-10-02T18:07:02.8264305Z 
2026-10-02T18:07:02.8264408Z [1;33mwarning[0m: warning 58
2026-10-02T18:07:02.8264629Z   [1;34m-->[0m test.sn:1:1
2026-10-02T18:07:02.8264808Z       source
2026-10-02T18:07:02.8264975Z       [1;33m^[0m
2026-10-02T18:07:02.8265072Z 
2026-10-02T18:07:02.8265075Z 
2026-10-02T18:07:02.8265176Z [1;33mwarning[0m: warning 59
2026-10-02T18:07:02.8265397Z   [1;34m-->[0m test.sn:1:1
2026-10-02T18:07:02.8265678Z       source
2026-10-02T18:07:02.8265867Z       [1;33m^[0m
2026-10-02T18:07:02.8265962Z 
2026-10-02T18:07:02.8265965Z 
2026-10-02T18:07:02.8266069Z [1;33mwarning[0m: warning 60
2026-10-02T18:07:02.8266295Z   [1;34m-->[0m test.sn:1:1
2026-10-02T18:07:02.8266487Z       source
2026-10-02T18:07:02.8266660Z       [1;33m^[0m
2026-10-02T18:07:02.8266761Z 
2026-10-02T18:07:02.8266765Z 
2026-10-02T18:07:02.8266865Z [1;33mwarning[0m: warning 61
2026-10-02T18:07:02.8267089Z   [1;34m-->[0m test.sn:1:1
2026-10-02T18:07:02.8267270Z       source
2026-10-02T18:07:02.8267443Z       [1;33m^[0m
2026-10-02T18:07:02.8267543Z 
2026-10-02T18:07:02.8267547Z 
2026-10-02T18:07:02.8267653Z [1;33mwarning[0m: warning 62
2026-10-02T18:07:02.8267877Z   [1;34m-->[0m test.sn:1:1
2026-10-02T18:07:02.8268064Z       source
2026-10-02T18:07:02.8268234Z       [1;33m^[0m
2026-10-02T18:07:02.8268327Z 
2026-10-02T18:07:02.8268330Z 
2026-10-02T18:07:02.8268434Z [1;33mwarning[0m: warning 63
2026-10-02T18:07:02.8268663Z   [1;34m-->[0m test.sn:1:1
2026-10-02T18:07:02.8268849Z       source
2026-10-02T18:07:02.8269020Z       [1;33m^[0m
2026-10-02T18:07:02.8269119Z 
2026-10-02T18:07:02.8269122Z 
2026-10-02T18:07:02.8269222Z [1;33mwarning[0m: warning 64
2026-10-02T18:07:02.8269566Z   [1;34m-->[0m test.sn:1:1
2026-10-02T18:07:02.8269750Z       source
2026-10-02T18:07:02.8269922Z       [1;33m^[0m
2026-10-02T18:07:02.8270017Z 
2026-10-02T18:07:02.8270020Z 
2026-10-02T18:07:02.8270125Z [1;33mwarning[0m: warning 65
2026-10-02T18:07:02.8270350Z   [1;34m-->[0m test.sn:1:1
2026-10-02T18:07:02.8270533Z       source
2026-10-02T18:07:02.8270780Z       [1;33m^[0m
2026-10-02T18:07:02.8270947Z 
2026-10-02T18:07:02.8270953Z 
2026-10-02T18:07:02.8271140Z [1;33mwarning[0m: warning 66
2026-10-02T18:07:02.8271556Z   [1;34m-->[0m test.sn:1:1
2026-10-02T18:07:02.8272131Z       source
2026-10-02T18:07:02.8272470Z       [1;33m^[0m
2026-10-02T18:07:02.8272626Z 
2026-10-02T18:07:02.8272631Z 
2026-10-02T18:07:02.8272835Z [1;33mwarning[0m: warning 67
2026-10-02T18:07:02.8273341Z   [1;34m-->[0m test.sn:1:1
2026-10-02T18:07:02.8273674Z       source
2026-10-02T18:07:02.8273863Z       [1;33m^[0m
2026-10-02T18:07:02.8273960Z 
2026-10-02T18:07:02.8273963Z 
2026-10-02T18:07:02.8274069Z [1;33mwarning[0m: warning 68
2026-10-02T18:07:02.8274290Z   [1;34m-->[0m test.sn:1:1
2026-10-02T18:07:02.8274471Z       source
2026-10-02T18:07:02.8274637Z       [1;33m^[0m
2026-10-02T18:07:02.8274736Z 
2026-10-02T18:07:02.8274739Z 
2026-10-02T18:07:02.8274840Z [1;33mwarning[0m: warning 69
2026-10-02T18:07:02.8275056Z   [1;34m-->[0m test.sn:1:1
2026-10-02T18:07:02.8275227Z       source
2026-10-02T18:07:02.8275392Z       [1;33m^[0m
2026-10-02T18:07:02.8275487Z 
2026-10-02T18:07:02.8275490Z 
2026-10-02T18:07:02.8275594Z [1;33mwarning[0m: warning 70
2026-10-02T18:07:02.8275817Z   [1;34m-->[0m test.sn:1:1
2026-10-02T18:07:02.8276004Z       source
2026-10-02T18:07:02.8276173Z       [1;33m^[0m
2026-10-02T18:07:02.8276278Z 
2026-10-02T18:07:02.8276281Z 
2026-10-02T18:07:02.8276383Z [1;33mwarning[0m: warning 71
2026-10-02T18:07:02.8276617Z   [1;34m-->[0m test.sn:1:1
2026-10-02T18:07:02.8276797Z       source
2026-10-02T18:07:02.8276961Z       [1;33m^[0m
2026-10-02T18:07:02.8277057Z 
2026-10-02T18:07:02.8277061Z 
2026-10-02T18:07:02.8277161Z [1;33mwarning[0m: warning 72
2026-10-02T18:07:02.8277381Z   [1;34m-->[0m test.sn:1:1
2026-10-02T18:07:02.8277558Z       source
2026-10-02T18:07:02.8277724Z       [1;33m^[0m
2026-10-02T18:07:02.8277823Z 
2026-10-02T18:07:02.8277826Z 
2026-10-02T18:07:02.8277926Z [1;33mwarning[0m: warning 73
2026-10-02T18:07:02.8278154Z   [1;34m-->[0m test.sn:1:1
2026-10-02T18:07:02.8278335Z       source
2026-10-02T18:07:02.8278512Z       [1;33m^[0m
2026-10-02T18:07:02.8278609Z 
2026-10-02T18:07:02.8278613Z 
2026-10-02T18:07:02.8278719Z [1;33mwarning[0m: warning 74
2026-10-02T18:07:02.8278943Z   [1;34m-->[0m test.sn:1:1
2026-10-02T18:07:02.8279298Z       source
2026-10-02T18:07:02.8279490Z       [1;33m^[0m
2026-10-02T18:07:02.8279590Z 
2026-10-02T18:07:02.8279593Z 
2026-10-02T18:07:02.8279692Z [1;33mwarning[0m: warning 75
2026-10-02T18:07:02.8279917Z   [1;34m-->[0m test.sn:1:1
2026-10-02T18:07:02.8280104Z       source
2026-10-02T18:07:02.8280276Z       [1;33m^[0m
2026-10-02T18:07:02.8280375Z 
2026-10-02T18:07:02.8280378Z 
2026-10-02T18:07:02.8280481Z [1;33mwarning[0m: warning 76
2026-10-02T18:07:02.8280702Z   [1;34m-->[0m test.sn:1:1
2026-10-02T18:07:02.8280880Z       source
2026-10-02T18:07:02.8281048Z       [1;33m^[0m
2026-10-02T18:07:02.8281141Z 
2026-10-02T18:07:02.8281145Z 
2026-10-02T18:07:02.8281249Z [1;33mwarning[0m: warning 77
2026-10-02T18:07:02.8281474Z   [1;34m-->[0m test.sn:1:1
2026-10-02T18:07:02.8281654Z       source
2026-10-02T18:07:02.8281819Z       [1;33m^[0m
2026-10-02T18:07:02.8281916Z 
2026-10-02T18:07:02.8281919Z 
2026-10-02T18:07:02.8282016Z [1;33mwarning[0m: warning 78
2026-10-02T18:07:02.8282244Z   [1;34m-->[0m test.sn:1:1
2026-10-02T18:07:02.8282430Z       source
2026-10-02T18:07:02.8282631Z       [1;33m^[0m
2026-10-02T18:07:02.8282728Z 
2026-10-02T18:07:02.8282731Z 
2026-10-02T18:07:02.8282832Z [1;33mwarning[0m: warning 79
2026-10-02T18:07:02.8283163Z   [1;34m-->[0m test.sn:1:1
2026-10-02T18:07:02.8283349Z       source
2026-10-02T18:07:02.8283520Z       [1;33m^[0m
2026-10-02T18:07:02.8283628Z 
2026-10-02T18:07:02.8283632Z 
2026-10-02T18:07:02.8283848Z [1;33mwarning[0m: warning 80
2026-10-02T18:07:02.8284317Z   [1;34m-->[0m test.sn:1:1
2026-10-02T18:07:02.8284667Z       source
2026-10-02T18:07:02.8285009Z       [1;33m^[0m
2026-10-02T18:07:02.8285182Z 
2026-10-02T18:07:02.8285186Z 
2026-10-02T18:07:02.8285378Z [1;33mwarning[0m: warning 81
2026-10-02T18:07:02.8285810Z   [1;34m-->[0m test.sn:1:1
2026-10-02T18:07:02.8286154Z       source
2026-10-02T18:07:02.8286453Z       [1;33m^[0m
2026-10-02T18:07:02.8286634Z 
2026-10-02T18:07:02.8286650Z 
2026-10-02T18:07:02.8286842Z [1;33mwarning[0m: warning 82
2026-10-02T18:07:02.8287266Z   [1;34m-->[0m test.sn:1:1
2026-10-02T18:07:02.8287636Z       source
2026-10-02T18:07:02.8287975Z       [1;33m^[0m
2026-10-02T18:07:02.8288151Z 
2026-10-02T18:07:02.8288170Z 
2026-10-02T18:07:02.8288388Z [1;33mwarning[0m: warning 83
2026-10-02T18:07:02.8288844Z   [1;34m-->[0m test.sn:1:1
2026-10-02T18:07:02.8289198Z       source
2026-10-02T18:07:02.8289529Z       [1;33m^[0m
2026-10-02T18:07:02.8289707Z 
2026-10-02T18:07:02.8289712Z 
2026-10-02T18:07:02.8289921Z [1;33mwarning[0m: warning 84
2026-10-02T18:07:02.8290360Z   [1;34m-->[0m test.sn:1:1
2026-10-02T18:07:02.8290694Z       source
2026-10-02T18:07:02.8291009Z       [1;33m^[0m
2026-10-02T18:07:02.8291187Z 
2026-10-02T18:07:02.8291192Z 
2026-10-02T18:07:02.8291369Z [1;33mwarning[0m: warning 85
2026-10-02T18:07:02.8291777Z   [1;34m-->[0m test.sn:1:1
2026-10-02T18:07:02.8292668Z       source
2026-10-02T18:07:02.8293901Z       [1;33m^[0m
2026-10-02T18:07:02.8294122Z 
2026-10-02T18:07:02.8294128Z 
2026-10-02T18:07:02.8294346Z [1;33mwarning[0m: warning 86
2026-10-02T18:07:02.8294797Z   [1;34m-->[0m test.sn:1:1
2026-10-02T18:07:02.8295154Z       source
2026-10-02T18:07:02.8295498Z       [1;33m^[0m
2026-10-02T18:07:02.8295688Z 
2026-10-02T18:07:02.8295693Z 
2026-10-02T18:07:02.8295885Z [1;33mwarning[0m: warning 87
2026-10-02T18:07:02.8296318Z   [1;34m-->[0m test.sn:1:1
2026-10-02T18:07:02.8296671Z       source
2026-10-02T18:07:02.8297000Z       [1;33m^[0m
2026-10-02T18:07:02.8297187Z 
2026-10-02T18:07:02.8297193Z 
2026-10-02T18:07:02.8297394Z [1;33mwarning[0m: warning 88
2026-10-02T18:07:02.8297826Z   [1;34m-->[0m test.sn:1:1
2026-10-02T18:07:02.8298165Z       source
2026-10-02T18:07:02.8298485Z       [1;33m^[0m
2026-10-02T18:07:02.8298650Z 
2026-10-02T18:07:02.8298661Z 
2026-10-02T18:07:02.8298841Z [1;33mwarning[0m: warning 89
2026-10-02T18:07:02.8299252Z   [1;34m-->[0m test.sn:1:1
2026-10-02T18:07:02.8299809Z       source
2026-10-02T18:07:02.8306979Z       [1;33m^[0m
2026-10-02T18:07:02.8307542Z 
2026-10-02T18:07:02.8307552Z 
2026-10-02T18:07:02.8308356Z [1;33mwarning[0m: warning 90
2026-10-02T18:07:02.8309647Z   [1;34m-->[0m test.sn:1:1
2026-10-02T18:07:02.8310224Z       source
2026-10-02T18:07:02.8310597Z       [1;33m^[0m
2026-10-02T18:07:02.8310783Z 
2026-10-02T18:07:02.8310789Z 
2026-10-02T18:07:02.8310988Z [1;33mwarning[0m: warning 91
2026-10-02T18:07:02.8311408Z   [1;34m-->[0m test.sn:1:1
2026-10-02T18:07:02.8311731Z       source
2026-10-02T18:07:02.8312324Z       [1;33m^[0m
2026-10-02T18:07:02.8312529Z 
2026-10-02T18:07:02.8312537Z 
2026-10-02T18:07:02.8321064Z [1;33mwarning[0m: warning 92
2026-10-02T18:07:02.8322667Z   [1;34m-->[0m test.sn:1:1
2026-10-02T18:07:02.8323049Z       source
2026-10-02T18:07:02.8327613Z       [1;33m^[0m
2026-10-02T18:07:02.8327941Z 
2026-10-02T18:07:02.8327948Z 
2026-10-02T18:07:02.8328233Z [1;33mwarning[0m: warning 93
2026-10-02T18:07:02.8329067Z   [1;34m-->[0m test.sn:1:1
2026-10-02T18:07:02.8329473Z       source
2026-10-02T18:07:02.8329846Z       [1;33m^[0m
2026-10-02T18:07:02.8330021Z 
2026-10-02T18:07:02.8330028Z 
2026-10-02T18:07:02.8330224Z [1;33mwarning[0m: warning 94
2026-10-02T18:07:02.8330918Z   [1;34m-->[0m test.sn:1:1
2026-10-02T18:07:02.8331295Z       source
2026-10-02T18:07:02.8331626Z       [1;33m^[0m
2026-10-02T18:07:02.8331841Z 
2026-10-02T18:07:02.8331846Z 
2026-10-02T18:07:02.8332061Z [1;33mwarning[0m: warning 95
2026-10-02T18:07:02.8332502Z   [1;34m-->[0m test.sn:1:1
2026-10-02T18:07:02.8332845Z       source
2026-10-02T18:07:02.8333167Z       [1;33m^[0m
2026-10-02T18:07:02.8333340Z 
2026-10-02T18:07:02.8333346Z 
2026-10-02T18:07:02.8333546Z [1;33mwarning[0m: warning 96
2026-10-02T18:07:02.8334006Z   [1;34m-->[0m test.sn:1:1
2026-10-02T18:07:02.8334358Z       source
2026-10-02T18:07:02.8334676Z       [1;33m^[0m
2026-10-02T18:07:02.8335213Z 
2026-10-02T18:07:02.8335230Z 
2026-10-02T18:07:02.8335433Z [1;33mwarning[0m: warning 97
2026-10-02T18:07:02.8335856Z   [1;34m-->[0m test.sn:1:1
2026-10-02T18:07:02.8336174Z       source
2026-10-02T18:07:02.8336482Z       [1;33m^[0m
2026-10-02T18:07:02.8336650Z 
2026-10-02T18:07:02.8336664Z 
2026-10-02T18:07:02.8336864Z [1;33mwarning[0m: warning 98
2026-10-02T18:07:02.8337322Z   [1;34m-->[0m test.sn:1:1
2026-10-02T18:07:02.8337641Z       source
2026-10-02T18:07:02.8337950Z       [1;33m^[0m
2026-10-02T18:07:02.8338127Z 
2026-10-02T18:07:02.8338132Z 
2026-10-02T18:07:02.8338318Z [1;33mwarning[0m: warning 99
2026-10-02T18:07:02.8338739Z   [1;34m-->[0m test.sn:1:1
2026-10-02T18:07:02.8339082Z       source
2026-10-02T18:07:02.8339437Z       [1;33m^[0m
2026-10-02T18:07:02.8339625Z 
2026-10-02T18:07:02.8339631Z 
2026-10-02T18:07:02.8339829Z [1;31merror[0m: error 0
2026-10-02T18:07:02.8340058Z 
2026-10-02T18:07:02.8340063Z 
2026-10-02T18:07:02.8340268Z [1;33mwarning[0m: warning 0
2026-10-02T18:07:02.8340741Z   [1;34m-->[0m test.sn:1:1
2026-10-02T18:07:02.8341093Z       source
2026-10-02T18:07:02.8341410Z       [1;33m^[0m
2026-10-02T18:07:02.8341586Z 
2026-10-02T18:07:02.8341591Z 
2026-10-02T18:07:02.8341752Z [1;31merror[0m: error 1
2026-10-02T18:07:02.8341979Z 
2026-10-02T18:07:02.8341984Z 
2026-10-02T18:07:02.8342165Z [1;33mwarning[0m: warning 1
2026-10-02T18:07:02.8342572Z   [1;34m-->[0m test.sn:1:1
2026-10-02T18:07:02.8342900Z       source
2026-10-02T18:07:02.8343217Z       [1;33m^[0m
2026-10-02T18:07:02.8343385Z 
2026-10-02T18:07:02.8343390Z 
2026-10-02T18:07:02.8343560Z [1;31merror[0m: error 2
2026-10-02T18:07:02.8343780Z 
2026-10-02T18:07:02.8343786Z 
2026-10-02T18:07:02.8343972Z [1;33mwarning[0m: warning 2
2026-10-02T18:07:02.8344380Z   [1;34m-->[0m test.sn:1:1
2026-10-02T18:07:02.8344706Z       source
2026-10-02T18:07:02.8345011Z       [1;33m^[0m
2026-10-02T18:07:02.8345185Z 
2026-10-02T18:07:02.8345190Z 
2026-10-02T18:07:02.8345588Z [1;31merror[0m: error 3
2026-10-02T18:07:02.8345810Z 
2026-10-02T18:07:02.8345814Z 
2026-10-02T18:07:02.8346026Z [1;33mwarning[0m: warning 3
2026-10-02T18:07:02.8346444Z   [1;34m-->[0m test.sn:1:1
2026-10-02T18:07:02.8346784Z       source
2026-10-02T18:07:02.8347124Z       [1;33m^[0m
2026-10-02T18:07:02.8347295Z 
2026-10-02T18:07:02.8347299Z 
2026-10-02T18:07:02.8347458Z [1;31merror[0m: error 4
2026-10-02T18:07:02.8347675Z 
2026-10-02T18:07:02.8347680Z 
2026-10-02T18:07:02.8347850Z [1;33mwarning[0m: warning 4
2026-10-02T18:07:02.8348259Z   [1;34m-->[0m test.sn:1:1
2026-10-02T18:07:02.8348588Z       source
2026-10-02T18:07:02.8348901Z       [1;33m^[0m
2026-10-02T18:07:02.8349071Z 
2026-10-02T18:07:02.8349076Z 
2026-10-02T18:07:02.8349256Z [1;31merror[0m: error 5
2026-10-02T18:07:02.8349472Z 
2026-10-02T18:07:02.8349477Z 
2026-10-02T18:07:02.8349680Z [1;33mwarning[0m: warning 5
2026-10-02T18:07:02.8350095Z   [1;34m-->[0m test.sn:1:1
2026-10-02T18:07:02.8350434Z       source
2026-10-02T18:07:02.8350773Z       [1;33m^[0m
2026-10-02T18:07:02.8350978Z 
2026-10-02T18:07:02.8350986Z 
2026-10-02T18:07:02.8351179Z [1;31merror[0m: error 6
2026-10-02T18:07:02.8351393Z 
2026-10-02T18:07:02.8351398Z 
2026-10-02T18:07:02.8351578Z [1;33mwarning[0m: warning 6
2026-10-02T18:07:02.8352247Z   [1;34m-->[0m test.sn:1:1
2026-10-02T18:07:02.8353282Z       source
2026-10-02T18:07:02.8353638Z       [1;33m^[0m
2026-10-02T18:07:02.8353824Z 
2026-10-02T18:07:02.8353829Z 
2026-10-02T18:07:02.8354013Z [1;31merror[0m: error 7
2026-10-02T18:07:02.8354238Z 
2026-10-02T18:07:02.8354252Z 
2026-10-02T18:07:02.8354462Z [1;33mwarning[0m: warning 7
2026-10-02T18:07:02.8354911Z   [1;34m-->[0m test.sn:1:1
2026-10-02T18:07:02.8355250Z       source
2026-10-02T18:07:02.8355576Z       [1;33m^[0m
2026-10-02T18:07:02.8355762Z 
2026-10-02T18:07:02.8355767Z 
2026-10-02T18:07:02.8355950Z [1;31merror[0m: error 8
2026-10-02T18:07:02.8356165Z 
2026-10-02T18:07:02.8356170Z 
2026-10-02T18:07:02.8356379Z [1;33mwarning[0m: warning 8
2026-10-02T18:07:02.8356806Z   [1;34m-->[0m test.sn:1:1
2026-10-02T18:07:02.8357156Z       source
2026-10-02T18:07:02.8357494Z       [1;33m^[0m
2026-10-02T18:07:02.8357674Z 
2026-10-02T18:07:02.8357679Z 
2026-10-02T18:07:02.8357862Z [1;31merror[0m: error 9
2026-10-02T18:07:02.8358082Z 
2026-10-02T18:07:02.8358087Z 
2026-10-02T18:07:02.8358267Z [1;33mwarning[0m: warning 9
2026-10-02T18:07:02.8358660Z   [1;34m-->[0m test.sn:1:1
2026-10-02T18:07:02.8359001Z       source
2026-10-02T18:07:02.8359348Z       [1;33m^[0m
2026-10-02T18:07:02.8359522Z 
2026-10-02T18:07:02.8359527Z 
2026-10-02T18:07:02.8359706Z [1;31merror[0m: error 10
2026-10-02T18:07:02.8359926Z 
2026-10-02T18:07:02.8359931Z 
2026-10-02T18:07:02.8360128Z [1;33mwarning[0m: warning 10
2026-10-02T18:07:02.8360590Z   [1;34m-->[0m test.sn:1:1
2026-10-02T18:07:02.8360938Z       source
2026-10-02T18:07:02.8361258Z       [1;33m^[0m
2026-10-02T18:07:02.8361440Z 
2026-10-02T18:07:02.8361454Z 
2026-10-02T18:07:02.8361627Z [1;31merror[0m: error 11
2026-10-02T18:07:02.8361853Z 
2026-10-02T18:07:02.8361858Z 
2026-10-02T18:07:02.8362040Z [1;33mwarning[0m: warning 11
2026-10-02T18:07:02.8362462Z   [1;34m-->[0m test.sn:1:1
2026-10-02T18:07:02.8362798Z       source
2026-10-02T18:07:02.8363102Z       [1;33m^[0m
2026-10-02T18:07:02.8363269Z 
2026-10-02T18:07:02.8363273Z 
2026-10-02T18:07:02.8363448Z [1;31merror[0m: error 12
2026-10-02T18:07:02.8363666Z 
2026-10-02T18:07:02.8363678Z 
2026-10-02T18:07:02.8363855Z [1;33mwarning[0m: warning 12
2026-10-02T18:07:02.8364261Z   [1;34m-->[0m test.sn:1:1
2026-10-02T18:07:02.8364605Z       source
2026-10-02T18:07:02.8364943Z       [1;33m^[0m
2026-10-02T18:07:02.8365138Z 
2026-10-02T18:07:02.8365143Z 
2026-10-02T18:07:02.8365340Z [1;31merror[0m: error 13
2026-10-02T18:07:02.8365583Z 
2026-10-02T18:07:02.8365588Z 
2026-10-02T18:07:02.8365804Z [1;33mwarning[0m: warning 13
2026-10-02T18:07:02.8366469Z   [1;34m-->[0m test.sn:1:1
2026-10-02T18:07:02.8366818Z       source
2026-10-02T18:07:02.8367152Z       [1;33m^[0m
2026-10-02T18:07:02.8367326Z 
2026-10-02T18:07:02.8367337Z 
2026-10-02T18:07:02.8367506Z [1;31merror[0m: error 14
2026-10-02T18:07:02.8367725Z 
2026-10-02T18:07:02.8367730Z 
2026-10-02T18:07:02.8438820Z [1;33mwarning[0m: warning 14
2026-10-02T18:07:02.8468882Z   [1;34m-->[0m test.sn:1:1
2026-10-02T18:07:02.8469267Z       source
2026-10-02T18:07:02.8469610Z       [1;33m^[0m
2026-10-02T18:07:02.8469784Z 
2026-10-02T18:07:02.8469790Z 
2026-10-02T18:07:02.8469988Z [1;31merror[0m: error 15
2026-10-02T18:07:02.8470218Z 
2026-10-02T18:07:02.8470223Z 
2026-10-02T18:07:02.8470418Z [1;33mwarning[0m: warning 15
2026-10-02T18:07:02.8470842Z   [1;34m-->[0m test.sn:1:1
2026-10-02T18:07:02.8471177Z       source
2026-10-02T18:07:02.8471496Z       [1;33m^[0m
2026-10-02T18:07:02.8471689Z 
2026-10-02T18:07:02.8471694Z 
2026-10-02T18:07:02.8471891Z [1;31merror[0m: error 16
2026-10-02T18:07:02.8472151Z 
2026-10-02T18:07:02.8472158Z 
2026-10-02T18:07:02.8472375Z [1;33mwarning[0m: warning 16
2026-10-02T18:07:02.8472859Z   [1;34m-->[0m test.sn:1:1
2026-10-02T18:07:02.8473208Z       source
2026-10-02T18:07:02.8473535Z       [1;33m^[0m
2026-10-02T18:07:02.8474320Z 
2026-10-02T18:07:02.8474326Z 
2026-10-02T18:07:02.8474551Z [1;31merror[0m: error 17
2026-10-02T18:07:02.8474782Z 
2026-10-02T18:07:02.8474786Z 
2026-10-02T18:07:02.8474983Z [1;33mwarning[0m: warning 17
2026-10-02T18:07:02.8475416Z   [1;34m-->[0m test.sn:1:1
2026-10-02T18:07:02.8475763Z       source
2026-10-02T18:07:02.8476085Z       [1;33m^[0m
2026-10-02T18:07:02.8476276Z 
2026-10-02T18:07:02.8476281Z 
2026-10-02T18:07:02.8476476Z [1;31merror[0m: error 18
2026-10-02T18:07:02.8476724Z 
2026-10-02T18:07:02.8476729Z 
2026-10-02T18:07:02.8476969Z [1;33mwarning[0m: warning 18
2026-10-02T18:07:02.8477441Z   [1;34m-->[0m test.sn:1:1
2026-10-02T18:07:02.8477791Z       source
2026-10-02T18:07:02.8478128Z       [1;33m^[0m
2026-10-02T18:07:02.8478302Z 
2026-10-02T18:07:02.8478313Z 
2026-10-02T18:07:02.8478481Z [1;31merror[0m: error 19
2026-10-02T18:07:02.8478726Z 
2026-10-02T18:07:02.8478731Z 
2026-10-02T18:07:02.8478933Z [1;33mwarning[0m: warning 19
2026-10-02T18:07:02.8479377Z   [1;34m-->[0m test.sn:1:1
2026-10-02T18:07:02.8479712Z       source
2026-10-02T18:07:02.8480053Z       [1;33m^[0m
2026-10-02T18:07:02.8480232Z 
2026-10-02T18:07:02.8480238Z 
2026-10-02T18:07:02.8480432Z [1;31merror[0m: error 20
2026-10-02T18:07:02.8480657Z 
2026-10-02T18:07:02.8480662Z 
2026-10-02T18:07:02.8480865Z [1;33mwarning[0m: warning 20
2026-10-02T18:07:02.8481299Z   [1;34m-->[0m test.sn:1:1
2026-10-02T18:07:02.8481660Z       source
2026-10-02T18:07:02.8482020Z       [1;33m^[0m
2026-10-02T18:07:02.8482209Z 
2026-10-02T18:07:02.8482214Z 
2026-10-02T18:07:02.8482401Z [1;31merror[0m: error 21
2026-10-02T18:07:02.8482640Z 
2026-10-02T18:07:02.8482644Z 
2026-10-02T18:07:02.8482871Z [1;33mwarning[0m: warning 21
2026-10-02T18:07:02.8483328Z   [1;34m-->[0m test.sn:1:1
2026-10-02T18:07:02.8483666Z       source
2026-10-02T18:07:02.8483984Z       [1;33m^[0m
2026-10-02T18:07:02.8484177Z 
2026-10-02T18:07:02.8484182Z 
2026-10-02T18:07:02.8484399Z [1;31merror[0m: error 22
2026-10-02T18:07:02.8484637Z 
2026-10-02T18:07:02.8484642Z 
2026-10-02T18:07:02.8484851Z [1;33mwarning[0m: warning 22
2026-10-02T18:07:02.8485281Z   [1;34m-->[0m test.sn:1:1
2026-10-02T18:07:02.8485609Z       source
2026-10-02T18:07:02.8485925Z       [1;33m^[0m
2026-10-02T18:07:02.8486108Z 
2026-10-02T18:07:02.8486113Z 
2026-10-02T18:07:02.8486357Z [1;31merror[0m: error 23
2026-10-02T18:07:02.8486692Z 
2026-10-02T18:07:02.8486698Z 
2026-10-02T18:07:02.8487003Z [1;33mwarning[0m: warning 23
2026-10-02T18:07:02.8488238Z   [1;34m-->[0m test.sn:1:1
2026-10-02T18:07:02.8488801Z       source
2026-10-02T18:07:02.8489357Z       [1;33m^[0m
2026-10-02T18:07:02.8489639Z 
2026-10-02T18:07:02.8489861Z 
2026-10-02T18:07:02.8490209Z [1;31merror[0m: error 24
2026-10-02T18:07:02.8490519Z 
2026-10-02T18:07:02.8490525Z 
2026-10-02T18:07:02.8490871Z [1;33mwarning[0m: warning 24
2026-10-02T18:07:02.8492092Z   [1;34m-->[0m test.sn:1:1
2026-10-02T18:07:02.8492704Z       source
2026-10-02T18:07:02.8512997Z       [1;33m^[0m
2026-10-02T18:07:02.8513224Z 
2026-10-02T18:07:02.8513231Z 
2026-10-02T18:07:02.8513461Z [1;31merror[0m: error 25
2026-10-02T18:07:02.8513713Z 
2026-10-02T18:07:02.8513718Z 
2026-10-02T18:07:02.8513953Z [1;33mwarning[0m: warning 25
2026-10-02T18:07:02.8514449Z   [1;34m-->[0m test.sn:1:1
2026-10-02T18:07:02.8514814Z       source
2026-10-02T18:07:02.8515182Z       [1;33m^[0m
2026-10-02T18:07:02.8515386Z 
2026-10-02T18:07:02.8515392Z 
2026-10-02T18:07:02.8515599Z [1;31merror[0m: error 26
2026-10-02T18:07:02.8515852Z 
2026-10-02T18:07:02.8515857Z 
2026-10-02T18:07:02.8516079Z [1;33mwarning[0m: warning 26
2026-10-02T18:07:02.8516567Z   [1;34m-->[0m test.sn:1:1
2026-10-02T18:07:02.8516940Z       source
2026-10-02T18:07:02.8517299Z       [1;33m^[0m
2026-10-02T18:07:02.8517490Z 
2026-10-02T18:07:02.8517495Z 
2026-10-02T18:07:02.8517699Z [1;31merror[0m: error 27
2026-10-02T18:07:02.8517945Z 
2026-10-02T18:07:02.8518180Z 
2026-10-02T18:07:02.8518422Z [1;33mwarning[0m: warning 27
2026-10-02T18:07:02.8518897Z   [1;34m-->[0m test.sn:1:1
2026-10-02T18:07:02.8519257Z       source
2026-10-02T18:07:02.8519625Z       [1;33m^[0m
2026-10-02T18:07:02.8519823Z 
2026-10-02T18:07:02.8519829Z 
2026-10-02T18:07:02.8522842Z [1;31merror[0m: error 28
2026-10-02T18:07:02.8523121Z 
2026-10-02T18:07:02.8523128Z 
2026-10-02T18:07:02.8523373Z [1;33mwarning[0m: warning 28
2026-10-02T18:07:02.8523869Z   [1;34m-->[0m test.sn:1:1
2026-10-02T18:07:02.8524235Z       source
2026-10-02T18:07:02.8524601Z       [1;33m^[0m
2026-10-02T18:07:02.8524802Z 
2026-10-02T18:07:02.8524809Z 
2026-10-02T18:07:02.8525014Z [1;31merror[0m: error 29
2026-10-02T18:07:02.8525273Z 
2026-10-02T18:07:02.8525279Z 
2026-10-02T18:07:02.8525491Z [1;33mwarning[0m: warning 29
2026-10-02T18:07:02.8525969Z   [1;34m-->[0m test.sn:1:1
2026-10-02T18:07:02.8526339Z       source
2026-10-02T18:07:02.8526693Z       [1;33m^[0m
2026-10-02T18:07:02.8526893Z 
2026-10-02T18:07:02.8526898Z 
2026-10-02T18:07:02.8527101Z [1;31merror[0m: error 30
2026-10-02T18:07:02.8527330Z 
2026-10-02T18:07:02.8527345Z 
2026-10-02T18:07:02.8527554Z [1;33mwarning[0m: warning 30
2026-10-02T18:07:02.8528005Z   [1;34m-->[0m test.sn:1:1
2026-10-02T18:07:02.8528358Z       source
2026-10-02T18:07:02.8528680Z       [1;33m^[0m
2026-10-02T18:07:02.8528874Z 
2026-10-02T18:07:02.8528880Z 
2026-10-02T18:07:02.8529074Z [1;31merror[0m: error 31
2026-10-02T18:07:02.8529324Z 
2026-10-02T18:07:02.8529329Z 
2026-10-02T18:07:02.8529881Z [1;33mwarning[0m: warning 31
2026-10-02T18:07:02.8530326Z   [1;34m-->[0m test.sn:1:1
2026-10-02T18:07:02.8530662Z       source
2026-10-02T18:07:02.8530981Z       [1;33m^[0m
2026-10-02T18:07:02.8531161Z 
2026-10-02T18:07:02.8531166Z 
2026-10-02T18:07:02.8531331Z [1;31merror[0m: error 32
2026-10-02T18:07:02.8531541Z 
2026-10-02T18:07:02.8531546Z 
2026-10-02T18:07:02.8531729Z [1;33mwarning[0m: warning 32
2026-10-02T18:07:02.8532151Z   [1;34m-->[0m test.sn:1:1
2026-10-02T18:07:02.8532503Z       source
2026-10-02T18:07:02.8532830Z       [1;33m^[0m
2026-10-02T18:07:02.8533003Z 
2026-10-02T18:07:02.8533007Z 
2026-10-02T18:07:02.8533180Z [1;31merror[0m: error 33
2026-10-02T18:07:02.8533399Z 
2026-10-02T18:07:02.8533404Z 
2026-10-02T18:07:02.8533592Z [1;33mwarning[0m: warning 33
2026-10-02T18:07:02.8534003Z   [1;34m-->[0m test.sn:1:1
2026-10-02T18:07:02.8534339Z       source
2026-10-02T18:07:02.8534641Z       [1;33m^[0m
2026-10-02T18:07:02.8534820Z 
2026-10-02T18:07:02.8534825Z 
2026-10-02T18:07:02.8534993Z [1;31merror[0m: error 34
2026-10-02T18:07:02.8535208Z 
2026-10-02T18:07:02.8535213Z 
2026-10-02T18:07:02.8535604Z [1;33mwarning[0m: warning 34
2026-10-02T18:07:02.8536031Z   [1;34m-->[0m test.sn:1:1
2026-10-02T18:07:02.8536352Z       source
2026-10-02T18:07:02.8536662Z       [1;33m^[0m
2026-10-02T18:07:02.8536836Z 
2026-10-02T18:07:02.8536841Z 
2026-10-02T18:07:02.8537021Z [1;31merror[0m: error 35
2026-10-02T18:07:02.8537239Z 
2026-10-02T18:07:02.8537252Z 
2026-10-02T18:07:02.8537433Z [1;33mwarning[0m: warning 35
2026-10-02T18:07:02.8537842Z   [1;34m-->[0m test.sn:1:1
2026-10-02T18:07:02.8538164Z       source
2026-10-02T18:07:02.8538471Z       [1;33m^[0m
2026-10-02T18:07:02.8538651Z 
2026-10-02T18:07:02.8538655Z 
2026-10-02T18:07:02.8538823Z [1;31merror[0m: error 36
2026-10-02T18:07:02.8539047Z 
2026-10-02T18:07:02.8539052Z 
2026-10-02T18:07:02.8539236Z [1;33mwarning[0m: warning 36
2026-10-02T18:07:02.8539637Z   [1;34m-->[0m test.sn:1:1
2026-10-02T18:07:02.8539968Z       source
2026-10-02T18:07:02.8540271Z       [1;33m^[0m
2026-10-02T18:07:02.8540438Z 
2026-10-02T18:07:02.8540450Z 
2026-10-02T18:07:02.8540624Z [1;31merror[0m: error 37
2026-10-02T18:07:02.8540852Z 
2026-10-02T18:07:02.8540857Z 
2026-10-02T18:07:02.8541037Z [1;33mwarning[0m: warning 37
2026-10-02T18:07:02.8541449Z   [1;34m-->[0m test.sn:1:1
2026-10-02T18:07:02.8541945Z       source
2026-10-02T18:07:02.8542261Z       [1;33m^[0m
2026-10-02T18:07:02.8542427Z 
2026-10-02T18:07:02.8542432Z 
2026-10-02T18:07:02.8542608Z [1;31merror[0m: error 38
2026-10-02T18:07:02.8542826Z 
2026-10-02T18:07:02.8542831Z 
2026-10-02T18:07:02.8543016Z [1;33mwarning[0m: warning 38
2026-10-02T18:07:02.8543433Z   [1;34m-->[0m test.sn:1:1
2026-10-02T18:07:02.8543759Z       source
2026-10-02T18:07:02.8544077Z       [1;33m^[0m
2026-10-02T18:07:02.8544253Z 
2026-10-02T18:07:02.8544258Z 
2026-10-02T18:07:02.8544420Z [1;31merror[0m: error 39
2026-10-02T18:07:02.8544644Z 
2026-10-02T18:07:02.8544648Z 
2026-10-02T18:07:02.8544824Z [1;33mwarning[0m: warning 39
2026-10-02T18:07:02.8545220Z   [1;34m-->[0m test.sn:1:1
2026-10-02T18:07:02.8545541Z       source
2026-10-02T18:07:02.8545850Z       [1;33m^[0m
2026-10-02T18:07:02.8546015Z 
2026-10-02T18:07:02.8546020Z 
2026-10-02T18:07:02.8546189Z [1;31merror[0m: error 40
2026-10-02T18:07:02.8546399Z 
2026-10-02T18:07:02.8546410Z 
2026-10-02T18:07:02.8546583Z [1;33mwarning[0m: warning 40
2026-10-02T18:07:02.8546974Z   [1;34m-->[0m test.sn:1:1
2026-10-02T18:07:02.8547287Z       source
2026-10-02T18:07:02.8547585Z       [1;33m^[0m
2026-10-02T18:07:02.8547756Z 
2026-10-02T18:07:02.8547761Z 
2026-10-02T18:07:02.8547924Z [1;31merror[0m: error 41
2026-10-02T18:07:02.8548148Z 
2026-10-02T18:07:02.8548153Z 
2026-10-02T18:07:02.8548332Z [1;33mwarning[0m: warning 41
2026-10-02T18:07:02.8548741Z   [1;34m-->[0m test.sn:1:1
2026-10-02T18:07:02.8549063Z       source
2026-10-02T18:07:02.8549367Z       [1;33m^[0m
2026-10-02T18:07:02.8549536Z 
2026-10-02T18:07:02.8549540Z 
2026-10-02T18:07:02.8549998Z [1;31merror[0m: error 42
2026-10-02T18:07:02.8550227Z 
2026-10-02T18:07:02.8550239Z 
2026-10-02T18:07:02.8550428Z [1;33mwarning[0m: warning 42
2026-10-02T18:07:02.8550833Z   [1;34m-->[0m test.sn:1:1
2026-10-02T18:07:02.8551147Z       source
2026-10-02T18:07:02.8551449Z       [1;33m^[0m
2026-10-02T18:07:02.8551629Z 
2026-10-02T18:07:02.8551634Z 
2026-10-02T18:07:02.8551802Z [1;31merror[0m: error 43
2026-10-02T18:07:02.8552014Z 
2026-10-02T18:07:02.8552019Z 
2026-10-02T18:07:02.8552194Z [1;33mwarning[0m: warning 43
2026-10-02T18:07:02.8552590Z   [1;34m-->[0m test.sn:1:1
2026-10-02T18:07:02.8552908Z       source
2026-10-02T18:07:02.8553196Z       [1;33m^[0m
2026-10-02T18:07:02.8553366Z 
2026-10-02T18:07:02.8553371Z 
2026-10-02T18:07:02.8553528Z [1;31merror[0m: error 44
2026-10-02T18:07:02.8553742Z 
2026-10-02T18:07:02.8553747Z 
2026-10-02T18:07:02.8553916Z [1;33mwarning[0m: warning 44
2026-10-02T18:07:02.8554306Z   [1;34m-->[0m test.sn:1:1
2026-10-02T18:07:02.8554617Z       source
2026-10-02T18:07:02.8555086Z       [1;33m^[0m
2026-10-02T18:07:02.8555268Z 
2026-10-02T18:07:02.8555272Z 
2026-10-02T18:07:02.8555451Z [1;31merror[0m: error 45
2026-10-02T18:07:02.8555660Z 
2026-10-02T18:07:02.8555665Z 
2026-10-02T18:07:02.8555845Z [1;33mwarning[0m: warning 45
2026-10-02T18:07:02.8556273Z   [1;34m-->[0m test.sn:1:1
2026-10-02T18:07:02.8556607Z       source
2026-10-02T18:07:02.8556938Z       [1;33m^[0m
2026-10-02T18:07:02.8557129Z 
2026-10-02T18:07:02.8557134Z 
2026-10-02T18:07:02.8557327Z [1;31merror[0m: error 46
2026-10-02T18:07:02.8557566Z 
2026-10-02T18:07:02.8557570Z 
2026-10-02T18:07:02.8557780Z [1;33mwarning[0m: warning 46
2026-10-02T18:07:02.8558218Z   [1;34m-->[0m test.sn:1:1
2026-10-02T18:07:02.8558869Z       source
2026-10-02T18:07:02.8559257Z       [1;33m^[0m
2026-10-02T18:07:02.8559710Z 
2026-10-02T18:07:02.8559717Z 
2026-10-02T18:07:02.8559947Z [1;31merror[0m: error 47
2026-10-02T18:07:02.8560187Z 
2026-10-02T18:07:02.8560200Z 
2026-10-02T18:07:02.8560711Z [1;33mwarning[0m: warning 47
2026-10-02T18:07:02.8561170Z   [1;34m-->[0m test.sn:1:1
2026-10-02T18:07:02.8561504Z       source
2026-10-02T18:07:02.8561818Z       [1;33m^[0m
2026-10-02T18:07:02.8561997Z 
2026-10-02T18:07:02.8562002Z 
2026-10-02T18:07:02.8562169Z [1;31merror[0m: error 48
2026-10-02T18:07:02.8562588Z 
2026-10-02T18:07:02.8562593Z 
2026-10-02T18:07:02.8562793Z [1;33mwarning[0m: warning 48
2026-10-02T18:07:02.8563229Z   [1;34m-->[0m test.sn:1:1
2026-10-02T18:07:02.8563574Z       source
2026-10-02T18:07:02.8563926Z       [1;33m^[0m
2026-10-02T18:07:02.8564103Z 
2026-10-02T18:07:02.8564116Z 
2026-10-02T18:07:02.8564299Z [1;31merror[0m: error 49
2026-10-02T18:07:02.8564526Z 
2026-10-02T18:07:02.8564531Z 
2026-10-02T18:07:02.8564724Z [1;33mwarning[0m: warning 49
2026-10-02T18:07:02.8565128Z   [1;34m-->[0m test.sn:1:1
2026-10-02T18:07:02.8565451Z       source
2026-10-02T18:07:02.8565761Z       [1;33m^[0m
2026-10-02T18:07:02.8565944Z 
2026-10-02T18:07:02.8565949Z 
2026-10-02T18:07:02.8581521Z [1;31merror[0m: xxxxxxxxxxxxxxxxxxxxxxxxxxxxxxxxxxxxxxxxxxxxxxxxxxxxxxxxxxxxxxxxxxxxxxxxxxxxxxxxxxxxxxxxxxxxxxxxxxxxxxxxxxxxxxxxxxxxxxxxxxxxxxxxxxxxxxxxxxxxxxxxxxxxxxxxxxxxxxxxxxxxxxxxxxxxxxxxxxxxxxxxxxxxxxxxxxxxxxxxxxxxxxxxxxxxxxxxxxxxxxxxxxxxxxxxxxxxxxxxxxxxxxxxxxxxxxxxxxxxxxxxxxxxxxxxxxxxxxxxxxxxxxxxxxxxxxxxxxxxxxxxxxxxxxxxxxxxxxxxxxxxxxxxxxxxxxxxxxxxxxxxxxxxxxxxxxxxxxxxxxxxxxxxxxxxxxxxxxxxxxxxxxxxxxxxxxxxxxxxxxxxxxxxxxxxxxxxxxxxxxxxxxxxxxxxxxxxxxxxxxxxxxxxxxxxxxxxxxxxxxxxxxxxxxxxxxxxxxxxxxxxxxxxxxxxxxxxxxxxxxxxxxxxxxx
2026-10-02T18:07:02.8592281Z 
2026-10-02T18:07:02.8592287Z 
2026-10-02T18:07:02.8592563Z [1;31merror[0m: error with special chars: <>"'&%
2026-10-02T18:07:02.8593143Z 
2026-10-02T18:07:02.8593147Z 
2026-10-02T18:07:02.8593286Z [1;31merror[0m: error
2026-10-02T18:07:02.8593418Z 
2026-10-02T18:07:02.8593423Z 
2026-10-02T18:07:02.8593528Z [1;31merror[0m: error
2026-10-02T18:07:02.8593646Z 
2026-10-02T18:07:02.8593649Z 
2026-10-02T18:07:02.8593757Z [1;31merror[0m: error
2026-10-02T18:07:02.8593875Z 
2026-10-02T18:07:02.8593878Z 
2026-10-02T18:07:02.8593970Z [1;31merror[0m: error
2026-10-02T18:07:02.8594086Z 
2026-10-02T18:07:02.8594089Z 
2026-10-02T18:07:02.8594180Z [1;31merror[0m: error
2026-10-02T18:07:02.8594299Z 
2026-10-02T18:07:02.8594302Z 
2026-10-02T18:07:02.8594403Z [1;31merror[0m: error
2026-10-02T18:07:02.8594511Z 
2026-10-02T18:07:02.8594514Z 
2026-10-02T18:07:02.8594610Z [1;31merror[0m: error
2026-10-02T18:07:02.8594815Z 
2026-10-02T18:07:02.8594818Z 
2026-10-02T18:07:02.8594914Z [1;31merror[0m: error
2026-10-02T18:07:02.8595026Z 
2026-10-02T18:07:02.8595034Z 
2026-10-02T18:07:02.8595124Z [1;31merror[0m: error
2026-10-02T18:07:02.8595238Z 
2026-10-02T18:07:02.8595241Z 
2026-10-02T18:07:02.8595328Z [1;31merror[0m: error
2026-10-02T18:07:02.8595441Z 
2026-10-02T18:07:02.8595444Z 
2026-10-02T18:07:02.8595534Z [1;31merror[0m: error
2026-10-02T18:07:02.8595646Z 
2026-10-02T18:07:02.8595649Z 
2026-10-02T18:07:02.8595932Z [1;31merror[0m: error
2026-10-02T18:07:02.8596061Z 
2026-10-02T18:07:02.8596064Z 
2026-10-02T18:07:02.8596164Z [1;31merror[0m: error
2026-10-02T18:07:02.8596277Z 
2026-10-02T18:07:02.8596280Z 
2026-10-02T18:07:02.8596374Z [1;31merror[0m: error
2026-10-02T18:07:02.8596488Z 
2026-10-02T18:07:02.8596497Z 
2026-10-02T18:07:02.8596585Z [1;31merror[0m: error
2026-10-02T18:07:02.8596699Z 
2026-10-02T18:07:02.8596702Z 
2026-10-02T18:07:02.8596790Z [1;31merror[0m: error
2026-10-02T18:07:02.8596907Z 
2026-10-02T18:07:02.8596910Z 
2026-10-02T18:07:02.8596998Z [1;31merror[0m: error
2026-10-02T18:07:02.8597119Z 
2026-10-02T18:07:02.8597122Z 
2026-10-02T18:07:02.8597218Z [1;31merror[0m: error
2026-10-02T18:07:02.8597328Z 
2026-10-02T18:07:02.8597331Z 
2026-10-02T18:07:02.8597426Z [1;31merror[0m: error
2026-10-02T18:07:02.8597533Z 
2026-10-02T18:07:02.8597536Z 
2026-10-02T18:07:02.8597629Z [1;31merror[0m: error
2026-10-02T18:07:02.8597744Z 
2026-10-02T18:07:02.8597747Z 
2026-10-02T18:07:02.8597839Z [1;31merror[0m: error
2026-10-02T18:07:02.8597955Z 
2026-10-02T18:07:02.8597958Z 
2026-10-02T18:07:02.8598045Z [1;31merror[0m: error
2026-10-02T18:07:02.8598158Z 
2026-10-02T18:07:02.8598160Z 
2026-10-02T18:07:02.8598349Z [1;31merror[0m: error
2026-10-02T18:07:02.8598464Z 
2026-10-02T18:07:02.8598468Z 
2026-10-02T18:07:02.8598562Z [1;31merror[0m: error
2026-10-02T18:07:02.8598674Z 
2026-10-02T18:07:02.8598676Z 
2026-10-02T18:07:02.8598772Z [1;31merror[0m: error
2026-10-02T18:07:02.8598881Z 
2026-10-02T18:07:02.8598884Z 
2026-10-02T18:07:02.8598978Z [1;31merror[0m: error
2026-10-02T18:07:02.8599149Z 
2026-10-02T18:07:02.8599153Z 
2026-10-02T18:07:02.8600375Z [1;31merror[0m: error
2026-10-02T18:07:02.8601505Z 
2026-10-02T18:07:02.8601512Z 
2026-10-02T18:07:02.8603460Z [1;31merror[0m: error
2026-10-02T18:07:02.8606268Z 
2026-10-02T18:07:02.8606275Z 
2026-10-02T18:07:02.8606535Z [1;31merror[0m: error
2026-10-02T18:07:02.8606784Z 
2026-10-02T18:07:02.8606807Z 
2026-10-02T18:07:02.8607008Z [1;31merror[0m: error
2026-10-02T18:07:02.8607224Z 
2026-10-02T18:07:02.8607229Z 
2026-10-02T18:07:02.8607404Z [1;31merror[0m: error
2026-10-02T18:07:02.8607608Z 
2026-10-02T18:07:02.8607613Z 
2026-10-02T18:07:02.8607786Z [1;31merror[0m: error
2026-10-02T18:07:02.8607988Z 
2026-10-02T18:07:02.8607993Z 
2026-10-02T18:07:02.8608150Z [1;31merror[0m: error
2026-10-02T18:07:02.8608356Z 
2026-10-02T18:07:02.8608360Z 
2026-10-02T18:07:02.8608524Z [1;31merror[0m: error
2026-10-02T18:07:02.8608735Z 
2026-10-02T18:07:02.8608740Z 
2026-10-02T18:07:02.8608924Z [1;31merror[0m: error
2026-10-02T18:07:02.8609147Z 
2026-10-02T18:07:02.8609152Z 
2026-10-02T18:07:02.8609359Z [1;31merror[0m: error
2026-10-02T18:07:02.8609589Z 
2026-10-02T18:07:02.8609593Z 
2026-10-02T18:07:02.8609811Z [1;31merror[0m: error
2026-10-02T18:07:02.8610026Z 
2026-10-02T18:07:02.8610031Z 
2026-10-02T18:07:02.8610233Z [1;31merror[0m: error
2026-10-02T18:07:02.8610464Z 
2026-10-02T18:07:02.8610470Z 
2026-10-02T18:07:02.8610648Z [1;31merror[0m: error
2026-10-02T18:07:02.8610861Z 
2026-10-02T18:07:02.8610866Z 
2026-10-02T18:07:02.8611034Z [1;31merror[0m: error
2026-10-02T18:07:02.8611238Z 
2026-10-02T18:07:02.8611249Z 
2026-10-02T18:07:02.8611414Z [1;31merror[0m: error
2026-10-02T18:07:02.8611615Z 
2026-10-02T18:07:02.8611619Z 
2026-10-02T18:07:02.8611775Z [1;31merror[0m: error
2026-10-02T18:07:02.8611975Z 
2026-10-02T18:07:02.8611979Z 
2026-10-02T18:07:02.8612161Z [1;31merror[0m: error
2026-10-02T18:07:02.8612367Z 
2026-10-02T18:07:02.8612372Z 
2026-10-02T18:07:02.8612569Z [1;31merror[0m: error
2026-10-02T18:07:02.8613326Z 
2026-10-02T18:07:02.8613332Z 
2026-10-02T18:07:02.8613539Z [1;31merror[0m: error
2026-10-02T18:07:02.8613767Z 
2026-10-02T18:07:02.8613772Z 
2026-10-02T18:07:02.8613953Z [1;31merror[0m: error
2026-10-02T18:07:02.8614174Z 
2026-10-02T18:07:02.8614178Z 
2026-10-02T18:07:02.8614371Z [1;31merror[0m: error
2026-10-02T18:07:02.8614817Z 
2026-10-02T18:07:02.8614826Z 
2026-10-02T18:07:02.8615022Z [1;31merror[0m: error
2026-10-02T18:07:02.8615226Z 
2026-10-02T18:07:02.8615231Z 
2026-10-02T18:07:02.8615409Z [1;31merror[0m: error
2026-10-02T18:07:02.8615603Z 
2026-10-02T18:07:02.8615617Z 
2026-10-02T18:07:02.8615794Z [1;31merror[0m: error
2026-10-02T18:07:02.8616398Z 
2026-10-02T18:07:02.8616406Z 
2026-10-02T18:07:02.8616688Z [1;31merror[0m: error
2026-10-02T18:07:02.8616936Z 
2026-10-02T18:07:02.8616942Z 
2026-10-02T18:07:02.8617123Z [1;31merror[0m: error
2026-10-02T18:07:02.8617345Z 
2026-10-02T18:07:02.8617350Z 
2026-10-02T18:07:02.8619050Z [1;31merror[0m: error
2026-10-02T18:07:02.8619294Z 
2026-10-02T18:07:02.8619299Z 
2026-10-02T18:07:02.8619527Z [1;31merror[0m: error
2026-10-02T18:07:02.8620013Z 
2026-10-02T18:07:02.8620021Z 
2026-10-02T18:07:02.8620267Z [1;31merror[0m: error
2026-10-02T18:07:02.8620510Z 
2026-10-02T18:07:02.8620515Z 
2026-10-02T18:07:02.8620705Z [1;31merror[0m: error
2026-10-02T18:07:02.8620908Z 
2026-10-02T18:07:02.8620912Z 
2026-10-02T18:07:02.8621073Z [1;31merror[0m: error
2026-10-02T18:07:02.8621275Z 
2026-10-02T18:07:02.8621280Z 
2026-10-02T18:07:02.8621443Z [1;31merror[0m: error
2026-10-02T18:07:02.8621851Z 
2026-10-02T18:07:02.8621856Z 
2026-10-02T18:07:02.8622021Z [1;31merror[0m: error
2026-10-02T18:07:02.8622215Z 
2026-10-02T18:07:02.8622219Z 
2026-10-02T18:07:02.8622390Z [1;31merror[0m: error
2026-10-02T18:07:02.8622591Z 
2026-10-02T18:07:02.8622596Z 
2026-10-02T18:07:02.8622761Z [1;31merror[0m: error
2026-10-02T18:07:02.8622959Z 
2026-10-02T18:07:02.8622964Z 
2026-10-02T18:07:02.8623119Z [1;31merror[0m: error
2026-10-02T18:07:02.8623315Z 
2026-10-02T18:07:02.8623320Z 
2026-10-02T18:07:02.8623480Z [1;31merror[0m: error
2026-10-02T18:07:02.8623683Z 
2026-10-02T18:07:02.8623687Z 
2026-10-02T18:07:02.8623847Z [1;31merror[0m: error
2026-10-02T18:07:02.8624042Z 
2026-10-02T18:07:02.8624047Z 
2026-10-02T18:07:02.8624211Z [1;31merror[0m: error
2026-10-02T18:07:02.8624410Z 
2026-10-02T18:07:02.8624415Z 
2026-10-02T18:07:02.8624574Z [1;31merror[0m: error
2026-10-02T18:07:02.8624770Z 
2026-10-02T18:07:02.8624774Z 
2026-10-02T18:07:02.8624926Z [1;31merror[0m: error
2026-10-02T18:07:02.8625129Z 
2026-10-02T18:07:02.8625134Z 
2026-10-02T18:07:02.8625285Z [1;31merror[0m: error
2026-10-02T18:07:02.8625481Z 
2026-10-02T18:07:02.8625486Z 
2026-10-02T18:07:02.8625635Z [1;31merror[0m: error
2026-10-02T18:07:02.8625833Z 
2026-10-02T18:07:02.8625838Z 
2026-10-02T18:07:02.8626002Z [1;31merror[0m: error
2026-10-02T18:07:02.8626197Z 
2026-10-02T18:07:02.8626201Z 
2026-10-02T18:07:02.8626363Z [1;31merror[0m: error
2026-10-02T18:07:02.8626556Z 
2026-10-02T18:07:02.8626561Z 
2026-10-02T18:07:02.8626721Z [1;31merror[0m: error
2026-10-02T18:07:02.8626926Z 
2026-10-02T18:07:02.8626931Z 
2026-10-02T18:07:02.8627085Z [1;31merror[0m: error
2026-10-02T18:07:02.8627285Z 
2026-10-02T18:07:02.8627296Z 
2026-10-02T18:07:02.8627451Z [1;31merror[0m: error
2026-10-02T18:07:02.8627646Z 
2026-10-02T18:07:02.8627650Z 
2026-10-02T18:07:02.8627812Z [1;31merror[0m: error
2026-10-02T18:07:02.8628084Z 
2026-10-02T18:07:02.8628088Z 
2026-10-02T18:07:02.8628262Z [1;31merror[0m: error
2026-10-02T18:07:02.8628456Z 
2026-10-02T18:07:02.8628460Z 
2026-10-02T18:07:02.8628625Z [1;31merror[0m: error
2026-10-02T18:07:02.8628818Z 
2026-10-02T18:07:02.8628823Z 
2026-10-02T18:07:02.8628985Z [1;31merror[0m: error
2026-10-02T18:07:02.8629184Z 
2026-10-02T18:07:02.8629188Z 
2026-10-02T18:07:02.8629343Z [1;31merror[0m: error
2026-10-02T18:07:02.8629538Z 
2026-10-02T18:07:02.8629543Z 
2026-10-02T18:07:02.8629699Z [1;31merror[0m: error
2026-10-02T18:07:02.8629899Z 
2026-10-02T18:07:02.8629903Z 
2026-10-02T18:07:02.8630066Z [1;31merror[0m: error
2026-10-02T18:07:02.8630260Z 
2026-10-02T18:07:02.8630264Z 
2026-10-02T18:07:02.8630421Z [1;31merror[0m: error
2026-10-02T18:07:02.8630609Z 
2026-10-02T18:07:02.8630774Z 
2026-10-02T18:07:02.8630956Z [1;31merror[0m: error
2026-10-02T18:07:02.8631185Z 
2026-10-02T18:07:02.8631190Z 
2026-10-02T18:07:02.8631352Z [1;31merror[0m: error
2026-10-02T18:07:02.8631484Z 
2026-10-02T18:07:02.8631487Z 
2026-10-02T18:07:02.8631594Z [1;31merror[0m: error
2026-10-02T18:07:02.8631733Z 
2026-10-02T18:07:02.8631737Z 
2026-10-02T18:07:02.8631832Z [1;31merror[0m: error
2026-10-02T18:07:02.8631954Z 
2026-10-02T18:07:02.8631958Z 
2026-10-02T18:07:02.8632054Z [1;31merror[0m: error
2026-10-02T18:07:02.8632168Z 
2026-10-02T18:07:02.8632171Z 
2026-10-02T18:07:02.8632263Z [1;31merror[0m: error
2026-10-02T18:07:02.8632373Z 
2026-10-02T18:07:02.8632376Z 
2026-10-02T18:07:02.8632469Z [1;31merror[0m: error
2026-10-02T18:07:02.8632579Z 
2026-10-02T18:07:02.8632588Z 
2026-10-02T18:07:02.8632678Z [1;31merror[0m: error
2026-10-02T18:07:02.8632800Z 
2026-10-02T18:07:02.8632803Z 
2026-10-02T18:07:02.8632896Z [1;31merror[0m: error
2026-10-02T18:07:02.8633247Z 
2026-10-02T18:07:02.8633250Z 
2026-10-02T18:07:02.8633352Z [1;31merror[0m: error
2026-10-02T18:07:02.8633473Z 
2026-10-02T18:07:02.8633476Z 
2026-10-02T18:07:02.8633573Z [1;31merror[0m: error
2026-10-02T18:07:02.8633681Z 
2026-10-02T18:07:02.8633808Z 
2026-10-02T18:07:02.8633915Z [1;31merror[0m: error
2026-10-02T18:07:02.8634028Z 
2026-10-02T18:07:02.8634031Z 
2026-10-02T18:07:02.8634128Z [1;31merror[0m: error
2026-10-02T18:07:02.8634244Z 
2026-10-02T18:07:02.8634252Z 
2026-10-02T18:07:02.8634341Z [1;31merror[0m: error
2026-10-02T18:07:02.8634463Z 
2026-10-02T18:07:02.8634466Z 
2026-10-02T18:07:02.8634555Z [1;31merror[0m: error
2026-10-02T18:07:02.8634668Z 
2026-10-02T18:07:02.8634671Z 
2026-10-02T18:07:02.8634758Z [1;31merror[0m: error
2026-10-02T18:07:02.8634873Z 
2026-10-02T18:07:02.8634876Z 
2026-10-02T18:07:02.8634968Z [1;31merror[0m: error
2026-10-02T18:07:02.8635073Z 
2026-10-02T18:07:02.8635076Z 
2026-10-02T18:07:02.8635175Z [1;31merror[0m: error
2026-10-02T18:07:02.8635284Z 
2026-10-02T18:07:02.8635288Z 
2026-10-02T18:07:02.8635382Z [1;31merror[0m: error
2026-10-02T18:07:02.8635494Z 
2026-10-02T18:07:02.8635942Z [ERROR] D:/a/sindarin-compiler/sindarin-compiler/src/ast/ast_type.c:332: Cannot create function type: param_types is NULL but param_count > 0
2026-10-02T18:07:02.8636830Z [ERROR] D:/a/sindarin-compiler/sindarin-compiler/src/ast/ast_expr_basic.c:8: Cannot create comparison with NULL expressions
2026-10-02T18:07:02.8637625Z [ERROR] D:/a/sindarin-compiler/sindarin-compiler/src/ast/ast_expr_basic.c:8: Cannot create comparison with NULL expressions
2026-10-02T18:07:02.8638632Z [ERROR] D:/a/sindarin-compiler/sindarin-compiler/src/ast/ast_expr_struct.c:73: Cannot create member access with NULL object
2026-10-02T18:07:02.8639091Z 
2026-10-02T18:07:02.8639575Z [1;31merror[0m: 'static' at module level can only be used with 'var' or 'sync var'. Did you mean 'static var' or 'static sync var'? (got 'fn')
2026-10-02T18:07:02.8640166Z   [1;34m-->[0m test.sn:1:1
2026-10-02T18:07:02.8640373Z       source
2026-10-02T18:07:02.8640568Z       [1;31m^^[0m
2026-10-02T18:07:02.8640677Z 
2026-10-02T18:07:02.8640681Z 
2026-10-02T18:07:02.8640826Z [1;31merror[0m: Expected expression (got '')
2026-10-02T18:07:02.8641127Z   [1;34m-->[0m test.sn:2:1
2026-10-02T18:07:02.8641267Z 
2026-10-02T18:07:02.8641270Z 
2026-10-02T18:07:02.8641534Z [1;31merror[0m: Cannot use reserved keyword 'for' as namespace name (got 'for')
2026-10-02T18:07:02.8641926Z   [1;34m-->[0m test.sn:1:1
2026-10-02T18:07:02.8642115Z       source
2026-10-02T18:07:02.8642295Z       [1;31m^^^[0m
2026-10-02T18:07:02.8642406Z 
2026-10-02T18:07:02.8642409Z 
2026-10-02T18:07:02.8642612Z [1;31merror[0m: Expected namespace identifier after 'as' (got '
2026-10-02T18:07:02.8642920Z ')
2026-10-02T18:07:02.8643107Z   [1;34m-->[0m test.sn:2:1
2026-10-02T18:07:02.8643241Z 
2026-10-02T18:07:02.8643244Z 
2026-10-02T18:07:02.8643592Z [1;31merror[0m: Cannot use reserved keyword 'var' as namespace name (got 'var')
2026-10-02T18:07:02.8643996Z   [1;34m-->[0m test.sn:1:1
2026-10-02T18:07:02.8644201Z       source
2026-10-02T18:07:02.8644384Z       [1;31m^^^[0m
2026-10-02T18:07:02.8644494Z 
2026-10-02T18:07:02.8644497Z 
2026-10-02T18:07:02.8644742Z [1;31merror[0m: Cannot use reserved keyword 'fn' as namespace name (got 'fn')
2026-10-02T18:07:02.8645130Z   [1;34m-->[0m test.sn:1:1
2026-10-02T18:07:02.8645325Z       source
2026-10-02T18:07:02.8645503Z       [1;31m^^[0m
2026-10-02T18:07:02.8645610Z 
2026-10-02T18:07:02.8645614Z 
2026-10-02T18:07:02.8645878Z [1;31merror[0m: Cannot use reserved keyword 'return' as namespace name (got 'return')
2026-10-02T18:07:02.8646284Z   [1;34m-->[0m test.sn:1:1
2026-10-02T18:07:02.8646471Z       source
2026-10-02T18:07:02.8646661Z       [1;31m^^^^^^[0m
2026-10-02T18:07:02.8646772Z 
2026-10-02T18:07:02.8646775Z 
2026-10-02T18:07:02.8647038Z [1;31merror[0m: Cannot use reserved keyword 'import' as namespace name (got 'import')
2026-10-02T18:07:02.8647438Z   [1;34m-->[0m test.sn:1:1
2026-10-02T18:07:02.8647620Z       source
2026-10-02T18:07:02.8647796Z       [1;31m^^^^^^[0m
2026-10-02T18:07:02.8647910Z 
2026-10-02T18:07:02.8647913Z 
2026-10-02T18:07:02.8648152Z [1;31merror[0m: Cannot use reserved keyword 'str' as namespace name (got 'str')
2026-10-02T18:07:02.8648625Z   [1;34m-->[0m test.sn:1:1
2026-10-02T18:07:02.8648811Z       source
2026-10-02T18:07:02.8648991Z       [1;31m^^^[0m
2026-10-02T18:07:02.8649096Z 
2026-10-02T18:07:02.8649099Z 
2026-10-02T18:07:02.8649333Z [1;31merror[0m: Cannot use reserved keyword 'int' as namespace name (got 'int')
2026-10-02T18:07:02.8649708Z   [1;34m-->[0m test.sn:1:1
2026-10-02T18:07:02.8649900Z       source
2026-10-02T18:07:02.8650079Z       [1;31m^^^[0m
2026-10-02T18:07:02.8650188Z 
2026-10-02T18:07:02.8650191Z 
2026-10-02T18:07:02.8650386Z [1;31merror[0m: Expected namespace identifier after 'as' (got '
2026-10-02T18:07:02.8650684Z ')
2026-10-02T18:07:02.8650867Z   [1;34m-->[0m test.sn:2:1
2026-10-02T18:07:02.8651001Z 
2026-10-02T18:07:02.8651004Z 
2026-10-02T18:07:02.8651222Z [1;31merror[0m: Expected namespace identifier after 'as' (got '123')
2026-10-02T18:07:02.8651571Z   [1;34m-->[0m test.sn:1:1
2026-10-02T18:07:02.8651765Z       source
2026-10-02T18:07:02.8651951Z       [1;31m^^^[0m
2026-10-02T18:07:02.8652055Z 
2026-10-02T18:07:02.8652058Z 
2026-10-02T18:07:02.8652273Z [1;31merror[0m: Duplicate field name 'x' in struct 'Point' (got 'x')
2026-10-02T18:07:02.8652622Z   [1;34m-->[0m test.sn:4:1
2026-10-02T18:07:02.8652753Z 
2026-10-02T18:07:02.8652756Z 
2026-10-02T18:07:02.8653155Z [1;31merror[0m: Pointer field 'ptr' not allowed in struct 'Data'. Use 'native struct' for structs with pointer fields:
2026-10-02T18:07:02.8653643Z     native struct Data =>
2026-10-02T18:07:02.8653848Z         ptr: *... (got 'ptr')
2026-10-02T18:07:02.8654085Z   [1;34m-->[0m test.sn:2:1
2026-10-02T18:07:02.8654211Z 
2026-10-02T18:07:02.8654217Z 
2026-10-02T18:07:02.8654458Z [1;31merror[0m: Expected '=>' after struct name or 'as ref'/'as val' (got '
2026-10-02T18:07:02.8654807Z ')
2026-10-02T18:07:02.8654994Z   [1;34m-->[0m test.sn:2:1
2026-10-02T18:07:02.8655129Z 
2026-10-02T18:07:02.8655135Z 
2026-10-02T18:07:02.8655262Z [1;31merror[0m: Expected type (got '
2026-10-02T18:07:02.8655481Z ')
2026-10-02T18:07:02.8655658Z   [1;34m-->[0m test.sn:3:1
2026-10-02T18:07:02.8655788Z 
2026-10-02T18:07:02.8655791Z 
2026-10-02T18:07:02.8655968Z [1;31merror[0m: Expected ':' after field name (got '1.0')
2026-10-02T18:07:02.8656292Z   [1;34m-->[0m test.sn:4:1
2026-10-02T18:07:02.8656418Z 
2026-10-02T18:07:02.8656420Z 
2026-10-02T18:07:02.8656618Z [1;31merror[0m: Expected field name in struct literal (got '123')
2026-10-02T18:07:02.8656965Z   [1;34m-->[0m test.sn:4:1
2026-10-02T18:07:02.8657089Z 
2026-10-02T18:07:02.8658878Z [ERROR] D:/a/sindarin-compiler/sindarin-compiler/src/symbol_table/symbol_table_core.c:245: NULL arena in symbol_table_init
2026-10-02T18:07:02.8659855Z [ERROR] D:/a/sindarin-compiler/sindarin-compiler/src/symbol_table/symbol_table_core.c:406: No active scope when adding symbol
2026-10-02T18:07:02.8660743Z [ERROR] D:/a/sindarin-compiler/sindarin-compiler/src/symbol_table/symbol_table_core.c:680: Symbol not found in get_symbol_offset: 'bad_offset'
2026-10-02T18:07:02.8661631Z [ERROR] D:/a/sindarin-compiler/sindarin-compiler/src/symbol_table/symbol_table_thread.c:82: Cannot mark NULL symbol as pending
2026-10-02T18:07:02.8662485Z [ERROR] D:/a/sindarin-compiler/sindarin-compiler/src/symbol_table/symbol_table_thread.c:100: Cannot mark NULL symbol as synchronized
2026-10-02T18:07:02.8663358Z [ERROR] D:/a/sindarin-compiler/sindarin-compiler/src/symbol_table/symbol_table_namespace_basic.c:116: Namespace 'badns' not found
2026-10-02T18:07:02.8664271Z [ERROR] D:/a/sindarin-compiler/sindarin-compiler/src/symbol_table/symbol_table_namespace_basic.c:29: Namespace 'dupns' already exists in global scope
2026-10-02T18:07:02.8665216Z [ERROR] D:/a/sindarin-compiler/sindarin-compiler/src/symbol_table/symbol_table_core.c:680: Symbol not found in get_symbol_offset: 'anything'
2026-10-02T18:07:02.8665965Z [ERROR] D:/a/sindarin-compiler/sindarin-compiler/src/token.c:52: Invalid SnTokenType: -1
2026-10-02T18:07:02.8666657Z [ERROR] D:/a/sindarin-compiler/sindarin-compiler/src/token.c:52: Invalid SnTokenType: 999
2026-10-02T18:07:02.8666881Z [ERROR] D:/a/sindarin-compiler/sindarin-compiler/src/token.c:52: Invalid SnTokenType: 999
2026-10-02T18:07:02.8666887Z 
2026-10-02T18:07:02.8667138Z [1;31merror[0m: Initializer type does not match variable type
2026-10-02T18:07:02.8667251Z   [1;34m-->[0m test.sn:1:1
2026-10-02T18:07:02.8667323Z       source
2026-10-02T18:07:02.8667419Z       [1;31m^^^[0m
2026-10-02T18:07:02.8667423Z 
2026-10-02T18:07:02.8667426Z 
2026-10-02T18:07:02.8667553Z [1;31merror[0m: Cannot access non-array
2026-10-02T18:07:02.8667659Z   [1;34m-->[0m test.sn:2:1
2026-10-02T18:07:02.8667662Z 
2026-10-02T18:07:02.8667670Z 
2026-10-02T18:07:02.8667829Z [1;31merror[0m: Array index must be numeric type
2026-10-02T18:07:02.8667938Z   [1;34m-->[0m test.sn:2:1
2026-10-02T18:07:02.8667941Z 
2026-10-02T18:07:02.8667945Z 
2026-10-02T18:07:02.8668079Z [1;31merror[0m: Type mismatch in assignment
2026-10-02T18:07:02.8668178Z   [1;34m-->[0m test.sn:1:1
2026-10-02T18:07:02.8668244Z       source
2026-10-02T18:07:02.8668667Z       [1;31m^^^[0m
2026-10-02T18:07:02.8668675Z 
2026-10-02T18:07:02.8668682Z 
2026-10-02T18:07:02.8669041Z [1;31merror[0m: Cannot slice non-array, non-pointer type
2026-10-02T18:07:02.8669173Z   [1;34m-->[0m test.sn:1:1
2026-10-02T18:07:02.8669308Z       source
2026-10-02T18:07:02.8669766Z       [1;31m^[0m
2026-10-02T18:07:02.8669782Z 
2026-10-02T18:07:02.8669785Z 
2026-10-02T18:07:02.8670112Z [1;31merror[0m: Default value type does not match array element type
2026-10-02T18:07:02.8670241Z   [1;34m-->[0m test.sn:1:1
2026-10-02T18:07:02.8670316Z       source
2026-10-02T18:07:02.8670420Z       [1;31m^^^[0m
2026-10-02T18:07:02.8670425Z 
2026-10-02T18:07:02.8670429Z 
2026-10-02T18:07:02.8670605Z [1;31merror[0m: Array size must be an integer type
2026-10-02T18:07:02.8670711Z   [1;34m-->[0m test.sn:1:1
2026-10-02T18:07:02.8670785Z       source
2026-10-02T18:07:02.8670874Z       [1;31m^^^[0m
2026-10-02T18:07:02.8670878Z 
2026-10-02T18:07:02.8670882Z 
2026-10-02T18:07:02.8671050Z [1;31merror[0m: Type 'array' has no member 'invalid'
2026-10-02T18:07:02.8671054Z 
2026-10-02T18:07:02.8671057Z 
2026-10-02T18:07:02.8671344Z [1;33mwarning[0m: 'as ref' on string/array type has no effect (already heap-allocated)
2026-10-02T18:07:02.8671448Z   [1;34m-->[0m test.sn:1:1
2026-10-02T18:07:02.8671516Z       source
2026-10-02T18:07:02.8671604Z       [1;33m^^^[0m
2026-10-02T18:07:02.8671607Z 
2026-10-02T18:07:02.8671611Z 
2026-10-02T18:07:02.8671833Z [1;31merror[0m: 'as ref' only applies to primitive or struct parameters
2026-10-02T18:07:02.8672110Z   [1;34m-->[0m test.sn:1:1
2026-10-02T18:07:02.8672183Z       source
2026-10-02T18:07:02.8672278Z       [1;31m^[0m
2026-10-02T18:07:02.8672282Z 
2026-10-02T18:07:02.8672286Z 
2026-10-02T18:07:02.8672414Z [1;31merror[0m: Parameter type is missing
2026-10-02T18:07:02.8672521Z   [1;34m-->[0m test.sn:1:1
2026-10-02T18:07:02.8672580Z       source
2026-10-02T18:07:02.8672668Z       [1;31m^[0m
2026-10-02T18:07:02.8672671Z 
2026-10-02T18:07:02.8672674Z 
2026-10-02T18:07:02.8672814Z [1;31merror[0m: Invalid types for + operator
2026-10-02T18:07:02.8672911Z   [1;34m-->[0m test.sn:1:1
2026-10-02T18:07:02.8672975Z       source
2026-10-02T18:07:02.8673058Z       [1;31m^[0m
2026-10-02T18:07:02.8673063Z 
2026-10-02T18:07:02.8673066Z 
2026-10-02T18:07:02.8673225Z [1;31merror[0m: Thread spawn requires function call
2026-10-02T18:07:02.8673321Z   [1;34m-->[0m test.sn:1:1
2026-10-02T18:07:02.8673385Z       source
2026-10-02T18:07:02.8673474Z       [1;31m^[0m
2026-10-02T18:07:02.8673481Z 
2026-10-02T18:07:02.8673485Z 
2026-10-02T18:07:02.8673631Z [1;31merror[0m: Thread spawn requires function call
2026-10-02T18:07:02.8673732Z   [1;34m-->[0m test.sn:1:1
2026-10-02T18:07:02.8673792Z       source
2026-10-02T18:07:02.8673879Z       [1;31m^[0m
2026-10-02T18:07:02.8673969Z 
2026-10-02T18:07:02.8673972Z 
2026-10-02T18:07:02.8674156Z [1;31merror[0m: Cannot assign void thread spawn to variable
2026-10-02T18:07:02.8674261Z   [1;34m-->[0m test.sn:2:1
2026-10-02T18:07:02.8674265Z 
2026-10-02T18:07:02.8674268Z 
2026-10-02T18:07:02.8674481Z [1;31merror[0m: Thread spawn return type does not match variable type
2026-10-02T18:07:02.8674577Z   [1;34m-->[0m test.sn:2:1
2026-10-02T18:07:02.8674581Z 
2026-10-02T18:07:02.8674584Z 
2026-10-02T18:07:02.8674735Z [1;31merror[0m: Sync requires thread handle variable
2026-10-02T18:07:02.8674832Z   [1;34m-->[0m test.sn:1:1
2026-10-02T18:07:02.8674900Z       source
2026-10-02T18:07:02.8674991Z       [1;31m^[0m
2026-10-02T18:07:02.8674999Z 
2026-10-02T18:07:02.8675002Z 
2026-10-02T18:07:02.8675134Z [1;31merror[0m: Cannot sync unknown variable
2026-10-02T18:07:02.8675235Z   [1;34m-->[0m test.sn:1:1
2026-10-02T18:07:02.8675294Z       source
2026-10-02T18:07:02.8675380Z       [1;31m^[0m
2026-10-02T18:07:02.8675387Z 
2026-10-02T18:07:02.8675390Z 
2026-10-02T18:07:02.8675579Z [1;31merror[0m: Multi-sync requires [var1, var2, ...]! syntax
2026-10-02T18:07:02.8675675Z   [1;34m-->[0m test.sn:1:1
2026-10-02T18:07:02.8675740Z       source
2026-10-02T18:07:02.8675823Z       [1;31m^[0m
2026-10-02T18:07:02.8675827Z 
2026-10-02T18:07:02.8675830Z 
2026-10-02T18:07:02.8676031Z [1;31merror[0m: Sync list elements must be thread handle variables
2026-10-02T18:07:02.8676126Z   [1;34m-->[0m test.sn:1:1
2026-10-02T18:07:02.8676193Z       source
2026-10-02T18:07:02.8676281Z       [1;31m^[0m
2026-10-02T18:07:02.8676285Z 
2026-10-02T18:07:02.8676288Z 
2026-10-02T18:07:02.8676461Z [1;31merror[0m: Sync list element is not a thread variable
2026-10-02T18:07:02.8676560Z   [1;34m-->[0m test.sn:1:1
2026-10-02T18:07:02.8676619Z       source
2026-10-02T18:07:02.8676711Z       [1;31m^[0m
2026-10-02T18:07:02.8676715Z 
2026-10-02T18:07:02.8676718Z 
2026-10-02T18:07:02.8677159Z [1;31merror[0m: Cannot access pending thread variable 'pendingResult' before synchronization (use pendingResult! to sync)
2026-10-02T18:07:02.8677259Z   [1;34m-->[0m test.sn:1:1
2026-10-02T18:07:02.8677325Z       source
2026-10-02T18:07:02.8677425Z       [1;31m^^^^^^^^^^^^^[0m
2026-10-02T18:07:02.8677428Z 
2026-10-02T18:07:02.8677431Z 
2026-10-02T18:07:02.8677797Z [1;31merror[0m: Cannot reassign pending thread variable 'pendingResult' (use pendingResult! to sync first)
2026-10-02T18:07:02.8677893Z   [1;34m-->[0m test.sn:1:1
2026-10-02T18:07:02.8677962Z       source
2026-10-02T18:07:02.8678061Z       [1;31m^^^^^^^^^^^^^[0m
2026-10-02T18:07:02.8678064Z 
2026-10-02T18:07:02.8678067Z 
2026-10-02T18:07:02.8678320Z [1;31merror[0m: Cannot dereference pointer to opaque type
2026-10-02T18:07:02.8678430Z   [1;34m-->[0m test.sn:4:1
2026-10-02T18:07:02.8678434Z 
2026-10-02T18:07:02.8678437Z 
2026-10-02T18:07:02.8678656Z [1;31merror[0m: Function 'printf' requires at least 1 argument(s), got 0
2026-10-02T18:07:02.8678761Z   [1;34m-->[0m test.sn:3:1
2026-10-02T18:07:02.8678764Z 
2026-10-02T18:07:02.8678767Z 
2026-10-02T18:07:02.8679145Z [1;31merror[0m: Native callback parameter type must be C-compatible (primitives, pointers, or opaque types)
2026-10-02T18:07:02.8679243Z   [1;34m-->[0m test.sn:1:1
2026-10-02T18:07:02.8679311Z       source
2026-10-02T18:07:02.8679403Z       [1;31m^^^^^^^^^^^[0m
2026-10-02T18:07:02.8679407Z 
2026-10-02T18:07:02.8679410Z 
2026-10-02T18:07:02.8679762Z [1;31merror[0m: Native callback return type must be C-compatible (primitives, pointers, or opaque types)
2026-10-02T18:07:02.8679863Z   [1;34m-->[0m test.sn:1:1
2026-10-02T18:07:02.8679921Z       source
2026-10-02T18:07:02.8680022Z       [1;31m^^^^^^^^^^^[0m
2026-10-02T18:07:02.8680026Z 
2026-10-02T18:07:02.8680029Z 
2026-10-02T18:07:02.8680365Z [1;31merror[0m: Native lambda cannot capture variable 'counter' - use void* userdata pattern instead
2026-10-02T18:07:02.8680470Z   [1;34m-->[0m test.sn:4:1
2026-10-02T18:07:02.8680552Z 
2026-10-02T18:07:02.8680555Z 
2026-10-02T18:07:02.8680799Z [1;31merror[0m: Native lambda parameter count does not match callback type
2026-10-02T18:07:02.8680895Z   [1;34m-->[0m test.sn:3:1
2026-10-02T18:07:02.8680898Z 
2026-10-02T18:07:02.8680902Z 
2026-10-02T18:07:02.8681083Z [1;31merror[0m: Cannot slice non-array, non-pointer type
2026-10-02T18:07:02.8681182Z   [1;34m-->[0m test.sn:2:1
2026-10-02T18:07:02.8681186Z 
2026-10-02T18:07:02.8681189Z 
2026-10-02T18:07:02.8681517Z [1;31merror[0m: Pointer slice in non-native function requires valueOf() (e.g., valueOf(ptr[0..len]))
2026-10-02T18:07:02.8681616Z   [1;34m-->[0m test.sn:2:1
2026-10-02T18:07:02.8681620Z 
2026-10-02T18:07:02.8681626Z 
2026-10-02T18:07:02.8681790Z [1;31merror[0m: Cannot slice non-array, non-pointer type
2026-10-02T18:07:02.8681892Z   [1;34m-->[0m test.sn:2:1
2026-10-02T18:07:02.8681896Z 
2026-10-02T18:07:02.8681899Z 
2026-10-02T18:07:02.8682063Z [1;31merror[0m: Invalid operand in valueOf() expression
2026-10-02T18:07:02.8682170Z   [1;34m-->[0m test.sn:2:1
2026-10-02T18:07:02.8682173Z 
2026-10-02T18:07:02.8682177Z 
2026-10-02T18:07:02.8682507Z [1;31merror[0m: Pointer slicing does not support step parameter (ptr[start..end:step] invalid)
2026-10-02T18:07:02.8682606Z   [1;34m-->[0m test.sn:2:1
2026-10-02T18:07:02.8682609Z 
2026-10-02T18:07:02.8682613Z 
2026-10-02T18:07:02.8682782Z [1;31merror[0m: Invalid operand in valueOf() expression
2026-10-02T18:07:02.8682877Z   [1;34m-->[0m test.sn:2:1
2026-10-02T18:07:02.8682886Z 
2026-10-02T18:07:02.8682889Z 
2026-10-02T18:07:02.8683119Z [1;31merror[0m: Pointer variables can only be declared in native functions
2026-10-02T18:07:02.8683223Z   [1;34m-->[0m test.sn:1:1
2026-10-02T18:07:02.8683283Z       source
2026-10-02T18:07:02.8683373Z       [1;31m^[0m
2026-10-02T18:07:02.8683377Z 
2026-10-02T18:07:02.8683380Z 
2026-10-02T18:07:02.8683524Z [1;31merror[0m: Pointer arithmetic is not allowed
2026-10-02T18:07:02.8683625Z   [1;34m-->[0m test.sn:1:1
2026-10-02T18:07:02.8683693Z       source
2026-10-02T18:07:02.8683773Z       [1;31m^[0m
2026-10-02T18:07:02.8683776Z 
2026-10-02T18:07:02.8683779Z 
2026-10-02T18:07:02.8683920Z [1;31merror[0m: Pointer arithmetic is not allowed
2026-10-02T18:07:02.8684016Z   [1;34m-->[0m test.sn:1:1
2026-10-02T18:07:02.8684080Z       source
2026-10-02T18:07:02.8684162Z       [1;31m^[0m
2026-10-02T18:07:02.8684170Z 
2026-10-02T18:07:02.8684173Z 
2026-10-02T18:07:02.8684318Z [1;31merror[0m: Pointer arithmetic is not allowed
2026-10-02T18:07:02.8684423Z   [1;34m-->[0m test.sn:1:1
2026-10-02T18:07:02.8684489Z       source
2026-10-02T18:07:02.8684578Z       [1;31m^[0m
2026-10-02T18:07:02.8684661Z 
2026-10-02T18:07:02.8684666Z 
2026-10-02T18:07:02.8684811Z [1;31merror[0m: Pointer arithmetic is not allowed
2026-10-02T18:07:02.8684914Z   [1;34m-->[0m test.sn:1:1
2026-10-02T18:07:02.8684981Z       source
2026-10-02T18:07:02.8685064Z       [1;31m^[0m
2026-10-02T18:07:02.8685071Z 
2026-10-02T18:07:02.8685074Z 
2026-10-02T18:07:02.8685219Z [1;31merror[0m: Pointer arithmetic is not allowed
2026-10-02T18:07:02.8685316Z   [1;34m-->[0m test.sn:1:1
2026-10-02T18:07:02.8685381Z       source
2026-10-02T18:07:02.8685466Z       [1;31m^[0m
2026-10-02T18:07:02.8685470Z 
2026-10-02T18:07:02.8685473Z 
2026-10-02T18:07:02.8685694Z [1;31merror[0m: 'as ref' only applies to primitive or struct parameters
2026-10-02T18:07:02.8685794Z   [1;34m-->[0m test.sn:2:1
2026-10-02T18:07:02.8685797Z 
2026-10-02T18:07:02.8685801Z 
2026-10-02T18:07:02.8686096Z [1;31merror[0m: 'as ref' parameter requires a variable or field, not a literal or expression
2026-10-02T18:07:02.8686201Z   [1;34m-->[0m test.sn:5:1
2026-10-02T18:07:02.8686205Z 
2026-10-02T18:07:02.8686675Z Assertion failed: no_error == 1, file D:/a/sindarin-compiler/sindarin-compiler/tests/unit/type_checker/type_checker_tests_native_pointer_inline.c, line 69
2026-10-02T18:09:57.3871006Z 
2026-10-02T18:09:57.3874632Z ------------------------------------------------------------
2026-10-02T18:09:57.3875368Z Unit tests failed  (379ms)
2026-10-02T18:09:57.3875632Z 
2026-10-02T18:09:57.3875780Z Code Generation Tests
2026-10-02T18:09:57.3876216Z ============================================================
2026-10-02T18:09:57.3876739Z   Running 107 tests with 4 workers...
2026-10-02T18:09:57.3877081Z 
2026-10-02T18:09:57.3877264Z                                                             
2026-10-02T18:09:57.3877594Z 
2026-10-02T18:09:57.3877799Z ------------------------------------------------------------
2026-10-02T18:09:57.3878346Z Results: 107 passed, 0 failed, 0 skipped  (13.47s)
2026-10-02T18:09:57.3878613Z 
2026-10-02T18:09:57.3878751Z Model Generation Tests
2026-10-02T18:09:57.3879027Z ============================================================
2026-10-02T18:09:57.3879377Z   Running 79 tests with 4 workers...
2026-10-02T18:09:57.3879596Z 
2026-10-02T18:09:57.3879708Z                                                             
2026-10-02T18:09:57.3880144Z 
2026-10-02T18:09:57.3880290Z ------------------------------------------------------------
2026-10-02T18:09:57.3880729Z Results: 79 passed, 0 failed, 0 skipped  (509ms)
2026-10-02T18:09:57.3880998Z 
2026-10-02T18:09:57.3881098Z Integration Tests
2026-10-02T18:09:57.3881366Z ============================================================
2026-10-02T18:09:57.3881736Z   Running 1141 tests with 4 workers...
2026-10-02T18:09:57.3881956Z 
2026-10-02T18:09:57.3882078Z                                                             
2026-10-02T18:09:57.3882518Z   test_sync_var_array                           FAIL (compile error)  (244ms)
2026-10-02T18:09:57.3883255Z     [1mCompiling[0m tests/integration/test_sync_var_array.sn...
2026-10-02T18:09:57.3883659Z       Parsing... [1;36mdone[0m
2026-10-02T18:09:57.3883980Z       Type checking... [1;36mdone[0m
2026-10-02T18:09:57.3884285Z       Code generation... [1;36mdone[0m
2026-10-02T18:09:57.3884546Z       Linking...
2026-10-02T18:09:57.3885140Z     clang-22: warning: argument unused during compilation: '-rtlib=compiler-rt' [-Wunused-command-line-argument]
2026-10-02T18:09:57.3885922Z     clang-22: warning: argument unused during compilation: '-unwindlib=none' [-Wunused-command-line-argument]
2026-10-02T18:09:57.3886643Z     .sn/build/test_sync_var_array_8116\main.c:27:13: warning: expression result unused [-Wunused-value]
2026-10-02T18:09:57.3887114Z        27 |             __sn__message;
2026-10-02T18:09:57.3887356Z           |             ^~~~~~~~~~~~~
2026-10-02T18:09:57.3888406Z     .sn/build/test_sync_var_array_8116\main.c:109:22: error: incompatible pointer types passing '_Atomic(SnArray *) *' to parameter of type 'SnArray **' [-Wincompatible-pointer-types]
2026-10-02T18:09:57.3889219Z       109 |     sn_cleanup_array(&__sn__items);
2026-10-02T18:09:57.3889499Z           |                      ^~~~~~~~~~~~
2026-10-02T18:09:57.3890085Z     D:\a\sindarin-compiler\sindarin-compiler\bin\include\minimal/sn_array.h:24:47: note: passing argument to parameter 'p' here
2026-10-02T18:09:57.3890734Z        24 | static inline void sn_cleanup_array(SnArray **p)
2026-10-02T18:09:57.3891316Z           |                                               ^
2026-10-02T18:09:57.3891607Z     1 warning and 1 error generated.
2026-10-02T18:09:57.3891867Z     Error: failed to compile main.c
2026-10-02T18:09:57.3892185Z      [1;31mfailed[0m
2026-10-02T18:09:57.3892378Z     
2026-10-02T18:09:57.3892591Z     [1;31mCompilation failed[0m
2026-10-02T18:09:57.3892802Z     
2026-10-02T18:09:57.3892884Z 
2026-10-02T18:09:57.3893002Z ------------------------------------------------------------
2026-10-02T18:09:57.3893337Z Results: 1140 passed, 1 failed, 0 skipped  (127.77s)
2026-10-02T18:09:57.3893540Z 
2026-10-02T18:09:57.3893621Z Integration Error Tests
2026-10-02T18:09:57.3893831Z ============================================================
2026-10-02T18:09:57.3894092Z   Running 58 tests with 4 workers...
2026-10-02T18:09:57.3894430Z 
2026-10-02T18:09:57.3894520Z                                                             
2026-10-02T18:09:57.3894710Z 
2026-10-02T18:09:57.3894822Z ------------------------------------------------------------
2026-10-02T18:09:57.3895137Z Results: 58 passed, 0 failed, 0 skipped  (1.18s)
2026-10-02T18:09:57.3895332Z 
2026-10-02T18:09:57.3895411Z Exploratory Tests
2026-10-02T18:09:57.3895610Z ============================================================
2026-10-02T18:09:57.3895876Z   Running 224 tests with 4 workers...
2026-10-02T18:09:57.3896045Z 
2026-10-02T18:09:57.3896127Z                                                             
2026-10-02T18:09:57.3896312Z 
2026-10-02T18:09:57.3896418Z ------------------------------------------------------------
2026-10-02T18:09:57.3896738Z Results: 224 passed, 0 failed, 0 skipped  (30.81s)
2026-10-02T18:09:57.3896946Z 
2026-10-02T18:09:57.3897033Z Exploratory Error Tests
2026-10-02T18:09:57.3897252Z ============================================================
2026-10-02T18:09:57.3897513Z   Running 11 tests with 4 workers...
2026-10-02T18:09:57.3897669Z 
2026-10-02T18:09:57.3897759Z                                                             
2026-10-02T18:09:57.3897933Z 
2026-10-02T18:09:57.3898043Z ------------------------------------------------------------
2026-10-02T18:09:57.3898346Z Results: 11 passed, 0 failed, 0 skipped  (251ms)
2026-10-02T18:09:57.3898544Z 
2026-10-02T18:09:57.3898625Z Some tests failed!  (total: 174.37s)
2026-10-02T18:09:57.4119927Z make: *** [Makefile:173: test] Error 1
2026-10-02T18:09:57.4193879Z ##[error]Process completed with exit code 2.
2026-10-02T18:09:57.4460111Z Post job cleanup.
2026-10-02T18:09:57.6541152Z [command]"C:\Program Files\Git\bin\git.exe" version
2026-10-02T18:09:57.6876384Z git version 2.55.0.windows.5
2026-10-02T18:09:57.6946647Z Temporarily overriding HOME='D:\a\_temp\9ca7fd97-19a6-4dcf-b2a7-557c749fa25d' before making global git config changes
2026-10-02T18:09:57.6947799Z Adding repository directory to the temporary git global config as a safe directory
2026-10-02T18:09:57.6958589Z [command]"C:\Program Files\Git\bin\git.exe" config --global --add safe.directory D:\a\sindarin-compiler\sindarin-compiler
2026-10-02T18:09:57.7275955Z Removing SSH command configuration
2026-10-02T18:09:57.7288952Z [command]"C:\Program Files\Git\bin\git.exe" config --local --name-only --get-regexp core\.sshCommand
2026-10-02T18:09:57.7715944Z [command]"C:\Program Files\Git\bin\git.exe" submodule foreach --recursive "sh -c \"git config --local --name-only --get-regexp 'core\.sshCommand' && git config --local --unset-all 'core.sshCommand' || :\""
2026-10-02T18:09:58.3434976Z Removing HTTP extra header
2026-10-02T18:09:58.3449149Z [command]"C:\Program Files\Git\bin\git.exe" config --local --name-only --get-regexp http\.https\:\/\/github\.com\/\.extraheader
2026-10-02T18:09:58.3787463Z [command]"C:\Program Files\Git\bin\git.exe" submodule foreach --recursive "sh -c \"git config --local --name-only --get-regexp 'http\.https\:\/\/github\.com\/\.extraheader' && git config --local --unset-all 'http.https://github.com/.extraheader' || :\""
2026-10-02T18:09:58.9287900Z Removing includeIf entries pointing to credentials config files
2026-10-02T18:09:58.9299820Z [command]"C:\Program Files\Git\bin\git.exe" config --local --name-only --get-regexp ^includeIf\.gitdir:
2026-10-02T18:09:58.9592877Z includeif.gitdir:D:/a/sindarin-compiler/sindarin-compiler/.git.path
2026-10-02T18:09:58.9594132Z includeif.gitdir:D:/a/sindarin-compiler/sindarin-compiler/.git/worktrees/*.path
2026-10-02T18:09:58.9594786Z includeif.gitdir:/github/workspace/.git.path
2026-10-02T18:09:58.9595337Z includeif.gitdir:/github/workspace/.git/worktrees/*.path
2026-10-02T18:09:58.9637095Z [command]"C:\Program Files\Git\bin\git.exe" config --local --get-all includeif.gitdir:D:/a/sindarin-compiler/sindarin-compiler/.git.path
2026-10-02T18:09:58.9905635Z D:\a\_temp\git-credentials-d5d1845b-46c7-44a2-9645-10723f1ee56c.config
2026-10-02T18:09:58.9951544Z [command]"C:\Program Files\Git\bin\git.exe" config --local --unset includeif.gitdir:D:/a/sindarin-compiler/sindarin-compiler/.git.path D\:\\a\\_temp\\git\-credentials\-d5d1845b\-46c7\-44a2\-9645\-10723f1ee56c\.config
2026-10-02T18:09:59.0307703Z [command]"C:\Program Files\Git\bin\git.exe" config --local --get-all includeif.gitdir:D:/a/sindarin-compiler/sindarin-compiler/.git/worktrees/*.path
2026-10-02T18:09:59.0575743Z D:\a\_temp\git-credentials-d5d1845b-46c7-44a2-9645-10723f1ee56c.config
2026-10-02T18:09:59.0619805Z [command]"C:\Program Files\Git\bin\git.exe" config --local --unset includeif.gitdir:D:/a/sindarin-compiler/sindarin-compiler/.git/worktrees/*.path D\:\\a\\_temp\\git\-credentials\-d5d1845b\-46c7\-44a2\-9645\-10723f1ee56c\.config
2026-10-02T18:09:59.0951731Z [command]"C:\Program Files\Git\bin\git.exe" config --local --get-all includeif.gitdir:/github/workspace/.git.path
2026-10-02T18:09:59.1222651Z /github/runner_temp/git-credentials-d5d1845b-46c7-44a2-9645-10723f1ee56c.config
2026-10-02T18:09:59.1264757Z [command]"C:\Program Files\Git\bin\git.exe" config --local --unset includeif.gitdir:/github/workspace/.git.path \/github\/runner_temp\/git\-credentials\-d5d1845b\-46c7\-44a2\-9645\-10723f1ee56c\.config
2026-10-02T18:09:59.1582811Z [command]"C:\Program Files\Git\bin\git.exe" config --local --get-all includeif.gitdir:/github/workspace/.git/worktrees/*.path
2026-10-02T18:09:59.1848311Z /github/runner_temp/git-credentials-d5d1845b-46c7-44a2-9645-10723f1ee56c.config
2026-10-02T18:09:59.1895111Z [command]"C:\Program Files\Git\bin\git.exe" config --local --unset includeif.gitdir:/github/workspace/.git/worktrees/*.path \/github\/runner_temp\/git\-credentials\-d5d1845b\-46c7\-44a2\-9645\-10723f1ee56c\.config
2026-10-02T18:09:59.2209874Z [command]"C:\Program Files\Git\bin\git.exe" submodule foreach --recursive "git config --local --show-origin --name-only --get-regexp remote.origin.url"
2026-10-02T18:09:59.7678166Z Removing credentials config 'D:\a\_temp\git-credentials-d5d1845b-46c7-44a2-9645-10723f1ee56c.config'
2026-10-02T18:09:59.7879848Z Cleaning up orphan processes
