Build (windows-latest)	Run Rust concurrency tests	﻿2026-10-03T10:37:28.4852459Z ##[group]Run make test-rust-concurrency
Build (windows-latest)	Run Rust concurrency tests	2026-10-03T10:37:28.4852858Z [36;1mmake test-rust-concurrency[0m
Build (windows-latest)	Run Rust concurrency tests	2026-10-03T10:37:28.4869716Z shell: C:\Program Files\Git\bin\bash.EXE --noprofile --norc -e -o pipefail {0}
Build (windows-latest)	Run Rust concurrency tests	2026-10-03T10:37:28.4870125Z ##[endgroup]
Build (windows-latest)	Run Rust concurrency tests	2026-10-03T10:37:28.6197780Z Building Sindarin compiler...
Build (windows-latest)	Run Rust concurrency tests	2026-10-03T10:37:28.6424509Z Platform: windows
Build (windows-latest)	Run Rust concurrency tests	2026-10-03T10:37:28.6643204Z Generator: Ninja
Build (windows-latest)	Run Rust concurrency tests	2026-10-03T10:37:28.6657520Z cmake -S . -B build -G "Ninja" \
Build (windows-latest)	Run Rust concurrency tests	2026-10-03T10:37:28.6658012Z 	-DCMAKE_BUILD_TYPE=Release \
Build (windows-latest)	Run Rust concurrency tests	2026-10-03T10:37:28.6658463Z 	-DCMAKE_C_COMPILER=clang
Build (windows-latest)	Run Rust concurrency tests	2026-10-03T10:37:28.8679705Z -- Up-to-date: D:/a/sindarin-compiler/sindarin-compiler/bin/sn.linux.cfg
Build (windows-latest)	Run Rust concurrency tests	2026-10-03T10:37:28.8680813Z -- Up-to-date: D:/a/sindarin-compiler/sindarin-compiler/bin/sn.darwin.cfg
Build (windows-latest)	Run Rust concurrency tests	2026-10-03T10:37:28.8684053Z -- Up-to-date: D:/a/sindarin-compiler/sindarin-compiler/bin/sn.windows.cfg
Build (windows-latest)	Run Rust concurrency tests	2026-10-03T10:37:28.8707142Z -- Installing: D:/a/sindarin-compiler/sindarin-compiler/bin/include/runtime/sn_arith.h
Build (windows-latest)	Run Rust concurrency tests	2026-10-03T10:37:28.8712481Z -- Installing: D:/a/sindarin-compiler/sindarin-compiler/bin/include/runtime/sn_array.h
Build (windows-latest)	Run Rust concurrency tests	2026-10-03T10:37:28.8719029Z -- Installing: D:/a/sindarin-compiler/sindarin-compiler/bin/include/runtime/sn_byte.h
Build (windows-latest)	Run Rust concurrency tests	2026-10-03T10:37:28.8724262Z -- Installing: D:/a/sindarin-compiler/sindarin-compiler/bin/include/runtime/sn_conv.h
Build (windows-latest)	Run Rust concurrency tests	2026-10-03T10:37:28.8730127Z -- Installing: D:/a/sindarin-compiler/sindarin-compiler/bin/include/runtime/sn_core.h
Build (windows-latest)	Run Rust concurrency tests	2026-10-03T10:37:28.8735742Z -- Installing: D:/a/sindarin-compiler/sindarin-compiler/bin/include/runtime/sn_minimal.h
Build (windows-latest)	Run Rust concurrency tests	2026-10-03T10:37:28.8741067Z -- Installing: D:/a/sindarin-compiler/sindarin-compiler/bin/include/runtime/sn_reflect.h
Build (windows-latest)	Run Rust concurrency tests	2026-10-03T10:37:28.8746251Z -- Installing: D:/a/sindarin-compiler/sindarin-compiler/bin/include/runtime/sn_serial.h
Build (windows-latest)	Run Rust concurrency tests	2026-10-03T10:37:28.8751912Z -- Installing: D:/a/sindarin-compiler/sindarin-compiler/bin/include/runtime/sn_string.h
Build (windows-latest)	Run Rust concurrency tests	2026-10-03T10:37:28.8757283Z -- Installing: D:/a/sindarin-compiler/sindarin-compiler/bin/include/runtime/sn_thread.h
Build (windows-latest)	Run Rust concurrency tests	2026-10-03T10:37:28.8762856Z -- Installing: D:/a/sindarin-compiler/sindarin-compiler/bin/include/minimal/sn_arith.h
Build (windows-latest)	Run Rust concurrency tests	2026-10-03T10:37:28.8768548Z -- Installing: D:/a/sindarin-compiler/sindarin-compiler/bin/include/minimal/sn_array.h
Build (windows-latest)	Run Rust concurrency tests	2026-10-03T10:37:28.8774022Z -- Installing: D:/a/sindarin-compiler/sindarin-compiler/bin/include/minimal/sn_byte.h
Build (windows-latest)	Run Rust concurrency tests	2026-10-03T10:37:28.8779079Z -- Installing: D:/a/sindarin-compiler/sindarin-compiler/bin/include/minimal/sn_conv.h
Build (windows-latest)	Run Rust concurrency tests	2026-10-03T10:37:28.8784915Z -- Installing: D:/a/sindarin-compiler/sindarin-compiler/bin/include/minimal/sn_core.h
Build (windows-latest)	Run Rust concurrency tests	2026-10-03T10:37:28.8790132Z -- Installing: D:/a/sindarin-compiler/sindarin-compiler/bin/include/minimal/sn_minimal.h
Build (windows-latest)	Run Rust concurrency tests	2026-10-03T10:37:28.8795210Z -- Installing: D:/a/sindarin-compiler/sindarin-compiler/bin/include/minimal/sn_reflect.h
Build (windows-latest)	Run Rust concurrency tests	2026-10-03T10:37:28.8800285Z -- Installing: D:/a/sindarin-compiler/sindarin-compiler/bin/include/minimal/sn_serial.h
Build (windows-latest)	Run Rust concurrency tests	2026-10-03T10:37:28.8806326Z -- Installing: D:/a/sindarin-compiler/sindarin-compiler/bin/include/minimal/sn_string.h
Build (windows-latest)	Run Rust concurrency tests	2026-10-03T10:37:28.8811541Z -- Installing: D:/a/sindarin-compiler/sindarin-compiler/bin/include/minimal/sn_thread.h
Build (windows-latest)	Run Rust concurrency tests	2026-10-03T10:37:28.8818980Z -- Up-to-date: D:/a/sindarin-compiler/sindarin-compiler/bin/include/platform/compat_dirent.h
Build (windows-latest)	Run Rust concurrency tests	2026-10-03T10:37:28.8820198Z -- Up-to-date: D:/a/sindarin-compiler/sindarin-compiler/bin/include/platform/compat_io.h
Build (windows-latest)	Run Rust concurrency tests	2026-10-03T10:37:28.8822262Z -- Up-to-date: D:/a/sindarin-compiler/sindarin-compiler/bin/include/platform/compat_net.h
Build (windows-latest)	Run Rust concurrency tests	2026-10-03T10:37:28.8823641Z -- Up-to-date: D:/a/sindarin-compiler/sindarin-compiler/bin/include/platform/compat_pthread.h
Build (windows-latest)	Run Rust concurrency tests	2026-10-03T10:37:28.8825748Z -- Up-to-date: D:/a/sindarin-compiler/sindarin-compiler/bin/include/platform/compat_time.h
Build (windows-latest)	Run Rust concurrency tests	2026-10-03T10:37:28.8827088Z -- Up-to-date: D:/a/sindarin-compiler/sindarin-compiler/bin/include/platform/compat_windows.h
Build (windows-latest)	Run Rust concurrency tests	2026-10-03T10:37:28.8828766Z -- Up-to-date: D:/a/sindarin-compiler/sindarin-compiler/bin/include/platform/platform.h
Build (windows-latest)	Run Rust concurrency tests	2026-10-03T10:37:28.8865144Z -- Found libs submodule: D:/a/sindarin-compiler/sindarin-compiler/.sn/sindarin-pkg-libs/libs/windows
Build (windows-latest)	Run Rust concurrency tests	2026-10-03T10:37:28.8866047Z --   Copying zlib headers...
Build (windows-latest)	Run Rust concurrency tests	2026-10-03T10:37:28.8866684Z -- Up-to-date: D:/a/sindarin-compiler/sindarin-compiler/bin/deps/include/zlib.h
Build (windows-latest)	Run Rust concurrency tests	2026-10-03T10:37:28.8869657Z -- Up-to-date: D:/a/sindarin-compiler/sindarin-compiler/bin/deps/include/zconf.h
Build (windows-latest)	Run Rust concurrency tests	2026-10-03T10:37:28.8870513Z --   Copying yyjson headers...
Build (windows-latest)	Run Rust concurrency tests	2026-10-03T10:37:28.8872889Z -- Up-to-date: D:/a/sindarin-compiler/sindarin-compiler/bin/deps/include/yyjson.h
Build (windows-latest)	Run Rust concurrency tests	2026-10-03T10:37:28.8873604Z --   Copying json-c headers...
Build (windows-latest)	Run Rust concurrency tests	2026-10-03T10:37:28.8876313Z -- Up-to-date: D:/a/sindarin-compiler/sindarin-compiler/bin/deps/include/json-c
Build (windows-latest)	Run Rust concurrency tests	2026-10-03T10:37:28.8878963Z -- Up-to-date: D:/a/sindarin-compiler/sindarin-compiler/bin/deps/include/json-c/arraylist.h
Build (windows-latest)	Run Rust concurrency tests	2026-10-03T10:37:28.8880083Z -- Up-to-date: D:/a/sindarin-compiler/sindarin-compiler/bin/deps/include/json-c/debug.h
Build (windows-latest)	Run Rust concurrency tests	2026-10-03T10:37:28.8881697Z -- Up-to-date: D:/a/sindarin-compiler/sindarin-compiler/bin/deps/include/json-c/json.h
Build (windows-latest)	Run Rust concurrency tests	2026-10-03T10:37:28.8883700Z -- Up-to-date: D:/a/sindarin-compiler/sindarin-compiler/bin/deps/include/json-c/json_config.h
Build (windows-latest)	Run Rust concurrency tests	2026-10-03T10:37:28.8885123Z -- Up-to-date: D:/a/sindarin-compiler/sindarin-compiler/bin/deps/include/json-c/json_c_version.h
Build (windows-latest)	Run Rust concurrency tests	2026-10-03T10:37:28.8886831Z -- Up-to-date: D:/a/sindarin-compiler/sindarin-compiler/bin/deps/include/json-c/json_inttypes.h
Build (windows-latest)	Run Rust concurrency tests	2026-10-03T10:37:28.8888370Z -- Up-to-date: D:/a/sindarin-compiler/sindarin-compiler/bin/deps/include/json-c/json_object.h
Build (windows-latest)	Run Rust concurrency tests	2026-10-03T10:37:28.8890116Z -- Up-to-date: D:/a/sindarin-compiler/sindarin-compiler/bin/deps/include/json-c/json_object_iterator.h
Build (windows-latest)	Run Rust concurrency tests	2026-10-03T10:37:28.8891796Z -- Up-to-date: D:/a/sindarin-compiler/sindarin-compiler/bin/deps/include/json-c/json_patch.h
Build (windows-latest)	Run Rust concurrency tests	2026-10-03T10:37:28.8893328Z -- Up-to-date: D:/a/sindarin-compiler/sindarin-compiler/bin/deps/include/json-c/json_pointer.h
Build (windows-latest)	Run Rust concurrency tests	2026-10-03T10:37:28.8894931Z -- Up-to-date: D:/a/sindarin-compiler/sindarin-compiler/bin/deps/include/json-c/json_tokener.h
Build (windows-latest)	Run Rust concurrency tests	2026-10-03T10:37:28.8896565Z -- Up-to-date: D:/a/sindarin-compiler/sindarin-compiler/bin/deps/include/json-c/json_types.h
Build (windows-latest)	Run Rust concurrency tests	2026-10-03T10:37:28.8898082Z -- Up-to-date: D:/a/sindarin-compiler/sindarin-compiler/bin/deps/include/json-c/json_util.h
Build (windows-latest)	Run Rust concurrency tests	2026-10-03T10:37:28.8899664Z -- Up-to-date: D:/a/sindarin-compiler/sindarin-compiler/bin/deps/include/json-c/json_visit.h
Build (windows-latest)	Run Rust concurrency tests	2026-10-03T10:37:28.8901223Z -- Up-to-date: D:/a/sindarin-compiler/sindarin-compiler/bin/deps/include/json-c/linkhash.h
Build (windows-latest)	Run Rust concurrency tests	2026-10-03T10:37:28.8903031Z -- Up-to-date: D:/a/sindarin-compiler/sindarin-compiler/bin/deps/include/json-c/printbuf.h
Build (windows-latest)	Run Rust concurrency tests	2026-10-03T10:37:28.8903588Z --   Copying libxml2 headers...
Build (windows-latest)	Run Rust concurrency tests	2026-10-03T10:37:28.8905449Z -- Up-to-date: D:/a/sindarin-compiler/sindarin-compiler/bin/deps/include/libxml
Build (windows-latest)	Run Rust concurrency tests	2026-10-03T10:37:28.8908255Z -- Up-to-date: D:/a/sindarin-compiler/sindarin-compiler/bin/deps/include/libxml/c14n.h
Build (windows-latest)	Run Rust concurrency tests	2026-10-03T10:37:28.8909871Z -- Up-to-date: D:/a/sindarin-compiler/sindarin-compiler/bin/deps/include/libxml/catalog.h
Build (windows-latest)	Run Rust concurrency tests	2026-10-03T10:37:28.8911527Z -- Up-to-date: D:/a/sindarin-compiler/sindarin-compiler/bin/deps/include/libxml/chvalid.h
Build (windows-latest)	Run Rust concurrency tests	2026-10-03T10:37:28.8913074Z -- Up-to-date: D:/a/sindarin-compiler/sindarin-compiler/bin/deps/include/libxml/debugXML.h
Build (windows-latest)	Run Rust concurrency tests	2026-10-03T10:37:28.8914702Z -- Up-to-date: D:/a/sindarin-compiler/sindarin-compiler/bin/deps/include/libxml/dict.h
Build (windows-latest)	Run Rust concurrency tests	2026-10-03T10:37:28.8916265Z -- Up-to-date: D:/a/sindarin-compiler/sindarin-compiler/bin/deps/include/libxml/encoding.h
Build (windows-latest)	Run Rust concurrency tests	2026-10-03T10:37:28.8917835Z -- Up-to-date: D:/a/sindarin-compiler/sindarin-compiler/bin/deps/include/libxml/entities.h
Build (windows-latest)	Run Rust concurrency tests	2026-10-03T10:37:28.8919324Z -- Up-to-date: D:/a/sindarin-compiler/sindarin-compiler/bin/deps/include/libxml/globals.h
Build (windows-latest)	Run Rust concurrency tests	2026-10-03T10:37:28.8921274Z -- Up-to-date: D:/a/sindarin-compiler/sindarin-compiler/bin/deps/include/libxml/hash.h
Build (windows-latest)	Run Rust concurrency tests	2026-10-03T10:37:28.8923282Z -- Up-to-date: D:/a/sindarin-compiler/sindarin-compiler/bin/deps/include/libxml/HTMLparser.h
Build (windows-latest)	Run Rust concurrency tests	2026-10-03T10:37:28.8925708Z -- Up-to-date: D:/a/sindarin-compiler/sindarin-compiler/bin/deps/include/libxml/HTMLtree.h
Build (windows-latest)	Run Rust concurrency tests	2026-10-03T10:37:28.8926794Z -- Up-to-date: D:/a/sindarin-compiler/sindarin-compiler/bin/deps/include/libxml/list.h
Build (windows-latest)	Run Rust concurrency tests	2026-10-03T10:37:28.8928359Z -- Up-to-date: D:/a/sindarin-compiler/sindarin-compiler/bin/deps/include/libxml/nanoftp.h
Build (windows-latest)	Run Rust concurrency tests	2026-10-03T10:37:28.8930108Z -- Up-to-date: D:/a/sindarin-compiler/sindarin-compiler/bin/deps/include/libxml/nanohttp.h
Build (windows-latest)	Run Rust concurrency tests	2026-10-03T10:37:28.8931797Z -- Up-to-date: D:/a/sindarin-compiler/sindarin-compiler/bin/deps/include/libxml/parser.h
Build (windows-latest)	Run Rust concurrency tests	2026-10-03T10:37:28.8933467Z -- Up-to-date: D:/a/sindarin-compiler/sindarin-compiler/bin/deps/include/libxml/parserInternals.h
Build (windows-latest)	Run Rust concurrency tests	2026-10-03T10:37:28.8935026Z -- Up-to-date: D:/a/sindarin-compiler/sindarin-compiler/bin/deps/include/libxml/pattern.h
Build (windows-latest)	Run Rust concurrency tests	2026-10-03T10:37:28.8936625Z -- Up-to-date: D:/a/sindarin-compiler/sindarin-compiler/bin/deps/include/libxml/relaxng.h
Build (windows-latest)	Run Rust concurrency tests	2026-10-03T10:37:28.8938247Z -- Up-to-date: D:/a/sindarin-compiler/sindarin-compiler/bin/deps/include/libxml/SAX.h
Build (windows-latest)	Run Rust concurrency tests	2026-10-03T10:37:28.8939858Z -- Up-to-date: D:/a/sindarin-compiler/sindarin-compiler/bin/deps/include/libxml/SAX2.h
Build (windows-latest)	Run Rust concurrency tests	2026-10-03T10:37:28.8941393Z -- Up-to-date: D:/a/sindarin-compiler/sindarin-compiler/bin/deps/include/libxml/schemasInternals.h
Build (windows-latest)	Run Rust concurrency tests	2026-10-03T10:37:28.8943107Z -- Up-to-date: D:/a/sindarin-compiler/sindarin-compiler/bin/deps/include/libxml/schematron.h
Build (windows-latest)	Run Rust concurrency tests	2026-10-03T10:37:28.8944709Z -- Up-to-date: D:/a/sindarin-compiler/sindarin-compiler/bin/deps/include/libxml/threads.h
Build (windows-latest)	Run Rust concurrency tests	2026-10-03T10:37:28.8946457Z -- Up-to-date: D:/a/sindarin-compiler/sindarin-compiler/bin/deps/include/libxml/tree.h
Build (windows-latest)	Run Rust concurrency tests	2026-10-03T10:37:28.8948089Z -- Up-to-date: D:/a/sindarin-compiler/sindarin-compiler/bin/deps/include/libxml/uri.h
Build (windows-latest)	Run Rust concurrency tests	2026-10-03T10:37:28.8949669Z -- Up-to-date: D:/a/sindarin-compiler/sindarin-compiler/bin/deps/include/libxml/valid.h
Build (windows-latest)	Run Rust concurrency tests	2026-10-03T10:37:28.8951216Z -- Up-to-date: D:/a/sindarin-compiler/sindarin-compiler/bin/deps/include/libxml/xinclude.h
Build (windows-latest)	Run Rust concurrency tests	2026-10-03T10:37:28.8952839Z -- Up-to-date: D:/a/sindarin-compiler/sindarin-compiler/bin/deps/include/libxml/xlink.h
Build (windows-latest)	Run Rust concurrency tests	2026-10-03T10:37:28.8954452Z -- Up-to-date: D:/a/sindarin-compiler/sindarin-compiler/bin/deps/include/libxml/xmlautomata.h
Build (windows-latest)	Run Rust concurrency tests	2026-10-03T10:37:28.8956019Z -- Up-to-date: D:/a/sindarin-compiler/sindarin-compiler/bin/deps/include/libxml/xmlerror.h
Build (windows-latest)	Run Rust concurrency tests	2026-10-03T10:37:28.8957599Z -- Up-to-date: D:/a/sindarin-compiler/sindarin-compiler/bin/deps/include/libxml/xmlexports.h
Build (windows-latest)	Run Rust concurrency tests	2026-10-03T10:37:28.8959099Z -- Up-to-date: D:/a/sindarin-compiler/sindarin-compiler/bin/deps/include/libxml/xmlIO.h
Build (windows-latest)	Run Rust concurrency tests	2026-10-03T10:37:28.8960867Z -- Up-to-date: D:/a/sindarin-compiler/sindarin-compiler/bin/deps/include/libxml/xmlmemory.h
Build (windows-latest)	Run Rust concurrency tests	2026-10-03T10:37:28.8961891Z -- Up-to-date: D:/a/sindarin-compiler/sindarin-compiler/bin/deps/include/libxml/xmlmodule.h
Build (windows-latest)	Run Rust concurrency tests	2026-10-03T10:37:28.8963667Z -- Up-to-date: D:/a/sindarin-compiler/sindarin-compiler/bin/deps/include/libxml/xmlreader.h
Build (windows-latest)	Run Rust concurrency tests	2026-10-03T10:37:28.8965271Z -- Up-to-date: D:/a/sindarin-compiler/sindarin-compiler/bin/deps/include/libxml/xmlregexp.h
Build (windows-latest)	Run Rust concurrency tests	2026-10-03T10:37:28.8975300Z -- Up-to-date: D:/a/sindarin-compiler/sindarin-compiler/bin/deps/include/libxml/xmlsave.h
Build (windows-latest)	Run Rust concurrency tests	2026-10-03T10:37:28.8976758Z -- Up-to-date: D:/a/sindarin-compiler/sindarin-compiler/bin/deps/include/libxml/xmlschemas.h
Build (windows-latest)	Run Rust concurrency tests	2026-10-03T10:37:28.8978019Z -- Up-to-date: D:/a/sindarin-compiler/sindarin-compiler/bin/deps/include/libxml/xmlschemastypes.h
Build (windows-latest)	Run Rust concurrency tests	2026-10-03T10:37:28.8979415Z -- Up-to-date: D:/a/sindarin-compiler/sindarin-compiler/bin/deps/include/libxml/xmlstring.h
Build (windows-latest)	Run Rust concurrency tests	2026-10-03T10:37:28.8980153Z -- Up-to-date: D:/a/sindarin-compiler/sindarin-compiler/bin/deps/include/libxml/xmlunicode.h
Build (windows-latest)	Run Rust concurrency tests	2026-10-03T10:37:28.8981015Z -- Up-to-date: D:/a/sindarin-compiler/sindarin-compiler/bin/deps/include/libxml/xmlversion.h
Build (windows-latest)	Run Rust concurrency tests	2026-10-03T10:37:28.8981887Z -- Up-to-date: D:/a/sindarin-compiler/sindarin-compiler/bin/deps/include/libxml/xmlwriter.h
Build (windows-latest)	Run Rust concurrency tests	2026-10-03T10:37:28.8982478Z -- Up-to-date: D:/a/sindarin-compiler/sindarin-compiler/bin/deps/include/libxml/xpath.h
Build (windows-latest)	Run Rust concurrency tests	2026-10-03T10:37:28.8983481Z -- Up-to-date: D:/a/sindarin-compiler/sindarin-compiler/bin/deps/include/libxml/xpathInternals.h
Build (windows-latest)	Run Rust concurrency tests	2026-10-03T10:37:28.8984088Z -- Up-to-date: D:/a/sindarin-compiler/sindarin-compiler/bin/deps/include/libxml/xpointer.h
Build (windows-latest)	Run Rust concurrency tests	2026-10-03T10:37:28.8984514Z --   Copying libyaml headers...
Build (windows-latest)	Run Rust concurrency tests	2026-10-03T10:37:28.8984863Z -- Up-to-date: D:/a/sindarin-compiler/sindarin-compiler/bin/deps/include/yaml.h
Build (windows-latest)	Run Rust concurrency tests	2026-10-03T10:37:28.8985291Z --   Copying openssl headers...
Build (windows-latest)	Run Rust concurrency tests	2026-10-03T10:37:28.8985919Z -- Up-to-date: D:/a/sindarin-compiler/sindarin-compiler/bin/deps/include/openssl
Build (windows-latest)	Run Rust concurrency tests	2026-10-03T10:37:28.8986554Z -- Up-to-date: D:/a/sindarin-compiler/sindarin-compiler/bin/deps/include/openssl/aes.h
Build (windows-latest)	Run Rust concurrency tests	2026-10-03T10:37:28.8988068Z -- Up-to-date: D:/a/sindarin-compiler/sindarin-compiler/bin/deps/include/openssl/asn1.h
Build (windows-latest)	Run Rust concurrency tests	2026-10-03T10:37:28.8989693Z -- Up-to-date: D:/a/sindarin-compiler/sindarin-compiler/bin/deps/include/openssl/asn1err.h
Build (windows-latest)	Run Rust concurrency tests	2026-10-03T10:37:28.8991581Z -- Up-to-date: D:/a/sindarin-compiler/sindarin-compiler/bin/deps/include/openssl/asn1t.h
Build (windows-latest)	Run Rust concurrency tests	2026-10-03T10:37:28.8993155Z -- Up-to-date: D:/a/sindarin-compiler/sindarin-compiler/bin/deps/include/openssl/async.h
Build (windows-latest)	Run Rust concurrency tests	2026-10-03T10:37:28.8994732Z -- Up-to-date: D:/a/sindarin-compiler/sindarin-compiler/bin/deps/include/openssl/asyncerr.h
Build (windows-latest)	Run Rust concurrency tests	2026-10-03T10:37:28.8996218Z -- Up-to-date: D:/a/sindarin-compiler/sindarin-compiler/bin/deps/include/openssl/bio.h
Build (windows-latest)	Run Rust concurrency tests	2026-10-03T10:37:28.8997833Z -- Up-to-date: D:/a/sindarin-compiler/sindarin-compiler/bin/deps/include/openssl/bioerr.h
Build (windows-latest)	Run Rust concurrency tests	2026-10-03T10:37:28.8999477Z -- Up-to-date: D:/a/sindarin-compiler/sindarin-compiler/bin/deps/include/openssl/blowfish.h
Build (windows-latest)	Run Rust concurrency tests	2026-10-03T10:37:28.9001220Z -- Up-to-date: D:/a/sindarin-compiler/sindarin-compiler/bin/deps/include/openssl/bn.h
Build (windows-latest)	Run Rust concurrency tests	2026-10-03T10:37:28.9002231Z -- Up-to-date: D:/a/sindarin-compiler/sindarin-compiler/bin/deps/include/openssl/bnerr.h
Build (windows-latest)	Run Rust concurrency tests	2026-10-03T10:37:28.9003876Z -- Up-to-date: D:/a/sindarin-compiler/sindarin-compiler/bin/deps/include/openssl/buffer.h
Build (windows-latest)	Run Rust concurrency tests	2026-10-03T10:37:28.9005485Z -- Up-to-date: D:/a/sindarin-compiler/sindarin-compiler/bin/deps/include/openssl/buffererr.h
Build (windows-latest)	Run Rust concurrency tests	2026-10-03T10:37:28.9007443Z -- Up-to-date: D:/a/sindarin-compiler/sindarin-compiler/bin/deps/include/openssl/byteorder.h
Build (windows-latest)	Run Rust concurrency tests	2026-10-03T10:37:28.9009027Z -- Up-to-date: D:/a/sindarin-compiler/sindarin-compiler/bin/deps/include/openssl/camellia.h
Build (windows-latest)	Run Rust concurrency tests	2026-10-03T10:37:28.9010634Z -- Up-to-date: D:/a/sindarin-compiler/sindarin-compiler/bin/deps/include/openssl/cast.h
Build (windows-latest)	Run Rust concurrency tests	2026-10-03T10:37:28.9012171Z -- Up-to-date: D:/a/sindarin-compiler/sindarin-compiler/bin/deps/include/openssl/cmac.h
Build (windows-latest)	Run Rust concurrency tests	2026-10-03T10:37:28.9013665Z -- Up-to-date: D:/a/sindarin-compiler/sindarin-compiler/bin/deps/include/openssl/cmp.h
Build (windows-latest)	Run Rust concurrency tests	2026-10-03T10:37:28.9015311Z -- Up-to-date: D:/a/sindarin-compiler/sindarin-compiler/bin/deps/include/openssl/cmperr.h
Build (windows-latest)	Run Rust concurrency tests	2026-10-03T10:37:28.9016928Z -- Up-to-date: D:/a/sindarin-compiler/sindarin-compiler/bin/deps/include/openssl/cmp_util.h
Build (windows-latest)	Run Rust concurrency tests	2026-10-03T10:37:28.9018509Z -- Up-to-date: D:/a/sindarin-compiler/sindarin-compiler/bin/deps/include/openssl/cms.h
Build (windows-latest)	Run Rust concurrency tests	2026-10-03T10:37:28.9020113Z -- Up-to-date: D:/a/sindarin-compiler/sindarin-compiler/bin/deps/include/openssl/cmserr.h
Build (windows-latest)	Run Rust concurrency tests	2026-10-03T10:37:28.9021980Z -- Up-to-date: D:/a/sindarin-compiler/sindarin-compiler/bin/deps/include/openssl/comp.h
Build (windows-latest)	Run Rust concurrency tests	2026-10-03T10:37:28.9023634Z -- Up-to-date: D:/a/sindarin-compiler/sindarin-compiler/bin/deps/include/openssl/comperr.h
Build (windows-latest)	Run Rust concurrency tests	2026-10-03T10:37:28.9025284Z -- Up-to-date: D:/a/sindarin-compiler/sindarin-compiler/bin/deps/include/openssl/conf.h
Build (windows-latest)	Run Rust concurrency tests	2026-10-03T10:37:28.9026746Z -- Up-to-date: D:/a/sindarin-compiler/sindarin-compiler/bin/deps/include/openssl/conferr.h
Build (windows-latest)	Run Rust concurrency tests	2026-10-03T10:37:28.9028409Z -- Up-to-date: D:/a/sindarin-compiler/sindarin-compiler/bin/deps/include/openssl/configuration.h
Build (windows-latest)	Run Rust concurrency tests	2026-10-03T10:37:28.9029947Z -- Up-to-date: D:/a/sindarin-compiler/sindarin-compiler/bin/deps/include/openssl/conftypes.h
Build (windows-latest)	Run Rust concurrency tests	2026-10-03T10:37:28.9031589Z -- Up-to-date: D:/a/sindarin-compiler/sindarin-compiler/bin/deps/include/openssl/conf_api.h
Build (windows-latest)	Run Rust concurrency tests	2026-10-03T10:37:28.9033281Z -- Up-to-date: D:/a/sindarin-compiler/sindarin-compiler/bin/deps/include/openssl/core.h
Build (windows-latest)	Run Rust concurrency tests	2026-10-03T10:37:28.9034877Z -- Up-to-date: D:/a/sindarin-compiler/sindarin-compiler/bin/deps/include/openssl/core_dispatch.h
Build (windows-latest)	Run Rust concurrency tests	2026-10-03T10:37:28.9036402Z -- Up-to-date: D:/a/sindarin-compiler/sindarin-compiler/bin/deps/include/openssl/core_names.h
Build (windows-latest)	Run Rust concurrency tests	2026-10-03T10:37:28.9038106Z -- Up-to-date: D:/a/sindarin-compiler/sindarin-compiler/bin/deps/include/openssl/core_object.h
Build (windows-latest)	Run Rust concurrency tests	2026-10-03T10:37:28.9039616Z -- Up-to-date: D:/a/sindarin-compiler/sindarin-compiler/bin/deps/include/openssl/crmf.h
Build (windows-latest)	Run Rust concurrency tests	2026-10-03T10:37:28.9041247Z -- Up-to-date: D:/a/sindarin-compiler/sindarin-compiler/bin/deps/include/openssl/crmferr.h
Build (windows-latest)	Run Rust concurrency tests	2026-10-03T10:37:28.9042884Z -- Up-to-date: D:/a/sindarin-compiler/sindarin-compiler/bin/deps/include/openssl/crypto.h
Build (windows-latest)	Run Rust concurrency tests	2026-10-03T10:37:28.9044495Z -- Up-to-date: D:/a/sindarin-compiler/sindarin-compiler/bin/deps/include/openssl/cryptoerr.h
Build (windows-latest)	Run Rust concurrency tests	2026-10-03T10:37:28.9046092Z -- Up-to-date: D:/a/sindarin-compiler/sindarin-compiler/bin/deps/include/openssl/cryptoerr_legacy.h
Build (windows-latest)	Run Rust concurrency tests	2026-10-03T10:37:28.9047969Z -- Up-to-date: D:/a/sindarin-compiler/sindarin-compiler/bin/deps/include/openssl/ct.h
Build (windows-latest)	Run Rust concurrency tests	2026-10-03T10:37:28.9049524Z -- Up-to-date: D:/a/sindarin-compiler/sindarin-compiler/bin/deps/include/openssl/cterr.h
Build (windows-latest)	Run Rust concurrency tests	2026-10-03T10:37:28.9051148Z -- Up-to-date: D:/a/sindarin-compiler/sindarin-compiler/bin/deps/include/openssl/decoder.h
Build (windows-latest)	Run Rust concurrency tests	2026-10-03T10:37:28.9052704Z -- Up-to-date: D:/a/sindarin-compiler/sindarin-compiler/bin/deps/include/openssl/decodererr.h
Build (windows-latest)	Run Rust concurrency tests	2026-10-03T10:37:28.9054193Z -- Up-to-date: D:/a/sindarin-compiler/sindarin-compiler/bin/deps/include/openssl/des.h
Build (windows-latest)	Run Rust concurrency tests	2026-10-03T10:37:28.9055755Z -- Up-to-date: D:/a/sindarin-compiler/sindarin-compiler/bin/deps/include/openssl/dh.h
Build (windows-latest)	Run Rust concurrency tests	2026-10-03T10:37:28.9057316Z -- Up-to-date: D:/a/sindarin-compiler/sindarin-compiler/bin/deps/include/openssl/dherr.h
Build (windows-latest)	Run Rust concurrency tests	2026-10-03T10:37:28.9058867Z -- Up-to-date: D:/a/sindarin-compiler/sindarin-compiler/bin/deps/include/openssl/dsa.h
Build (windows-latest)	Run Rust concurrency tests	2026-10-03T10:37:28.9060461Z -- Up-to-date: D:/a/sindarin-compiler/sindarin-compiler/bin/deps/include/openssl/dsaerr.h
Build (windows-latest)	Run Rust concurrency tests	2026-10-03T10:37:28.9062326Z -- Up-to-date: D:/a/sindarin-compiler/sindarin-compiler/bin/deps/include/openssl/dtls1.h
Build (windows-latest)	Run Rust concurrency tests	2026-10-03T10:37:28.9063924Z -- Up-to-date: D:/a/sindarin-compiler/sindarin-compiler/bin/deps/include/openssl/ebcdic.h
Build (windows-latest)	Run Rust concurrency tests	2026-10-03T10:37:28.9065911Z -- Up-to-date: D:/a/sindarin-compiler/sindarin-compiler/bin/deps/include/openssl/ec.h
Build (windows-latest)	Run Rust concurrency tests	2026-10-03T10:37:28.9067280Z -- Up-to-date: D:/a/sindarin-compiler/sindarin-compiler/bin/deps/include/openssl/ecdh.h
Build (windows-latest)	Run Rust concurrency tests	2026-10-03T10:37:28.9069197Z -- Up-to-date: D:/a/sindarin-compiler/sindarin-compiler/bin/deps/include/openssl/ecdsa.h
Build (windows-latest)	Run Rust concurrency tests	2026-10-03T10:37:28.9070895Z -- Up-to-date: D:/a/sindarin-compiler/sindarin-compiler/bin/deps/include/openssl/ecerr.h
Build (windows-latest)	Run Rust concurrency tests	2026-10-03T10:37:28.9072494Z -- Up-to-date: D:/a/sindarin-compiler/sindarin-compiler/bin/deps/include/openssl/encoder.h
Build (windows-latest)	Run Rust concurrency tests	2026-10-03T10:37:28.9074096Z -- Up-to-date: D:/a/sindarin-compiler/sindarin-compiler/bin/deps/include/openssl/encodererr.h
Build (windows-latest)	Run Rust concurrency tests	2026-10-03T10:37:28.9075596Z -- Up-to-date: D:/a/sindarin-compiler/sindarin-compiler/bin/deps/include/openssl/engine.h
Build (windows-latest)	Run Rust concurrency tests	2026-10-03T10:37:28.9077224Z -- Up-to-date: D:/a/sindarin-compiler/sindarin-compiler/bin/deps/include/openssl/engineerr.h
Build (windows-latest)	Run Rust concurrency tests	2026-10-03T10:37:28.9078940Z -- Up-to-date: D:/a/sindarin-compiler/sindarin-compiler/bin/deps/include/openssl/err.h
Build (windows-latest)	Run Rust concurrency tests	2026-10-03T10:37:28.9080732Z -- Up-to-date: D:/a/sindarin-compiler/sindarin-compiler/bin/deps/include/openssl/ess.h
Build (windows-latest)	Run Rust concurrency tests	2026-10-03T10:37:28.9082144Z -- Up-to-date: D:/a/sindarin-compiler/sindarin-compiler/bin/deps/include/openssl/esserr.h
Build (windows-latest)	Run Rust concurrency tests	2026-10-03T10:37:28.9084160Z -- Up-to-date: D:/a/sindarin-compiler/sindarin-compiler/bin/deps/include/openssl/evp.h
Build (windows-latest)	Run Rust concurrency tests	2026-10-03T10:37:28.9085767Z -- Up-to-date: D:/a/sindarin-compiler/sindarin-compiler/bin/deps/include/openssl/evperr.h
Build (windows-latest)	Run Rust concurrency tests	2026-10-03T10:37:28.9087298Z -- Up-to-date: D:/a/sindarin-compiler/sindarin-compiler/bin/deps/include/openssl/e_os2.h
Build (windows-latest)	Run Rust concurrency tests	2026-10-03T10:37:28.9089187Z -- Up-to-date: D:/a/sindarin-compiler/sindarin-compiler/bin/deps/include/openssl/e_ostime.h
Build (windows-latest)	Run Rust concurrency tests	2026-10-03T10:37:28.9090369Z -- Up-to-date: D:/a/sindarin-compiler/sindarin-compiler/bin/deps/include/openssl/fipskey.h
Build (windows-latest)	Run Rust concurrency tests	2026-10-03T10:37:28.9092158Z -- Up-to-date: D:/a/sindarin-compiler/sindarin-compiler/bin/deps/include/openssl/fips_names.h
Build (windows-latest)	Run Rust concurrency tests	2026-10-03T10:37:28.9093769Z -- Up-to-date: D:/a/sindarin-compiler/sindarin-compiler/bin/deps/include/openssl/hmac.h
Build (windows-latest)	Run Rust concurrency tests	2026-10-03T10:37:28.9095390Z -- Up-to-date: D:/a/sindarin-compiler/sindarin-compiler/bin/deps/include/openssl/hpke.h
Build (windows-latest)	Run Rust concurrency tests	2026-10-03T10:37:28.9096974Z -- Up-to-date: D:/a/sindarin-compiler/sindarin-compiler/bin/deps/include/openssl/http.h
Build (windows-latest)	Run Rust concurrency tests	2026-10-03T10:37:28.9098579Z -- Up-to-date: D:/a/sindarin-compiler/sindarin-compiler/bin/deps/include/openssl/httperr.h
Build (windows-latest)	Run Rust concurrency tests	2026-10-03T10:37:28.9100217Z -- Up-to-date: D:/a/sindarin-compiler/sindarin-compiler/bin/deps/include/openssl/idea.h
Build (windows-latest)	Run Rust concurrency tests	2026-10-03T10:37:28.9101860Z -- Up-to-date: D:/a/sindarin-compiler/sindarin-compiler/bin/deps/include/openssl/indicator.h
Build (windows-latest)	Run Rust concurrency tests	2026-10-03T10:37:28.9103784Z -- Up-to-date: D:/a/sindarin-compiler/sindarin-compiler/bin/deps/include/openssl/kdf.h
Build (windows-latest)	Run Rust concurrency tests	2026-10-03T10:37:28.9105312Z -- Up-to-date: D:/a/sindarin-compiler/sindarin-compiler/bin/deps/include/openssl/kdferr.h
Build (windows-latest)	Run Rust concurrency tests	2026-10-03T10:37:28.9106933Z -- Up-to-date: D:/a/sindarin-compiler/sindarin-compiler/bin/deps/include/openssl/lhash.h
Build (windows-latest)	Run Rust concurrency tests	2026-10-03T10:37:28.9108551Z -- Up-to-date: D:/a/sindarin-compiler/sindarin-compiler/bin/deps/include/openssl/macros.h
Build (windows-latest)	Run Rust concurrency tests	2026-10-03T10:37:28.9110109Z -- Up-to-date: D:/a/sindarin-compiler/sindarin-compiler/bin/deps/include/openssl/md2.h
Build (windows-latest)	Run Rust concurrency tests	2026-10-03T10:37:28.9111640Z -- Up-to-date: D:/a/sindarin-compiler/sindarin-compiler/bin/deps/include/openssl/md4.h
Build (windows-latest)	Run Rust concurrency tests	2026-10-03T10:37:28.9113354Z -- Up-to-date: D:/a/sindarin-compiler/sindarin-compiler/bin/deps/include/openssl/md5.h
Build (windows-latest)	Run Rust concurrency tests	2026-10-03T10:37:28.9114867Z -- Up-to-date: D:/a/sindarin-compiler/sindarin-compiler/bin/deps/include/openssl/mdc2.h
Build (windows-latest)	Run Rust concurrency tests	2026-10-03T10:37:28.9116486Z -- Up-to-date: D:/a/sindarin-compiler/sindarin-compiler/bin/deps/include/openssl/ml_kem.h
Build (windows-latest)	Run Rust concurrency tests	2026-10-03T10:37:28.9117920Z -- Up-to-date: D:/a/sindarin-compiler/sindarin-compiler/bin/deps/include/openssl/modes.h
Build (windows-latest)	Run Rust concurrency tests	2026-10-03T10:37:28.9119704Z -- Up-to-date: D:/a/sindarin-compiler/sindarin-compiler/bin/deps/include/openssl/objects.h
Build (windows-latest)	Run Rust concurrency tests	2026-10-03T10:37:28.9121359Z -- Up-to-date: D:/a/sindarin-compiler/sindarin-compiler/bin/deps/include/openssl/objectserr.h
Build (windows-latest)	Run Rust concurrency tests	2026-10-03T10:37:28.9123020Z -- Up-to-date: D:/a/sindarin-compiler/sindarin-compiler/bin/deps/include/openssl/obj_mac.h
Build (windows-latest)	Run Rust concurrency tests	2026-10-03T10:37:28.9124619Z -- Up-to-date: D:/a/sindarin-compiler/sindarin-compiler/bin/deps/include/openssl/ocsp.h
Build (windows-latest)	Run Rust concurrency tests	2026-10-03T10:37:28.9126233Z -- Up-to-date: D:/a/sindarin-compiler/sindarin-compiler/bin/deps/include/openssl/ocsperr.h
Build (windows-latest)	Run Rust concurrency tests	2026-10-03T10:37:28.9127792Z -- Up-to-date: D:/a/sindarin-compiler/sindarin-compiler/bin/deps/include/openssl/opensslconf.h
Build (windows-latest)	Run Rust concurrency tests	2026-10-03T10:37:28.9129512Z -- Up-to-date: D:/a/sindarin-compiler/sindarin-compiler/bin/deps/include/openssl/opensslv.h
Build (windows-latest)	Run Rust concurrency tests	2026-10-03T10:37:28.9131013Z -- Up-to-date: D:/a/sindarin-compiler/sindarin-compiler/bin/deps/include/openssl/ossl_typ.h
Build (windows-latest)	Run Rust concurrency tests	2026-10-03T10:37:28.9132572Z -- Up-to-date: D:/a/sindarin-compiler/sindarin-compiler/bin/deps/include/openssl/params.h
Build (windows-latest)	Run Rust concurrency tests	2026-10-03T10:37:28.9134149Z -- Up-to-date: D:/a/sindarin-compiler/sindarin-compiler/bin/deps/include/openssl/param_build.h
Build (windows-latest)	Run Rust concurrency tests	2026-10-03T10:37:28.9135739Z -- Up-to-date: D:/a/sindarin-compiler/sindarin-compiler/bin/deps/include/openssl/pem.h
Build (windows-latest)	Run Rust concurrency tests	2026-10-03T10:37:28.9137345Z -- Up-to-date: D:/a/sindarin-compiler/sindarin-compiler/bin/deps/include/openssl/pem2.h
Build (windows-latest)	Run Rust concurrency tests	2026-10-03T10:37:28.9138903Z -- Up-to-date: D:/a/sindarin-compiler/sindarin-compiler/bin/deps/include/openssl/pemerr.h
Build (windows-latest)	Run Rust concurrency tests	2026-10-03T10:37:28.9141109Z -- Up-to-date: D:/a/sindarin-compiler/sindarin-compiler/bin/deps/include/openssl/pkcs12.h
Build (windows-latest)	Run Rust concurrency tests	2026-10-03T10:37:28.9142823Z -- Up-to-date: D:/a/sindarin-compiler/sindarin-compiler/bin/deps/include/openssl/pkcs12err.h
Build (windows-latest)	Run Rust concurrency tests	2026-10-03T10:37:28.9144192Z -- Up-to-date: D:/a/sindarin-compiler/sindarin-compiler/bin/deps/include/openssl/pkcs7.h
Build (windows-latest)	Run Rust concurrency tests	2026-10-03T10:37:28.9145747Z -- Up-to-date: D:/a/sindarin-compiler/sindarin-compiler/bin/deps/include/openssl/pkcs7err.h
Build (windows-latest)	Run Rust concurrency tests	2026-10-03T10:37:28.9147581Z -- Up-to-date: D:/a/sindarin-compiler/sindarin-compiler/bin/deps/include/openssl/proverr.h
Build (windows-latest)	Run Rust concurrency tests	2026-10-03T10:37:28.9149364Z -- Up-to-date: D:/a/sindarin-compiler/sindarin-compiler/bin/deps/include/openssl/provider.h
Build (windows-latest)	Run Rust concurrency tests	2026-10-03T10:37:28.9150832Z -- Up-to-date: D:/a/sindarin-compiler/sindarin-compiler/bin/deps/include/openssl/prov_ssl.h
Build (windows-latest)	Run Rust concurrency tests	2026-10-03T10:37:28.9152361Z -- Up-to-date: D:/a/sindarin-compiler/sindarin-compiler/bin/deps/include/openssl/quic.h
Build (windows-latest)	Run Rust concurrency tests	2026-10-03T10:37:28.9153858Z -- Up-to-date: D:/a/sindarin-compiler/sindarin-compiler/bin/deps/include/openssl/rand.h
Build (windows-latest)	Run Rust concurrency tests	2026-10-03T10:37:28.9155410Z -- Up-to-date: D:/a/sindarin-compiler/sindarin-compiler/bin/deps/include/openssl/randerr.h
Build (windows-latest)	Run Rust concurrency tests	2026-10-03T10:37:28.9156907Z -- Up-to-date: D:/a/sindarin-compiler/sindarin-compiler/bin/deps/include/openssl/rc2.h
Build (windows-latest)	Run Rust concurrency tests	2026-10-03T10:37:28.9158383Z -- Up-to-date: D:/a/sindarin-compiler/sindarin-compiler/bin/deps/include/openssl/rc4.h
Build (windows-latest)	Run Rust concurrency tests	2026-10-03T10:37:28.9159760Z -- Up-to-date: D:/a/sindarin-compiler/sindarin-compiler/bin/deps/include/openssl/rc5.h
Build (windows-latest)	Run Rust concurrency tests	2026-10-03T10:37:28.9161352Z -- Up-to-date: D:/a/sindarin-compiler/sindarin-compiler/bin/deps/include/openssl/ripemd.h
Build (windows-latest)	Run Rust concurrency tests	2026-10-03T10:37:28.9162848Z -- Up-to-date: D:/a/sindarin-compiler/sindarin-compiler/bin/deps/include/openssl/rsa.h
Build (windows-latest)	Run Rust concurrency tests	2026-10-03T10:37:28.9164421Z -- Up-to-date: D:/a/sindarin-compiler/sindarin-compiler/bin/deps/include/openssl/rsaerr.h
Build (windows-latest)	Run Rust concurrency tests	2026-10-03T10:37:28.9166126Z -- Up-to-date: D:/a/sindarin-compiler/sindarin-compiler/bin/deps/include/openssl/safestack.h
Build (windows-latest)	Run Rust concurrency tests	2026-10-03T10:37:28.9167496Z -- Up-to-date: D:/a/sindarin-compiler/sindarin-compiler/bin/deps/include/openssl/seed.h
Build (windows-latest)	Run Rust concurrency tests	2026-10-03T10:37:28.9169396Z -- Up-to-date: D:/a/sindarin-compiler/sindarin-compiler/bin/deps/include/openssl/self_test.h
Build (windows-latest)	Run Rust concurrency tests	2026-10-03T10:37:28.9170934Z -- Up-to-date: D:/a/sindarin-compiler/sindarin-compiler/bin/deps/include/openssl/sha.h
Build (windows-latest)	Run Rust concurrency tests	2026-10-03T10:37:28.9172474Z -- Up-to-date: D:/a/sindarin-compiler/sindarin-compiler/bin/deps/include/openssl/srp.h
Build (windows-latest)	Run Rust concurrency tests	2026-10-03T10:37:28.9174026Z -- Up-to-date: D:/a/sindarin-compiler/sindarin-compiler/bin/deps/include/openssl/srtp.h
Build (windows-latest)	Run Rust concurrency tests	2026-10-03T10:37:28.9175535Z -- Up-to-date: D:/a/sindarin-compiler/sindarin-compiler/bin/deps/include/openssl/ssl.h
Build (windows-latest)	Run Rust concurrency tests	2026-10-03T10:37:28.9177029Z -- Up-to-date: D:/a/sindarin-compiler/sindarin-compiler/bin/deps/include/openssl/ssl2.h
Build (windows-latest)	Run Rust concurrency tests	2026-10-03T10:37:28.9178569Z -- Up-to-date: D:/a/sindarin-compiler/sindarin-compiler/bin/deps/include/openssl/ssl3.h
Build (windows-latest)	Run Rust concurrency tests	2026-10-03T10:37:28.9180116Z -- Up-to-date: D:/a/sindarin-compiler/sindarin-compiler/bin/deps/include/openssl/sslerr.h
Build (windows-latest)	Run Rust concurrency tests	2026-10-03T10:37:28.9181866Z -- Up-to-date: D:/a/sindarin-compiler/sindarin-compiler/bin/deps/include/openssl/sslerr_legacy.h
Build (windows-latest)	Run Rust concurrency tests	2026-10-03T10:37:28.9183411Z -- Up-to-date: D:/a/sindarin-compiler/sindarin-compiler/bin/deps/include/openssl/stack.h
Build (windows-latest)	Run Rust concurrency tests	2026-10-03T10:37:28.9184962Z -- Up-to-date: D:/a/sindarin-compiler/sindarin-compiler/bin/deps/include/openssl/store.h
Build (windows-latest)	Run Rust concurrency tests	2026-10-03T10:37:28.9186855Z -- Up-to-date: D:/a/sindarin-compiler/sindarin-compiler/bin/deps/include/openssl/storeerr.h
Build (windows-latest)	Run Rust concurrency tests	2026-10-03T10:37:28.9188482Z -- Up-to-date: D:/a/sindarin-compiler/sindarin-compiler/bin/deps/include/openssl/symhacks.h
Build (windows-latest)	Run Rust concurrency tests	2026-10-03T10:37:28.9190039Z -- Up-to-date: D:/a/sindarin-compiler/sindarin-compiler/bin/deps/include/openssl/thread.h
Build (windows-latest)	Run Rust concurrency tests	2026-10-03T10:37:28.9191618Z -- Up-to-date: D:/a/sindarin-compiler/sindarin-compiler/bin/deps/include/openssl/tls1.h
Build (windows-latest)	Run Rust concurrency tests	2026-10-03T10:37:28.9193669Z -- Up-to-date: D:/a/sindarin-compiler/sindarin-compiler/bin/deps/include/openssl/trace.h
Build (windows-latest)	Run Rust concurrency tests	2026-10-03T10:37:28.9194815Z -- Up-to-date: D:/a/sindarin-compiler/sindarin-compiler/bin/deps/include/openssl/ts.h
Build (windows-latest)	Run Rust concurrency tests	2026-10-03T10:37:28.9196474Z -- Up-to-date: D:/a/sindarin-compiler/sindarin-compiler/bin/deps/include/openssl/tserr.h
Build (windows-latest)	Run Rust concurrency tests	2026-10-03T10:37:28.9198131Z -- Up-to-date: D:/a/sindarin-compiler/sindarin-compiler/bin/deps/include/openssl/txt_db.h
Build (windows-latest)	Run Rust concurrency tests	2026-10-03T10:37:28.9199971Z -- Up-to-date: D:/a/sindarin-compiler/sindarin-compiler/bin/deps/include/openssl/types.h
Build (windows-latest)	Run Rust concurrency tests	2026-10-03T10:37:28.9201405Z -- Up-to-date: D:/a/sindarin-compiler/sindarin-compiler/bin/deps/include/openssl/ui.h
Build (windows-latest)	Run Rust concurrency tests	2026-10-03T10:37:28.9203208Z -- Up-to-date: D:/a/sindarin-compiler/sindarin-compiler/bin/deps/include/openssl/uierr.h
Build (windows-latest)	Run Rust concurrency tests	2026-10-03T10:37:28.9204898Z -- Up-to-date: D:/a/sindarin-compiler/sindarin-compiler/bin/deps/include/openssl/whrlpool.h
Build (windows-latest)	Run Rust concurrency tests	2026-10-03T10:37:28.9206577Z -- Up-to-date: D:/a/sindarin-compiler/sindarin-compiler/bin/deps/include/openssl/x509.h
Build (windows-latest)	Run Rust concurrency tests	2026-10-03T10:37:28.9207968Z -- Up-to-date: D:/a/sindarin-compiler/sindarin-compiler/bin/deps/include/openssl/x509err.h
Build (windows-latest)	Run Rust concurrency tests	2026-10-03T10:37:28.9209643Z -- Up-to-date: D:/a/sindarin-compiler/sindarin-compiler/bin/deps/include/openssl/x509v3.h
Build (windows-latest)	Run Rust concurrency tests	2026-10-03T10:37:28.9211214Z -- Up-to-date: D:/a/sindarin-compiler/sindarin-compiler/bin/deps/include/openssl/x509v3err.h
Build (windows-latest)	Run Rust concurrency tests	2026-10-03T10:37:28.9212709Z -- Up-to-date: D:/a/sindarin-compiler/sindarin-compiler/bin/deps/include/openssl/x509_acert.h
Build (windows-latest)	Run Rust concurrency tests	2026-10-03T10:37:28.9214298Z -- Up-to-date: D:/a/sindarin-compiler/sindarin-compiler/bin/deps/include/openssl/x509_vfy.h
Build (windows-latest)	Run Rust concurrency tests	2026-10-03T10:37:28.9216144Z --   Copying libssh headers...
Build (windows-latest)	Run Rust concurrency tests	2026-10-03T10:37:28.9217877Z -- Up-to-date: D:/a/sindarin-compiler/sindarin-compiler/bin/deps/include/libssh
Build (windows-latest)	Run Rust concurrency tests	2026-10-03T10:37:28.9219851Z -- Up-to-date: D:/a/sindarin-compiler/sindarin-compiler/bin/deps/include/libssh/callbacks.h
Build (windows-latest)	Run Rust concurrency tests	2026-10-03T10:37:28.9221512Z -- Up-to-date: D:/a/sindarin-compiler/sindarin-compiler/bin/deps/include/libssh/legacy.h
Build (windows-latest)	Run Rust concurrency tests	2026-10-03T10:37:28.9223069Z -- Up-to-date: D:/a/sindarin-compiler/sindarin-compiler/bin/deps/include/libssh/libssh.h
Build (windows-latest)	Run Rust concurrency tests	2026-10-03T10:37:28.9224683Z -- Up-to-date: D:/a/sindarin-compiler/sindarin-compiler/bin/deps/include/libssh/libsshpp.hpp
Build (windows-latest)	Run Rust concurrency tests	2026-10-03T10:37:28.9226436Z -- Up-to-date: D:/a/sindarin-compiler/sindarin-compiler/bin/deps/include/libssh/libssh_version.h
Build (windows-latest)	Run Rust concurrency tests	2026-10-03T10:37:28.9227870Z -- Up-to-date: D:/a/sindarin-compiler/sindarin-compiler/bin/deps/include/libssh/server.h
Build (windows-latest)	Run Rust concurrency tests	2026-10-03T10:37:28.9229674Z -- Up-to-date: D:/a/sindarin-compiler/sindarin-compiler/bin/deps/include/libssh/sftp.h
Build (windows-latest)	Run Rust concurrency tests	2026-10-03T10:37:28.9231263Z -- Up-to-date: D:/a/sindarin-compiler/sindarin-compiler/bin/deps/include/libssh/sftpserver.h
Build (windows-latest)	Run Rust concurrency tests	2026-10-03T10:37:28.9232721Z -- Up-to-date: D:/a/sindarin-compiler/sindarin-compiler/bin/deps/include/libssh/ssh2.h
Build (windows-latest)	Run Rust concurrency tests	2026-10-03T10:37:28.9233579Z --   Copying libgit2 headers...
Build (windows-latest)	Run Rust concurrency tests	2026-10-03T10:37:28.9235533Z -- Up-to-date: D:/a/sindarin-compiler/sindarin-compiler/bin/deps/include/git2.h
Build (windows-latest)	Run Rust concurrency tests	2026-10-03T10:37:28.9237248Z -- Up-to-date: D:/a/sindarin-compiler/sindarin-compiler/bin/deps/include/git2
Build (windows-latest)	Run Rust concurrency tests	2026-10-03T10:37:28.9240610Z -- Up-to-date: D:/a/sindarin-compiler/sindarin-compiler/bin/deps/include/git2/annotated_commit.h
Build (windows-latest)	Run Rust concurrency tests	2026-10-03T10:37:28.9242030Z -- Up-to-date: D:/a/sindarin-compiler/sindarin-compiler/bin/deps/include/git2/apply.h
Build (windows-latest)	Run Rust concurrency tests	2026-10-03T10:37:28.9243607Z -- Up-to-date: D:/a/sindarin-compiler/sindarin-compiler/bin/deps/include/git2/attr.h
Build (windows-latest)	Run Rust concurrency tests	2026-10-03T10:37:28.9245414Z -- Up-to-date: D:/a/sindarin-compiler/sindarin-compiler/bin/deps/include/git2/blame.h
Build (windows-latest)	Run Rust concurrency tests	2026-10-03T10:37:28.9246963Z -- Up-to-date: D:/a/sindarin-compiler/sindarin-compiler/bin/deps/include/git2/blob.h
Build (windows-latest)	Run Rust concurrency tests	2026-10-03T10:37:28.9248462Z -- Up-to-date: D:/a/sindarin-compiler/sindarin-compiler/bin/deps/include/git2/branch.h
Build (windows-latest)	Run Rust concurrency tests	2026-10-03T10:37:28.9249977Z -- Up-to-date: D:/a/sindarin-compiler/sindarin-compiler/bin/deps/include/git2/buffer.h
Build (windows-latest)	Run Rust concurrency tests	2026-10-03T10:37:28.9251495Z -- Up-to-date: D:/a/sindarin-compiler/sindarin-compiler/bin/deps/include/git2/cert.h
Build (windows-latest)	Run Rust concurrency tests	2026-10-03T10:37:28.9253060Z -- Up-to-date: D:/a/sindarin-compiler/sindarin-compiler/bin/deps/include/git2/checkout.h
Build (windows-latest)	Run Rust concurrency tests	2026-10-03T10:37:28.9254646Z -- Up-to-date: D:/a/sindarin-compiler/sindarin-compiler/bin/deps/include/git2/cherrypick.h
Build (windows-latest)	Run Rust concurrency tests	2026-10-03T10:37:28.9256145Z -- Up-to-date: D:/a/sindarin-compiler/sindarin-compiler/bin/deps/include/git2/clone.h
Build (windows-latest)	Run Rust concurrency tests	2026-10-03T10:37:28.9257601Z -- Up-to-date: D:/a/sindarin-compiler/sindarin-compiler/bin/deps/include/git2/commit.h
Build (windows-latest)	Run Rust concurrency tests	2026-10-03T10:37:28.9259565Z -- Up-to-date: D:/a/sindarin-compiler/sindarin-compiler/bin/deps/include/git2/common.h
Build (windows-latest)	Run Rust concurrency tests	2026-10-03T10:37:28.9261115Z -- Up-to-date: D:/a/sindarin-compiler/sindarin-compiler/bin/deps/include/git2/config.h
Build (windows-latest)	Run Rust concurrency tests	2026-10-03T10:37:28.9263149Z -- Up-to-date: D:/a/sindarin-compiler/sindarin-compiler/bin/deps/include/git2/credential.h
Build (windows-latest)	Run Rust concurrency tests	2026-10-03T10:37:28.9264392Z -- Up-to-date: D:/a/sindarin-compiler/sindarin-compiler/bin/deps/include/git2/credential_helpers.h
Build (windows-latest)	Run Rust concurrency tests	2026-10-03T10:37:28.9266104Z -- Up-to-date: D:/a/sindarin-compiler/sindarin-compiler/bin/deps/include/git2/cred_helpers.h
Build (windows-latest)	Run Rust concurrency tests	2026-10-03T10:37:28.9267816Z -- Up-to-date: D:/a/sindarin-compiler/sindarin-compiler/bin/deps/include/git2/deprecated.h
Build (windows-latest)	Run Rust concurrency tests	2026-10-03T10:37:28.9269486Z -- Up-to-date: D:/a/sindarin-compiler/sindarin-compiler/bin/deps/include/git2/describe.h
Build (windows-latest)	Run Rust concurrency tests	2026-10-03T10:37:28.9271032Z -- Up-to-date: D:/a/sindarin-compiler/sindarin-compiler/bin/deps/include/git2/diff.h
Build (windows-latest)	Run Rust concurrency tests	2026-10-03T10:37:28.9272673Z -- Up-to-date: D:/a/sindarin-compiler/sindarin-compiler/bin/deps/include/git2/email.h
Build (windows-latest)	Run Rust concurrency tests	2026-10-03T10:37:28.9274183Z -- Up-to-date: D:/a/sindarin-compiler/sindarin-compiler/bin/deps/include/git2/errors.h
Build (windows-latest)	Run Rust concurrency tests	2026-10-03T10:37:28.9275732Z -- Up-to-date: D:/a/sindarin-compiler/sindarin-compiler/bin/deps/include/git2/experimental.h
Build (windows-latest)	Run Rust concurrency tests	2026-10-03T10:37:28.9277564Z -- Up-to-date: D:/a/sindarin-compiler/sindarin-compiler/bin/deps/include/git2/filter.h
Build (windows-latest)	Run Rust concurrency tests	2026-10-03T10:37:28.9278898Z -- Up-to-date: D:/a/sindarin-compiler/sindarin-compiler/bin/deps/include/git2/global.h
Build (windows-latest)	Run Rust concurrency tests	2026-10-03T10:37:28.9280594Z -- Up-to-date: D:/a/sindarin-compiler/sindarin-compiler/bin/deps/include/git2/graph.h
Build (windows-latest)	Run Rust concurrency tests	2026-10-03T10:37:28.9282117Z -- Up-to-date: D:/a/sindarin-compiler/sindarin-compiler/bin/deps/include/git2/ignore.h
Build (windows-latest)	Run Rust concurrency tests	2026-10-03T10:37:28.9283587Z -- Up-to-date: D:/a/sindarin-compiler/sindarin-compiler/bin/deps/include/git2/index.h
Build (windows-latest)	Run Rust concurrency tests	2026-10-03T10:37:28.9285152Z -- Up-to-date: D:/a/sindarin-compiler/sindarin-compiler/bin/deps/include/git2/indexer.h
Build (windows-latest)	Run Rust concurrency tests	2026-10-03T10:37:28.9286665Z -- Up-to-date: D:/a/sindarin-compiler/sindarin-compiler/bin/deps/include/git2/mailmap.h
Build (windows-latest)	Run Rust concurrency tests	2026-10-03T10:37:28.9288170Z -- Up-to-date: D:/a/sindarin-compiler/sindarin-compiler/bin/deps/include/git2/merge.h
Build (windows-latest)	Run Rust concurrency tests	2026-10-03T10:37:28.9289687Z -- Up-to-date: D:/a/sindarin-compiler/sindarin-compiler/bin/deps/include/git2/message.h
Build (windows-latest)	Run Rust concurrency tests	2026-10-03T10:37:28.9291246Z -- Up-to-date: D:/a/sindarin-compiler/sindarin-compiler/bin/deps/include/git2/net.h
Build (windows-latest)	Run Rust concurrency tests	2026-10-03T10:37:28.9292767Z -- Up-to-date: D:/a/sindarin-compiler/sindarin-compiler/bin/deps/include/git2/notes.h
Build (windows-latest)	Run Rust concurrency tests	2026-10-03T10:37:28.9294311Z -- Up-to-date: D:/a/sindarin-compiler/sindarin-compiler/bin/deps/include/git2/object.h
Build (windows-latest)	Run Rust concurrency tests	2026-10-03T10:37:28.9295894Z -- Up-to-date: D:/a/sindarin-compiler/sindarin-compiler/bin/deps/include/git2/odb.h
Build (windows-latest)	Run Rust concurrency tests	2026-10-03T10:37:28.9297770Z -- Up-to-date: D:/a/sindarin-compiler/sindarin-compiler/bin/deps/include/git2/odb_backend.h
Build (windows-latest)	Run Rust concurrency tests	2026-10-03T10:37:28.9299273Z -- Up-to-date: D:/a/sindarin-compiler/sindarin-compiler/bin/deps/include/git2/oid.h
Build (windows-latest)	Run Rust concurrency tests	2026-10-03T10:37:28.9300867Z -- Up-to-date: D:/a/sindarin-compiler/sindarin-compiler/bin/deps/include/git2/oidarray.h
Build (windows-latest)	Run Rust concurrency tests	2026-10-03T10:37:28.9302524Z -- Up-to-date: D:/a/sindarin-compiler/sindarin-compiler/bin/deps/include/git2/pack.h
Build (windows-latest)	Run Rust concurrency tests	2026-10-03T10:37:28.9304055Z -- Up-to-date: D:/a/sindarin-compiler/sindarin-compiler/bin/deps/include/git2/patch.h
Build (windows-latest)	Run Rust concurrency tests	2026-10-03T10:37:28.9305602Z -- Up-to-date: D:/a/sindarin-compiler/sindarin-compiler/bin/deps/include/git2/pathspec.h
Build (windows-latest)	Run Rust concurrency tests	2026-10-03T10:37:28.9307159Z -- Up-to-date: D:/a/sindarin-compiler/sindarin-compiler/bin/deps/include/git2/proxy.h
Build (windows-latest)	Run Rust concurrency tests	2026-10-03T10:37:28.9308696Z -- Up-to-date: D:/a/sindarin-compiler/sindarin-compiler/bin/deps/include/git2/rebase.h
Build (windows-latest)	Run Rust concurrency tests	2026-10-03T10:37:28.9310709Z -- Up-to-date: D:/a/sindarin-compiler/sindarin-compiler/bin/deps/include/git2/refdb.h
Build (windows-latest)	Run Rust concurrency tests	2026-10-03T10:37:28.9311797Z -- Up-to-date: D:/a/sindarin-compiler/sindarin-compiler/bin/deps/include/git2/reflog.h
Build (windows-latest)	Run Rust concurrency tests	2026-10-03T10:37:28.9313874Z -- Up-to-date: D:/a/sindarin-compiler/sindarin-compiler/bin/deps/include/git2/refs.h
Build (windows-latest)	Run Rust concurrency tests	2026-10-03T10:37:28.9315454Z -- Up-to-date: D:/a/sindarin-compiler/sindarin-compiler/bin/deps/include/git2/refspec.h
Build (windows-latest)	Run Rust concurrency tests	2026-10-03T10:37:28.9317302Z -- Up-to-date: D:/a/sindarin-compiler/sindarin-compiler/bin/deps/include/git2/remote.h
Build (windows-latest)	Run Rust concurrency tests	2026-10-03T10:37:28.9318549Z -- Up-to-date: D:/a/sindarin-compiler/sindarin-compiler/bin/deps/include/git2/repository.h
Build (windows-latest)	Run Rust concurrency tests	2026-10-03T10:37:28.9320600Z -- Up-to-date: D:/a/sindarin-compiler/sindarin-compiler/bin/deps/include/git2/reset.h
Build (windows-latest)	Run Rust concurrency tests	2026-10-03T10:37:28.9322076Z -- Up-to-date: D:/a/sindarin-compiler/sindarin-compiler/bin/deps/include/git2/revert.h
Build (windows-latest)	Run Rust concurrency tests	2026-10-03T10:37:28.9323590Z -- Up-to-date: D:/a/sindarin-compiler/sindarin-compiler/bin/deps/include/git2/revparse.h
Build (windows-latest)	Run Rust concurrency tests	2026-10-03T10:37:28.9325086Z -- Up-to-date: D:/a/sindarin-compiler/sindarin-compiler/bin/deps/include/git2/revwalk.h
Build (windows-latest)	Run Rust concurrency tests	2026-10-03T10:37:28.9326618Z -- Up-to-date: D:/a/sindarin-compiler/sindarin-compiler/bin/deps/include/git2/signature.h
Build (windows-latest)	Run Rust concurrency tests	2026-10-03T10:37:28.9328058Z -- Up-to-date: D:/a/sindarin-compiler/sindarin-compiler/bin/deps/include/git2/stash.h
Build (windows-latest)	Run Rust concurrency tests	2026-10-03T10:37:28.9329561Z -- Up-to-date: D:/a/sindarin-compiler/sindarin-compiler/bin/deps/include/git2/status.h
Build (windows-latest)	Run Rust concurrency tests	2026-10-03T10:37:28.9331051Z -- Up-to-date: D:/a/sindarin-compiler/sindarin-compiler/bin/deps/include/git2/stdint.h
Build (windows-latest)	Run Rust concurrency tests	2026-10-03T10:37:28.9332571Z -- Up-to-date: D:/a/sindarin-compiler/sindarin-compiler/bin/deps/include/git2/strarray.h
Build (windows-latest)	Run Rust concurrency tests	2026-10-03T10:37:28.9334107Z -- Up-to-date: D:/a/sindarin-compiler/sindarin-compiler/bin/deps/include/git2/submodule.h
Build (windows-latest)	Run Rust concurrency tests	2026-10-03T10:37:28.9335600Z -- Up-to-date: D:/a/sindarin-compiler/sindarin-compiler/bin/deps/include/git2/sys
Build (windows-latest)	Run Rust concurrency tests	2026-10-03T10:37:28.9338104Z -- Up-to-date: D:/a/sindarin-compiler/sindarin-compiler/bin/deps/include/git2/sys/alloc.h
Build (windows-latest)	Run Rust concurrency tests	2026-10-03T10:37:28.9339056Z -- Up-to-date: D:/a/sindarin-compiler/sindarin-compiler/bin/deps/include/git2/sys/commit.h
Build (windows-latest)	Run Rust concurrency tests	2026-10-03T10:37:28.9341075Z -- Up-to-date: D:/a/sindarin-compiler/sindarin-compiler/bin/deps/include/git2/sys/commit_graph.h
Build (windows-latest)	Run Rust concurrency tests	2026-10-03T10:37:28.9342589Z -- Up-to-date: D:/a/sindarin-compiler/sindarin-compiler/bin/deps/include/git2/sys/config.h
Build (windows-latest)	Run Rust concurrency tests	2026-10-03T10:37:28.9344158Z -- Up-to-date: D:/a/sindarin-compiler/sindarin-compiler/bin/deps/include/git2/sys/cred.h
Build (windows-latest)	Run Rust concurrency tests	2026-10-03T10:37:28.9345680Z -- Up-to-date: D:/a/sindarin-compiler/sindarin-compiler/bin/deps/include/git2/sys/credential.h
Build (windows-latest)	Run Rust concurrency tests	2026-10-03T10:37:28.9347270Z -- Up-to-date: D:/a/sindarin-compiler/sindarin-compiler/bin/deps/include/git2/sys/diff.h
Build (windows-latest)	Run Rust concurrency tests	2026-10-03T10:37:28.9348791Z -- Up-to-date: D:/a/sindarin-compiler/sindarin-compiler/bin/deps/include/git2/sys/email.h
Build (windows-latest)	Run Rust concurrency tests	2026-10-03T10:37:28.9350312Z -- Up-to-date: D:/a/sindarin-compiler/sindarin-compiler/bin/deps/include/git2/sys/errors.h
Build (windows-latest)	Run Rust concurrency tests	2026-10-03T10:37:28.9351964Z -- Up-to-date: D:/a/sindarin-compiler/sindarin-compiler/bin/deps/include/git2/sys/filter.h
Build (windows-latest)	Run Rust concurrency tests	2026-10-03T10:37:28.9353584Z -- Up-to-date: D:/a/sindarin-compiler/sindarin-compiler/bin/deps/include/git2/sys/hashsig.h
Build (windows-latest)	Run Rust concurrency tests	2026-10-03T10:37:28.9355135Z -- Up-to-date: D:/a/sindarin-compiler/sindarin-compiler/bin/deps/include/git2/sys/index.h
Build (windows-latest)	Run Rust concurrency tests	2026-10-03T10:37:28.9356652Z -- Up-to-date: D:/a/sindarin-compiler/sindarin-compiler/bin/deps/include/git2/sys/mempack.h
Build (windows-latest)	Run Rust concurrency tests	2026-10-03T10:37:28.9358250Z -- Up-to-date: D:/a/sindarin-compiler/sindarin-compiler/bin/deps/include/git2/sys/merge.h
Build (windows-latest)	Run Rust concurrency tests	2026-10-03T10:37:28.9359694Z -- Up-to-date: D:/a/sindarin-compiler/sindarin-compiler/bin/deps/include/git2/sys/midx.h
Build (windows-latest)	Run Rust concurrency tests	2026-10-03T10:37:28.9361237Z -- Up-to-date: D:/a/sindarin-compiler/sindarin-compiler/bin/deps/include/git2/sys/odb_backend.h
Build (windows-latest)	Run Rust concurrency tests	2026-10-03T10:37:28.9362913Z -- Up-to-date: D:/a/sindarin-compiler/sindarin-compiler/bin/deps/include/git2/sys/openssl.h
Build (windows-latest)	Run Rust concurrency tests	2026-10-03T10:37:28.9364478Z -- Up-to-date: D:/a/sindarin-compiler/sindarin-compiler/bin/deps/include/git2/sys/path.h
Build (windows-latest)	Run Rust concurrency tests	2026-10-03T10:37:28.9366069Z -- Up-to-date: D:/a/sindarin-compiler/sindarin-compiler/bin/deps/include/git2/sys/refdb_backend.h
Build (windows-latest)	Run Rust concurrency tests	2026-10-03T10:37:28.9367821Z -- Up-to-date: D:/a/sindarin-compiler/sindarin-compiler/bin/deps/include/git2/sys/refs.h
Build (windows-latest)	Run Rust concurrency tests	2026-10-03T10:37:28.9369424Z -- Up-to-date: D:/a/sindarin-compiler/sindarin-compiler/bin/deps/include/git2/sys/remote.h
Build (windows-latest)	Run Rust concurrency tests	2026-10-03T10:37:28.9371117Z -- Up-to-date: D:/a/sindarin-compiler/sindarin-compiler/bin/deps/include/git2/sys/repository.h
Build (windows-latest)	Run Rust concurrency tests	2026-10-03T10:37:28.9372801Z -- Up-to-date: D:/a/sindarin-compiler/sindarin-compiler/bin/deps/include/git2/sys/stream.h
Build (windows-latest)	Run Rust concurrency tests	2026-10-03T10:37:28.9374341Z -- Up-to-date: D:/a/sindarin-compiler/sindarin-compiler/bin/deps/include/git2/sys/transport.h
Build (windows-latest)	Run Rust concurrency tests	2026-10-03T10:37:28.9375835Z -- Up-to-date: D:/a/sindarin-compiler/sindarin-compiler/bin/deps/include/git2/tag.h
Build (windows-latest)	Run Rust concurrency tests	2026-10-03T10:37:28.9377323Z -- Up-to-date: D:/a/sindarin-compiler/sindarin-compiler/bin/deps/include/git2/trace.h
Build (windows-latest)	Run Rust concurrency tests	2026-10-03T10:37:28.9378676Z -- Up-to-date: D:/a/sindarin-compiler/sindarin-compiler/bin/deps/include/git2/transaction.h
Build (windows-latest)	Run Rust concurrency tests	2026-10-03T10:37:28.9380762Z -- Up-to-date: D:/a/sindarin-compiler/sindarin-compiler/bin/deps/include/git2/transport.h
Build (windows-latest)	Run Rust concurrency tests	2026-10-03T10:37:28.9382285Z -- Up-to-date: D:/a/sindarin-compiler/sindarin-compiler/bin/deps/include/git2/tree.h
Build (windows-latest)	Run Rust concurrency tests	2026-10-03T10:37:28.9383791Z -- Up-to-date: D:/a/sindarin-compiler/sindarin-compiler/bin/deps/include/git2/types.h
Build (windows-latest)	Run Rust concurrency tests	2026-10-03T10:37:28.9385265Z -- Up-to-date: D:/a/sindarin-compiler/sindarin-compiler/bin/deps/include/git2/version.h
Build (windows-latest)	Run Rust concurrency tests	2026-10-03T10:37:28.9386799Z -- Up-to-date: D:/a/sindarin-compiler/sindarin-compiler/bin/deps/include/git2/worktree.h
Build (windows-latest)	Run Rust concurrency tests	2026-10-03T10:37:28.9387837Z --   Copying curl headers...
Build (windows-latest)	Run Rust concurrency tests	2026-10-03T10:37:28.9389423Z -- Up-to-date: D:/a/sindarin-compiler/sindarin-compiler/bin/deps/include/curl
Build (windows-latest)	Run Rust concurrency tests	2026-10-03T10:37:28.9391431Z -- Up-to-date: D:/a/sindarin-compiler/sindarin-compiler/bin/deps/include/curl/curl.h
Build (windows-latest)	Run Rust concurrency tests	2026-10-03T10:37:28.9392966Z -- Up-to-date: D:/a/sindarin-compiler/sindarin-compiler/bin/deps/include/curl/curlver.h
Build (windows-latest)	Run Rust concurrency tests	2026-10-03T10:37:28.9394476Z -- Up-to-date: D:/a/sindarin-compiler/sindarin-compiler/bin/deps/include/curl/easy.h
Build (windows-latest)	Run Rust concurrency tests	2026-10-03T10:37:28.9396133Z -- Up-to-date: D:/a/sindarin-compiler/sindarin-compiler/bin/deps/include/curl/header.h
Build (windows-latest)	Run Rust concurrency tests	2026-10-03T10:37:28.9398470Z -- Up-to-date: D:/a/sindarin-compiler/sindarin-compiler/bin/deps/include/curl/mprintf.h
Build (windows-latest)	Run Rust concurrency tests	2026-10-03T10:37:28.9399972Z -- Up-to-date: D:/a/sindarin-compiler/sindarin-compiler/bin/deps/include/curl/multi.h
Build (windows-latest)	Run Rust concurrency tests	2026-10-03T10:37:28.9401567Z -- Up-to-date: D:/a/sindarin-compiler/sindarin-compiler/bin/deps/include/curl/options.h
Build (windows-latest)	Run Rust concurrency tests	2026-10-03T10:37:28.9403102Z -- Up-to-date: D:/a/sindarin-compiler/sindarin-compiler/bin/deps/include/curl/stdcheaders.h
Build (windows-latest)	Run Rust concurrency tests	2026-10-03T10:37:28.9404594Z -- Up-to-date: D:/a/sindarin-compiler/sindarin-compiler/bin/deps/include/curl/system.h
Build (windows-latest)	Run Rust concurrency tests	2026-10-03T10:37:28.9406276Z -- Up-to-date: D:/a/sindarin-compiler/sindarin-compiler/bin/deps/include/curl/typecheck-gcc.h
Build (windows-latest)	Run Rust concurrency tests	2026-10-03T10:37:28.9407841Z -- Up-to-date: D:/a/sindarin-compiler/sindarin-compiler/bin/deps/include/curl/urlapi.h
Build (windows-latest)	Run Rust concurrency tests	2026-10-03T10:37:28.9409404Z -- Up-to-date: D:/a/sindarin-compiler/sindarin-compiler/bin/deps/include/curl/websockets.h
Build (windows-latest)	Run Rust concurrency tests	2026-10-03T10:37:28.9421338Z --   Copying library: D:/a/sindarin-compiler/sindarin-compiler/.sn/sindarin-pkg-libs/libs/windows/lib/libzlib.a
Build (windows-latest)	Run Rust concurrency tests	2026-10-03T10:37:28.9422975Z -- Up-to-date: D:/a/sindarin-compiler/sindarin-compiler/bin/deps/lib/libzlib.a
Build (windows-latest)	Run Rust concurrency tests	2026-10-03T10:37:28.9424141Z --   Copying library: D:/a/sindarin-compiler/sindarin-compiler/.sn/sindarin-pkg-libs/libs/windows/lib/libzs.a
Build (windows-latest)	Run Rust concurrency tests	2026-10-03T10:37:28.9425260Z -- Up-to-date: D:/a/sindarin-compiler/sindarin-compiler/bin/deps/lib/libzs.a
Build (windows-latest)	Run Rust concurrency tests	2026-10-03T10:37:28.9426493Z --   Copying library: D:/a/sindarin-compiler/sindarin-compiler/.sn/sindarin-pkg-libs/libs/windows/lib/libyyjson.a
Build (windows-latest)	Run Rust concurrency tests	2026-10-03T10:37:28.9428187Z -- Up-to-date: D:/a/sindarin-compiler/sindarin-compiler/bin/deps/lib/libyyjson.a
Build (windows-latest)	Run Rust concurrency tests	2026-10-03T10:37:28.9429047Z --   Copying library: D:/a/sindarin-compiler/sindarin-compiler/.sn/sindarin-pkg-libs/libs/windows/lib/libxml2.a
Build (windows-latest)	Run Rust concurrency tests	2026-10-03T10:37:28.9430741Z -- Up-to-date: D:/a/sindarin-compiler/sindarin-compiler/bin/deps/lib/libxml2.a
Build (windows-latest)	Run Rust concurrency tests	2026-10-03T10:37:28.9432320Z --   Copying library: D:/a/sindarin-compiler/sindarin-compiler/.sn/sindarin-pkg-libs/libs/windows/lib/libyaml.a
Build (windows-latest)	Run Rust concurrency tests	2026-10-03T10:37:28.9433552Z -- Up-to-date: D:/a/sindarin-compiler/sindarin-compiler/bin/deps/lib/libyaml.a
Build (windows-latest)	Run Rust concurrency tests	2026-10-03T10:37:28.9434748Z --   Copying library: D:/a/sindarin-compiler/sindarin-compiler/.sn/sindarin-pkg-libs/libs/windows/lib/libcrypto.a
Build (windows-latest)	Run Rust concurrency tests	2026-10-03T10:37:28.9435959Z -- Up-to-date: D:/a/sindarin-compiler/sindarin-compiler/bin/deps/lib/libcrypto.a
Build (windows-latest)	Run Rust concurrency tests	2026-10-03T10:37:28.9437443Z --   Copying library: D:/a/sindarin-compiler/sindarin-compiler/.sn/sindarin-pkg-libs/libs/windows/lib/libssl.a
Build (windows-latest)	Run Rust concurrency tests	2026-10-03T10:37:28.9438620Z -- Up-to-date: D:/a/sindarin-compiler/sindarin-compiler/bin/deps/lib/libssl.a
Build (windows-latest)	Run Rust concurrency tests	2026-10-03T10:37:28.9439785Z --   Copying library: D:/a/sindarin-compiler/sindarin-compiler/.sn/sindarin-pkg-libs/libs/windows/lib/libssh.a
Build (windows-latest)	Run Rust concurrency tests	2026-10-03T10:37:28.9440947Z -- Up-to-date: D:/a/sindarin-compiler/sindarin-compiler/bin/deps/lib/libssh.a
Build (windows-latest)	Run Rust concurrency tests	2026-10-03T10:37:28.9442099Z --   Copying library: D:/a/sindarin-compiler/sindarin-compiler/.sn/sindarin-pkg-libs/libs/windows/lib/libssh2.a
Build (windows-latest)	Run Rust concurrency tests	2026-10-03T10:37:28.9443300Z -- Up-to-date: D:/a/sindarin-compiler/sindarin-compiler/bin/deps/lib/libssh2.a
Build (windows-latest)	Run Rust concurrency tests	2026-10-03T10:37:28.9444459Z --   Copying library: D:/a/sindarin-compiler/sindarin-compiler/.sn/sindarin-pkg-libs/libs/windows/lib/libgit2.a
Build (windows-latest)	Run Rust concurrency tests	2026-10-03T10:37:28.9445650Z -- Up-to-date: D:/a/sindarin-compiler/sindarin-compiler/bin/deps/lib/libgit2.a
Build (windows-latest)	Run Rust concurrency tests	2026-10-03T10:37:28.9446885Z --   Copying library: D:/a/sindarin-compiler/sindarin-compiler/.sn/sindarin-pkg-libs/libs/windows/lib/libhttp_parser.a
Build (windows-latest)	Run Rust concurrency tests	2026-10-03T10:37:28.9448625Z -- Up-to-date: D:/a/sindarin-compiler/sindarin-compiler/bin/deps/lib/libhttp_parser.a
Build (windows-latest)	Run Rust concurrency tests	2026-10-03T10:37:28.9449518Z --   Copying library: D:/a/sindarin-compiler/sindarin-compiler/.sn/sindarin-pkg-libs/libs/windows/lib/libpcre2-8.a
Build (windows-latest)	Run Rust concurrency tests	2026-10-03T10:37:28.9451125Z -- Up-to-date: D:/a/sindarin-compiler/sindarin-compiler/bin/deps/lib/libpcre2-8.a
Build (windows-latest)	Run Rust concurrency tests	2026-10-03T10:37:28.9451987Z --   Copying library: D:/a/sindarin-compiler/sindarin-compiler/.sn/sindarin-pkg-libs/libs/windows/lib/libssh2.a
Build (windows-latest)	Run Rust concurrency tests	2026-10-03T10:37:28.9453472Z -- Up-to-date: D:/a/sindarin-compiler/sindarin-compiler/bin/deps/lib/libssh2.a
Build (windows-latest)	Run Rust concurrency tests	2026-10-03T10:37:28.9454322Z --   Copying library: D:/a/sindarin-compiler/sindarin-compiler/.sn/sindarin-pkg-libs/libs/windows/lib/libcurl.a
Build (windows-latest)	Run Rust concurrency tests	2026-10-03T10:37:28.9456231Z -- Up-to-date: D:/a/sindarin-compiler/sindarin-compiler/bin/deps/lib/libcurl.a
Build (windows-latest)	Run Rust concurrency tests	2026-10-03T10:37:28.9457012Z --   Dependencies copied to: D:/a/sindarin-compiler/sindarin-compiler/bin/deps
Build (windows-latest)	Run Rust concurrency tests	2026-10-03T10:37:28.9458587Z -- Using zlib archive: D:/a/sindarin-compiler/sindarin-compiler/.sn/sindarin-pkg-libs/libs/windows/lib/libzlib.a
Build (windows-latest)	Run Rust concurrency tests	2026-10-03T10:37:28.9459806Z -- Found sindarin-template (handlebars)
Build (windows-latest)	Run Rust concurrency tests	2026-10-03T10:37:28.9469219Z -- Found libcurl - enabling auto-update feature
Build (windows-latest)	Run Rust concurrency tests	2026-10-03T10:37:28.9470716Z -- Found libgit2 and libyaml - enabling package manager
Build (windows-latest)	Run Rust concurrency tests	2026-10-03T10:37:28.9535146Z -- 
Build (windows-latest)	Run Rust concurrency tests	2026-10-03T10:37:28.9535541Z -- Sindarin Compiler Build Configuration:
Build (windows-latest)	Run Rust concurrency tests	2026-10-03T10:37:28.9536138Z --   Version:      1.0.0
Build (windows-latest)	Run Rust concurrency tests	2026-10-03T10:37:28.9536507Z --   Platform:     Windows
Build (windows-latest)	Run Rust concurrency tests	2026-10-03T10:37:28.9536886Z --   Compiler:     Clang 22.1.8
Build (windows-latest)	Run Rust concurrency tests	2026-10-03T10:37:28.9537153Z --   Build Type:   Release
Build (windows-latest)	Run Rust concurrency tests	2026-10-03T10:37:28.9537392Z --   Debug:        OFF
Build (windows-latest)	Run Rust concurrency tests	2026-10-03T10:37:28.9537617Z --   ASAN:         OFF
Build (windows-latest)	Run Rust concurrency tests	2026-10-03T10:37:28.9537929Z --   Output:       D:/a/sindarin-compiler/sindarin-compiler/bin
Build (windows-latest)	Run Rust concurrency tests	2026-10-03T10:37:28.9538304Z -- 
Build (windows-latest)	Run Rust concurrency tests	2026-10-03T10:37:28.9540567Z -- Configuring done (0.2s)
Build (windows-latest)	Run Rust concurrency tests	2026-10-03T10:37:29.0307244Z -- Generating done (0.1s)
Build (windows-latest)	Run Rust concurrency tests	2026-10-03T10:37:29.0318270Z -- Build files have been written to: D:/a/sindarin-compiler/sindarin-compiler/build
Build (windows-latest)	Run Rust concurrency tests	2026-10-03T10:37:29.0393724Z cmake --build build
Build (windows-latest)	Run Rust concurrency tests	2026-10-03T10:37:29.0961762Z [0/2] Re-checking globbed directories...
Build (windows-latest)	Run Rust concurrency tests	2026-10-03T10:37:29.1703980Z [1/3] Synchronizing runtime headers
Build (windows-latest)	Run Rust concurrency tests	2026-10-03T10:37:29.3202072Z [2/3] Staging compiler artifacts in bin
Build (windows-latest)	Run Rust concurrency tests	2026-10-03T10:37:29.3497619Z 
Build (windows-latest)	Run Rust concurrency tests	2026-10-03T10:37:29.3720772Z Build complete!
Build (windows-latest)	Run Rust concurrency tests	2026-10-03T10:37:29.3938757Z Compiler: bin/sn.exe
Build (windows-latest)	Run Rust concurrency tests	2026-10-03T10:37:29.6678958Z Compiler: D:\a\sindarin-compiler\sindarin-compiler\bin\sn.exe
Build (windows-latest)	Run Rust concurrency tests	2026-10-03T10:37:29.6679447Z Platform: Windows
Build (windows-latest)	Run Rust concurrency tests	2026-10-03T10:37:29.6679695Z Parallel: 4 workers
Build (windows-latest)	Run Rust concurrency tests	2026-10-03T10:37:29.6679811Z 
Build (windows-latest)	Run Rust concurrency tests	2026-10-03T10:37:29.6679892Z Rust Concurrency Tests
Build (windows-latest)	Run Rust concurrency tests	2026-10-03T10:37:29.6680104Z ============================================================
Build (windows-latest)	Run Rust concurrency tests	2026-10-03T10:37:29.6680376Z   Running 10 tests with 4 workers...
Build (windows-latest)	Run Rust concurrency tests	2026-10-03T10:37:29.6680543Z 
Build (windows-latest)	Run Rust concurrency tests	2026-10-03T10:37:29.6680629Z                                                             
Build (windows-latest)	Run Rust concurrency tests	2026-10-03T10:37:29.6680970Z   argument_order                                FAIL (Rust code mismatch)  (54ms)
Build (windows-latest)	Run Rust concurrency tests	2026-10-03T10:37:29.6681325Z       line 52:
Build (windows-latest)	Run Rust concurrency tests	2026-10-03T10:37:29.6681502Z         expected: #[cfg(windows)]
Build (windows-latest)	Run Rust concurrency tests	2026-10-03T10:37:29.6681734Z         got:      extern "C" {
Build (windows-latest)	Run Rust concurrency tests	2026-10-03T10:37:29.6681931Z       line 53:
Build (windows-latest)	Run Rust concurrency tests	2026-10-03T10:37:29.6686951Z         expected: fn __sn_write_windows_text<W: std::io::Write>(writer: &mut W, bytes: &[u8]) {
Build (windows-latest)	Run Rust concurrency tests	2026-10-03T10:37:29.6687467Z         got:          #[link_name = "fwrite"]
Build (windows-latest)	Run Rust concurrency tests	2026-10-03T10:37:29.6687717Z       line 54:
Build (windows-latest)	Run Rust concurrency tests	2026-10-03T10:37:29.6687919Z         expected:     let mut start = 0usize;
Build (windows-latest)	Run Rust concurrency tests	2026-10-03T10:37:29.6688406Z         got:          fn __sn_stdio_fwrite(_: *const std::ffi::c_void, _: usize, _: usize, _: *mut std::ffi::c_void) -> usize;
Build (windows-latest)	Run Rust concurrency tests	2026-10-03T10:37:29.6688855Z       line 55:
Build (windows-latest)	Run Rust concurrency tests	2026-10-03T10:37:29.6689102Z         expected:     for (index, byte) in bytes.iter().enumerate() {
Build (windows-latest)	Run Rust concurrency tests	2026-10-03T10:37:29.6689642Z         got:          #[link_name = "fflush"]
Build (windows-latest)	Run Rust concurrency tests	2026-10-03T10:37:29.6689873Z       line 56:
Build (windows-latest)	Run Rust concurrency tests	2026-10-03T10:37:29.6690052Z         expected:         if *byte == b'\n' {
Build (windows-latest)	Run Rust concurrency tests	2026-10-03T10:37:29.6690435Z         got:          fn __sn_stdio_fflush(_: *mut std::ffi::c_void) -> std::ffi::c_int;
Build (windows-latest)	Run Rust concurrency tests	2026-10-03T10:37:29.6690788Z       line 57:
Build (windows-latest)	Run Rust concurrency tests	2026-10-03T10:37:29.6691128Z         expected:             writer.write_all(&bytes[start..index]).expect("failed to write output");
Build (windows-latest)	Run Rust concurrency tests	2026-10-03T10:37:29.6691546Z         got:          #[link_name = "exit"]
Build (windows-latest)	Run Rust concurrency tests	2026-10-03T10:37:29.6691842Z       line 58:
Build (windows-latest)	Run Rust concurrency tests	2026-10-03T10:37:29.6692268Z         expected:             writer.write_all(b"\r\n").expect("failed to write output newline");
Build (windows-latest)	Run Rust concurrency tests	2026-10-03T10:37:29.6692720Z         got:          fn __sn_stdio_c_exit(_: std::ffi::c_int) -> !;
Build (windows-latest)	Run Rust concurrency tests	2026-10-03T10:37:29.6693001Z       line 59:
Build (windows-latest)	Run Rust concurrency tests	2026-10-03T10:37:29.6693181Z         expected:             start = index + 1;
Build (windows-latest)	Run Rust concurrency tests	2026-10-03T10:37:29.6693441Z         got:          #[cfg(windows)]
Build (windows-latest)	Run Rust concurrency tests	2026-10-03T10:37:29.6693657Z       line 60:
Build (windows-latest)	Run Rust concurrency tests	2026-10-03T10:37:29.6693830Z         expected:         }
Build (windows-latest)	Run Rust concurrency tests	2026-10-03T10:37:29.6695643Z         got:          #[link_name = "__acrt_iob_func"]
Build (windows-latest)	Run Rust concurrency tests	2026-10-03T10:37:29.6695917Z       line 61:
Build (windows-latest)	Run Rust concurrency tests	2026-10-03T10:37:29.6696094Z         expected:     }
Build (windows-latest)	Run Rust concurrency tests	2026-10-03T10:37:29.6696377Z         got:          fn __sn_stdio_iob(_: u32) -> *mut std::ffi::c_void;
Build (windows-latest)	Run Rust concurrency tests	2026-10-03T10:37:29.6696800Z   fixed_width_cells                             FAIL (Rust code mismatch)  (58ms)
Build (windows-latest)	Run Rust concurrency tests	2026-10-03T10:37:29.6697132Z       line 54:
Build (windows-latest)	Run Rust concurrency tests	2026-10-03T10:37:29.6697310Z         expected: #[cfg(windows)]
Build (windows-latest)	Run Rust concurrency tests	2026-10-03T10:37:29.6697545Z         got:      extern "C" {
Build (windows-latest)	Run Rust concurrency tests	2026-10-03T10:37:29.6697745Z       line 55:
Build (windows-latest)	Run Rust concurrency tests	2026-10-03T10:37:29.6698082Z         expected: fn __sn_write_windows_text<W: std::io::Write>(writer: &mut W, bytes: &[u8]) {
Build (windows-latest)	Run Rust concurrency tests	2026-10-03T10:37:29.6698492Z         got:          #[link_name = "fwrite"]
Build (windows-latest)	Run Rust concurrency tests	2026-10-03T10:37:29.6698722Z       line 56:
Build (windows-latest)	Run Rust concurrency tests	2026-10-03T10:37:29.6698898Z         expected:     let mut start = 0usize;
Build (windows-latest)	Run Rust concurrency tests	2026-10-03T10:37:29.6699361Z         got:          fn __sn_stdio_fwrite(_: *const std::ffi::c_void, _: usize, _: usize, _: *mut std::ffi::c_void) -> usize;
Build (windows-latest)	Run Rust concurrency tests	2026-10-03T10:37:29.6699823Z       line 57:
Build (windows-latest)	Run Rust concurrency tests	2026-10-03T10:37:29.6700069Z         expected:     for (index, byte) in bytes.iter().enumerate() {
Build (windows-latest)	Run Rust concurrency tests	2026-10-03T10:37:29.6700396Z         got:          #[link_name = "fflush"]
Build (windows-latest)	Run Rust concurrency tests	2026-10-03T10:37:29.6700779Z       line 58:
Build (windows-latest)	Run Rust concurrency tests	2026-10-03T10:37:29.6700959Z         expected:         if *byte == b'\n' {
Build (windows-latest)	Run Rust concurrency tests	2026-10-03T10:37:29.6701299Z         got:          fn __sn_stdio_fflush(_: *mut std::ffi::c_void) -> std::ffi::c_int;
Build (windows-latest)	Run Rust concurrency tests	2026-10-03T10:37:29.6701638Z       line 59:
Build (windows-latest)	Run Rust concurrency tests	2026-10-03T10:37:29.6701963Z         expected:             writer.write_all(&bytes[start..index]).expect("failed to write output");
Build (windows-latest)	Run Rust concurrency tests	2026-10-03T10:37:29.6702375Z         got:          #[link_name = "exit"]
Build (windows-latest)	Run Rust concurrency tests	2026-10-03T10:37:29.6702602Z       line 60:
Build (windows-latest)	Run Rust concurrency tests	2026-10-03T10:37:29.6702901Z         expected:             writer.write_all(b"\r\n").expect("failed to write output newline");
Build (windows-latest)	Run Rust concurrency tests	2026-10-03T10:37:29.6703343Z         got:          fn __sn_stdio_c_exit(_: std::ffi::c_int) -> !;
Build (windows-latest)	Run Rust concurrency tests	2026-10-03T10:37:29.6703632Z       line 61:
Build (windows-latest)	Run Rust concurrency tests	2026-10-03T10:37:29.6703810Z         expected:             start = index + 1;
Build (windows-latest)	Run Rust concurrency tests	2026-10-03T10:37:29.6704061Z         got:          #[cfg(windows)]
Build (windows-latest)	Run Rust concurrency tests	2026-10-03T10:37:29.6704266Z       line 62:
Build (windows-latest)	Run Rust concurrency tests	2026-10-03T10:37:29.6704431Z         expected:         }
Build (windows-latest)	Run Rust concurrency tests	2026-10-03T10:37:29.6704657Z         got:          #[link_name = "__acrt_iob_func"]
Build (windows-latest)	Run Rust concurrency tests	2026-10-03T10:37:29.6704902Z       line 63:
Build (windows-latest)	Run Rust concurrency tests	2026-10-03T10:37:29.6705058Z         expected:     }
Build (windows-latest)	Run Rust concurrency tests	2026-10-03T10:37:29.6705305Z         got:          fn __sn_stdio_iob(_: u32) -> *mut std::ffi::c_void;
Build (windows-latest)	Run Rust concurrency tests	2026-10-03T10:37:29.6705708Z   global_initialization                         FAIL (Rust code mismatch)  (39ms)
Build (windows-latest)	Run Rust concurrency tests	2026-10-03T10:37:29.6706050Z       line 16:
Build (windows-latest)	Run Rust concurrency tests	2026-10-03T10:37:29.6706217Z         expected: #[cfg(windows)]
Build (windows-latest)	Run Rust concurrency tests	2026-10-03T10:37:29.6706433Z         got:      extern "C" {
Build (windows-latest)	Run Rust concurrency tests	2026-10-03T10:37:29.6706631Z       line 17:
Build (windows-latest)	Run Rust concurrency tests	2026-10-03T10:37:29.6706994Z         expected: fn __sn_write_windows_text<W: std::io::Write>(writer: &mut W, bytes: &[u8]) {
Build (windows-latest)	Run Rust concurrency tests	2026-10-03T10:37:29.6707409Z         got:          #[link_name = "fwrite"]
Build (windows-latest)	Run Rust concurrency tests	2026-10-03T10:37:29.6707638Z       line 18:
Build (windows-latest)	Run Rust concurrency tests	2026-10-03T10:37:29.6707813Z         expected:     let mut start = 0usize;
Build (windows-latest)	Run Rust concurrency tests	2026-10-03T10:37:29.6708264Z         got:          fn __sn_stdio_fwrite(_: *const std::ffi::c_void, _: usize, _: usize, _: *mut std::ffi::c_void) -> usize;
Build (windows-latest)	Run Rust concurrency tests	2026-10-03T10:37:29.6708709Z       line 19:
Build (windows-latest)	Run Rust concurrency tests	2026-10-03T10:37:29.6708951Z         expected:     for (index, byte) in bytes.iter().enumerate() {
Build (windows-latest)	Run Rust concurrency tests	2026-10-03T10:37:29.6709269Z         got:          #[link_name = "fflush"]
Build (windows-latest)	Run Rust concurrency tests	2026-10-03T10:37:29.6709687Z       line 20:
Build (windows-latest)	Run Rust concurrency tests	2026-10-03T10:37:29.6709908Z         expected:         if *byte == b'\n' {
Build (windows-latest)	Run Rust concurrency tests	2026-10-03T10:37:29.6710266Z         got:          fn __sn_stdio_fflush(_: *mut std::ffi::c_void) -> std::ffi::c_int;
Build (windows-latest)	Run Rust concurrency tests	2026-10-03T10:37:29.6710604Z       line 21:
Build (windows-latest)	Run Rust concurrency tests	2026-10-03T10:37:29.6710935Z         expected:             writer.write_all(&bytes[start..index]).expect("failed to write output");
Build (windows-latest)	Run Rust concurrency tests	2026-10-03T10:37:29.6711488Z         got:          #[link_name = "exit"]
Build (windows-latest)	Run Rust concurrency tests	2026-10-03T10:37:29.6711721Z       line 22:
Build (windows-latest)	Run Rust concurrency tests	2026-10-03T10:37:29.6712247Z         expected:             writer.write_all(b"\r\n").expect("failed to write output newline");
Build (windows-latest)	Run Rust concurrency tests	2026-10-03T10:37:29.6712705Z         got:          fn __sn_stdio_c_exit(_: std::ffi::c_int) -> !;
Build (windows-latest)	Run Rust concurrency tests	2026-10-03T10:37:29.6712995Z       line 23:
Build (windows-latest)	Run Rust concurrency tests	2026-10-03T10:37:29.6713182Z         expected:             start = index + 1;
Build (windows-latest)	Run Rust concurrency tests	2026-10-03T10:37:29.6713442Z         got:          #[cfg(windows)]
Build (windows-latest)	Run Rust concurrency tests	2026-10-03T10:37:29.6713657Z       line 24:
Build (windows-latest)	Run Rust concurrency tests	2026-10-03T10:37:29.6713823Z         expected:         }
Build (windows-latest)	Run Rust concurrency tests	2026-10-03T10:37:29.6714055Z         got:          #[link_name = "__acrt_iob_func"]
Build (windows-latest)	Run Rust concurrency tests	2026-10-03T10:37:29.6714302Z       line 25:
Build (windows-latest)	Run Rust concurrency tests	2026-10-03T10:37:29.6714461Z         expected:     }
Build (windows-latest)	Run Rust concurrency tests	2026-10-03T10:37:29.6714724Z         got:          fn __sn_stdio_iob(_: u32) -> *mut std::ffi::c_void;
Build (windows-latest)	Run Rust concurrency tests	2026-10-03T10:37:29.6715107Z   global_places                                 FAIL (Rust code mismatch)  (49ms)
Build (windows-latest)	Run Rust concurrency tests	2026-10-03T10:37:29.6715423Z       line 17:
Build (windows-latest)	Run Rust concurrency tests	2026-10-03T10:37:29.6715593Z         expected: #[cfg(windows)]
Build (windows-latest)	Run Rust concurrency tests	2026-10-03T10:37:29.6715812Z         got:      extern "C" {
Build (windows-latest)	Run Rust concurrency tests	2026-10-03T10:37:29.6716117Z       line 18:
Build (windows-latest)	Run Rust concurrency tests	2026-10-03T10:37:29.6716681Z         expected: fn __sn_write_windows_text<W: std::io::Write>(writer: &mut W, bytes: &[u8]) {
Build (windows-latest)	Run Rust concurrency tests	2026-10-03T10:37:29.6717313Z         got:          #[link_name = "fwrite"]
Build (windows-latest)	Run Rust concurrency tests	2026-10-03T10:37:29.6717547Z       line 19:
Build (windows-latest)	Run Rust concurrency tests	2026-10-03T10:37:29.6717734Z         expected:     let mut start = 0usize;
Build (windows-latest)	Run Rust concurrency tests	2026-10-03T10:37:29.6718198Z         got:          fn __sn_stdio_fwrite(_: *const std::ffi::c_void, _: usize, _: usize, _: *mut std::ffi::c_void) -> usize;
Build (windows-latest)	Run Rust concurrency tests	2026-10-03T10:37:29.6718643Z       line 20:
Build (windows-latest)	Run Rust concurrency tests	2026-10-03T10:37:29.6718882Z         expected:     for (index, byte) in bytes.iter().enumerate() {
Build (windows-latest)	Run Rust concurrency tests	2026-10-03T10:37:29.6719201Z         got:          #[link_name = "fflush"]
Build (windows-latest)	Run Rust concurrency tests	2026-10-03T10:37:29.6719427Z       line 21:
Build (windows-latest)	Run Rust concurrency tests	2026-10-03T10:37:29.6719619Z         expected:         if *byte == b'\n' {
Build (windows-latest)	Run Rust concurrency tests	2026-10-03T10:37:29.6719961Z         got:          fn __sn_stdio_fflush(_: *mut std::ffi::c_void) -> std::ffi::c_int;
Build (windows-latest)	Run Rust concurrency tests	2026-10-03T10:37:29.6720294Z       line 22:
Build (windows-latest)	Run Rust concurrency tests	2026-10-03T10:37:29.6720624Z         expected:             writer.write_all(&bytes[start..index]).expect("failed to write output");
Build (windows-latest)	Run Rust concurrency tests	2026-10-03T10:37:29.6721046Z         got:          #[link_name = "exit"]
Build (windows-latest)	Run Rust concurrency tests	2026-10-03T10:37:29.6721272Z       line 23:
Build (windows-latest)	Run Rust concurrency tests	2026-10-03T10:37:29.6721576Z         expected:             writer.write_all(b"\r\n").expect("failed to write output newline");
Build (windows-latest)	Run Rust concurrency tests	2026-10-03T10:37:29.6722027Z         got:          fn __sn_stdio_c_exit(_: std::ffi::c_int) -> !;
Build (windows-latest)	Run Rust concurrency tests	2026-10-03T10:37:29.6722320Z       line 24:
Build (windows-latest)	Run Rust concurrency tests	2026-10-03T10:37:29.6722505Z         expected:             start = index + 1;
Build (windows-latest)	Run Rust concurrency tests	2026-10-03T10:37:29.6722760Z         got:          #[cfg(windows)]
Build (windows-latest)	Run Rust concurrency tests	2026-10-03T10:37:29.6722973Z       line 25:
Build (windows-latest)	Run Rust concurrency tests	2026-10-03T10:37:29.6723132Z         expected:         }
Build (windows-latest)	Run Rust concurrency tests	2026-10-03T10:37:29.6723362Z         got:          #[link_name = "__acrt_iob_func"]
Build (windows-latest)	Run Rust concurrency tests	2026-10-03T10:37:29.6723618Z       line 26:
Build (windows-latest)	Run Rust concurrency tests	2026-10-03T10:37:29.6723773Z         expected:     }
Build (windows-latest)	Run Rust concurrency tests	2026-10-03T10:37:29.6724020Z         got:          fn __sn_stdio_iob(_: u32) -> *mut std::ffi::c_void;
Build (windows-latest)	Run Rust concurrency tests	2026-10-03T10:37:29.6724383Z   hygiene                                       FAIL (Rust code mismatch)  (41ms)
Build (windows-latest)	Run Rust concurrency tests	2026-10-03T10:37:29.6724685Z       line 53:
Build (windows-latest)	Run Rust concurrency tests	2026-10-03T10:37:29.6724858Z         expected: #[cfg(windows)]
Build (windows-latest)	Run Rust concurrency tests	2026-10-03T10:37:29.6725077Z         got:      extern "C" {
Build (windows-latest)	Run Rust concurrency tests	2026-10-03T10:37:29.6725270Z       line 54:
Build (windows-latest)	Run Rust concurrency tests	2026-10-03T10:37:29.6725601Z         expected: fn __sn_write_windows_text<W: std::io::Write>(writer: &mut W, bytes: &[u8]) {
Build (windows-latest)	Run Rust concurrency tests	2026-10-03T10:37:29.6726011Z         got:          #[link_name = "fwrite"]
Build (windows-latest)	Run Rust concurrency tests	2026-10-03T10:37:29.6726248Z       line 55:
Build (windows-latest)	Run Rust concurrency tests	2026-10-03T10:37:29.6726422Z         expected:     let mut start = 0usize;
Build (windows-latest)	Run Rust concurrency tests	2026-10-03T10:37:29.6726875Z         got:          fn __sn_stdio_fwrite(_: *const std::ffi::c_void, _: usize, _: usize, _: *mut std::ffi::c_void) -> usize;
Build (windows-latest)	Run Rust concurrency tests	2026-10-03T10:37:29.6727411Z       line 56:
Build (windows-latest)	Run Rust concurrency tests	2026-10-03T10:37:29.6727646Z         expected:     for (index, byte) in bytes.iter().enumerate() {
Build (windows-latest)	Run Rust concurrency tests	2026-10-03T10:37:29.6727964Z         got:          #[link_name = "fflush"]
Build (windows-latest)	Run Rust concurrency tests	2026-10-03T10:37:29.6728190Z       line 57:
Build (windows-latest)	Run Rust concurrency tests	2026-10-03T10:37:29.6728365Z         expected:         if *byte == b'\n' {
Build (windows-latest)	Run Rust concurrency tests	2026-10-03T10:37:29.6728704Z         got:          fn __sn_stdio_fflush(_: *mut std::ffi::c_void) -> std::ffi::c_int;
Build (windows-latest)	Run Rust concurrency tests	2026-10-03T10:37:29.6729047Z       line 58:
Build (windows-latest)	Run Rust concurrency tests	2026-10-03T10:37:29.6729374Z         expected:             writer.write_all(&bytes[start..index]).expect("failed to write output");
Build (windows-latest)	Run Rust concurrency tests	2026-10-03T10:37:29.6729978Z         got:          #[link_name = "exit"]
Build (windows-latest)	Run Rust concurrency tests	2026-10-03T10:37:29.6730210Z       line 59:
Build (windows-latest)	Run Rust concurrency tests	2026-10-03T10:37:29.6730514Z         expected:             writer.write_all(b"\r\n").expect("failed to write output newline");
Build (windows-latest)	Run Rust concurrency tests	2026-10-03T10:37:29.6730954Z         got:          fn __sn_stdio_c_exit(_: std::ffi::c_int) -> !;
Build (windows-latest)	Run Rust concurrency tests	2026-10-03T10:37:29.6731242Z       line 60:
Build (windows-latest)	Run Rust concurrency tests	2026-10-03T10:37:29.6731427Z         expected:             start = index + 1;
Build (windows-latest)	Run Rust concurrency tests	2026-10-03T10:37:29.6731681Z         got:          #[cfg(windows)]
Build (windows-latest)	Run Rust concurrency tests	2026-10-03T10:37:29.6731900Z       line 61:
Build (windows-latest)	Run Rust concurrency tests	2026-10-03T10:37:29.6732238Z         expected:         }
Build (windows-latest)	Run Rust concurrency tests	2026-10-03T10:37:29.6732606Z         got:          #[link_name = "__acrt_iob_func"]
Build (windows-latest)	Run Rust concurrency tests	2026-10-03T10:37:29.6732851Z       line 62:
Build (windows-latest)	Run Rust concurrency tests	2026-10-03T10:37:29.6733011Z         expected:     }
Build (windows-latest)	Run Rust concurrency tests	2026-10-03T10:37:29.6733263Z         got:          fn __sn_stdio_iob(_: u32) -> *mut std::ffi::c_void;
Build (windows-latest)	Run Rust concurrency tests	2026-10-03T10:37:29.6733651Z   join_visibility                               FAIL (Rust code mismatch)  (43ms)
Build (windows-latest)	Run Rust concurrency tests	2026-10-03T10:37:29.6733970Z       line 53:
Build (windows-latest)	Run Rust concurrency tests	2026-10-03T10:37:29.6734137Z         expected: #[cfg(windows)]
Build (windows-latest)	Run Rust concurrency tests	2026-10-03T10:37:29.6734354Z         got:      extern "C" {
Build (windows-latest)	Run Rust concurrency tests	2026-10-03T10:37:29.6734553Z       line 54:
Build (windows-latest)	Run Rust concurrency tests	2026-10-03T10:37:29.6734863Z         expected: fn __sn_write_windows_text<W: std::io::Write>(writer: &mut W, bytes: &[u8]) {
Build (windows-latest)	Run Rust concurrency tests	2026-10-03T10:37:29.6735264Z         got:          #[link_name = "fwrite"]
Build (windows-latest)	Run Rust concurrency tests	2026-10-03T10:37:29.6735487Z       line 55:
Build (windows-latest)	Run Rust concurrency tests	2026-10-03T10:37:29.6735659Z         expected:     let mut start = 0usize;
Build (windows-latest)	Run Rust concurrency tests	2026-10-03T10:37:29.6736104Z         got:          fn __sn_stdio_fwrite(_: *const std::ffi::c_void, _: usize, _: usize, _: *mut std::ffi::c_void) -> usize;
Build (windows-latest)	Run Rust concurrency tests	2026-10-03T10:37:29.6736593Z       line 56:
Build (windows-latest)	Run Rust concurrency tests	2026-10-03T10:37:29.6736822Z         expected:     for (index, byte) in bytes.iter().enumerate() {
Build (windows-latest)	Run Rust concurrency tests	2026-10-03T10:37:29.6737134Z         got:          #[link_name = "fflush"]
Build (windows-latest)	Run Rust concurrency tests	2026-10-03T10:37:29.6737353Z       line 57:
Build (windows-latest)	Run Rust concurrency tests	2026-10-03T10:37:29.6737519Z         expected:         if *byte == b'\n' {
Build (windows-latest)	Run Rust concurrency tests	2026-10-03T10:37:29.6737851Z         got:          fn __sn_stdio_fflush(_: *mut std::ffi::c_void) -> std::ffi::c_int;
Build (windows-latest)	Run Rust concurrency tests	2026-10-03T10:37:29.6738181Z       line 58:
Build (windows-latest)	Run Rust concurrency tests	2026-10-03T10:37:29.6738504Z         expected:             writer.write_all(&bytes[start..index]).expect("failed to write output");
Build (windows-latest)	Run Rust concurrency tests	2026-10-03T10:37:29.6738914Z         got:          #[link_name = "exit"]
Build (windows-latest)	Run Rust concurrency tests	2026-10-03T10:37:29.6739141Z       line 59:
Build (windows-latest)	Run Rust concurrency tests	2026-10-03T10:37:29.6739441Z         expected:             writer.write_all(b"\r\n").expect("failed to write output newline");
Build (windows-latest)	Run Rust concurrency tests	2026-10-03T10:37:29.6739873Z         got:          fn __sn_stdio_c_exit(_: std::ffi::c_int) -> !;
Build (windows-latest)	Run Rust concurrency tests	2026-10-03T10:37:29.6740152Z       line 60:
Build (windows-latest)	Run Rust concurrency tests	2026-10-03T10:37:29.6740330Z         expected:             start = index + 1;
Build (windows-latest)	Run Rust concurrency tests	2026-10-03T10:37:29.6740580Z         got:          #[cfg(windows)]
Build (windows-latest)	Run Rust concurrency tests	2026-10-03T10:37:29.6740790Z       line 61:
Build (windows-latest)	Run Rust concurrency tests	2026-10-03T10:37:29.6740957Z         expected:         }
Build (windows-latest)	Run Rust concurrency tests	2026-10-03T10:37:29.6741181Z         got:          #[link_name = "__acrt_iob_func"]
Build (windows-latest)	Run Rust concurrency tests	2026-10-03T10:37:29.6741425Z       line 62:
Build (windows-latest)	Run Rust concurrency tests	2026-10-03T10:37:29.6741583Z         expected:     }
Build (windows-latest)	Run Rust concurrency tests	2026-10-03T10:37:29.6741830Z         got:          fn __sn_stdio_iob(_: u32) -> *mut std::ffi::c_void;
Build (windows-latest)	Run Rust concurrency tests	2026-10-03T10:37:29.6742204Z   lock_return                                   FAIL (Rust code mismatch)  (43ms)
Build (windows-latest)	Run Rust concurrency tests	2026-10-03T10:37:29.6742604Z       line 16:
Build (windows-latest)	Run Rust concurrency tests	2026-10-03T10:37:29.6742773Z         expected: #[cfg(windows)]
Build (windows-latest)	Run Rust concurrency tests	2026-10-03T10:37:29.6742997Z         got:      extern "C" {
Build (windows-latest)	Run Rust concurrency tests	2026-10-03T10:37:29.6743190Z       line 17:
Build (windows-latest)	Run Rust concurrency tests	2026-10-03T10:37:29.6743512Z         expected: fn __sn_write_windows_text<W: std::io::Write>(writer: &mut W, bytes: &[u8]) {
Build (windows-latest)	Run Rust concurrency tests	2026-10-03T10:37:29.6743913Z         got:          #[link_name = "fwrite"]
Build (windows-latest)	Run Rust concurrency tests	2026-10-03T10:37:29.6744140Z       line 18:
Build (windows-latest)	Run Rust concurrency tests	2026-10-03T10:37:29.6744316Z         expected:     let mut start = 0usize;
Build (windows-latest)	Run Rust concurrency tests	2026-10-03T10:37:29.6744780Z         got:          fn __sn_stdio_fwrite(_: *const std::ffi::c_void, _: usize, _: usize, _: *mut std::ffi::c_void) -> usize;
Build (windows-latest)	Run Rust concurrency tests	2026-10-03T10:37:29.6745225Z       line 19:
Build (windows-latest)	Run Rust concurrency tests	2026-10-03T10:37:29.6745464Z         expected:     for (index, byte) in bytes.iter().enumerate() {
Build (windows-latest)	Run Rust concurrency tests	2026-10-03T10:37:29.6745785Z         got:          #[link_name = "fflush"]
Build (windows-latest)	Run Rust concurrency tests	2026-10-03T10:37:29.6746015Z       line 20:
Build (windows-latest)	Run Rust concurrency tests	2026-10-03T10:37:29.6746190Z         expected:         if *byte == b'\n' {
Build (windows-latest)	Run Rust concurrency tests	2026-10-03T10:37:29.6746527Z         got:          fn __sn_stdio_fflush(_: *mut std::ffi::c_void) -> std::ffi::c_int;
Build (windows-latest)	Run Rust concurrency tests	2026-10-03T10:37:29.6746856Z       line 21:
Build (windows-latest)	Run Rust concurrency tests	2026-10-03T10:37:29.6747178Z         expected:             writer.write_all(&bytes[start..index]).expect("failed to write output");
Build (windows-latest)	Run Rust concurrency tests	2026-10-03T10:37:29.6747680Z         got:          #[link_name = "exit"]
Build (windows-latest)	Run Rust concurrency tests	2026-10-03T10:37:29.6747903Z       line 22:
Build (windows-latest)	Run Rust concurrency tests	2026-10-03T10:37:29.6748200Z         expected:             writer.write_all(b"\r\n").expect("failed to write output newline");
Build (windows-latest)	Run Rust concurrency tests	2026-10-03T10:37:29.6748635Z         got:          fn __sn_stdio_c_exit(_: std::ffi::c_int) -> !;
Build (windows-latest)	Run Rust concurrency tests	2026-10-03T10:37:29.6748916Z       line 23:
Build (windows-latest)	Run Rust concurrency tests	2026-10-03T10:37:29.6749101Z         expected:             start = index + 1;
Build (windows-latest)	Run Rust concurrency tests	2026-10-03T10:37:29.6749350Z         got:          #[cfg(windows)]
Build (windows-latest)	Run Rust concurrency tests	2026-10-03T10:37:29.6749557Z       line 24:
Build (windows-latest)	Run Rust concurrency tests	2026-10-03T10:37:29.6749726Z         expected:         }
Build (windows-latest)	Run Rust concurrency tests	2026-10-03T10:37:29.6750125Z         got:          #[link_name = "__acrt_iob_func"]
Build (windows-latest)	Run Rust concurrency tests	2026-10-03T10:37:29.6750380Z       line 25:
Build (windows-latest)	Run Rust concurrency tests	2026-10-03T10:37:29.6750538Z         expected:     }
Build (windows-latest)	Run Rust concurrency tests	2026-10-03T10:37:29.6750791Z         got:          fn __sn_stdio_iob(_: u32) -> *mut std::ffi::c_void;
Build (windows-latest)	Run Rust concurrency tests	2026-10-03T10:37:29.6751177Z   owned_arguments                               FAIL (Rust code mismatch)  (45ms)
Build (windows-latest)	Run Rust concurrency tests	2026-10-03T10:37:29.6751497Z       line 40:
Build (windows-latest)	Run Rust concurrency tests	2026-10-03T10:37:29.6751670Z         expected: #[cfg(windows)]
Build (windows-latest)	Run Rust concurrency tests	2026-10-03T10:37:29.6751889Z         got:      extern "C" {
Build (windows-latest)	Run Rust concurrency tests	2026-10-03T10:37:29.6752083Z       line 41:
Build (windows-latest)	Run Rust concurrency tests	2026-10-03T10:37:29.6752579Z         expected: fn __sn_write_windows_text<W: std::io::Write>(writer: &mut W, bytes: &[u8]) {
Build (windows-latest)	Run Rust concurrency tests	2026-10-03T10:37:29.6752981Z         got:          #[link_name = "fwrite"]
Build (windows-latest)	Run Rust concurrency tests	2026-10-03T10:37:29.6753211Z       line 42:
Build (windows-latest)	Run Rust concurrency tests	2026-10-03T10:37:29.6753385Z         expected:     let mut start = 0usize;
Build (windows-latest)	Run Rust concurrency tests	2026-10-03T10:37:29.6753836Z         got:          fn __sn_stdio_fwrite(_: *const std::ffi::c_void, _: usize, _: usize, _: *mut std::ffi::c_void) -> usize;
Build (windows-latest)	Run Rust concurrency tests	2026-10-03T10:37:29.6754281Z       line 43:
Build (windows-latest)	Run Rust concurrency tests	2026-10-03T10:37:29.6754521Z         expected:     for (index, byte) in bytes.iter().enumerate() {
Build (windows-latest)	Run Rust concurrency tests	2026-10-03T10:37:29.6754838Z         got:          #[link_name = "fflush"]
Build (windows-latest)	Run Rust concurrency tests	2026-10-03T10:37:29.6755062Z       line 44:
Build (windows-latest)	Run Rust concurrency tests	2026-10-03T10:37:29.6755238Z         expected:         if *byte == b'\n' {
Build (windows-latest)	Run Rust concurrency tests	2026-10-03T10:37:29.6755578Z         got:          fn __sn_stdio_fflush(_: *mut std::ffi::c_void) -> std::ffi::c_int;
Build (windows-latest)	Run Rust concurrency tests	2026-10-03T10:37:29.6755912Z       line 45:
Build (windows-latest)	Run Rust concurrency tests	2026-10-03T10:37:29.6756238Z         expected:             writer.write_all(&bytes[start..index]).expect("failed to write output");
Build (windows-latest)	Run Rust concurrency tests	2026-10-03T10:37:29.6756655Z         got:          #[link_name = "exit"]
Build (windows-latest)	Run Rust concurrency tests	2026-10-03T10:37:29.6756877Z       line 46:
Build (windows-latest)	Run Rust concurrency tests	2026-10-03T10:37:29.6757180Z         expected:             writer.write_all(b"\r\n").expect("failed to write output newline");
Build (windows-latest)	Run Rust concurrency tests	2026-10-03T10:37:29.6757622Z         got:          fn __sn_stdio_c_exit(_: std::ffi::c_int) -> !;
Build (windows-latest)	Run Rust concurrency tests	2026-10-03T10:37:29.6757901Z       line 47:
Build (windows-latest)	Run Rust concurrency tests	2026-10-03T10:37:29.6758201Z         expected:             start = index + 1;
Build (windows-latest)	Run Rust concurrency tests	2026-10-03T10:37:29.6758452Z         got:          #[cfg(windows)]
Build (windows-latest)	Run Rust concurrency tests	2026-10-03T10:37:29.6758657Z       line 48:
Build (windows-latest)	Run Rust concurrency tests	2026-10-03T10:37:29.6758814Z         expected:         }
Build (windows-latest)	Run Rust concurrency tests	2026-10-03T10:37:29.6759037Z         got:          #[link_name = "__acrt_iob_func"]
Build (windows-latest)	Run Rust concurrency tests	2026-10-03T10:37:29.6759281Z       line 49:
Build (windows-latest)	Run Rust concurrency tests	2026-10-03T10:37:29.6759435Z         expected:     }
Build (windows-latest)	Run Rust concurrency tests	2026-10-03T10:37:29.6759686Z         got:          fn __sn_stdio_iob(_: u32) -> *mut std::ffi::c_void;
Build (windows-latest)	Run Rust concurrency tests	2026-10-03T10:37:29.6760061Z   scope_join                                    FAIL (Rust code mismatch)  (34ms)
Build (windows-latest)	Run Rust concurrency tests	2026-10-03T10:37:29.6760361Z       line 52:
Build (windows-latest)	Run Rust concurrency tests	2026-10-03T10:37:29.6760525Z         expected: #[cfg(windows)]
Build (windows-latest)	Run Rust concurrency tests	2026-10-03T10:37:29.6760741Z         got:      extern "C" {
Build (windows-latest)	Run Rust concurrency tests	2026-10-03T10:37:29.6760931Z       line 53:
Build (windows-latest)	Run Rust concurrency tests	2026-10-03T10:37:29.6761244Z         expected: fn __sn_write_windows_text<W: std::io::Write>(writer: &mut W, bytes: &[u8]) {
Build (windows-latest)	Run Rust concurrency tests	2026-10-03T10:37:29.6761641Z         got:          #[link_name = "fwrite"]
Build (windows-latest)	Run Rust concurrency tests	2026-10-03T10:37:29.6761872Z       line 54:
Build (windows-latest)	Run Rust concurrency tests	2026-10-03T10:37:29.6762044Z         expected:     let mut start = 0usize;
Build (windows-latest)	Run Rust concurrency tests	2026-10-03T10:37:29.6762498Z         got:          fn __sn_stdio_fwrite(_: *const std::ffi::c_void, _: usize, _: usize, _: *mut std::ffi::c_void) -> usize;
Build (windows-latest)	Run Rust concurrency tests	2026-10-03T10:37:29.6763573Z       line 55:
Build (windows-latest)	Run Rust concurrency tests	2026-10-03T10:37:29.6763808Z         expected:     for (index, byte) in bytes.iter().enumerate() {
Build (windows-latest)	Run Rust concurrency tests	2026-10-03T10:37:29.6764122Z         got:          #[link_name = "fflush"]
Build (windows-latest)	Run Rust concurrency tests	2026-10-03T10:37:29.6764345Z       line 56:
Build (windows-latest)	Run Rust concurrency tests	2026-10-03T10:37:29.6764514Z         expected:         if *byte == b'\n' {
Build (windows-latest)	Run Rust concurrency tests	2026-10-03T10:37:29.6764850Z         got:          fn __sn_stdio_fflush(_: *mut std::ffi::c_void) -> std::ffi::c_int;
Build (windows-latest)	Run Rust concurrency tests	2026-10-03T10:37:29.6765183Z       line 57:
Build (windows-latest)	Run Rust concurrency tests	2026-10-03T10:37:29.6765507Z         expected:             writer.write_all(&bytes[start..index]).expect("failed to write output");
Build (windows-latest)	Run Rust concurrency tests	2026-10-03T10:37:29.6765923Z         got:          #[link_name = "exit"]
Build (windows-latest)	Run Rust concurrency tests	2026-10-03T10:37:29.6766148Z       line 58:
Build (windows-latest)	Run Rust concurrency tests	2026-10-03T10:37:29.6766449Z         expected:             writer.write_all(b"\r\n").expect("failed to write output newline");
Build (windows-latest)	Run Rust concurrency tests	2026-10-03T10:37:29.6766883Z         got:          fn __sn_stdio_c_exit(_: std::ffi::c_int) -> !;
Build (windows-latest)	Run Rust concurrency tests	2026-10-03T10:37:29.6767164Z       line 59:
Build (windows-latest)	Run Rust concurrency tests	2026-10-03T10:37:29.6767352Z         expected:             start = index + 1;
Build (windows-latest)	Run Rust concurrency tests	2026-10-03T10:37:29.6767606Z         got:          #[cfg(windows)]
Build (windows-latest)	Run Rust concurrency tests	2026-10-03T10:37:29.6767815Z       line 60:
Build (windows-latest)	Run Rust concurrency tests	2026-10-03T10:37:29.6767978Z         expected:         }
Build (windows-latest)	Run Rust concurrency tests	2026-10-03T10:37:29.6768211Z         got:          #[link_name = "__acrt_iob_func"]
Build (windows-latest)	Run Rust concurrency tests	2026-10-03T10:37:29.6768459Z       line 61:
Build (windows-latest)	Run Rust concurrency tests	2026-10-03T10:37:29.6768616Z         expected:     }
Build (windows-latest)	Run Rust concurrency tests	2026-10-03T10:37:29.6768867Z         got:          fn __sn_stdio_iob(_: u32) -> *mut std::ffi::c_void;
Build (windows-latest)	Run Rust concurrency tests	2026-10-03T10:37:29.6769257Z   sync_guard_reentry                            FAIL (Rust code mismatch)  (35ms)
Build (windows-latest)	Run Rust concurrency tests	2026-10-03T10:37:29.6769578Z       line 53:
Build (windows-latest)	Run Rust concurrency tests	2026-10-03T10:37:29.6769747Z         expected: #[cfg(windows)]
Build (windows-latest)	Run Rust concurrency tests	2026-10-03T10:37:29.6770073Z         got:      extern "C" {
Build (windows-latest)	Run Rust concurrency tests	2026-10-03T10:37:29.6770369Z       line 54:
Build (windows-latest)	Run Rust concurrency tests	2026-10-03T10:37:29.6770690Z         expected: fn __sn_write_windows_text<W: std::io::Write>(writer: &mut W, bytes: &[u8]) {
Build (windows-latest)	Run Rust concurrency tests	2026-10-03T10:37:29.6771096Z         got:          #[link_name = "fwrite"]
Build (windows-latest)	Run Rust concurrency tests	2026-10-03T10:37:29.6771321Z       line 55:
Build (windows-latest)	Run Rust concurrency tests	2026-10-03T10:37:29.6771497Z         expected:     let mut start = 0usize;
Build (windows-latest)	Run Rust concurrency tests	2026-10-03T10:37:29.6771938Z         got:          fn __sn_stdio_fwrite(_: *const std::ffi::c_void, _: usize, _: usize, _: *mut std::ffi::c_void) -> usize;
Build (windows-latest)	Run Rust concurrency tests	2026-10-03T10:37:29.6772550Z       line 56:
Build (windows-latest)	Run Rust concurrency tests	2026-10-03T10:37:29.6772781Z         expected:     for (index, byte) in bytes.iter().enumerate() {
Build (windows-latest)	Run Rust concurrency tests	2026-10-03T10:37:29.6782002Z         got:          #[link_name = "fflush"]
Build (windows-latest)	Run Rust concurrency tests	2026-10-03T10:37:29.6782457Z       line 57:
Build (windows-latest)	Run Rust concurrency tests	2026-10-03T10:37:29.6782674Z         expected:         if *byte == b'\n' {
Build (windows-latest)	Run Rust concurrency tests	2026-10-03T10:37:29.6783070Z         got:          fn __sn_stdio_fflush(_: *mut std::ffi::c_void) -> std::ffi::c_int;
Build (windows-latest)	Run Rust concurrency tests	2026-10-03T10:37:29.6783622Z       line 58:
Build (windows-latest)	Run Rust concurrency tests	2026-10-03T10:37:29.6783983Z         expected:             writer.write_all(&bytes[start..index]).expect("failed to write output");
Build (windows-latest)	Run Rust concurrency tests	2026-10-03T10:37:29.6784419Z         got:          #[link_name = "exit"]
Build (windows-latest)	Run Rust concurrency tests	2026-10-03T10:37:29.6784660Z       line 59:
Build (windows-latest)	Run Rust concurrency tests	2026-10-03T10:37:29.6784980Z         expected:             writer.write_all(b"\r\n").expect("failed to write output newline");
Build (windows-latest)	Run Rust concurrency tests	2026-10-03T10:37:29.6785435Z         got:          fn __sn_stdio_c_exit(_: std::ffi::c_int) -> !;
Build (windows-latest)	Run Rust concurrency tests	2026-10-03T10:37:29.6785726Z       line 60:
Build (windows-latest)	Run Rust concurrency tests	2026-10-03T10:37:29.6785918Z         expected:             start = index + 1;
Build (windows-latest)	Run Rust concurrency tests	2026-10-03T10:37:29.6786178Z         got:          #[cfg(windows)]
Build (windows-latest)	Run Rust concurrency tests	2026-10-03T10:37:29.6786400Z       line 61:
Build (windows-latest)	Run Rust concurrency tests	2026-10-03T10:37:29.6786572Z         expected:         }
Build (windows-latest)	Run Rust concurrency tests	2026-10-03T10:37:29.6786803Z         got:          #[link_name = "__acrt_iob_func"]
Build (windows-latest)	Run Rust concurrency tests	2026-10-03T10:37:29.6787050Z       line 62:
Build (windows-latest)	Run Rust concurrency tests	2026-10-03T10:37:29.6787222Z         expected:     }
Build (windows-latest)	Run Rust concurrency tests	2026-10-03T10:37:29.6787597Z         got:          fn __sn_stdio_iob(_: u32) -> *mut std::ffi::c_void;
Build (windows-latest)	Run Rust concurrency tests	2026-10-03T10:37:29.6788011Z 
Build (windows-latest)	Run Rust concurrency tests	2026-10-03T10:37:29.6788707Z ------------------------------------------------------------
Build (windows-latest)	Run Rust concurrency tests	2026-10-03T10:37:29.6789513Z Results: 0 passed, 10 failed, 0 skipped  (131ms)
Build (windows-latest)	Run Rust concurrency tests	2026-10-03T10:37:29.6789745Z 
Build (windows-latest)	Run Rust concurrency tests	2026-10-03T10:37:29.6789835Z Some tests failed!  (total: 131ms)
Build (windows-latest)	Run Rust concurrency tests	2026-10-03T10:37:29.6825369Z make: *** [Makefile:220: test-rust-concurrency] Error 1
Build (windows-latest)	Run Rust concurrency tests	2026-10-03T10:37:29.6896898Z ##[error]Process completed with exit code 2.
Build (ubuntu-latest)	Run Rust concurrency tests	﻿2026-10-03T10:34:43.7313461Z ##[group]Run make test-rust-concurrency
Build (ubuntu-latest)	Run Rust concurrency tests	2026-10-03T10:34:43.7313852Z [36;1mmake test-rust-concurrency[0m
Build (ubuntu-latest)	Run Rust concurrency tests	2026-10-03T10:34:43.7382503Z shell: /usr/bin/bash --noprofile --norc -e -o pipefail {0}
Build (ubuntu-latest)	Run Rust concurrency tests	2026-10-03T10:34:43.7382884Z env:
Build (ubuntu-latest)	Run Rust concurrency tests	2026-10-03T10:34:43.7383113Z   VCPKG_ROOT: /home/runner/vcpkg
Build (ubuntu-latest)	Run Rust concurrency tests	2026-10-03T10:34:43.7383368Z ##[endgroup]
Build (ubuntu-latest)	Run Rust concurrency tests	2026-10-03T10:34:43.7552533Z Building Sindarin compiler...
Build (ubuntu-latest)	Run Rust concurrency tests	2026-10-03T10:34:43.7559866Z Platform: linux
Build (ubuntu-latest)	Run Rust concurrency tests	2026-10-03T10:34:43.7566556Z Generator: Ninja
Build (ubuntu-latest)	Run Rust concurrency tests	2026-10-03T10:34:43.7567747Z cmake -S . -B build -G "Ninja" \
Build (ubuntu-latest)	Run Rust concurrency tests	2026-10-03T10:34:43.7568174Z 	-DCMAKE_BUILD_TYPE=Release \
Build (ubuntu-latest)	Run Rust concurrency tests	2026-10-03T10:34:43.7568566Z 	-DCMAKE_C_COMPILER=gcc
Build (ubuntu-latest)	Run Rust concurrency tests	2026-10-03T10:34:43.7728742Z -- Up-to-date: /home/runner/work/sindarin-compiler/sindarin-compiler/bin/sn.linux.cfg
Build (ubuntu-latest)	Run Rust concurrency tests	2026-10-03T10:34:43.7729801Z -- Up-to-date: /home/runner/work/sindarin-compiler/sindarin-compiler/bin/sn.darwin.cfg
Build (ubuntu-latest)	Run Rust concurrency tests	2026-10-03T10:34:43.7730723Z -- Up-to-date: /home/runner/work/sindarin-compiler/sindarin-compiler/bin/sn.windows.cfg
Build (ubuntu-latest)	Run Rust concurrency tests	2026-10-03T10:34:43.7735814Z -- Installing: /home/runner/work/sindarin-compiler/sindarin-compiler/bin/include/runtime/sn_arith.h
Build (ubuntu-latest)	Run Rust concurrency tests	2026-10-03T10:34:43.7737707Z -- Installing: /home/runner/work/sindarin-compiler/sindarin-compiler/bin/include/runtime/sn_array.h
Build (ubuntu-latest)	Run Rust concurrency tests	2026-10-03T10:34:43.7739636Z -- Installing: /home/runner/work/sindarin-compiler/sindarin-compiler/bin/include/runtime/sn_byte.h
Build (ubuntu-latest)	Run Rust concurrency tests	2026-10-03T10:34:43.7741227Z -- Installing: /home/runner/work/sindarin-compiler/sindarin-compiler/bin/include/runtime/sn_conv.h
Build (ubuntu-latest)	Run Rust concurrency tests	2026-10-03T10:34:43.7742857Z -- Installing: /home/runner/work/sindarin-compiler/sindarin-compiler/bin/include/runtime/sn_core.h
Build (ubuntu-latest)	Run Rust concurrency tests	2026-10-03T10:34:43.7744464Z -- Installing: /home/runner/work/sindarin-compiler/sindarin-compiler/bin/include/runtime/sn_minimal.h
Build (ubuntu-latest)	Run Rust concurrency tests	2026-10-03T10:34:43.7746028Z -- Installing: /home/runner/work/sindarin-compiler/sindarin-compiler/bin/include/runtime/sn_reflect.h
Build (ubuntu-latest)	Run Rust concurrency tests	2026-10-03T10:34:43.7747802Z -- Installing: /home/runner/work/sindarin-compiler/sindarin-compiler/bin/include/runtime/sn_serial.h
Build (ubuntu-latest)	Run Rust concurrency tests	2026-10-03T10:34:43.7749473Z -- Installing: /home/runner/work/sindarin-compiler/sindarin-compiler/bin/include/runtime/sn_string.h
Build (ubuntu-latest)	Run Rust concurrency tests	2026-10-03T10:34:43.7751057Z -- Installing: /home/runner/work/sindarin-compiler/sindarin-compiler/bin/include/runtime/sn_thread.h
Build (ubuntu-latest)	Run Rust concurrency tests	2026-10-03T10:34:43.7752957Z -- Installing: /home/runner/work/sindarin-compiler/sindarin-compiler/bin/include/minimal/sn_arith.h
Build (ubuntu-latest)	Run Rust concurrency tests	2026-10-03T10:34:43.7754573Z -- Installing: /home/runner/work/sindarin-compiler/sindarin-compiler/bin/include/minimal/sn_array.h
Build (ubuntu-latest)	Run Rust concurrency tests	2026-10-03T10:34:43.7756486Z -- Installing: /home/runner/work/sindarin-compiler/sindarin-compiler/bin/include/minimal/sn_byte.h
Build (ubuntu-latest)	Run Rust concurrency tests	2026-10-03T10:34:43.7758080Z -- Installing: /home/runner/work/sindarin-compiler/sindarin-compiler/bin/include/minimal/sn_conv.h
Build (ubuntu-latest)	Run Rust concurrency tests	2026-10-03T10:34:43.7759726Z -- Installing: /home/runner/work/sindarin-compiler/sindarin-compiler/bin/include/minimal/sn_core.h
Build (ubuntu-latest)	Run Rust concurrency tests	2026-10-03T10:34:43.7761378Z -- Installing: /home/runner/work/sindarin-compiler/sindarin-compiler/bin/include/minimal/sn_minimal.h
Build (ubuntu-latest)	Run Rust concurrency tests	2026-10-03T10:34:43.7762947Z -- Installing: /home/runner/work/sindarin-compiler/sindarin-compiler/bin/include/minimal/sn_reflect.h
Build (ubuntu-latest)	Run Rust concurrency tests	2026-10-03T10:34:43.7764494Z -- Installing: /home/runner/work/sindarin-compiler/sindarin-compiler/bin/include/minimal/sn_serial.h
Build (ubuntu-latest)	Run Rust concurrency tests	2026-10-03T10:34:43.7766191Z -- Installing: /home/runner/work/sindarin-compiler/sindarin-compiler/bin/include/minimal/sn_string.h
Build (ubuntu-latest)	Run Rust concurrency tests	2026-10-03T10:34:43.7768122Z -- Installing: /home/runner/work/sindarin-compiler/sindarin-compiler/bin/include/minimal/sn_thread.h
Build (ubuntu-latest)	Run Rust concurrency tests	2026-10-03T10:34:43.7771655Z -- Up-to-date: /home/runner/work/sindarin-compiler/sindarin-compiler/bin/include/platform/compat_dirent.h
Build (ubuntu-latest)	Run Rust concurrency tests	2026-10-03T10:34:43.7772762Z -- Up-to-date: /home/runner/work/sindarin-compiler/sindarin-compiler/bin/include/platform/compat_io.h
Build (ubuntu-latest)	Run Rust concurrency tests	2026-10-03T10:34:43.7773816Z -- Up-to-date: /home/runner/work/sindarin-compiler/sindarin-compiler/bin/include/platform/compat_net.h
Build (ubuntu-latest)	Run Rust concurrency tests	2026-10-03T10:34:43.7774852Z -- Up-to-date: /home/runner/work/sindarin-compiler/sindarin-compiler/bin/include/platform/compat_pthread.h
Build (ubuntu-latest)	Run Rust concurrency tests	2026-10-03T10:34:43.7776472Z -- Up-to-date: /home/runner/work/sindarin-compiler/sindarin-compiler/bin/include/platform/compat_time.h
Build (ubuntu-latest)	Run Rust concurrency tests	2026-10-03T10:34:43.7777599Z -- Up-to-date: /home/runner/work/sindarin-compiler/sindarin-compiler/bin/include/platform/compat_windows.h
Build (ubuntu-latest)	Run Rust concurrency tests	2026-10-03T10:34:43.7778693Z -- Up-to-date: /home/runner/work/sindarin-compiler/sindarin-compiler/bin/include/platform/platform.h
Build (ubuntu-latest)	Run Rust concurrency tests	2026-10-03T10:34:43.7799142Z -- Found libs submodule: /home/runner/work/sindarin-compiler/sindarin-compiler/.sn/sindarin-pkg-libs/libs/linux
Build (ubuntu-latest)	Run Rust concurrency tests	2026-10-03T10:34:43.7800010Z --   Copying zlib headers...
Build (ubuntu-latest)	Run Rust concurrency tests	2026-10-03T10:34:43.7800653Z -- Up-to-date: /home/runner/work/sindarin-compiler/sindarin-compiler/bin/deps/include/zlib.h
Build (ubuntu-latest)	Run Rust concurrency tests	2026-10-03T10:34:43.7801597Z -- Up-to-date: /home/runner/work/sindarin-compiler/sindarin-compiler/bin/deps/include/zconf.h
Build (ubuntu-latest)	Run Rust concurrency tests	2026-10-03T10:34:43.7802278Z --   Copying yyjson headers...
Build (ubuntu-latest)	Run Rust concurrency tests	2026-10-03T10:34:43.7804686Z -- Up-to-date: /home/runner/work/sindarin-compiler/sindarin-compiler/bin/deps/include/yyjson.h
Build (ubuntu-latest)	Run Rust concurrency tests	2026-10-03T10:34:43.7805498Z --   Copying json-c headers...
Build (ubuntu-latest)	Run Rust concurrency tests	2026-10-03T10:34:43.7806155Z -- Up-to-date: /home/runner/work/sindarin-compiler/sindarin-compiler/bin/deps/include/json-c
Build (ubuntu-latest)	Run Rust concurrency tests	2026-10-03T10:34:43.7807348Z -- Up-to-date: /home/runner/work/sindarin-compiler/sindarin-compiler/bin/deps/include/json-c/json_types.h
Build (ubuntu-latest)	Run Rust concurrency tests	2026-10-03T10:34:43.7808452Z -- Up-to-date: /home/runner/work/sindarin-compiler/sindarin-compiler/bin/deps/include/json-c/json_pointer.h
Build (ubuntu-latest)	Run Rust concurrency tests	2026-10-03T10:34:43.7809539Z -- Up-to-date: /home/runner/work/sindarin-compiler/sindarin-compiler/bin/deps/include/json-c/arraylist.h
Build (ubuntu-latest)	Run Rust concurrency tests	2026-10-03T10:34:43.7810612Z -- Up-to-date: /home/runner/work/sindarin-compiler/sindarin-compiler/bin/deps/include/json-c/json_visit.h
Build (ubuntu-latest)	Run Rust concurrency tests	2026-10-03T10:34:43.7811745Z -- Up-to-date: /home/runner/work/sindarin-compiler/sindarin-compiler/bin/deps/include/json-c/json_object_iterator.h
Build (ubuntu-latest)	Run Rust concurrency tests	2026-10-03T10:34:43.7812882Z -- Up-to-date: /home/runner/work/sindarin-compiler/sindarin-compiler/bin/deps/include/json-c/json_util.h
Build (ubuntu-latest)	Run Rust concurrency tests	2026-10-03T10:34:43.7813968Z -- Up-to-date: /home/runner/work/sindarin-compiler/sindarin-compiler/bin/deps/include/json-c/json_config.h
Build (ubuntu-latest)	Run Rust concurrency tests	2026-10-03T10:34:43.7815011Z -- Up-to-date: /home/runner/work/sindarin-compiler/sindarin-compiler/bin/deps/include/json-c/debug.h
Build (ubuntu-latest)	Run Rust concurrency tests	2026-10-03T10:34:43.7816053Z -- Up-to-date: /home/runner/work/sindarin-compiler/sindarin-compiler/bin/deps/include/json-c/linkhash.h
Build (ubuntu-latest)	Run Rust concurrency tests	2026-10-03T10:34:43.7817330Z -- Up-to-date: /home/runner/work/sindarin-compiler/sindarin-compiler/bin/deps/include/json-c/printbuf.h
Build (ubuntu-latest)	Run Rust concurrency tests	2026-10-03T10:34:43.7818349Z -- Up-to-date: /home/runner/work/sindarin-compiler/sindarin-compiler/bin/deps/include/json-c/json.h
Build (ubuntu-latest)	Run Rust concurrency tests	2026-10-03T10:34:43.7819389Z -- Up-to-date: /home/runner/work/sindarin-compiler/sindarin-compiler/bin/deps/include/json-c/json_tokener.h
Build (ubuntu-latest)	Run Rust concurrency tests	2026-10-03T10:34:43.7820840Z -- Up-to-date: /home/runner/work/sindarin-compiler/sindarin-compiler/bin/deps/include/json-c/json_object.h
Build (ubuntu-latest)	Run Rust concurrency tests	2026-10-03T10:34:43.7821928Z -- Up-to-date: /home/runner/work/sindarin-compiler/sindarin-compiler/bin/deps/include/json-c/json_c_version.h
Build (ubuntu-latest)	Run Rust concurrency tests	2026-10-03T10:34:43.7823046Z -- Up-to-date: /home/runner/work/sindarin-compiler/sindarin-compiler/bin/deps/include/json-c/json_inttypes.h
Build (ubuntu-latest)	Run Rust concurrency tests	2026-10-03T10:34:43.7824163Z -- Up-to-date: /home/runner/work/sindarin-compiler/sindarin-compiler/bin/deps/include/json-c/json_patch.h
Build (ubuntu-latest)	Run Rust concurrency tests	2026-10-03T10:34:43.7824911Z --   Copying libxml2 headers...
Build (ubuntu-latest)	Run Rust concurrency tests	2026-10-03T10:34:43.7825545Z -- Up-to-date: /home/runner/work/sindarin-compiler/sindarin-compiler/bin/deps/include/libxml
Build (ubuntu-latest)	Run Rust concurrency tests	2026-10-03T10:34:43.7826675Z -- Up-to-date: /home/runner/work/sindarin-compiler/sindarin-compiler/bin/deps/include/libxml/xpathInternals.h
Build (ubuntu-latest)	Run Rust concurrency tests	2026-10-03T10:34:43.7827751Z -- Up-to-date: /home/runner/work/sindarin-compiler/sindarin-compiler/bin/deps/include/libxml/c14n.h
Build (ubuntu-latest)	Run Rust concurrency tests	2026-10-03T10:34:43.7828793Z -- Up-to-date: /home/runner/work/sindarin-compiler/sindarin-compiler/bin/deps/include/libxml/xmlsave.h
Build (ubuntu-latest)	Run Rust concurrency tests	2026-10-03T10:34:43.7829842Z -- Up-to-date: /home/runner/work/sindarin-compiler/sindarin-compiler/bin/deps/include/libxml/xmlreader.h
Build (ubuntu-latest)	Run Rust concurrency tests	2026-10-03T10:34:43.7831249Z -- Up-to-date: /home/runner/work/sindarin-compiler/sindarin-compiler/bin/deps/include/libxml/encoding.h
Build (ubuntu-latest)	Run Rust concurrency tests	2026-10-03T10:34:43.7832285Z -- Up-to-date: /home/runner/work/sindarin-compiler/sindarin-compiler/bin/deps/include/libxml/xmlwriter.h
Build (ubuntu-latest)	Run Rust concurrency tests	2026-10-03T10:34:43.7833340Z -- Up-to-date: /home/runner/work/sindarin-compiler/sindarin-compiler/bin/deps/include/libxml/xmlexports.h
Build (ubuntu-latest)	Run Rust concurrency tests	2026-10-03T10:34:43.7834390Z -- Up-to-date: /home/runner/work/sindarin-compiler/sindarin-compiler/bin/deps/include/libxml/HTMLtree.h
Build (ubuntu-latest)	Run Rust concurrency tests	2026-10-03T10:34:43.7835409Z -- Up-to-date: /home/runner/work/sindarin-compiler/sindarin-compiler/bin/deps/include/libxml/uri.h
Build (ubuntu-latest)	Run Rust concurrency tests	2026-10-03T10:34:43.7836557Z -- Up-to-date: /home/runner/work/sindarin-compiler/sindarin-compiler/bin/deps/include/libxml/xmlschemas.h
Build (ubuntu-latest)	Run Rust concurrency tests	2026-10-03T10:34:43.7837620Z -- Up-to-date: /home/runner/work/sindarin-compiler/sindarin-compiler/bin/deps/include/libxml/xmlstring.h
Build (ubuntu-latest)	Run Rust concurrency tests	2026-10-03T10:34:43.7838679Z -- Up-to-date: /home/runner/work/sindarin-compiler/sindarin-compiler/bin/deps/include/libxml/xinclude.h
Build (ubuntu-latest)	Run Rust concurrency tests	2026-10-03T10:34:43.7839766Z -- Up-to-date: /home/runner/work/sindarin-compiler/sindarin-compiler/bin/deps/include/libxml/xmlschemastypes.h
Build (ubuntu-latest)	Run Rust concurrency tests	2026-10-03T10:34:43.7840831Z -- Up-to-date: /home/runner/work/sindarin-compiler/sindarin-compiler/bin/deps/include/libxml/list.h
Build (ubuntu-latest)	Run Rust concurrency tests	2026-10-03T10:34:43.7841840Z -- Up-to-date: /home/runner/work/sindarin-compiler/sindarin-compiler/bin/deps/include/libxml/nanoftp.h
Build (ubuntu-latest)	Run Rust concurrency tests	2026-10-03T10:34:43.7842866Z -- Up-to-date: /home/runner/work/sindarin-compiler/sindarin-compiler/bin/deps/include/libxml/catalog.h
Build (ubuntu-latest)	Run Rust concurrency tests	2026-10-03T10:34:43.7843858Z -- Up-to-date: /home/runner/work/sindarin-compiler/sindarin-compiler/bin/deps/include/libxml/SAX2.h
Build (ubuntu-latest)	Run Rust concurrency tests	2026-10-03T10:34:43.7844871Z -- Up-to-date: /home/runner/work/sindarin-compiler/sindarin-compiler/bin/deps/include/libxml/valid.h
Build (ubuntu-latest)	Run Rust concurrency tests	2026-10-03T10:34:43.7845882Z -- Up-to-date: /home/runner/work/sindarin-compiler/sindarin-compiler/bin/deps/include/libxml/parser.h
Build (ubuntu-latest)	Run Rust concurrency tests	2026-10-03T10:34:43.7847069Z -- Up-to-date: /home/runner/work/sindarin-compiler/sindarin-compiler/bin/deps/include/libxml/xmlmemory.h
Build (ubuntu-latest)	Run Rust concurrency tests	2026-10-03T10:34:43.7848103Z -- Up-to-date: /home/runner/work/sindarin-compiler/sindarin-compiler/bin/deps/include/libxml/xlink.h
Build (ubuntu-latest)	Run Rust concurrency tests	2026-10-03T10:34:43.7849117Z -- Up-to-date: /home/runner/work/sindarin-compiler/sindarin-compiler/bin/deps/include/libxml/xmlmodule.h
Build (ubuntu-latest)	Run Rust concurrency tests	2026-10-03T10:34:43.7850114Z -- Up-to-date: /home/runner/work/sindarin-compiler/sindarin-compiler/bin/deps/include/libxml/SAX.h
Build (ubuntu-latest)	Run Rust concurrency tests	2026-10-03T10:34:43.7851095Z -- Up-to-date: /home/runner/work/sindarin-compiler/sindarin-compiler/bin/deps/include/libxml/xpath.h
Build (ubuntu-latest)	Run Rust concurrency tests	2026-10-03T10:34:43.7852111Z -- Up-to-date: /home/runner/work/sindarin-compiler/sindarin-compiler/bin/deps/include/libxml/entities.h
Build (ubuntu-latest)	Run Rust concurrency tests	2026-10-03T10:34:43.7853323Z -- Up-to-date: /home/runner/work/sindarin-compiler/sindarin-compiler/bin/deps/include/libxml/pattern.h
Build (ubuntu-latest)	Run Rust concurrency tests	2026-10-03T10:34:43.7854373Z -- Up-to-date: /home/runner/work/sindarin-compiler/sindarin-compiler/bin/deps/include/libxml/xmlautomata.h
Build (ubuntu-latest)	Run Rust concurrency tests	2026-10-03T10:34:43.7855493Z -- Up-to-date: /home/runner/work/sindarin-compiler/sindarin-compiler/bin/deps/include/libxml/schemasInternals.h
Build (ubuntu-latest)	Run Rust concurrency tests	2026-10-03T10:34:43.7856775Z -- Up-to-date: /home/runner/work/sindarin-compiler/sindarin-compiler/bin/deps/include/libxml/xmlIO.h
Build (ubuntu-latest)	Run Rust concurrency tests	2026-10-03T10:34:43.7857850Z -- Up-to-date: /home/runner/work/sindarin-compiler/sindarin-compiler/bin/deps/include/libxml/xmlversion.h
Build (ubuntu-latest)	Run Rust concurrency tests	2026-10-03T10:34:43.7858893Z -- Up-to-date: /home/runner/work/sindarin-compiler/sindarin-compiler/bin/deps/include/libxml/globals.h
Build (ubuntu-latest)	Run Rust concurrency tests	2026-10-03T10:34:43.7859916Z -- Up-to-date: /home/runner/work/sindarin-compiler/sindarin-compiler/bin/deps/include/libxml/threads.h
Build (ubuntu-latest)	Run Rust concurrency tests	2026-10-03T10:34:43.7860690Z -- Up-to-date: /home/runner/work/sindarin-compiler/sindarin-compiler/bin/deps/include/libxml/dict.h
Build (ubuntu-latest)	Run Rust concurrency tests	2026-10-03T10:34:43.7861349Z -- Up-to-date: /home/runner/work/sindarin-compiler/sindarin-compiler/bin/deps/include/libxml/HTMLparser.h
Build (ubuntu-latest)	Run Rust concurrency tests	2026-10-03T10:34:43.7861994Z -- Up-to-date: /home/runner/work/sindarin-compiler/sindarin-compiler/bin/deps/include/libxml/xmlunicode.h
Build (ubuntu-latest)	Run Rust concurrency tests	2026-10-03T10:34:43.7862813Z -- Up-to-date: /home/runner/work/sindarin-compiler/sindarin-compiler/bin/deps/include/libxml/hash.h
Build (ubuntu-latest)	Run Rust concurrency tests	2026-10-03T10:34:43.7863460Z -- Up-to-date: /home/runner/work/sindarin-compiler/sindarin-compiler/bin/deps/include/libxml/schematron.h
Build (ubuntu-latest)	Run Rust concurrency tests	2026-10-03T10:34:43.7864109Z -- Up-to-date: /home/runner/work/sindarin-compiler/sindarin-compiler/bin/deps/include/libxml/xmlerror.h
Build (ubuntu-latest)	Run Rust concurrency tests	2026-10-03T10:34:43.7864806Z -- Up-to-date: /home/runner/work/sindarin-compiler/sindarin-compiler/bin/deps/include/libxml/parserInternals.h
Build (ubuntu-latest)	Run Rust concurrency tests	2026-10-03T10:34:43.7865505Z -- Up-to-date: /home/runner/work/sindarin-compiler/sindarin-compiler/bin/deps/include/libxml/chvalid.h
Build (ubuntu-latest)	Run Rust concurrency tests	2026-10-03T10:34:43.7866146Z -- Up-to-date: /home/runner/work/sindarin-compiler/sindarin-compiler/bin/deps/include/libxml/xmlregexp.h
Build (ubuntu-latest)	Run Rust concurrency tests	2026-10-03T10:34:43.7866936Z -- Up-to-date: /home/runner/work/sindarin-compiler/sindarin-compiler/bin/deps/include/libxml/relaxng.h
Build (ubuntu-latest)	Run Rust concurrency tests	2026-10-03T10:34:43.7867906Z -- Up-to-date: /home/runner/work/sindarin-compiler/sindarin-compiler/bin/deps/include/libxml/debugXML.h
Build (ubuntu-latest)	Run Rust concurrency tests	2026-10-03T10:34:43.7868947Z -- Up-to-date: /home/runner/work/sindarin-compiler/sindarin-compiler/bin/deps/include/libxml/nanohttp.h
Build (ubuntu-latest)	Run Rust concurrency tests	2026-10-03T10:34:43.7869947Z -- Up-to-date: /home/runner/work/sindarin-compiler/sindarin-compiler/bin/deps/include/libxml/tree.h
Build (ubuntu-latest)	Run Rust concurrency tests	2026-10-03T10:34:43.7870962Z -- Up-to-date: /home/runner/work/sindarin-compiler/sindarin-compiler/bin/deps/include/libxml/xpointer.h
Build (ubuntu-latest)	Run Rust concurrency tests	2026-10-03T10:34:43.7871694Z --   Copying libyaml headers...
Build (ubuntu-latest)	Run Rust concurrency tests	2026-10-03T10:34:43.7872318Z -- Up-to-date: /home/runner/work/sindarin-compiler/sindarin-compiler/bin/deps/include/yaml.h
Build (ubuntu-latest)	Run Rust concurrency tests	2026-10-03T10:34:43.7873001Z --   Copying openssl headers...
Build (ubuntu-latest)	Run Rust concurrency tests	2026-10-03T10:34:43.7873615Z -- Up-to-date: /home/runner/work/sindarin-compiler/sindarin-compiler/bin/deps/include/openssl
Build (ubuntu-latest)	Run Rust concurrency tests	2026-10-03T10:34:43.7874582Z -- Up-to-date: /home/runner/work/sindarin-compiler/sindarin-compiler/bin/deps/include/openssl/modes.h
Build (ubuntu-latest)	Run Rust concurrency tests	2026-10-03T10:34:43.7875621Z -- Up-to-date: /home/runner/work/sindarin-compiler/sindarin-compiler/bin/deps/include/openssl/pkcs12err.h
Build (ubuntu-latest)	Run Rust concurrency tests	2026-10-03T10:34:43.7876788Z -- Up-to-date: /home/runner/work/sindarin-compiler/sindarin-compiler/bin/deps/include/openssl/pem.h
Build (ubuntu-latest)	Run Rust concurrency tests	2026-10-03T10:34:43.7877797Z -- Up-to-date: /home/runner/work/sindarin-compiler/sindarin-compiler/bin/deps/include/openssl/decoder.h
Build (ubuntu-latest)	Run Rust concurrency tests	2026-10-03T10:34:43.7878838Z -- Up-to-date: /home/runner/work/sindarin-compiler/sindarin-compiler/bin/deps/include/openssl/engineerr.h
Build (ubuntu-latest)	Run Rust concurrency tests	2026-10-03T10:34:43.7879852Z -- Up-to-date: /home/runner/work/sindarin-compiler/sindarin-compiler/bin/deps/include/openssl/md2.h
Build (ubuntu-latest)	Run Rust concurrency tests	2026-10-03T10:34:43.7880890Z -- Up-to-date: /home/runner/work/sindarin-compiler/sindarin-compiler/bin/deps/include/openssl/param_build.h
Build (ubuntu-latest)	Run Rust concurrency tests	2026-10-03T10:34:43.7882143Z -- Up-to-date: /home/runner/work/sindarin-compiler/sindarin-compiler/bin/deps/include/openssl/self_test.h
Build (ubuntu-latest)	Run Rust concurrency tests	2026-10-03T10:34:43.7883171Z -- Up-to-date: /home/runner/work/sindarin-compiler/sindarin-compiler/bin/deps/include/openssl/ts.h
Build (ubuntu-latest)	Run Rust concurrency tests	2026-10-03T10:34:43.7884165Z -- Up-to-date: /home/runner/work/sindarin-compiler/sindarin-compiler/bin/deps/include/openssl/err.h
Build (ubuntu-latest)	Run Rust concurrency tests	2026-10-03T10:34:43.7885178Z -- Up-to-date: /home/runner/work/sindarin-compiler/sindarin-compiler/bin/deps/include/openssl/types.h
Build (ubuntu-latest)	Run Rust concurrency tests	2026-10-03T10:34:43.7886226Z -- Up-to-date: /home/runner/work/sindarin-compiler/sindarin-compiler/bin/deps/include/openssl/comperr.h
Build (ubuntu-latest)	Run Rust concurrency tests	2026-10-03T10:34:43.7887435Z -- Up-to-date: /home/runner/work/sindarin-compiler/sindarin-compiler/bin/deps/include/openssl/opensslv.h
Build (ubuntu-latest)	Run Rust concurrency tests	2026-10-03T10:34:43.7888484Z -- Up-to-date: /home/runner/work/sindarin-compiler/sindarin-compiler/bin/deps/include/openssl/ssl3.h
Build (ubuntu-latest)	Run Rust concurrency tests	2026-10-03T10:34:43.7889486Z -- Up-to-date: /home/runner/work/sindarin-compiler/sindarin-compiler/bin/deps/include/openssl/ecdh.h
Build (ubuntu-latest)	Run Rust concurrency tests	2026-10-03T10:34:43.7890492Z -- Up-to-date: /home/runner/work/sindarin-compiler/sindarin-compiler/bin/deps/include/openssl/cms.h
Build (ubuntu-latest)	Run Rust concurrency tests	2026-10-03T10:34:43.7891591Z -- Up-to-date: /home/runner/work/sindarin-compiler/sindarin-compiler/bin/deps/include/openssl/cmp_util.h
Build (ubuntu-latest)	Run Rust concurrency tests	2026-10-03T10:34:43.7892843Z -- Up-to-date: /home/runner/work/sindarin-compiler/sindarin-compiler/bin/deps/include/openssl/indicator.h
Build (ubuntu-latest)	Run Rust concurrency tests	2026-10-03T10:34:43.7893919Z -- Up-to-date: /home/runner/work/sindarin-compiler/sindarin-compiler/bin/deps/include/openssl/camellia.h
Build (ubuntu-latest)	Run Rust concurrency tests	2026-10-03T10:34:43.7894965Z -- Up-to-date: /home/runner/work/sindarin-compiler/sindarin-compiler/bin/deps/include/openssl/crmf.h
Build (ubuntu-latest)	Run Rust concurrency tests	2026-10-03T10:34:43.7895984Z -- Up-to-date: /home/runner/work/sindarin-compiler/sindarin-compiler/bin/deps/include/openssl/ocsp.h
Build (ubuntu-latest)	Run Rust concurrency tests	2026-10-03T10:34:43.7897148Z -- Up-to-date: /home/runner/work/sindarin-compiler/sindarin-compiler/bin/deps/include/openssl/lhash.h
Build (ubuntu-latest)	Run Rust concurrency tests	2026-10-03T10:34:43.7898189Z -- Up-to-date: /home/runner/work/sindarin-compiler/sindarin-compiler/bin/deps/include/openssl/params.h
Build (ubuntu-latest)	Run Rust concurrency tests	2026-10-03T10:34:43.7899201Z -- Up-to-date: /home/runner/work/sindarin-compiler/sindarin-compiler/bin/deps/include/openssl/ec.h
Build (ubuntu-latest)	Run Rust concurrency tests	2026-10-03T10:34:43.7900220Z -- Up-to-date: /home/runner/work/sindarin-compiler/sindarin-compiler/bin/deps/include/openssl/dsaerr.h
Build (ubuntu-latest)	Run Rust concurrency tests	2026-10-03T10:34:43.7901245Z -- Up-to-date: /home/runner/work/sindarin-compiler/sindarin-compiler/bin/deps/include/openssl/ssl.h
Build (ubuntu-latest)	Run Rust concurrency tests	2026-10-03T10:34:43.7902306Z -- Up-to-date: /home/runner/work/sindarin-compiler/sindarin-compiler/bin/deps/include/openssl/storeerr.h
Build (ubuntu-latest)	Run Rust concurrency tests	2026-10-03T10:34:43.7903345Z -- Up-to-date: /home/runner/work/sindarin-compiler/sindarin-compiler/bin/deps/include/openssl/rsaerr.h
Build (ubuntu-latest)	Run Rust concurrency tests	2026-10-03T10:34:43.7904390Z -- Up-to-date: /home/runner/work/sindarin-compiler/sindarin-compiler/bin/deps/include/openssl/asyncerr.h
Build (ubuntu-latest)	Run Rust concurrency tests	2026-10-03T10:34:43.7905409Z -- Up-to-date: /home/runner/work/sindarin-compiler/sindarin-compiler/bin/deps/include/openssl/cmp.h
Build (ubuntu-latest)	Run Rust concurrency tests	2026-10-03T10:34:43.7906538Z -- Up-to-date: /home/runner/work/sindarin-compiler/sindarin-compiler/bin/deps/include/openssl/cmperr.h
Build (ubuntu-latest)	Run Rust concurrency tests	2026-10-03T10:34:43.7907589Z -- Up-to-date: /home/runner/work/sindarin-compiler/sindarin-compiler/bin/deps/include/openssl/pkcs7err.h
Build (ubuntu-latest)	Run Rust concurrency tests	2026-10-03T10:34:43.7908647Z -- Up-to-date: /home/runner/work/sindarin-compiler/sindarin-compiler/bin/deps/include/openssl/e_ostime.h
Build (ubuntu-latest)	Run Rust concurrency tests	2026-10-03T10:34:43.7909710Z -- Up-to-date: /home/runner/work/sindarin-compiler/sindarin-compiler/bin/deps/include/openssl/x509_vfy.h
Build (ubuntu-latest)	Run Rust concurrency tests	2026-10-03T10:34:43.7910769Z -- Up-to-date: /home/runner/work/sindarin-compiler/sindarin-compiler/bin/deps/include/openssl/pem2.h
Build (ubuntu-latest)	Run Rust concurrency tests	2026-10-03T10:34:43.7911784Z -- Up-to-date: /home/runner/work/sindarin-compiler/sindarin-compiler/bin/deps/include/openssl/srp.h
Build (ubuntu-latest)	Run Rust concurrency tests	2026-10-03T10:34:43.7912812Z -- Up-to-date: /home/runner/work/sindarin-compiler/sindarin-compiler/bin/deps/include/openssl/fipskey.h
Build (ubuntu-latest)	Run Rust concurrency tests	2026-10-03T10:34:43.7913856Z -- Up-to-date: /home/runner/work/sindarin-compiler/sindarin-compiler/bin/deps/include/openssl/ebcdic.h
Build (ubuntu-latest)	Run Rust concurrency tests	2026-10-03T10:34:43.7915075Z -- Up-to-date: /home/runner/work/sindarin-compiler/sindarin-compiler/bin/deps/include/openssl/tls1.h
Build (ubuntu-latest)	Run Rust concurrency tests	2026-10-03T10:34:43.7916094Z -- Up-to-date: /home/runner/work/sindarin-compiler/sindarin-compiler/bin/deps/include/openssl/pkcs7.h
Build (ubuntu-latest)	Run Rust concurrency tests	2026-10-03T10:34:43.7917265Z -- Up-to-date: /home/runner/work/sindarin-compiler/sindarin-compiler/bin/deps/include/openssl/httperr.h
Build (ubuntu-latest)	Run Rust concurrency tests	2026-10-03T10:34:43.7918315Z -- Up-to-date: /home/runner/work/sindarin-compiler/sindarin-compiler/bin/deps/include/openssl/prov_ssl.h
Build (ubuntu-latest)	Run Rust concurrency tests	2026-10-03T10:34:43.7919336Z -- Up-to-date: /home/runner/work/sindarin-compiler/sindarin-compiler/bin/deps/include/openssl/md5.h
Build (ubuntu-latest)	Run Rust concurrency tests	2026-10-03T10:34:43.7920331Z -- Up-to-date: /home/runner/work/sindarin-compiler/sindarin-compiler/bin/deps/include/openssl/comp.h
Build (ubuntu-latest)	Run Rust concurrency tests	2026-10-03T10:34:43.7921332Z -- Up-to-date: /home/runner/work/sindarin-compiler/sindarin-compiler/bin/deps/include/openssl/cast.h
Build (ubuntu-latest)	Run Rust concurrency tests	2026-10-03T10:34:43.7922338Z -- Up-to-date: /home/runner/work/sindarin-compiler/sindarin-compiler/bin/deps/include/openssl/core.h
Build (ubuntu-latest)	Run Rust concurrency tests	2026-10-03T10:34:43.7923400Z -- Up-to-date: /home/runner/work/sindarin-compiler/sindarin-compiler/bin/deps/include/openssl/buffererr.h
Build (ubuntu-latest)	Run Rust concurrency tests	2026-10-03T10:34:43.7924523Z -- Up-to-date: /home/runner/work/sindarin-compiler/sindarin-compiler/bin/deps/include/openssl/dsa.h
Build (ubuntu-latest)	Run Rust concurrency tests	2026-10-03T10:34:43.7925749Z -- Up-to-date: /home/runner/work/sindarin-compiler/sindarin-compiler/bin/deps/include/openssl/safestack.h
Build (ubuntu-latest)	Run Rust concurrency tests	2026-10-03T10:34:43.7926918Z -- Up-to-date: /home/runner/work/sindarin-compiler/sindarin-compiler/bin/deps/include/openssl/bn.h
Build (ubuntu-latest)	Run Rust concurrency tests	2026-10-03T10:34:43.7927967Z -- Up-to-date: /home/runner/work/sindarin-compiler/sindarin-compiler/bin/deps/include/openssl/randerr.h
Build (ubuntu-latest)	Run Rust concurrency tests	2026-10-03T10:34:43.7929005Z -- Up-to-date: /home/runner/work/sindarin-compiler/sindarin-compiler/bin/deps/include/openssl/macros.h
Build (ubuntu-latest)	Run Rust concurrency tests	2026-10-03T10:34:43.7930039Z -- Up-to-date: /home/runner/work/sindarin-compiler/sindarin-compiler/bin/deps/include/openssl/crmferr.h
Build (ubuntu-latest)	Run Rust concurrency tests	2026-10-03T10:34:43.7931139Z -- Up-to-date: /home/runner/work/sindarin-compiler/sindarin-compiler/bin/deps/include/openssl/cryptoerr.h
Build (ubuntu-latest)	Run Rust concurrency tests	2026-10-03T10:34:43.7932226Z -- Up-to-date: /home/runner/work/sindarin-compiler/sindarin-compiler/bin/deps/include/openssl/x509v3.h
Build (ubuntu-latest)	Run Rust concurrency tests	2026-10-03T10:34:43.7933261Z -- Up-to-date: /home/runner/work/sindarin-compiler/sindarin-compiler/bin/deps/include/openssl/dherr.h
Build (ubuntu-latest)	Run Rust concurrency tests	2026-10-03T10:34:43.7934290Z -- Up-to-date: /home/runner/work/sindarin-compiler/sindarin-compiler/bin/deps/include/openssl/ecdsa.h
Build (ubuntu-latest)	Run Rust concurrency tests	2026-10-03T10:34:43.7935310Z -- Up-to-date: /home/runner/work/sindarin-compiler/sindarin-compiler/bin/deps/include/openssl/mdc2.h
Build (ubuntu-latest)	Run Rust concurrency tests	2026-10-03T10:34:43.7936468Z -- Up-to-date: /home/runner/work/sindarin-compiler/sindarin-compiler/bin/deps/include/openssl/core_names.h
Build (ubuntu-latest)	Run Rust concurrency tests	2026-10-03T10:34:43.7937447Z -- Up-to-date: /home/runner/work/sindarin-compiler/sindarin-compiler/bin/deps/include/openssl/rc4.h
Build (ubuntu-latest)	Run Rust concurrency tests	2026-10-03T10:34:43.7938086Z -- Up-to-date: /home/runner/work/sindarin-compiler/sindarin-compiler/bin/deps/include/openssl/symhacks.h
Build (ubuntu-latest)	Run Rust concurrency tests	2026-10-03T10:34:43.7938773Z -- Up-to-date: /home/runner/work/sindarin-compiler/sindarin-compiler/bin/deps/include/openssl/core_object.h
Build (ubuntu-latest)	Run Rust concurrency tests	2026-10-03T10:34:43.7939448Z -- Up-to-date: /home/runner/work/sindarin-compiler/sindarin-compiler/bin/deps/include/openssl/ml_kem.h
Build (ubuntu-latest)	Run Rust concurrency tests	2026-10-03T10:34:43.7940106Z -- Up-to-date: /home/runner/work/sindarin-compiler/sindarin-compiler/bin/deps/include/openssl/encoder.h
Build (ubuntu-latest)	Run Rust concurrency tests	2026-10-03T10:34:43.7940915Z -- Up-to-date: /home/runner/work/sindarin-compiler/sindarin-compiler/bin/deps/include/openssl/proverr.h
Build (ubuntu-latest)	Run Rust concurrency tests	2026-10-03T10:34:43.7941791Z -- Up-to-date: /home/runner/work/sindarin-compiler/sindarin-compiler/bin/deps/include/openssl/hmac.h
Build (ubuntu-latest)	Run Rust concurrency tests	2026-10-03T10:34:43.7942663Z -- Up-to-date: /home/runner/work/sindarin-compiler/sindarin-compiler/bin/deps/include/openssl/esserr.h
Build (ubuntu-latest)	Run Rust concurrency tests	2026-10-03T10:34:43.7943526Z -- Up-to-date: /home/runner/work/sindarin-compiler/sindarin-compiler/bin/deps/include/openssl/conferr.h
Build (ubuntu-latest)	Run Rust concurrency tests	2026-10-03T10:34:43.7944387Z -- Up-to-date: /home/runner/work/sindarin-compiler/sindarin-compiler/bin/deps/include/openssl/uierr.h
Build (ubuntu-latest)	Run Rust concurrency tests	2026-10-03T10:34:43.7945663Z -- Up-to-date: /home/runner/work/sindarin-compiler/sindarin-compiler/bin/deps/include/openssl/sslerr.h
Build (ubuntu-latest)	Run Rust concurrency tests	2026-10-03T10:34:43.7946453Z -- Up-to-date: /home/runner/work/sindarin-compiler/sindarin-compiler/bin/deps/include/openssl/x509err.h
Build (ubuntu-latest)	Run Rust concurrency tests	2026-10-03T10:34:43.7947440Z -- Up-to-date: /home/runner/work/sindarin-compiler/sindarin-compiler/bin/deps/include/openssl/cmserr.h
Build (ubuntu-latest)	Run Rust concurrency tests	2026-10-03T10:34:43.7948467Z -- Up-to-date: /home/runner/work/sindarin-compiler/sindarin-compiler/bin/deps/include/openssl/trace.h
Build (ubuntu-latest)	Run Rust concurrency tests	2026-10-03T10:34:43.7949529Z -- Up-to-date: /home/runner/work/sindarin-compiler/sindarin-compiler/bin/deps/include/openssl/ossl_typ.h
Build (ubuntu-latest)	Run Rust concurrency tests	2026-10-03T10:34:43.7950387Z -- Up-to-date: /home/runner/work/sindarin-compiler/sindarin-compiler/bin/deps/include/openssl/bioerr.h
Build (ubuntu-latest)	Run Rust concurrency tests	2026-10-03T10:34:43.7951025Z -- Up-to-date: /home/runner/work/sindarin-compiler/sindarin-compiler/bin/deps/include/openssl/blowfish.h
Build (ubuntu-latest)	Run Rust concurrency tests	2026-10-03T10:34:43.7951693Z -- Up-to-date: /home/runner/work/sindarin-compiler/sindarin-compiler/bin/deps/include/openssl/configuration.h
Build (ubuntu-latest)	Run Rust concurrency tests	2026-10-03T10:34:43.7952371Z -- Up-to-date: /home/runner/work/sindarin-compiler/sindarin-compiler/bin/deps/include/openssl/ssl2.h
Build (ubuntu-latest)	Run Rust concurrency tests	2026-10-03T10:34:43.7952987Z -- Up-to-date: /home/runner/work/sindarin-compiler/sindarin-compiler/bin/deps/include/openssl/bnerr.h
Build (ubuntu-latest)	Run Rust concurrency tests	2026-10-03T10:34:43.7953757Z -- Up-to-date: /home/runner/work/sindarin-compiler/sindarin-compiler/bin/deps/include/openssl/rc2.h
Build (ubuntu-latest)	Run Rust concurrency tests	2026-10-03T10:34:43.7954369Z -- Up-to-date: /home/runner/work/sindarin-compiler/sindarin-compiler/bin/deps/include/openssl/bio.h
Build (ubuntu-latest)	Run Rust concurrency tests	2026-10-03T10:34:43.7954982Z -- Up-to-date: /home/runner/work/sindarin-compiler/sindarin-compiler/bin/deps/include/openssl/stack.h
Build (ubuntu-latest)	Run Rust concurrency tests	2026-10-03T10:34:43.7955619Z -- Up-to-date: /home/runner/work/sindarin-compiler/sindarin-compiler/bin/deps/include/openssl/x509.h
Build (ubuntu-latest)	Run Rust concurrency tests	2026-10-03T10:34:43.7956405Z -- Up-to-date: /home/runner/work/sindarin-compiler/sindarin-compiler/bin/deps/include/openssl/txt_db.h
Build (ubuntu-latest)	Run Rust concurrency tests	2026-10-03T10:34:43.7957288Z -- Up-to-date: /home/runner/work/sindarin-compiler/sindarin-compiler/bin/deps/include/openssl/des.h
Build (ubuntu-latest)	Run Rust concurrency tests	2026-10-03T10:34:43.7958258Z -- Up-to-date: /home/runner/work/sindarin-compiler/sindarin-compiler/bin/deps/include/openssl/md4.h
Build (ubuntu-latest)	Run Rust concurrency tests	2026-10-03T10:34:43.7958894Z -- Up-to-date: /home/runner/work/sindarin-compiler/sindarin-compiler/bin/deps/include/openssl/objects.h
Build (ubuntu-latest)	Run Rust concurrency tests	2026-10-03T10:34:43.7959538Z -- Up-to-date: /home/runner/work/sindarin-compiler/sindarin-compiler/bin/deps/include/openssl/seed.h
Build (ubuntu-latest)	Run Rust concurrency tests	2026-10-03T10:34:43.7960174Z -- Up-to-date: /home/runner/work/sindarin-compiler/sindarin-compiler/bin/deps/include/openssl/buffer.h
Build (ubuntu-latest)	Run Rust concurrency tests	2026-10-03T10:34:43.7960818Z -- Up-to-date: /home/runner/work/sindarin-compiler/sindarin-compiler/bin/deps/include/openssl/ess.h
Build (ubuntu-latest)	Run Rust concurrency tests	2026-10-03T10:34:43.7961472Z -- Up-to-date: /home/runner/work/sindarin-compiler/sindarin-compiler/bin/deps/include/openssl/thread.h
Build (ubuntu-latest)	Run Rust concurrency tests	2026-10-03T10:34:43.7962118Z -- Up-to-date: /home/runner/work/sindarin-compiler/sindarin-compiler/bin/deps/include/openssl/decodererr.h
Build (ubuntu-latest)	Run Rust concurrency tests	2026-10-03T10:34:43.7962794Z -- Up-to-date: /home/runner/work/sindarin-compiler/sindarin-compiler/bin/deps/include/openssl/asn1t.h
Build (ubuntu-latest)	Run Rust concurrency tests	2026-10-03T10:34:43.7963416Z -- Up-to-date: /home/runner/work/sindarin-compiler/sindarin-compiler/bin/deps/include/openssl/dh.h
Build (ubuntu-latest)	Run Rust concurrency tests	2026-10-03T10:34:43.7964029Z -- Up-to-date: /home/runner/work/sindarin-compiler/sindarin-compiler/bin/deps/include/openssl/ecerr.h
Build (ubuntu-latest)	Run Rust concurrency tests	2026-10-03T10:34:43.7964656Z -- Up-to-date: /home/runner/work/sindarin-compiler/sindarin-compiler/bin/deps/include/openssl/pkcs12.h
Build (ubuntu-latest)	Run Rust concurrency tests	2026-10-03T10:34:43.7965318Z -- Up-to-date: /home/runner/work/sindarin-compiler/sindarin-compiler/bin/deps/include/openssl/sslerr_legacy.h
Build (ubuntu-latest)	Run Rust concurrency tests	2026-10-03T10:34:43.7966443Z -- Up-to-date: /home/runner/work/sindarin-compiler/sindarin-compiler/bin/deps/include/openssl/dtls1.h
Build (ubuntu-latest)	Run Rust concurrency tests	2026-10-03T10:34:43.7967549Z -- Up-to-date: /home/runner/work/sindarin-compiler/sindarin-compiler/bin/deps/include/openssl/cryptoerr_legacy.h
Build (ubuntu-latest)	Run Rust concurrency tests	2026-10-03T10:34:43.7968252Z -- Up-to-date: /home/runner/work/sindarin-compiler/sindarin-compiler/bin/deps/include/openssl/conftypes.h
Build (ubuntu-latest)	Run Rust concurrency tests	2026-10-03T10:34:43.7969052Z -- Up-to-date: /home/runner/work/sindarin-compiler/sindarin-compiler/bin/deps/include/openssl/conf.h
Build (ubuntu-latest)	Run Rust concurrency tests	2026-10-03T10:34:43.7969662Z -- Up-to-date: /home/runner/work/sindarin-compiler/sindarin-compiler/bin/deps/include/openssl/kdf.h
Build (ubuntu-latest)	Run Rust concurrency tests	2026-10-03T10:34:43.7970280Z -- Up-to-date: /home/runner/work/sindarin-compiler/sindarin-compiler/bin/deps/include/openssl/cmac.h
Build (ubuntu-latest)	Run Rust concurrency tests	2026-10-03T10:34:43.7970919Z -- Up-to-date: /home/runner/work/sindarin-compiler/sindarin-compiler/bin/deps/include/openssl/opensslconf.h
Build (ubuntu-latest)	Run Rust concurrency tests	2026-10-03T10:34:43.7971589Z -- Up-to-date: /home/runner/work/sindarin-compiler/sindarin-compiler/bin/deps/include/openssl/conf_api.h
Build (ubuntu-latest)	Run Rust concurrency tests	2026-10-03T10:34:43.7972237Z -- Up-to-date: /home/runner/work/sindarin-compiler/sindarin-compiler/bin/deps/include/openssl/asn1err.h
Build (ubuntu-latest)	Run Rust concurrency tests	2026-10-03T10:34:43.7972857Z -- Up-to-date: /home/runner/work/sindarin-compiler/sindarin-compiler/bin/deps/include/openssl/idea.h
Build (ubuntu-latest)	Run Rust concurrency tests	2026-10-03T10:34:43.7973460Z -- Up-to-date: /home/runner/work/sindarin-compiler/sindarin-compiler/bin/deps/include/openssl/asn1.h
Build (ubuntu-latest)	Run Rust concurrency tests	2026-10-03T10:34:43.7974067Z -- Up-to-date: /home/runner/work/sindarin-compiler/sindarin-compiler/bin/deps/include/openssl/ui.h
Build (ubuntu-latest)	Run Rust concurrency tests	2026-10-03T10:34:43.7974699Z -- Up-to-date: /home/runner/work/sindarin-compiler/sindarin-compiler/bin/deps/include/openssl/evp.h
Build (ubuntu-latest)	Run Rust concurrency tests	2026-10-03T10:34:43.7975424Z -- Up-to-date: /home/runner/work/sindarin-compiler/sindarin-compiler/bin/deps/include/openssl/rc5.h
Build (ubuntu-latest)	Run Rust concurrency tests	2026-10-03T10:34:43.7976036Z -- Up-to-date: /home/runner/work/sindarin-compiler/sindarin-compiler/bin/deps/include/openssl/hpke.h
Build (ubuntu-latest)	Run Rust concurrency tests	2026-10-03T10:34:43.7976786Z -- Up-to-date: /home/runner/work/sindarin-compiler/sindarin-compiler/bin/deps/include/openssl/pemerr.h
Build (ubuntu-latest)	Run Rust concurrency tests	2026-10-03T10:34:43.7977452Z -- Up-to-date: /home/runner/work/sindarin-compiler/sindarin-compiler/bin/deps/include/openssl/obj_mac.h
Build (ubuntu-latest)	Run Rust concurrency tests	2026-10-03T10:34:43.7978065Z -- Up-to-date: /home/runner/work/sindarin-compiler/sindarin-compiler/bin/deps/include/openssl/ct.h
Build (ubuntu-latest)	Run Rust concurrency tests	2026-10-03T10:34:43.7978673Z -- Up-to-date: /home/runner/work/sindarin-compiler/sindarin-compiler/bin/deps/include/openssl/rand.h
Build (ubuntu-latest)	Run Rust concurrency tests	2026-10-03T10:34:43.7979335Z -- Up-to-date: /home/runner/work/sindarin-compiler/sindarin-compiler/bin/deps/include/openssl/fips_names.h
Build (ubuntu-latest)	Run Rust concurrency tests	2026-10-03T10:34:43.7979978Z -- Up-to-date: /home/runner/work/sindarin-compiler/sindarin-compiler/bin/deps/include/openssl/quic.h
Build (ubuntu-latest)	Run Rust concurrency tests	2026-10-03T10:34:43.7980617Z -- Up-to-date: /home/runner/work/sindarin-compiler/sindarin-compiler/bin/deps/include/openssl/srtp.h
Build (ubuntu-latest)	Run Rust concurrency tests	2026-10-03T10:34:43.7981242Z -- Up-to-date: /home/runner/work/sindarin-compiler/sindarin-compiler/bin/deps/include/openssl/kdferr.h
Build (ubuntu-latest)	Run Rust concurrency tests	2026-10-03T10:34:43.7981882Z -- Up-to-date: /home/runner/work/sindarin-compiler/sindarin-compiler/bin/deps/include/openssl/provider.h
Build (ubuntu-latest)	Run Rust concurrency tests	2026-10-03T10:34:43.7982560Z -- Up-to-date: /home/runner/work/sindarin-compiler/sindarin-compiler/bin/deps/include/openssl/core_dispatch.h
Build (ubuntu-latest)	Run Rust concurrency tests	2026-10-03T10:34:43.7983220Z -- Up-to-date: /home/runner/work/sindarin-compiler/sindarin-compiler/bin/deps/include/openssl/tserr.h
Build (ubuntu-latest)	Run Rust concurrency tests	2026-10-03T10:34:43.7983843Z -- Up-to-date: /home/runner/work/sindarin-compiler/sindarin-compiler/bin/deps/include/openssl/store.h
Build (ubuntu-latest)	Run Rust concurrency tests	2026-10-03T10:34:43.7984457Z -- Up-to-date: /home/runner/work/sindarin-compiler/sindarin-compiler/bin/deps/include/openssl/http.h
Build (ubuntu-latest)	Run Rust concurrency tests	2026-10-03T10:34:43.7985066Z -- Up-to-date: /home/runner/work/sindarin-compiler/sindarin-compiler/bin/deps/include/openssl/e_os2.h
Build (ubuntu-latest)	Run Rust concurrency tests	2026-10-03T10:34:43.7985689Z -- Up-to-date: /home/runner/work/sindarin-compiler/sindarin-compiler/bin/deps/include/openssl/ripemd.h
Build (ubuntu-latest)	Run Rust concurrency tests	2026-10-03T10:34:43.7986430Z -- Up-to-date: /home/runner/work/sindarin-compiler/sindarin-compiler/bin/deps/include/openssl/sha.h
Build (ubuntu-latest)	Run Rust concurrency tests	2026-10-03T10:34:43.7987085Z -- Up-to-date: /home/runner/work/sindarin-compiler/sindarin-compiler/bin/deps/include/openssl/x509v3err.h
Build (ubuntu-latest)	Run Rust concurrency tests	2026-10-03T10:34:43.7987714Z -- Up-to-date: /home/runner/work/sindarin-compiler/sindarin-compiler/bin/deps/include/openssl/async.h
Build (ubuntu-latest)	Run Rust concurrency tests	2026-10-03T10:34:43.7988349Z -- Up-to-date: /home/runner/work/sindarin-compiler/sindarin-compiler/bin/deps/include/openssl/ocsperr.h
Build (ubuntu-latest)	Run Rust concurrency tests	2026-10-03T10:34:43.7988982Z -- Up-to-date: /home/runner/work/sindarin-compiler/sindarin-compiler/bin/deps/include/openssl/evperr.h
Build (ubuntu-latest)	Run Rust concurrency tests	2026-10-03T10:34:43.7989757Z -- Up-to-date: /home/runner/work/sindarin-compiler/sindarin-compiler/bin/deps/include/openssl/whrlpool.h
Build (ubuntu-latest)	Run Rust concurrency tests	2026-10-03T10:34:43.7990389Z -- Up-to-date: /home/runner/work/sindarin-compiler/sindarin-compiler/bin/deps/include/openssl/cterr.h
Build (ubuntu-latest)	Run Rust concurrency tests	2026-10-03T10:34:43.7991009Z -- Up-to-date: /home/runner/work/sindarin-compiler/sindarin-compiler/bin/deps/include/openssl/engine.h
Build (ubuntu-latest)	Run Rust concurrency tests	2026-10-03T10:34:43.7991683Z -- Up-to-date: /home/runner/work/sindarin-compiler/sindarin-compiler/bin/deps/include/openssl/x509_acert.h
Build (ubuntu-latest)	Run Rust concurrency tests	2026-10-03T10:34:43.7992342Z -- Up-to-date: /home/runner/work/sindarin-compiler/sindarin-compiler/bin/deps/include/openssl/byteorder.h
Build (ubuntu-latest)	Run Rust concurrency tests	2026-10-03T10:34:43.7993001Z -- Up-to-date: /home/runner/work/sindarin-compiler/sindarin-compiler/bin/deps/include/openssl/encodererr.h
Build (ubuntu-latest)	Run Rust concurrency tests	2026-10-03T10:34:43.7993633Z -- Up-to-date: /home/runner/work/sindarin-compiler/sindarin-compiler/bin/deps/include/openssl/crypto.h
Build (ubuntu-latest)	Run Rust concurrency tests	2026-10-03T10:34:43.7994269Z -- Up-to-date: /home/runner/work/sindarin-compiler/sindarin-compiler/bin/deps/include/openssl/objectserr.h
Build (ubuntu-latest)	Run Rust concurrency tests	2026-10-03T10:34:43.7994894Z -- Up-to-date: /home/runner/work/sindarin-compiler/sindarin-compiler/bin/deps/include/openssl/aes.h
Build (ubuntu-latest)	Run Rust concurrency tests	2026-10-03T10:34:43.7995627Z -- Up-to-date: /home/runner/work/sindarin-compiler/sindarin-compiler/bin/deps/include/openssl/rsa.h
Build (ubuntu-latest)	Run Rust concurrency tests	2026-10-03T10:34:43.7996074Z --   Copying libssh headers...
Build (ubuntu-latest)	Run Rust concurrency tests	2026-10-03T10:34:43.7996628Z -- Up-to-date: /home/runner/work/sindarin-compiler/sindarin-compiler/bin/deps/include/libssh
Build (ubuntu-latest)	Run Rust concurrency tests	2026-10-03T10:34:43.7997243Z -- Up-to-date: /home/runner/work/sindarin-compiler/sindarin-compiler/bin/deps/include/libssh/ssh2.h
Build (ubuntu-latest)	Run Rust concurrency tests	2026-10-03T10:34:43.7997858Z -- Up-to-date: /home/runner/work/sindarin-compiler/sindarin-compiler/bin/deps/include/libssh/libssh.h
Build (ubuntu-latest)	Run Rust concurrency tests	2026-10-03T10:34:43.7998485Z -- Up-to-date: /home/runner/work/sindarin-compiler/sindarin-compiler/bin/deps/include/libssh/callbacks.h
Build (ubuntu-latest)	Run Rust concurrency tests	2026-10-03T10:34:43.7999125Z -- Up-to-date: /home/runner/work/sindarin-compiler/sindarin-compiler/bin/deps/include/libssh/legacy.h
Build (ubuntu-latest)	Run Rust concurrency tests	2026-10-03T10:34:43.7999783Z -- Up-to-date: /home/runner/work/sindarin-compiler/sindarin-compiler/bin/deps/include/libssh/sftp.h
Build (ubuntu-latest)	Run Rust concurrency tests	2026-10-03T10:34:43.8000444Z -- Up-to-date: /home/runner/work/sindarin-compiler/sindarin-compiler/bin/deps/include/libssh/server.h
Build (ubuntu-latest)	Run Rust concurrency tests	2026-10-03T10:34:43.8001100Z -- Up-to-date: /home/runner/work/sindarin-compiler/sindarin-compiler/bin/deps/include/libssh/libsshpp.hpp
Build (ubuntu-latest)	Run Rust concurrency tests	2026-10-03T10:34:43.8001793Z -- Up-to-date: /home/runner/work/sindarin-compiler/sindarin-compiler/bin/deps/include/libssh/libssh_version.h
Build (ubuntu-latest)	Run Rust concurrency tests	2026-10-03T10:34:43.8002461Z -- Up-to-date: /home/runner/work/sindarin-compiler/sindarin-compiler/bin/deps/include/libssh/sftpserver.h
Build (ubuntu-latest)	Run Rust concurrency tests	2026-10-03T10:34:43.8002929Z --   Copying libgit2 headers...
Build (ubuntu-latest)	Run Rust concurrency tests	2026-10-03T10:34:43.8003339Z -- Up-to-date: /home/runner/work/sindarin-compiler/sindarin-compiler/bin/deps/include/git2.h
Build (ubuntu-latest)	Run Rust concurrency tests	2026-10-03T10:34:43.8003911Z -- Up-to-date: /home/runner/work/sindarin-compiler/sindarin-compiler/bin/deps/include/git2
Build (ubuntu-latest)	Run Rust concurrency tests	2026-10-03T10:34:43.8004511Z -- Up-to-date: /home/runner/work/sindarin-compiler/sindarin-compiler/bin/deps/include/git2/refspec.h
Build (ubuntu-latest)	Run Rust concurrency tests	2026-10-03T10:34:43.8005129Z -- Up-to-date: /home/runner/work/sindarin-compiler/sindarin-compiler/bin/deps/include/git2/config.h
Build (ubuntu-latest)	Run Rust concurrency tests	2026-10-03T10:34:43.8005738Z -- Up-to-date: /home/runner/work/sindarin-compiler/sindarin-compiler/bin/deps/include/git2/tag.h
Build (ubuntu-latest)	Run Rust concurrency tests	2026-10-03T10:34:43.8006454Z -- Up-to-date: /home/runner/work/sindarin-compiler/sindarin-compiler/bin/deps/include/git2/describe.h
Build (ubuntu-latest)	Run Rust concurrency tests	2026-10-03T10:34:43.8007072Z -- Up-to-date: /home/runner/work/sindarin-compiler/sindarin-compiler/bin/deps/include/git2/types.h
Build (ubuntu-latest)	Run Rust concurrency tests	2026-10-03T10:34:43.8007681Z -- Up-to-date: /home/runner/work/sindarin-compiler/sindarin-compiler/bin/deps/include/git2/strarray.h
Build (ubuntu-latest)	Run Rust concurrency tests	2026-10-03T10:34:43.8008296Z -- Up-to-date: /home/runner/work/sindarin-compiler/sindarin-compiler/bin/deps/include/git2/signature.h
Build (ubuntu-latest)	Run Rust concurrency tests	2026-10-03T10:34:43.8008936Z -- Up-to-date: /home/runner/work/sindarin-compiler/sindarin-compiler/bin/deps/include/git2/cherrypick.h
Build (ubuntu-latest)	Run Rust concurrency tests	2026-10-03T10:34:43.8009716Z -- Up-to-date: /home/runner/work/sindarin-compiler/sindarin-compiler/bin/deps/include/git2/graph.h
Build (ubuntu-latest)	Run Rust concurrency tests	2026-10-03T10:34:43.8010355Z -- Up-to-date: /home/runner/work/sindarin-compiler/sindarin-compiler/bin/deps/include/git2/cred_helpers.h
Build (ubuntu-latest)	Run Rust concurrency tests	2026-10-03T10:34:43.8010986Z -- Up-to-date: /home/runner/work/sindarin-compiler/sindarin-compiler/bin/deps/include/git2/oid.h
Build (ubuntu-latest)	Run Rust concurrency tests	2026-10-03T10:34:43.8011581Z -- Up-to-date: /home/runner/work/sindarin-compiler/sindarin-compiler/bin/deps/include/git2/email.h
Build (ubuntu-latest)	Run Rust concurrency tests	2026-10-03T10:34:43.8012199Z -- Up-to-date: /home/runner/work/sindarin-compiler/sindarin-compiler/bin/deps/include/git2/experimental.h
Build (ubuntu-latest)	Run Rust concurrency tests	2026-10-03T10:34:43.8012821Z -- Up-to-date: /home/runner/work/sindarin-compiler/sindarin-compiler/bin/deps/include/git2/diff.h
Build (ubuntu-latest)	Run Rust concurrency tests	2026-10-03T10:34:43.8013672Z -- Up-to-date: /home/runner/work/sindarin-compiler/sindarin-compiler/bin/deps/include/git2/worktree.h
Build (ubuntu-latest)	Run Rust concurrency tests	2026-10-03T10:34:43.8014618Z -- Up-to-date: /home/runner/work/sindarin-compiler/sindarin-compiler/bin/deps/include/git2/attr.h
Build (ubuntu-latest)	Run Rust concurrency tests	2026-10-03T10:34:43.8015621Z -- Up-to-date: /home/runner/work/sindarin-compiler/sindarin-compiler/bin/deps/include/git2/cert.h
Build (ubuntu-latest)	Run Rust concurrency tests	2026-10-03T10:34:43.8016690Z -- Up-to-date: /home/runner/work/sindarin-compiler/sindarin-compiler/bin/deps/include/git2/annotated_commit.h
Build (ubuntu-latest)	Run Rust concurrency tests	2026-10-03T10:34:43.8017859Z -- Up-to-date: /home/runner/work/sindarin-compiler/sindarin-compiler/bin/deps/include/git2/blob.h
Build (ubuntu-latest)	Run Rust concurrency tests	2026-10-03T10:34:43.8018774Z -- Up-to-date: /home/runner/work/sindarin-compiler/sindarin-compiler/bin/deps/include/git2/index.h
Build (ubuntu-latest)	Run Rust concurrency tests	2026-10-03T10:34:43.8019762Z -- Up-to-date: /home/runner/work/sindarin-compiler/sindarin-compiler/bin/deps/include/git2/object.h
Build (ubuntu-latest)	Run Rust concurrency tests	2026-10-03T10:34:43.8020831Z -- Up-to-date: /home/runner/work/sindarin-compiler/sindarin-compiler/bin/deps/include/git2/revert.h
Build (ubuntu-latest)	Run Rust concurrency tests	2026-10-03T10:34:43.8021873Z -- Up-to-date: /home/runner/work/sindarin-compiler/sindarin-compiler/bin/deps/include/git2/sys
Build (ubuntu-latest)	Run Rust concurrency tests	2026-10-03T10:34:43.8022922Z -- Up-to-date: /home/runner/work/sindarin-compiler/sindarin-compiler/bin/deps/include/git2/sys/config.h
Build (ubuntu-latest)	Run Rust concurrency tests	2026-10-03T10:34:43.8024043Z -- Up-to-date: /home/runner/work/sindarin-compiler/sindarin-compiler/bin/deps/include/git2/sys/cred.h
Build (ubuntu-latest)	Run Rust concurrency tests	2026-10-03T10:34:43.8025146Z -- Up-to-date: /home/runner/work/sindarin-compiler/sindarin-compiler/bin/deps/include/git2/sys/email.h
Build (ubuntu-latest)	Run Rust concurrency tests	2026-10-03T10:34:43.8026222Z -- Up-to-date: /home/runner/work/sindarin-compiler/sindarin-compiler/bin/deps/include/git2/sys/diff.h
Build (ubuntu-latest)	Run Rust concurrency tests	2026-10-03T10:34:43.8027500Z -- Up-to-date: /home/runner/work/sindarin-compiler/sindarin-compiler/bin/deps/include/git2/sys/index.h
Build (ubuntu-latest)	Run Rust concurrency tests	2026-10-03T10:34:43.8028579Z -- Up-to-date: /home/runner/work/sindarin-compiler/sindarin-compiler/bin/deps/include/git2/sys/midx.h
Build (ubuntu-latest)	Run Rust concurrency tests	2026-10-03T10:34:43.8029693Z -- Up-to-date: /home/runner/work/sindarin-compiler/sindarin-compiler/bin/deps/include/git2/sys/mempack.h
Build (ubuntu-latest)	Run Rust concurrency tests	2026-10-03T10:34:43.8030833Z -- Up-to-date: /home/runner/work/sindarin-compiler/sindarin-compiler/bin/deps/include/git2/sys/transport.h
Build (ubuntu-latest)	Run Rust concurrency tests	2026-10-03T10:34:43.8031959Z -- Up-to-date: /home/runner/work/sindarin-compiler/sindarin-compiler/bin/deps/include/git2/sys/stream.h
Build (ubuntu-latest)	Run Rust concurrency tests	2026-10-03T10:34:43.8033098Z -- Up-to-date: /home/runner/work/sindarin-compiler/sindarin-compiler/bin/deps/include/git2/sys/remote.h
Build (ubuntu-latest)	Run Rust concurrency tests	2026-10-03T10:34:43.8034190Z -- Up-to-date: /home/runner/work/sindarin-compiler/sindarin-compiler/bin/deps/include/git2/sys/commit_graph.h
Build (ubuntu-latest)	Run Rust concurrency tests	2026-10-03T10:34:43.8035224Z -- Up-to-date: /home/runner/work/sindarin-compiler/sindarin-compiler/bin/deps/include/git2/sys/hashsig.h
Build (ubuntu-latest)	Run Rust concurrency tests	2026-10-03T10:34:43.8036417Z -- Up-to-date: /home/runner/work/sindarin-compiler/sindarin-compiler/bin/deps/include/git2/sys/errors.h
Build (ubuntu-latest)	Run Rust concurrency tests	2026-10-03T10:34:43.8037522Z -- Up-to-date: /home/runner/work/sindarin-compiler/sindarin-compiler/bin/deps/include/git2/sys/repository.h
Build (ubuntu-latest)	Run Rust concurrency tests	2026-10-03T10:34:43.8038610Z -- Up-to-date: /home/runner/work/sindarin-compiler/sindarin-compiler/bin/deps/include/git2/sys/path.h
Build (ubuntu-latest)	Run Rust concurrency tests	2026-10-03T10:34:43.8039701Z -- Up-to-date: /home/runner/work/sindarin-compiler/sindarin-compiler/bin/deps/include/git2/sys/credential.h
Build (ubuntu-latest)	Run Rust concurrency tests	2026-10-03T10:34:43.8041175Z -- Up-to-date: /home/runner/work/sindarin-compiler/sindarin-compiler/bin/deps/include/git2/sys/commit.h
Build (ubuntu-latest)	Run Rust concurrency tests	2026-10-03T10:34:43.8042232Z -- Up-to-date: /home/runner/work/sindarin-compiler/sindarin-compiler/bin/deps/include/git2/sys/merge.h
Build (ubuntu-latest)	Run Rust concurrency tests	2026-10-03T10:34:43.8043370Z -- Up-to-date: /home/runner/work/sindarin-compiler/sindarin-compiler/bin/deps/include/git2/sys/openssl.h
Build (ubuntu-latest)	Run Rust concurrency tests	2026-10-03T10:34:43.8044443Z -- Up-to-date: /home/runner/work/sindarin-compiler/sindarin-compiler/bin/deps/include/git2/sys/refs.h
Build (ubuntu-latest)	Run Rust concurrency tests	2026-10-03T10:34:43.8045559Z -- Up-to-date: /home/runner/work/sindarin-compiler/sindarin-compiler/bin/deps/include/git2/sys/alloc.h
Build (ubuntu-latest)	Run Rust concurrency tests	2026-10-03T10:34:43.8046788Z -- Up-to-date: /home/runner/work/sindarin-compiler/sindarin-compiler/bin/deps/include/git2/sys/filter.h
Build (ubuntu-latest)	Run Rust concurrency tests	2026-10-03T10:34:43.8048205Z -- Up-to-date: /home/runner/work/sindarin-compiler/sindarin-compiler/bin/deps/include/git2/sys/refdb_backend.h
Build (ubuntu-latest)	Run Rust concurrency tests	2026-10-03T10:34:43.8049318Z -- Up-to-date: /home/runner/work/sindarin-compiler/sindarin-compiler/bin/deps/include/git2/sys/odb_backend.h
Build (ubuntu-latest)	Run Rust concurrency tests	2026-10-03T10:34:43.8050400Z -- Up-to-date: /home/runner/work/sindarin-compiler/sindarin-compiler/bin/deps/include/git2/reflog.h
Build (ubuntu-latest)	Run Rust concurrency tests	2026-10-03T10:34:43.8051448Z -- Up-to-date: /home/runner/work/sindarin-compiler/sindarin-compiler/bin/deps/include/git2/checkout.h
Build (ubuntu-latest)	Run Rust concurrency tests	2026-10-03T10:34:43.8052935Z -- Up-to-date: /home/runner/work/sindarin-compiler/sindarin-compiler/bin/deps/include/git2/branch.h
Build (ubuntu-latest)	Run Rust concurrency tests	2026-10-03T10:34:43.8054024Z -- Up-to-date: /home/runner/work/sindarin-compiler/sindarin-compiler/bin/deps/include/git2/revparse.h
Build (ubuntu-latest)	Run Rust concurrency tests	2026-10-03T10:34:43.8055123Z -- Up-to-date: /home/runner/work/sindarin-compiler/sindarin-compiler/bin/deps/include/git2/transport.h
Build (ubuntu-latest)	Run Rust concurrency tests	2026-10-03T10:34:43.8056181Z -- Up-to-date: /home/runner/work/sindarin-compiler/sindarin-compiler/bin/deps/include/git2/refdb.h
Build (ubuntu-latest)	Run Rust concurrency tests	2026-10-03T10:34:43.8057447Z -- Up-to-date: /home/runner/work/sindarin-compiler/sindarin-compiler/bin/deps/include/git2/submodule.h
Build (ubuntu-latest)	Run Rust concurrency tests	2026-10-03T10:34:43.8058486Z -- Up-to-date: /home/runner/work/sindarin-compiler/sindarin-compiler/bin/deps/include/git2/stash.h
Build (ubuntu-latest)	Run Rust concurrency tests	2026-10-03T10:34:43.8059533Z -- Up-to-date: /home/runner/work/sindarin-compiler/sindarin-compiler/bin/deps/include/git2/notes.h
Build (ubuntu-latest)	Run Rust concurrency tests	2026-10-03T10:34:43.8060521Z -- Up-to-date: /home/runner/work/sindarin-compiler/sindarin-compiler/bin/deps/include/git2/trace.h
Build (ubuntu-latest)	Run Rust concurrency tests	2026-10-03T10:34:43.8061578Z -- Up-to-date: /home/runner/work/sindarin-compiler/sindarin-compiler/bin/deps/include/git2/message.h
Build (ubuntu-latest)	Run Rust concurrency tests	2026-10-03T10:34:43.8062545Z -- Up-to-date: /home/runner/work/sindarin-compiler/sindarin-compiler/bin/deps/include/git2/clone.h
Build (ubuntu-latest)	Run Rust concurrency tests	2026-10-03T10:34:43.8063534Z -- Up-to-date: /home/runner/work/sindarin-compiler/sindarin-compiler/bin/deps/include/git2/remote.h
Build (ubuntu-latest)	Run Rust concurrency tests	2026-10-03T10:34:43.8064473Z -- Up-to-date: /home/runner/work/sindarin-compiler/sindarin-compiler/bin/deps/include/git2/oidarray.h
Build (ubuntu-latest)	Run Rust concurrency tests	2026-10-03T10:34:43.8065418Z -- Up-to-date: /home/runner/work/sindarin-compiler/sindarin-compiler/bin/deps/include/git2/status.h
Build (ubuntu-latest)	Run Rust concurrency tests	2026-10-03T10:34:43.8066571Z -- Up-to-date: /home/runner/work/sindarin-compiler/sindarin-compiler/bin/deps/include/git2/mailmap.h
Build (ubuntu-latest)	Run Rust concurrency tests	2026-10-03T10:34:43.8067568Z -- Up-to-date: /home/runner/work/sindarin-compiler/sindarin-compiler/bin/deps/include/git2/reset.h
Build (ubuntu-latest)	Run Rust concurrency tests	2026-10-03T10:34:43.8068611Z -- Up-to-date: /home/runner/work/sindarin-compiler/sindarin-compiler/bin/deps/include/git2/pack.h
Build (ubuntu-latest)	Run Rust concurrency tests	2026-10-03T10:34:43.8069636Z -- Up-to-date: /home/runner/work/sindarin-compiler/sindarin-compiler/bin/deps/include/git2/global.h
Build (ubuntu-latest)	Run Rust concurrency tests	2026-10-03T10:34:43.8070697Z -- Up-to-date: /home/runner/work/sindarin-compiler/sindarin-compiler/bin/deps/include/git2/deprecated.h
Build (ubuntu-latest)	Run Rust concurrency tests	2026-10-03T10:34:43.8071786Z -- Up-to-date: /home/runner/work/sindarin-compiler/sindarin-compiler/bin/deps/include/git2/indexer.h
Build (ubuntu-latest)	Run Rust concurrency tests	2026-10-03T10:34:43.8072742Z -- Up-to-date: /home/runner/work/sindarin-compiler/sindarin-compiler/bin/deps/include/git2/buffer.h
Build (ubuntu-latest)	Run Rust concurrency tests	2026-10-03T10:34:43.8073355Z -- Up-to-date: /home/runner/work/sindarin-compiler/sindarin-compiler/bin/deps/include/git2/errors.h
Build (ubuntu-latest)	Run Rust concurrency tests	2026-10-03T10:34:43.8074241Z -- Up-to-date: /home/runner/work/sindarin-compiler/sindarin-compiler/bin/deps/include/git2/repository.h
Build (ubuntu-latest)	Run Rust concurrency tests	2026-10-03T10:34:43.8074882Z -- Up-to-date: /home/runner/work/sindarin-compiler/sindarin-compiler/bin/deps/include/git2/revwalk.h
Build (ubuntu-latest)	Run Rust concurrency tests	2026-10-03T10:34:43.8075511Z -- Up-to-date: /home/runner/work/sindarin-compiler/sindarin-compiler/bin/deps/include/git2/proxy.h
Build (ubuntu-latest)	Run Rust concurrency tests	2026-10-03T10:34:43.8076131Z -- Up-to-date: /home/runner/work/sindarin-compiler/sindarin-compiler/bin/deps/include/git2/pathspec.h
Build (ubuntu-latest)	Run Rust concurrency tests	2026-10-03T10:34:43.8077019Z -- Up-to-date: /home/runner/work/sindarin-compiler/sindarin-compiler/bin/deps/include/git2/ignore.h
Build (ubuntu-latest)	Run Rust concurrency tests	2026-10-03T10:34:43.8077648Z -- Up-to-date: /home/runner/work/sindarin-compiler/sindarin-compiler/bin/deps/include/git2/credential.h
Build (ubuntu-latest)	Run Rust concurrency tests	2026-10-03T10:34:43.8078259Z -- Up-to-date: /home/runner/work/sindarin-compiler/sindarin-compiler/bin/deps/include/git2/commit.h
Build (ubuntu-latest)	Run Rust concurrency tests	2026-10-03T10:34:43.8078852Z -- Up-to-date: /home/runner/work/sindarin-compiler/sindarin-compiler/bin/deps/include/git2/merge.h
Build (ubuntu-latest)	Run Rust concurrency tests	2026-10-03T10:34:43.8079528Z -- Up-to-date: /home/runner/work/sindarin-compiler/sindarin-compiler/bin/deps/include/git2/stdint.h
Build (ubuntu-latest)	Run Rust concurrency tests	2026-10-03T10:34:43.8080153Z -- Up-to-date: /home/runner/work/sindarin-compiler/sindarin-compiler/bin/deps/include/git2/transaction.h
Build (ubuntu-latest)	Run Rust concurrency tests	2026-10-03T10:34:43.8081028Z -- Up-to-date: /home/runner/work/sindarin-compiler/sindarin-compiler/bin/deps/include/git2/credential_helpers.h
Build (ubuntu-latest)	Run Rust concurrency tests	2026-10-03T10:34:43.8081684Z -- Up-to-date: /home/runner/work/sindarin-compiler/sindarin-compiler/bin/deps/include/git2/refs.h
Build (ubuntu-latest)	Run Rust concurrency tests	2026-10-03T10:34:43.8082283Z -- Up-to-date: /home/runner/work/sindarin-compiler/sindarin-compiler/bin/deps/include/git2/common.h
Build (ubuntu-latest)	Run Rust concurrency tests	2026-10-03T10:34:43.8082881Z -- Up-to-date: /home/runner/work/sindarin-compiler/sindarin-compiler/bin/deps/include/git2/net.h
Build (ubuntu-latest)	Run Rust concurrency tests	2026-10-03T10:34:43.8083484Z -- Up-to-date: /home/runner/work/sindarin-compiler/sindarin-compiler/bin/deps/include/git2/patch.h
Build (ubuntu-latest)	Run Rust concurrency tests	2026-10-03T10:34:43.8084075Z -- Up-to-date: /home/runner/work/sindarin-compiler/sindarin-compiler/bin/deps/include/git2/rebase.h
Build (ubuntu-latest)	Run Rust concurrency tests	2026-10-03T10:34:43.8084674Z -- Up-to-date: /home/runner/work/sindarin-compiler/sindarin-compiler/bin/deps/include/git2/filter.h
Build (ubuntu-latest)	Run Rust concurrency tests	2026-10-03T10:34:43.8085268Z -- Up-to-date: /home/runner/work/sindarin-compiler/sindarin-compiler/bin/deps/include/git2/odb.h
Build (ubuntu-latest)	Run Rust concurrency tests	2026-10-03T10:34:43.8085881Z -- Up-to-date: /home/runner/work/sindarin-compiler/sindarin-compiler/bin/deps/include/git2/apply.h
Build (ubuntu-latest)	Run Rust concurrency tests	2026-10-03T10:34:43.8086674Z -- Up-to-date: /home/runner/work/sindarin-compiler/sindarin-compiler/bin/deps/include/git2/blame.h
Build (ubuntu-latest)	Run Rust concurrency tests	2026-10-03T10:34:43.8087299Z -- Up-to-date: /home/runner/work/sindarin-compiler/sindarin-compiler/bin/deps/include/git2/odb_backend.h
Build (ubuntu-latest)	Run Rust concurrency tests	2026-10-03T10:34:43.8087929Z -- Up-to-date: /home/runner/work/sindarin-compiler/sindarin-compiler/bin/deps/include/git2/version.h
Build (ubuntu-latest)	Run Rust concurrency tests	2026-10-03T10:34:43.8088530Z -- Up-to-date: /home/runner/work/sindarin-compiler/sindarin-compiler/bin/deps/include/git2/tree.h
Build (ubuntu-latest)	Run Rust concurrency tests	2026-10-03T10:34:43.8088966Z --   Copying curl headers...
Build (ubuntu-latest)	Run Rust concurrency tests	2026-10-03T10:34:43.8089364Z -- Up-to-date: /home/runner/work/sindarin-compiler/sindarin-compiler/bin/deps/include/curl
Build (ubuntu-latest)	Run Rust concurrency tests	2026-10-03T10:34:43.8089984Z -- Up-to-date: /home/runner/work/sindarin-compiler/sindarin-compiler/bin/deps/include/curl/websockets.h
Build (ubuntu-latest)	Run Rust concurrency tests	2026-10-03T10:34:43.8090597Z -- Up-to-date: /home/runner/work/sindarin-compiler/sindarin-compiler/bin/deps/include/curl/multi.h
Build (ubuntu-latest)	Run Rust concurrency tests	2026-10-03T10:34:43.8091189Z -- Up-to-date: /home/runner/work/sindarin-compiler/sindarin-compiler/bin/deps/include/curl/header.h
Build (ubuntu-latest)	Run Rust concurrency tests	2026-10-03T10:34:43.8091826Z -- Up-to-date: /home/runner/work/sindarin-compiler/sindarin-compiler/bin/deps/include/curl/easy.h
Build (ubuntu-latest)	Run Rust concurrency tests	2026-10-03T10:34:43.8092449Z -- Up-to-date: /home/runner/work/sindarin-compiler/sindarin-compiler/bin/deps/include/curl/mprintf.h
Build (ubuntu-latest)	Run Rust concurrency tests	2026-10-03T10:34:43.8093067Z -- Up-to-date: /home/runner/work/sindarin-compiler/sindarin-compiler/bin/deps/include/curl/system.h
Build (ubuntu-latest)	Run Rust concurrency tests	2026-10-03T10:34:43.8093702Z -- Up-to-date: /home/runner/work/sindarin-compiler/sindarin-compiler/bin/deps/include/curl/stdcheaders.h
Build (ubuntu-latest)	Run Rust concurrency tests	2026-10-03T10:34:43.8094333Z -- Up-to-date: /home/runner/work/sindarin-compiler/sindarin-compiler/bin/deps/include/curl/urlapi.h
Build (ubuntu-latest)	Run Rust concurrency tests	2026-10-03T10:34:43.8095100Z -- Up-to-date: /home/runner/work/sindarin-compiler/sindarin-compiler/bin/deps/include/curl/curlver.h
Build (ubuntu-latest)	Run Rust concurrency tests	2026-10-03T10:34:43.8095703Z -- Up-to-date: /home/runner/work/sindarin-compiler/sindarin-compiler/bin/deps/include/curl/curl.h
Build (ubuntu-latest)	Run Rust concurrency tests	2026-10-03T10:34:43.8096513Z -- Up-to-date: /home/runner/work/sindarin-compiler/sindarin-compiler/bin/deps/include/curl/typecheck-gcc.h
Build (ubuntu-latest)	Run Rust concurrency tests	2026-10-03T10:34:43.8097159Z -- Up-to-date: /home/runner/work/sindarin-compiler/sindarin-compiler/bin/deps/include/curl/options.h
Build (ubuntu-latest)	Run Rust concurrency tests	2026-10-03T10:34:43.8097852Z --   Copying library: /home/runner/work/sindarin-compiler/sindarin-compiler/.sn/sindarin-pkg-libs/libs/linux/lib/libz.a
Build (ubuntu-latest)	Run Rust concurrency tests	2026-10-03T10:34:43.8098513Z -- Up-to-date: /home/runner/work/sindarin-compiler/sindarin-compiler/bin/deps/lib/libz.a
Build (ubuntu-latest)	Run Rust concurrency tests	2026-10-03T10:34:43.8099187Z --   Copying library: /home/runner/work/sindarin-compiler/sindarin-compiler/.sn/sindarin-pkg-libs/libs/linux/lib/libyyjson.a
Build (ubuntu-latest)	Run Rust concurrency tests	2026-10-03T10:34:43.8099884Z -- Up-to-date: /home/runner/work/sindarin-compiler/sindarin-compiler/bin/deps/lib/libyyjson.a
Build (ubuntu-latest)	Run Rust concurrency tests	2026-10-03T10:34:43.8100556Z --   Copying library: /home/runner/work/sindarin-compiler/sindarin-compiler/.sn/sindarin-pkg-libs/libs/linux/lib/libjson-c.a
Build (ubuntu-latest)	Run Rust concurrency tests	2026-10-03T10:34:43.8101417Z -- Up-to-date: /home/runner/work/sindarin-compiler/sindarin-compiler/bin/deps/lib/libjson-c.a
Build (ubuntu-latest)	Run Rust concurrency tests	2026-10-03T10:34:43.8102142Z --   Copying library: /home/runner/work/sindarin-compiler/sindarin-compiler/.sn/sindarin-pkg-libs/libs/linux/lib/libxml2.a
Build (ubuntu-latest)	Run Rust concurrency tests	2026-10-03T10:34:43.8102826Z -- Up-to-date: /home/runner/work/sindarin-compiler/sindarin-compiler/bin/deps/lib/libxml2.a
Build (ubuntu-latest)	Run Rust concurrency tests	2026-10-03T10:34:43.8103494Z --   Copying library: /home/runner/work/sindarin-compiler/sindarin-compiler/.sn/sindarin-pkg-libs/libs/linux/lib/libyaml.a
Build (ubuntu-latest)	Run Rust concurrency tests	2026-10-03T10:34:43.8104149Z -- Up-to-date: /home/runner/work/sindarin-compiler/sindarin-compiler/bin/deps/lib/libyaml.a
Build (ubuntu-latest)	Run Rust concurrency tests	2026-10-03T10:34:43.8104815Z --   Copying library: /home/runner/work/sindarin-compiler/sindarin-compiler/.sn/sindarin-pkg-libs/libs/linux/lib/libcrypto.a
Build (ubuntu-latest)	Run Rust concurrency tests	2026-10-03T10:34:43.8105503Z -- Up-to-date: /home/runner/work/sindarin-compiler/sindarin-compiler/bin/deps/lib/libcrypto.a
Build (ubuntu-latest)	Run Rust concurrency tests	2026-10-03T10:34:43.8106172Z --   Copying library: /home/runner/work/sindarin-compiler/sindarin-compiler/.sn/sindarin-pkg-libs/libs/linux/lib/libssl.a
Build (ubuntu-latest)	Run Rust concurrency tests	2026-10-03T10:34:43.8107090Z -- Up-to-date: /home/runner/work/sindarin-compiler/sindarin-compiler/bin/deps/lib/libssl.a
Build (ubuntu-latest)	Run Rust concurrency tests	2026-10-03T10:34:43.8107757Z --   Copying library: /home/runner/work/sindarin-compiler/sindarin-compiler/.sn/sindarin-pkg-libs/libs/linux/lib/libssh.a
Build (ubuntu-latest)	Run Rust concurrency tests	2026-10-03T10:34:43.8108418Z -- Up-to-date: /home/runner/work/sindarin-compiler/sindarin-compiler/bin/deps/lib/libssh.a
Build (ubuntu-latest)	Run Rust concurrency tests	2026-10-03T10:34:43.8109066Z --   Copying library: /home/runner/work/sindarin-compiler/sindarin-compiler/.sn/sindarin-pkg-libs/libs/linux/lib/libgit2.a
Build (ubuntu-latest)	Run Rust concurrency tests	2026-10-03T10:34:43.8109728Z -- Up-to-date: /home/runner/work/sindarin-compiler/sindarin-compiler/bin/deps/lib/libgit2.a
Build (ubuntu-latest)	Run Rust concurrency tests	2026-10-03T10:34:43.8110437Z --   Copying library: /home/runner/work/sindarin-compiler/sindarin-compiler/.sn/sindarin-pkg-libs/libs/linux/lib/libhttp_parser.a
Build (ubuntu-latest)	Run Rust concurrency tests	2026-10-03T10:34:43.8111173Z -- Up-to-date: /home/runner/work/sindarin-compiler/sindarin-compiler/bin/deps/lib/libhttp_parser.a
Build (ubuntu-latest)	Run Rust concurrency tests	2026-10-03T10:34:43.8111882Z --   Copying library: /home/runner/work/sindarin-compiler/sindarin-compiler/.sn/sindarin-pkg-libs/libs/linux/lib/libpcre2-8.a
Build (ubuntu-latest)	Run Rust concurrency tests	2026-10-03T10:34:43.8112577Z -- Up-to-date: /home/runner/work/sindarin-compiler/sindarin-compiler/bin/deps/lib/libpcre2-8.a
Build (ubuntu-latest)	Run Rust concurrency tests	2026-10-03T10:34:43.8113246Z --   Copying library: /home/runner/work/sindarin-compiler/sindarin-compiler/.sn/sindarin-pkg-libs/libs/linux/lib/libssh2.a
Build (ubuntu-latest)	Run Rust concurrency tests	2026-10-03T10:34:43.8113891Z -- Up-to-date: /home/runner/work/sindarin-compiler/sindarin-compiler/bin/deps/lib/libssh2.a
Build (ubuntu-latest)	Run Rust concurrency tests	2026-10-03T10:34:43.8114538Z --   Copying library: /home/runner/work/sindarin-compiler/sindarin-compiler/.sn/sindarin-pkg-libs/libs/linux/lib/libcurl.a
Build (ubuntu-latest)	Run Rust concurrency tests	2026-10-03T10:34:43.8115357Z -- Up-to-date: /home/runner/work/sindarin-compiler/sindarin-compiler/bin/deps/lib/libcurl.a
Build (ubuntu-latest)	Run Rust concurrency tests	2026-10-03T10:34:43.8115936Z --   Dependencies copied to: /home/runner/work/sindarin-compiler/sindarin-compiler/bin/deps
Build (ubuntu-latest)	Run Rust concurrency tests	2026-10-03T10:34:43.8116546Z -- Found sindarin-template (handlebars)
Build (ubuntu-latest)	Run Rust concurrency tests	2026-10-03T10:34:43.8116965Z -- Found libcurl - enabling auto-update feature
Build (ubuntu-latest)	Run Rust concurrency tests	2026-10-03T10:34:43.8117316Z -- Found libgit2 and libyaml - enabling package manager
Build (ubuntu-latest)	Run Rust concurrency tests	2026-10-03T10:34:43.8117623Z -- 
Build (ubuntu-latest)	Run Rust concurrency tests	2026-10-03T10:34:43.8117834Z -- Sindarin Compiler Build Configuration:
Build (ubuntu-latest)	Run Rust concurrency tests	2026-10-03T10:34:43.8118111Z --   Version:      1.0.0
Build (ubuntu-latest)	Run Rust concurrency tests	2026-10-03T10:34:43.8118340Z --   Platform:     Linux
Build (ubuntu-latest)	Run Rust concurrency tests	2026-10-03T10:34:43.8118562Z --   Compiler:     GNU 13.3.0
Build (ubuntu-latest)	Run Rust concurrency tests	2026-10-03T10:34:43.8118810Z --   Build Type:   Release
Build (ubuntu-latest)	Run Rust concurrency tests	2026-10-03T10:34:43.8119051Z --   Debug:        OFF
Build (ubuntu-latest)	Run Rust concurrency tests	2026-10-03T10:34:43.8119262Z --   ASAN:         OFF
Build (ubuntu-latest)	Run Rust concurrency tests	2026-10-03T10:34:43.8119573Z --   Output:       /home/runner/work/sindarin-compiler/sindarin-compiler/bin
Build (ubuntu-latest)	Run Rust concurrency tests	2026-10-03T10:34:43.8119931Z -- 
Build (ubuntu-latest)	Run Rust concurrency tests	2026-10-03T10:34:43.8120130Z -- Configuring done (0.0s)
Build (ubuntu-latest)	Run Rust concurrency tests	2026-10-03T10:34:43.8253443Z -- Generating done (0.0s)
Build (ubuntu-latest)	Run Rust concurrency tests	2026-10-03T10:34:43.8257808Z -- Build files have been written to: /home/runner/work/sindarin-compiler/sindarin-compiler/build
Build (ubuntu-latest)	Run Rust concurrency tests	2026-10-03T10:34:43.8278165Z cmake --build build
Build (ubuntu-latest)	Run Rust concurrency tests	2026-10-03T10:34:43.8348178Z [0/2] Re-checking globbed directories...
Build (ubuntu-latest)	Run Rust concurrency tests	2026-10-03T10:34:43.8476555Z [1/3] Synchronizing runtime headers
Build (ubuntu-latest)	Run Rust concurrency tests	2026-10-03T10:34:43.8722559Z [2/3] Staging compiler artifacts in bin
Build (ubuntu-latest)	Run Rust concurrency tests	2026-10-03T10:34:43.8740855Z 
Build (ubuntu-latest)	Run Rust concurrency tests	2026-10-03T10:34:43.8748540Z Build complete!
Build (ubuntu-latest)	Run Rust concurrency tests	2026-10-03T10:34:43.8755323Z Compiler: bin/sn
Build (ubuntu-latest)	Run Rust concurrency tests	2026-10-03T10:34:43.9898714Z Compiler: /home/runner/work/sindarin-compiler/sindarin-compiler/bin/sn
Build (ubuntu-latest)	Run Rust concurrency tests	2026-10-03T10:34:43.9899465Z Platform: Linux
Build (ubuntu-latest)	Run Rust concurrency tests	2026-10-03T10:34:43.9899727Z Parallel: 4 workers
Build (ubuntu-latest)	Run Rust concurrency tests	2026-10-03T10:34:43.9899862Z 
Build (ubuntu-latest)	Run Rust concurrency tests	2026-10-03T10:34:43.9900010Z Rust Concurrency Tests
Build (ubuntu-latest)	Run Rust concurrency tests	2026-10-03T10:34:43.9900333Z ============================================================
Build (ubuntu-latest)	Run Rust concurrency tests	2026-10-03T10:34:43.9900739Z   Running 10 tests with 4 workers...
Build (ubuntu-latest)	Run Rust concurrency tests	2026-10-03T10:34:43.9901048Z 
Build (ubuntu-latest)	Run Rust concurrency tests	2026-10-03T10:34:43.9901203Z                                                             
Build (ubuntu-latest)	Run Rust concurrency tests	2026-10-03T10:34:43.9901734Z   argument_order                                FAIL (Rust code mismatch)  (16ms)
Build (ubuntu-latest)	Run Rust concurrency tests	2026-10-03T10:34:43.9902407Z       line 52:
Build (ubuntu-latest)	Run Rust concurrency tests	2026-10-03T10:34:43.9902744Z         expected: #[cfg(windows)]
Build (ubuntu-latest)	Run Rust concurrency tests	2026-10-03T10:34:43.9903071Z         got:      extern "C" {
Build (ubuntu-latest)	Run Rust concurrency tests	2026-10-03T10:34:43.9903301Z       line 53:
Build (ubuntu-latest)	Run Rust concurrency tests	2026-10-03T10:34:43.9909885Z         expected: fn __sn_write_windows_text<W: std::io::Write>(writer: &mut W, bytes: &[u8]) {
Build (ubuntu-latest)	Run Rust concurrency tests	2026-10-03T10:34:43.9910617Z         got:          #[link_name = "fwrite"]
Build (ubuntu-latest)	Run Rust concurrency tests	2026-10-03T10:34:43.9911034Z       line 54:
Build (ubuntu-latest)	Run Rust concurrency tests	2026-10-03T10:34:43.9911349Z         expected:     let mut start = 0usize;
Build (ubuntu-latest)	Run Rust concurrency tests	2026-10-03T10:34:43.9912116Z         got:          fn __sn_stdio_fwrite(_: *const std::ffi::c_void, _: usize, _: usize, _: *mut std::ffi::c_void) -> usize;
Build (ubuntu-latest)	Run Rust concurrency tests	2026-10-03T10:34:43.9912824Z       line 55:
Build (ubuntu-latest)	Run Rust concurrency tests	2026-10-03T10:34:43.9913229Z         expected:     for (index, byte) in bytes.iter().enumerate() {
Build (ubuntu-latest)	Run Rust concurrency tests	2026-10-03T10:34:43.9913796Z         got:          #[link_name = "fflush"]
Build (ubuntu-latest)	Run Rust concurrency tests	2026-10-03T10:34:43.9914091Z       line 56:
Build (ubuntu-latest)	Run Rust concurrency tests	2026-10-03T10:34:43.9914291Z         expected:         if *byte == b'\n' {
Build (ubuntu-latest)	Run Rust concurrency tests	2026-10-03T10:34:43.9914655Z         got:          fn __sn_stdio_fflush(_: *mut std::ffi::c_void) -> std::ffi::c_int;
Build (ubuntu-latest)	Run Rust concurrency tests	2026-10-03T10:34:43.9915025Z       line 57:
Build (ubuntu-latest)	Run Rust concurrency tests	2026-10-03T10:34:43.9915377Z         expected:             writer.write_all(&bytes[start..index]).expect("failed to write output");
Build (ubuntu-latest)	Run Rust concurrency tests	2026-10-03T10:34:43.9915798Z         got:          #[link_name = "exit"]
Build (ubuntu-latest)	Run Rust concurrency tests	2026-10-03T10:34:43.9916051Z       line 58:
Build (ubuntu-latest)	Run Rust concurrency tests	2026-10-03T10:34:43.9916635Z         expected:             writer.write_all(b"\r\n").expect("failed to write output newline");
Build (ubuntu-latest)	Run Rust concurrency tests	2026-10-03T10:34:43.9917111Z         got:          fn __sn_stdio_c_exit(_: std::ffi::c_int) -> !;
Build (ubuntu-latest)	Run Rust concurrency tests	2026-10-03T10:34:43.9917426Z       line 59:
Build (ubuntu-latest)	Run Rust concurrency tests	2026-10-03T10:34:43.9917721Z         expected:             start = index + 1;
Build (ubuntu-latest)	Run Rust concurrency tests	2026-10-03T10:34:43.9918344Z         got:          #[cfg(windows)]
Build (ubuntu-latest)	Run Rust concurrency tests	2026-10-03T10:34:43.9918607Z       line 60:
Build (ubuntu-latest)	Run Rust concurrency tests	2026-10-03T10:34:43.9918810Z         expected:         }
Build (ubuntu-latest)	Run Rust concurrency tests	2026-10-03T10:34:43.9919069Z         got:          #[link_name = "__acrt_iob_func"]
Build (ubuntu-latest)	Run Rust concurrency tests	2026-10-03T10:34:43.9919347Z       line 61:
Build (ubuntu-latest)	Run Rust concurrency tests	2026-10-03T10:34:43.9919546Z         expected:     }
Build (ubuntu-latest)	Run Rust concurrency tests	2026-10-03T10:34:43.9919841Z         got:          fn __sn_stdio_iob(_: u32) -> *mut std::ffi::c_void;
Build (ubuntu-latest)	Run Rust concurrency tests	2026-10-03T10:34:43.9920262Z   fixed_width_cells                             FAIL (Rust code mismatch)  (23ms)
Build (ubuntu-latest)	Run Rust concurrency tests	2026-10-03T10:34:43.9920628Z       line 54:
Build (ubuntu-latest)	Run Rust concurrency tests	2026-10-03T10:34:43.9920840Z         expected: #[cfg(windows)]
Build (ubuntu-latest)	Run Rust concurrency tests	2026-10-03T10:34:43.9921090Z         got:      extern "C" {
Build (ubuntu-latest)	Run Rust concurrency tests	2026-10-03T10:34:43.9921311Z       line 55:
Build (ubuntu-latest)	Run Rust concurrency tests	2026-10-03T10:34:43.9921657Z         expected: fn __sn_write_windows_text<W: std::io::Write>(writer: &mut W, bytes: &[u8]) {
Build (ubuntu-latest)	Run Rust concurrency tests	2026-10-03T10:34:43.9922089Z         got:          #[link_name = "fwrite"]
Build (ubuntu-latest)	Run Rust concurrency tests	2026-10-03T10:34:43.9922351Z       line 56:
Build (ubuntu-latest)	Run Rust concurrency tests	2026-10-03T10:34:43.9922561Z         expected:     let mut start = 0usize;
Build (ubuntu-latest)	Run Rust concurrency tests	2026-10-03T10:34:43.9923064Z         got:          fn __sn_stdio_fwrite(_: *const std::ffi::c_void, _: usize, _: usize, _: *mut std::ffi::c_void) -> usize;
Build (ubuntu-latest)	Run Rust concurrency tests	2026-10-03T10:34:43.9923532Z       line 57:
Build (ubuntu-latest)	Run Rust concurrency tests	2026-10-03T10:34:43.9923823Z         expected:     for (index, byte) in bytes.iter().enumerate() {
Build (ubuntu-latest)	Run Rust concurrency tests	2026-10-03T10:34:43.9924335Z         got:          #[link_name = "fflush"]
Build (ubuntu-latest)	Run Rust concurrency tests	2026-10-03T10:34:43.9924590Z       line 58:
Build (ubuntu-latest)	Run Rust concurrency tests	2026-10-03T10:34:43.9924796Z         expected:         if *byte == b'\n' {
Build (ubuntu-latest)	Run Rust concurrency tests	2026-10-03T10:34:43.9925169Z         got:          fn __sn_stdio_fflush(_: *mut std::ffi::c_void) -> std::ffi::c_int;
Build (ubuntu-latest)	Run Rust concurrency tests	2026-10-03T10:34:43.9925540Z       line 59:
Build (ubuntu-latest)	Run Rust concurrency tests	2026-10-03T10:34:43.9925896Z         expected:             writer.write_all(&bytes[start..index]).expect("failed to write output");
Build (ubuntu-latest)	Run Rust concurrency tests	2026-10-03T10:34:43.9926933Z         got:          #[link_name = "exit"]
Build (ubuntu-latest)	Run Rust concurrency tests	2026-10-03T10:34:43.9927202Z       line 60:
Build (ubuntu-latest)	Run Rust concurrency tests	2026-10-03T10:34:43.9927539Z         expected:             writer.write_all(b"\r\n").expect("failed to write output newline");
Build (ubuntu-latest)	Run Rust concurrency tests	2026-10-03T10:34:43.9928120Z         got:          fn __sn_stdio_c_exit(_: std::ffi::c_int) -> !;
Build (ubuntu-latest)	Run Rust concurrency tests	2026-10-03T10:34:43.9928548Z       line 61:
Build (ubuntu-latest)	Run Rust concurrency tests	2026-10-03T10:34:43.9928892Z         expected:             start = index + 1;
Build (ubuntu-latest)	Run Rust concurrency tests	2026-10-03T10:34:43.9929495Z         got:          #[cfg(windows)]
Build (ubuntu-latest)	Run Rust concurrency tests	2026-10-03T10:34:43.9942576Z       line 62:
Build (ubuntu-latest)	Run Rust concurrency tests	2026-10-03T10:34:43.9942889Z         expected:         }
Build (ubuntu-latest)	Run Rust concurrency tests	2026-10-03T10:34:43.9943259Z         got:          #[link_name = "__acrt_iob_func"]
Build (ubuntu-latest)	Run Rust concurrency tests	2026-10-03T10:34:43.9943607Z       line 63:
Build (ubuntu-latest)	Run Rust concurrency tests	2026-10-03T10:34:43.9943809Z         expected:     }
Build (ubuntu-latest)	Run Rust concurrency tests	2026-10-03T10:34:43.9944125Z         got:          fn __sn_stdio_iob(_: u32) -> *mut std::ffi::c_void;
Build (ubuntu-latest)	Run Rust concurrency tests	2026-10-03T10:34:43.9944580Z   global_initialization                         FAIL (Rust code mismatch)  (10ms)
Build (ubuntu-latest)	Run Rust concurrency tests	2026-10-03T10:34:43.9944944Z       line 16:
Build (ubuntu-latest)	Run Rust concurrency tests	2026-10-03T10:34:43.9945151Z         expected: #[cfg(windows)]
Build (ubuntu-latest)	Run Rust concurrency tests	2026-10-03T10:34:43.9945415Z         got:      extern "C" {
Build (ubuntu-latest)	Run Rust concurrency tests	2026-10-03T10:34:43.9945668Z       line 17:
Build (ubuntu-latest)	Run Rust concurrency tests	2026-10-03T10:34:43.9946035Z         expected: fn __sn_write_windows_text<W: std::io::Write>(writer: &mut W, bytes: &[u8]) {
Build (ubuntu-latest)	Run Rust concurrency tests	2026-10-03T10:34:43.9946740Z         got:          #[link_name = "fwrite"]
Build (ubuntu-latest)	Run Rust concurrency tests	2026-10-03T10:34:43.9947021Z       line 18:
Build (ubuntu-latest)	Run Rust concurrency tests	2026-10-03T10:34:43.9947238Z         expected:     let mut start = 0usize;
Build (ubuntu-latest)	Run Rust concurrency tests	2026-10-03T10:34:43.9947717Z         got:          fn __sn_stdio_fwrite(_: *const std::ffi::c_void, _: usize, _: usize, _: *mut std::ffi::c_void) -> usize;
Build (ubuntu-latest)	Run Rust concurrency tests	2026-10-03T10:34:43.9948166Z       line 19:
Build (ubuntu-latest)	Run Rust concurrency tests	2026-10-03T10:34:43.9948426Z         expected:     for (index, byte) in bytes.iter().enumerate() {
Build (ubuntu-latest)	Run Rust concurrency tests	2026-10-03T10:34:43.9948911Z         got:          #[link_name = "fflush"]
Build (ubuntu-latest)	Run Rust concurrency tests	2026-10-03T10:34:43.9949272Z       line 20:
Build (ubuntu-latest)	Run Rust concurrency tests	2026-10-03T10:34:43.9949553Z         expected:         if *byte == b'\n' {
Build (ubuntu-latest)	Run Rust concurrency tests	2026-10-03T10:34:43.9950029Z         got:          fn __sn_stdio_fflush(_: *mut std::ffi::c_void) -> std::ffi::c_int;
Build (ubuntu-latest)	Run Rust concurrency tests	2026-10-03T10:34:43.9950585Z       line 21:
Build (ubuntu-latest)	Run Rust concurrency tests	2026-10-03T10:34:43.9951392Z         expected:             writer.write_all(&bytes[start..index]).expect("failed to write output");
Build (ubuntu-latest)	Run Rust concurrency tests	2026-10-03T10:34:43.9952056Z         got:          #[link_name = "exit"]
Build (ubuntu-latest)	Run Rust concurrency tests	2026-10-03T10:34:43.9952439Z       line 22:
Build (ubuntu-latest)	Run Rust concurrency tests	2026-10-03T10:34:43.9952947Z         expected:             writer.write_all(b"\r\n").expect("failed to write output newline");
Build (ubuntu-latest)	Run Rust concurrency tests	2026-10-03T10:34:43.9953661Z         got:          fn __sn_stdio_c_exit(_: std::ffi::c_int) -> !;
Build (ubuntu-latest)	Run Rust concurrency tests	2026-10-03T10:34:43.9954118Z       line 23:
Build (ubuntu-latest)	Run Rust concurrency tests	2026-10-03T10:34:43.9954336Z         expected:             start = index + 1;
Build (ubuntu-latest)	Run Rust concurrency tests	2026-10-03T10:34:43.9954620Z         got:          #[cfg(windows)]
Build (ubuntu-latest)	Run Rust concurrency tests	2026-10-03T10:34:43.9954857Z       line 24:
Build (ubuntu-latest)	Run Rust concurrency tests	2026-10-03T10:34:43.9955045Z         expected:         }
Build (ubuntu-latest)	Run Rust concurrency tests	2026-10-03T10:34:43.9955301Z         got:          #[link_name = "__acrt_iob_func"]
Build (ubuntu-latest)	Run Rust concurrency tests	2026-10-03T10:34:43.9955560Z       line 25:
Build (ubuntu-latest)	Run Rust concurrency tests	2026-10-03T10:34:43.9955751Z         expected:     }
Build (ubuntu-latest)	Run Rust concurrency tests	2026-10-03T10:34:43.9956038Z         got:          fn __sn_stdio_iob(_: u32) -> *mut std::ffi::c_void;
Build (ubuntu-latest)	Run Rust concurrency tests	2026-10-03T10:34:43.9956655Z   global_places                                 FAIL (Rust code mismatch)  (14ms)
Build (ubuntu-latest)	Run Rust concurrency tests	2026-10-03T10:34:43.9956994Z       line 17:
Build (ubuntu-latest)	Run Rust concurrency tests	2026-10-03T10:34:43.9957195Z         expected: #[cfg(windows)]
Build (ubuntu-latest)	Run Rust concurrency tests	2026-10-03T10:34:43.9957444Z         got:      extern "C" {
Build (ubuntu-latest)	Run Rust concurrency tests	2026-10-03T10:34:43.9957847Z       line 18:
Build (ubuntu-latest)	Run Rust concurrency tests	2026-10-03T10:34:43.9958212Z         expected: fn __sn_write_windows_text<W: std::io::Write>(writer: &mut W, bytes: &[u8]) {
Build (ubuntu-latest)	Run Rust concurrency tests	2026-10-03T10:34:43.9958627Z         got:          #[link_name = "fwrite"]
Build (ubuntu-latest)	Run Rust concurrency tests	2026-10-03T10:34:43.9958890Z       line 19:
Build (ubuntu-latest)	Run Rust concurrency tests	2026-10-03T10:34:43.9959096Z         expected:     let mut start = 0usize;
Build (ubuntu-latest)	Run Rust concurrency tests	2026-10-03T10:34:43.9959554Z         got:          fn __sn_stdio_fwrite(_: *const std::ffi::c_void, _: usize, _: usize, _: *mut std::ffi::c_void) -> usize;
Build (ubuntu-latest)	Run Rust concurrency tests	2026-10-03T10:34:43.9959992Z       line 20:
Build (ubuntu-latest)	Run Rust concurrency tests	2026-10-03T10:34:43.9960254Z         expected:     for (index, byte) in bytes.iter().enumerate() {
Build (ubuntu-latest)	Run Rust concurrency tests	2026-10-03T10:34:43.9960599Z         got:          #[link_name = "fflush"]
Build (ubuntu-latest)	Run Rust concurrency tests	2026-10-03T10:34:43.9960887Z       line 21:
Build (ubuntu-latest)	Run Rust concurrency tests	2026-10-03T10:34:43.9961107Z         expected:         if *byte == b'\n' {
Build (ubuntu-latest)	Run Rust concurrency tests	2026-10-03T10:34:43.9961472Z         got:          fn __sn_stdio_fflush(_: *mut std::ffi::c_void) -> std::ffi::c_int;
Build (ubuntu-latest)	Run Rust concurrency tests	2026-10-03T10:34:43.9961827Z       line 22:
Build (ubuntu-latest)	Run Rust concurrency tests	2026-10-03T10:34:43.9962181Z         expected:             writer.write_all(&bytes[start..index]).expect("failed to write output");
Build (ubuntu-latest)	Run Rust concurrency tests	2026-10-03T10:34:43.9962604Z         got:          #[link_name = "exit"]
Build (ubuntu-latest)	Run Rust concurrency tests	2026-10-03T10:34:43.9962856Z       line 23:
Build (ubuntu-latest)	Run Rust concurrency tests	2026-10-03T10:34:43.9963180Z         expected:             writer.write_all(b"\r\n").expect("failed to write output newline");
Build (ubuntu-latest)	Run Rust concurrency tests	2026-10-03T10:34:43.9963632Z         got:          fn __sn_stdio_c_exit(_: std::ffi::c_int) -> !;
Build (ubuntu-latest)	Run Rust concurrency tests	2026-10-03T10:34:43.9963938Z       line 24:
Build (ubuntu-latest)	Run Rust concurrency tests	2026-10-03T10:34:43.9964152Z         expected:             start = index + 1;
Build (ubuntu-latest)	Run Rust concurrency tests	2026-10-03T10:34:43.9964435Z         got:          #[cfg(windows)]
Build (ubuntu-latest)	Run Rust concurrency tests	2026-10-03T10:34:43.9964675Z       line 25:
Build (ubuntu-latest)	Run Rust concurrency tests	2026-10-03T10:34:43.9964872Z         expected:         }
Build (ubuntu-latest)	Run Rust concurrency tests	2026-10-03T10:34:43.9965135Z         got:          #[link_name = "__acrt_iob_func"]
Build (ubuntu-latest)	Run Rust concurrency tests	2026-10-03T10:34:43.9965404Z       line 26:
Build (ubuntu-latest)	Run Rust concurrency tests	2026-10-03T10:34:43.9965601Z         expected:     }
Build (ubuntu-latest)	Run Rust concurrency tests	2026-10-03T10:34:43.9965899Z         got:          fn __sn_stdio_iob(_: u32) -> *mut std::ffi::c_void;
Build (ubuntu-latest)	Run Rust concurrency tests	2026-10-03T10:34:43.9966480Z   hygiene                                       FAIL (Rust code mismatch)  (13ms)
Build (ubuntu-latest)	Run Rust concurrency tests	2026-10-03T10:34:43.9966822Z       line 53:
Build (ubuntu-latest)	Run Rust concurrency tests	2026-10-03T10:34:43.9967031Z         expected: #[cfg(windows)]
Build (ubuntu-latest)	Run Rust concurrency tests	2026-10-03T10:34:43.9967290Z         got:      extern "C" {
Build (ubuntu-latest)	Run Rust concurrency tests	2026-10-03T10:34:43.9967527Z       line 54:
Build (ubuntu-latest)	Run Rust concurrency tests	2026-10-03T10:34:43.9967886Z         expected: fn __sn_write_windows_text<W: std::io::Write>(writer: &mut W, bytes: &[u8]) {
Build (ubuntu-latest)	Run Rust concurrency tests	2026-10-03T10:34:43.9968302Z         got:          #[link_name = "fwrite"]
Build (ubuntu-latest)	Run Rust concurrency tests	2026-10-03T10:34:43.9968559Z       line 55:
Build (ubuntu-latest)	Run Rust concurrency tests	2026-10-03T10:34:43.9968759Z         expected:     let mut start = 0usize;
Build (ubuntu-latest)	Run Rust concurrency tests	2026-10-03T10:34:43.9969220Z         got:          fn __sn_stdio_fwrite(_: *const std::ffi::c_void, _: usize, _: usize, _: *mut std::ffi::c_void) -> usize;
Build (ubuntu-latest)	Run Rust concurrency tests	2026-10-03T10:34:43.9969824Z       line 56:
Build (ubuntu-latest)	Run Rust concurrency tests	2026-10-03T10:34:43.9970103Z         expected:     for (index, byte) in bytes.iter().enumerate() {
Build (ubuntu-latest)	Run Rust concurrency tests	2026-10-03T10:34:43.9970444Z         got:          #[link_name = "fflush"]
Build (ubuntu-latest)	Run Rust concurrency tests	2026-10-03T10:34:43.9970706Z       line 57:
Build (ubuntu-latest)	Run Rust concurrency tests	2026-10-03T10:34:43.9970904Z         expected:         if *byte == b'\n' {
Build (ubuntu-latest)	Run Rust concurrency tests	2026-10-03T10:34:43.9971266Z         got:          fn __sn_stdio_fflush(_: *mut std::ffi::c_void) -> std::ffi::c_int;
Build (ubuntu-latest)	Run Rust concurrency tests	2026-10-03T10:34:43.9971615Z       line 58:
Build (ubuntu-latest)	Run Rust concurrency tests	2026-10-03T10:34:43.9971959Z         expected:             writer.write_all(&bytes[start..index]).expect("failed to write output");
Build (ubuntu-latest)	Run Rust concurrency tests	2026-10-03T10:34:43.9972380Z         got:          #[link_name = "exit"]
Build (ubuntu-latest)	Run Rust concurrency tests	2026-10-03T10:34:43.9972650Z       line 59:
Build (ubuntu-latest)	Run Rust concurrency tests	2026-10-03T10:34:43.9972982Z         expected:             writer.write_all(b"\r\n").expect("failed to write output newline");
Build (ubuntu-latest)	Run Rust concurrency tests	2026-10-03T10:34:43.9973446Z         got:          fn __sn_stdio_c_exit(_: std::ffi::c_int) -> !;
Build (ubuntu-latest)	Run Rust concurrency tests	2026-10-03T10:34:43.9973762Z       line 60:
Build (ubuntu-latest)	Run Rust concurrency tests	2026-10-03T10:34:43.9973986Z         expected:             start = index + 1;
Build (ubuntu-latest)	Run Rust concurrency tests	2026-10-03T10:34:43.9974274Z         got:          #[cfg(windows)]
Build (ubuntu-latest)	Run Rust concurrency tests	2026-10-03T10:34:43.9974524Z       line 61:
Build (ubuntu-latest)	Run Rust concurrency tests	2026-10-03T10:34:43.9974863Z         expected:         }
Build (ubuntu-latest)	Run Rust concurrency tests	2026-10-03T10:34:43.9975133Z         got:          #[link_name = "__acrt_iob_func"]
Build (ubuntu-latest)	Run Rust concurrency tests	2026-10-03T10:34:43.9975406Z       line 62:
Build (ubuntu-latest)	Run Rust concurrency tests	2026-10-03T10:34:43.9975608Z         expected:     }
Build (ubuntu-latest)	Run Rust concurrency tests	2026-10-03T10:34:43.9975896Z         got:          fn __sn_stdio_iob(_: u32) -> *mut std::ffi::c_void;
Build (ubuntu-latest)	Run Rust concurrency tests	2026-10-03T10:34:43.9976521Z   join_visibility                               FAIL (Rust code mismatch)  (13ms)
Build (ubuntu-latest)	Run Rust concurrency tests	2026-10-03T10:34:43.9976920Z       line 53:
Build (ubuntu-latest)	Run Rust concurrency tests	2026-10-03T10:34:43.9977129Z         expected: #[cfg(windows)]
Build (ubuntu-latest)	Run Rust concurrency tests	2026-10-03T10:34:43.9977381Z         got:      extern "C" {
Build (ubuntu-latest)	Run Rust concurrency tests	2026-10-03T10:34:43.9977613Z       line 54:
Build (ubuntu-latest)	Run Rust concurrency tests	2026-10-03T10:34:43.9977989Z         expected: fn __sn_write_windows_text<W: std::io::Write>(writer: &mut W, bytes: &[u8]) {
Build (ubuntu-latest)	Run Rust concurrency tests	2026-10-03T10:34:43.9978449Z         got:          #[link_name = "fwrite"]
Build (ubuntu-latest)	Run Rust concurrency tests	2026-10-03T10:34:43.9978712Z       line 55:
Build (ubuntu-latest)	Run Rust concurrency tests	2026-10-03T10:34:43.9978944Z         expected:     let mut start = 0usize;
Build (ubuntu-latest)	Run Rust concurrency tests	2026-10-03T10:34:43.9979417Z         got:          fn __sn_stdio_fwrite(_: *const std::ffi::c_void, _: usize, _: usize, _: *mut std::ffi::c_void) -> usize;
Build (ubuntu-latest)	Run Rust concurrency tests	2026-10-03T10:34:43.9979874Z       line 56:
Build (ubuntu-latest)	Run Rust concurrency tests	2026-10-03T10:34:43.9980135Z         expected:     for (index, byte) in bytes.iter().enumerate() {
Build (ubuntu-latest)	Run Rust concurrency tests	2026-10-03T10:34:43.9980471Z         got:          #[link_name = "fflush"]
Build (ubuntu-latest)	Run Rust concurrency tests	2026-10-03T10:34:43.9980717Z       line 57:
Build (ubuntu-latest)	Run Rust concurrency tests	2026-10-03T10:34:43.9980917Z         expected:         if *byte == b'\n' {
Build (ubuntu-latest)	Run Rust concurrency tests	2026-10-03T10:34:43.9981268Z         got:          fn __sn_stdio_fflush(_: *mut std::ffi::c_void) -> std::ffi::c_int;
Build (ubuntu-latest)	Run Rust concurrency tests	2026-10-03T10:34:43.9981630Z       line 58:
Build (ubuntu-latest)	Run Rust concurrency tests	2026-10-03T10:34:43.9981974Z         expected:             writer.write_all(&bytes[start..index]).expect("failed to write output");
Build (ubuntu-latest)	Run Rust concurrency tests	2026-10-03T10:34:43.9982399Z         got:          #[link_name = "exit"]
Build (ubuntu-latest)	Run Rust concurrency tests	2026-10-03T10:34:43.9982650Z       line 59:
Build (ubuntu-latest)	Run Rust concurrency tests	2026-10-03T10:34:43.9982973Z         expected:             writer.write_all(b"\r\n").expect("failed to write output newline");
Build (ubuntu-latest)	Run Rust concurrency tests	2026-10-03T10:34:43.9983443Z         got:          fn __sn_stdio_c_exit(_: std::ffi::c_int) -> !;
Build (ubuntu-latest)	Run Rust concurrency tests	2026-10-03T10:34:43.9983759Z       line 60:
Build (ubuntu-latest)	Run Rust concurrency tests	2026-10-03T10:34:43.9983967Z         expected:             start = index + 1;
Build (ubuntu-latest)	Run Rust concurrency tests	2026-10-03T10:34:43.9984251Z         got:          #[cfg(windows)]
Build (ubuntu-latest)	Run Rust concurrency tests	2026-10-03T10:34:43.9984488Z       line 61:
Build (ubuntu-latest)	Run Rust concurrency tests	2026-10-03T10:34:43.9984680Z         expected:         }
Build (ubuntu-latest)	Run Rust concurrency tests	2026-10-03T10:34:43.9984934Z         got:          #[link_name = "__acrt_iob_func"]
Build (ubuntu-latest)	Run Rust concurrency tests	2026-10-03T10:34:43.9985217Z       line 62:
Build (ubuntu-latest)	Run Rust concurrency tests	2026-10-03T10:34:43.9985408Z         expected:     }
Build (ubuntu-latest)	Run Rust concurrency tests	2026-10-03T10:34:43.9985691Z         got:          fn __sn_stdio_iob(_: u32) -> *mut std::ffi::c_void;
Build (ubuntu-latest)	Run Rust concurrency tests	2026-10-03T10:34:43.9986107Z   lock_return                                   FAIL (Rust code mismatch)  (18ms)
Build (ubuntu-latest)	Run Rust concurrency tests	2026-10-03T10:34:43.9986890Z       line 16:
Build (ubuntu-latest)	Run Rust concurrency tests	2026-10-03T10:34:43.9987110Z         expected: #[cfg(windows)]
Build (ubuntu-latest)	Run Rust concurrency tests	2026-10-03T10:34:43.9987361Z         got:      extern "C" {
Build (ubuntu-latest)	Run Rust concurrency tests	2026-10-03T10:34:43.9987590Z       line 17:
Build (ubuntu-latest)	Run Rust concurrency tests	2026-10-03T10:34:43.9987944Z         expected: fn __sn_write_windows_text<W: std::io::Write>(writer: &mut W, bytes: &[u8]) {
Build (ubuntu-latest)	Run Rust concurrency tests	2026-10-03T10:34:43.9988375Z         got:          #[link_name = "fwrite"]
Build (ubuntu-latest)	Run Rust concurrency tests	2026-10-03T10:34:43.9988632Z       line 18:
Build (ubuntu-latest)	Run Rust concurrency tests	2026-10-03T10:34:43.9988844Z         expected:     let mut start = 0usize;
Build (ubuntu-latest)	Run Rust concurrency tests	2026-10-03T10:34:43.9989311Z         got:          fn __sn_stdio_fwrite(_: *const std::ffi::c_void, _: usize, _: usize, _: *mut std::ffi::c_void) -> usize;
Build (ubuntu-latest)	Run Rust concurrency tests	2026-10-03T10:34:43.9989752Z       line 19:
Build (ubuntu-latest)	Run Rust concurrency tests	2026-10-03T10:34:43.9990017Z         expected:     for (index, byte) in bytes.iter().enumerate() {
Build (ubuntu-latest)	Run Rust concurrency tests	2026-10-03T10:34:43.9990352Z         got:          #[link_name = "fflush"]
Build (ubuntu-latest)	Run Rust concurrency tests	2026-10-03T10:34:43.9990602Z       line 20:
Build (ubuntu-latest)	Run Rust concurrency tests	2026-10-03T10:34:43.9990805Z         expected:         if *byte == b'\n' {
Build (ubuntu-latest)	Run Rust concurrency tests	2026-10-03T10:34:43.9991158Z         got:          fn __sn_stdio_fflush(_: *mut std::ffi::c_void) -> std::ffi::c_int;
Build (ubuntu-latest)	Run Rust concurrency tests	2026-10-03T10:34:43.9991512Z       line 21:
Build (ubuntu-latest)	Run Rust concurrency tests	2026-10-03T10:34:43.9991855Z         expected:             writer.write_all(&bytes[start..index]).expect("failed to write output");
Build (ubuntu-latest)	Run Rust concurrency tests	2026-10-03T10:34:43.9992426Z         got:          #[link_name = "exit"]
Build (ubuntu-latest)	Run Rust concurrency tests	2026-10-03T10:34:43.9992692Z       line 22:
Build (ubuntu-latest)	Run Rust concurrency tests	2026-10-03T10:34:43.9993028Z         expected:             writer.write_all(b"\r\n").expect("failed to write output newline");
Build (ubuntu-latest)	Run Rust concurrency tests	2026-10-03T10:34:43.9993478Z         got:          fn __sn_stdio_c_exit(_: std::ffi::c_int) -> !;
Build (ubuntu-latest)	Run Rust concurrency tests	2026-10-03T10:34:43.9993776Z       line 23:
Build (ubuntu-latest)	Run Rust concurrency tests	2026-10-03T10:34:43.9993984Z         expected:             start = index + 1;
Build (ubuntu-latest)	Run Rust concurrency tests	2026-10-03T10:34:43.9994274Z         got:          #[cfg(windows)]
Build (ubuntu-latest)	Run Rust concurrency tests	2026-10-03T10:34:43.9994514Z       line 24:
Build (ubuntu-latest)	Run Rust concurrency tests	2026-10-03T10:34:43.9994713Z         expected:         }
Build (ubuntu-latest)	Run Rust concurrency tests	2026-10-03T10:34:43.9994983Z         got:          #[link_name = "__acrt_iob_func"]
Build (ubuntu-latest)	Run Rust concurrency tests	2026-10-03T10:34:43.9995261Z       line 25:
Build (ubuntu-latest)	Run Rust concurrency tests	2026-10-03T10:34:43.9995463Z         expected:     }
Build (ubuntu-latest)	Run Rust concurrency tests	2026-10-03T10:34:43.9995744Z         got:          fn __sn_stdio_iob(_: u32) -> *mut std::ffi::c_void;
Build (ubuntu-latest)	Run Rust concurrency tests	2026-10-03T10:34:43.9996152Z   owned_arguments                               FAIL (Rust code mismatch)  (13ms)
Build (ubuntu-latest)	Run Rust concurrency tests	2026-10-03T10:34:43.9996824Z       line 40:
Build (ubuntu-latest)	Run Rust concurrency tests	2026-10-03T10:34:43.9997034Z         expected: #[cfg(windows)]
Build (ubuntu-latest)	Run Rust concurrency tests	2026-10-03T10:34:43.9997288Z         got:      extern "C" {
Build (ubuntu-latest)	Run Rust concurrency tests	2026-10-03T10:34:43.9997516Z       line 41:
Build (ubuntu-latest)	Run Rust concurrency tests	2026-10-03T10:34:43.9997867Z         expected: fn __sn_write_windows_text<W: std::io::Write>(writer: &mut W, bytes: &[u8]) {
Build (ubuntu-latest)	Run Rust concurrency tests	2026-10-03T10:34:43.9998286Z         got:          #[link_name = "fwrite"]
Build (ubuntu-latest)	Run Rust concurrency tests	2026-10-03T10:34:43.9998534Z       line 42:
Build (ubuntu-latest)	Run Rust concurrency tests	2026-10-03T10:34:43.9998732Z         expected:     let mut start = 0usize;
Build (ubuntu-latest)	Run Rust concurrency tests	2026-10-03T10:34:43.9999183Z         got:          fn __sn_stdio_fwrite(_: *const std::ffi::c_void, _: usize, _: usize, _: *mut std::ffi::c_void) -> usize;
Build (ubuntu-latest)	Run Rust concurrency tests	2026-10-03T10:34:43.9999625Z       line 43:
Build (ubuntu-latest)	Run Rust concurrency tests	2026-10-03T10:34:43.9999890Z         expected:     for (index, byte) in bytes.iter().enumerate() {
Build (ubuntu-latest)	Run Rust concurrency tests	2026-10-03T10:34:44.0000221Z         got:          #[link_name = "fflush"]
Build (ubuntu-latest)	Run Rust concurrency tests	2026-10-03T10:34:44.0000465Z       line 44:
Build (ubuntu-latest)	Run Rust concurrency tests	2026-10-03T10:34:44.0000660Z         expected:         if *byte == b'\n' {
Build (ubuntu-latest)	Run Rust concurrency tests	2026-10-03T10:34:44.0001020Z         got:          fn __sn_stdio_fflush(_: *mut std::ffi::c_void) -> std::ffi::c_int;
Build (ubuntu-latest)	Run Rust concurrency tests	2026-10-03T10:34:44.0001365Z       line 45:
Build (ubuntu-latest)	Run Rust concurrency tests	2026-10-03T10:34:44.0001705Z         expected:             writer.write_all(&bytes[start..index]).expect("failed to write output");
Build (ubuntu-latest)	Run Rust concurrency tests	2026-10-03T10:34:44.0002124Z         got:          #[link_name = "exit"]
Build (ubuntu-latest)	Run Rust concurrency tests	2026-10-03T10:34:44.0002375Z       line 46:
Build (ubuntu-latest)	Run Rust concurrency tests	2026-10-03T10:34:44.0002694Z         expected:             writer.write_all(b"\r\n").expect("failed to write output newline");
Build (ubuntu-latest)	Run Rust concurrency tests	2026-10-03T10:34:44.0003134Z         got:          fn __sn_stdio_c_exit(_: std::ffi::c_int) -> !;
Build (ubuntu-latest)	Run Rust concurrency tests	2026-10-03T10:34:44.0003426Z       line 47:
Build (ubuntu-latest)	Run Rust concurrency tests	2026-10-03T10:34:44.0003633Z         expected:             start = index + 1;
Build (ubuntu-latest)	Run Rust concurrency tests	2026-10-03T10:34:44.0004078Z         got:          #[cfg(windows)]
Build (ubuntu-latest)	Run Rust concurrency tests	2026-10-03T10:34:44.0004312Z       line 48:
Build (ubuntu-latest)	Run Rust concurrency tests	2026-10-03T10:34:44.0004506Z         expected:         }
Build (ubuntu-latest)	Run Rust concurrency tests	2026-10-03T10:34:44.0004762Z         got:          #[link_name = "__acrt_iob_func"]
Build (ubuntu-latest)	Run Rust concurrency tests	2026-10-03T10:34:44.0005042Z       line 49:
Build (ubuntu-latest)	Run Rust concurrency tests	2026-10-03T10:34:44.0005229Z         expected:     }
Build (ubuntu-latest)	Run Rust concurrency tests	2026-10-03T10:34:44.0005503Z         got:          fn __sn_stdio_iob(_: u32) -> *mut std::ffi::c_void;
Build (ubuntu-latest)	Run Rust concurrency tests	2026-10-03T10:34:44.0005888Z   scope_join                                    FAIL (Rust code mismatch)  (11ms)
Build (ubuntu-latest)	Run Rust concurrency tests	2026-10-03T10:34:44.0006208Z       line 52:
Build (ubuntu-latest)	Run Rust concurrency tests	2026-10-03T10:34:44.0006611Z         expected: #[cfg(windows)]
Build (ubuntu-latest)	Run Rust concurrency tests	2026-10-03T10:34:44.0006865Z         got:      extern "C" {
Build (ubuntu-latest)	Run Rust concurrency tests	2026-10-03T10:34:44.0007107Z       line 53:
Build (ubuntu-latest)	Run Rust concurrency tests	2026-10-03T10:34:44.0007456Z         expected: fn __sn_write_windows_text<W: std::io::Write>(writer: &mut W, bytes: &[u8]) {
Build (ubuntu-latest)	Run Rust concurrency tests	2026-10-03T10:34:44.0007863Z         got:          #[link_name = "fwrite"]
Build (ubuntu-latest)	Run Rust concurrency tests	2026-10-03T10:34:44.0008116Z       line 54:
Build (ubuntu-latest)	Run Rust concurrency tests	2026-10-03T10:34:44.0008329Z         expected:     let mut start = 0usize;
Build (ubuntu-latest)	Run Rust concurrency tests	2026-10-03T10:34:44.0008778Z         got:          fn __sn_stdio_fwrite(_: *const std::ffi::c_void, _: usize, _: usize, _: *mut std::ffi::c_void) -> usize;
Build (ubuntu-latest)	Run Rust concurrency tests	2026-10-03T10:34:44.0009213Z       line 55:
Build (ubuntu-latest)	Run Rust concurrency tests	2026-10-03T10:34:44.0009616Z         expected:     for (index, byte) in bytes.iter().enumerate() {
Build (ubuntu-latest)	Run Rust concurrency tests	2026-10-03T10:34:44.0009956Z         got:          #[link_name = "fflush"]
Build (ubuntu-latest)	Run Rust concurrency tests	2026-10-03T10:34:44.0010204Z       line 56:
Build (ubuntu-latest)	Run Rust concurrency tests	2026-10-03T10:34:44.0010412Z         expected:         if *byte == b'\n' {
Build (ubuntu-latest)	Run Rust concurrency tests	2026-10-03T10:34:44.0010775Z         got:          fn __sn_stdio_fflush(_: *mut std::ffi::c_void) -> std::ffi::c_int;
Build (ubuntu-latest)	Run Rust concurrency tests	2026-10-03T10:34:44.0011122Z       line 57:
Build (ubuntu-latest)	Run Rust concurrency tests	2026-10-03T10:34:44.0011480Z         expected:             writer.write_all(&bytes[start..index]).expect("failed to write output");
Build (ubuntu-latest)	Run Rust concurrency tests	2026-10-03T10:34:44.0011905Z         got:          #[link_name = "exit"]
Build (ubuntu-latest)	Run Rust concurrency tests	2026-10-03T10:34:44.0012158Z       line 58:
Build (ubuntu-latest)	Run Rust concurrency tests	2026-10-03T10:34:44.0012487Z         expected:             writer.write_all(b"\r\n").expect("failed to write output newline");
Build (ubuntu-latest)	Run Rust concurrency tests	2026-10-03T10:34:44.0012944Z         got:          fn __sn_stdio_c_exit(_: std::ffi::c_int) -> !;
Build (ubuntu-latest)	Run Rust concurrency tests	2026-10-03T10:34:44.0013239Z       line 59:
Build (ubuntu-latest)	Run Rust concurrency tests	2026-10-03T10:34:44.0013452Z         expected:             start = index + 1;
Build (ubuntu-latest)	Run Rust concurrency tests	2026-10-03T10:34:44.0013733Z         got:          #[cfg(windows)]
Build (ubuntu-latest)	Run Rust concurrency tests	2026-10-03T10:34:44.0014029Z       line 60:
Build (ubuntu-latest)	Run Rust concurrency tests	2026-10-03T10:34:44.0014235Z         expected:         }
Build (ubuntu-latest)	Run Rust concurrency tests	2026-10-03T10:34:44.0014490Z         got:          #[link_name = "__acrt_iob_func"]
Build (ubuntu-latest)	Run Rust concurrency tests	2026-10-03T10:34:44.0014764Z       line 61:
Build (ubuntu-latest)	Run Rust concurrency tests	2026-10-03T10:34:44.0014950Z         expected:     }
Build (ubuntu-latest)	Run Rust concurrency tests	2026-10-03T10:34:44.0015246Z         got:          fn __sn_stdio_iob(_: u32) -> *mut std::ffi::c_void;
Build (ubuntu-latest)	Run Rust concurrency tests	2026-10-03T10:34:44.0015650Z   sync_guard_reentry                            FAIL (Rust code mismatch)  (14ms)
Build (ubuntu-latest)	Run Rust concurrency tests	2026-10-03T10:34:44.0016021Z       line 53:
Build (ubuntu-latest)	Run Rust concurrency tests	2026-10-03T10:34:44.0016224Z         expected: #[cfg(windows)]
Build (ubuntu-latest)	Run Rust concurrency tests	2026-10-03T10:34:44.0016596Z         got:      extern "C" {
Build (ubuntu-latest)	Run Rust concurrency tests	2026-10-03T10:34:44.0016828Z       line 54:
Build (ubuntu-latest)	Run Rust concurrency tests	2026-10-03T10:34:44.0017165Z         expected: fn __sn_write_windows_text<W: std::io::Write>(writer: &mut W, bytes: &[u8]) {
Build (ubuntu-latest)	Run Rust concurrency tests	2026-10-03T10:34:44.0017571Z         got:          #[link_name = "fwrite"]
Build (ubuntu-latest)	Run Rust concurrency tests	2026-10-03T10:34:44.0017825Z       line 55:
Build (ubuntu-latest)	Run Rust concurrency tests	2026-10-03T10:34:44.0018033Z         expected:     let mut start = 0usize;
Build (ubuntu-latest)	Run Rust concurrency tests	2026-10-03T10:34:44.0018479Z         got:          fn __sn_stdio_fwrite(_: *const std::ffi::c_void, _: usize, _: usize, _: *mut std::ffi::c_void) -> usize;
Build (ubuntu-latest)	Run Rust concurrency tests	2026-10-03T10:34:44.0018926Z       line 56:
Build (ubuntu-latest)	Run Rust concurrency tests	2026-10-03T10:34:44.0019182Z         expected:     for (index, byte) in bytes.iter().enumerate() {
Build (ubuntu-latest)	Run Rust concurrency tests	2026-10-03T10:34:44.0019512Z         got:          #[link_name = "fflush"]
Build (ubuntu-latest)	Run Rust concurrency tests	2026-10-03T10:34:44.0019759Z       line 57:
Build (ubuntu-latest)	Run Rust concurrency tests	2026-10-03T10:34:44.0019956Z         expected:         if *byte == b'\n' {
Build (ubuntu-latest)	Run Rust concurrency tests	2026-10-03T10:34:44.0020304Z         got:          fn __sn_stdio_fflush(_: *mut std::ffi::c_void) -> std::ffi::c_int;
Build (ubuntu-latest)	Run Rust concurrency tests	2026-10-03T10:34:44.0020651Z       line 58:
Build (ubuntu-latest)	Run Rust concurrency tests	2026-10-03T10:34:44.0021140Z         expected:             writer.write_all(&bytes[start..index]).expect("failed to write output");
Build (ubuntu-latest)	Run Rust concurrency tests	2026-10-03T10:34:44.0021559Z         got:          #[link_name = "exit"]
Build (ubuntu-latest)	Run Rust concurrency tests	2026-10-03T10:34:44.0021823Z       line 59:
Build (ubuntu-latest)	Run Rust concurrency tests	2026-10-03T10:34:44.0022143Z         expected:             writer.write_all(b"\r\n").expect("failed to write output newline");
Build (ubuntu-latest)	Run Rust concurrency tests	2026-10-03T10:34:44.0022591Z         got:          fn __sn_stdio_c_exit(_: std::ffi::c_int) -> !;
Build (ubuntu-latest)	Run Rust concurrency tests	2026-10-03T10:34:44.0022887Z       line 60:
Build (ubuntu-latest)	Run Rust concurrency tests	2026-10-03T10:34:44.0023095Z         expected:             start = index + 1;
Build (ubuntu-latest)	Run Rust concurrency tests	2026-10-03T10:34:44.0023368Z         got:          #[cfg(windows)]
Build (ubuntu-latest)	Run Rust concurrency tests	2026-10-03T10:34:44.0023604Z       line 61:
Build (ubuntu-latest)	Run Rust concurrency tests	2026-10-03T10:34:44.0023793Z         expected:         }
Build (ubuntu-latest)	Run Rust concurrency tests	2026-10-03T10:34:44.0024040Z         got:          #[link_name = "__acrt_iob_func"]
Build (ubuntu-latest)	Run Rust concurrency tests	2026-10-03T10:34:44.0024308Z       line 62:
Build (ubuntu-latest)	Run Rust concurrency tests	2026-10-03T10:34:44.0024502Z         expected:     }
Build (ubuntu-latest)	Run Rust concurrency tests	2026-10-03T10:34:44.0024779Z         got:          fn __sn_stdio_iob(_: u32) -> *mut std::ffi::c_void;
Build (ubuntu-latest)	Run Rust concurrency tests	2026-10-03T10:34:44.0025008Z 
Build (ubuntu-latest)	Run Rust concurrency tests	2026-10-03T10:34:44.0025146Z ------------------------------------------------------------
Build (ubuntu-latest)	Run Rust concurrency tests	2026-10-03T10:34:44.0025482Z Results: 0 passed, 10 failed, 0 skipped  (44ms)
Build (ubuntu-latest)	Run Rust concurrency tests	2026-10-03T10:34:44.0025691Z 
Build (ubuntu-latest)	Run Rust concurrency tests	2026-10-03T10:34:44.0025916Z Some tests failed!  (total: 44ms)
Build (ubuntu-latest)	Run Rust concurrency tests	2026-10-03T10:34:44.0039777Z make: *** [Makefile:220: test-rust-concurrency] Error 1
Build (ubuntu-latest)	Run Rust concurrency tests	2026-10-03T10:34:44.0057209Z ##[error]Process completed with exit code 2.
Build (macos-latest)	Run Rust concurrency tests	﻿2026-10-03T10:36:03.5910910Z ##[group]Run make test-rust-concurrency
Build (macos-latest)	Run Rust concurrency tests	2026-10-03T10:36:03.5911230Z [36;1mmake test-rust-concurrency[0m
Build (macos-latest)	Run Rust concurrency tests	2026-10-03T10:36:03.5950160Z shell: /bin/bash --noprofile --norc -e -o pipefail {0}
Build (macos-latest)	Run Rust concurrency tests	2026-10-03T10:36:03.5950390Z env:
Build (macos-latest)	Run Rust concurrency tests	2026-10-03T10:36:03.5950510Z   VCPKG_ROOT: /Users/runner/vcpkg
Build (macos-latest)	Run Rust concurrency tests	2026-10-03T10:36:03.5950680Z ##[endgroup]
Build (macos-latest)	Run Rust concurrency tests	2026-10-03T10:36:03.6474460Z Building Sindarin compiler...
Build (macos-latest)	Run Rust concurrency tests	2026-10-03T10:36:03.6500290Z Platform: darwin
Build (macos-latest)	Run Rust concurrency tests	2026-10-03T10:36:03.6526630Z Generator: Ninja
Build (macos-latest)	Run Rust concurrency tests	2026-10-03T10:36:03.6527760Z cmake -S . -B build -G "Ninja" \
Build (macos-latest)	Run Rust concurrency tests	2026-10-03T10:36:03.6528010Z 		-DCMAKE_BUILD_TYPE=Release \
Build (macos-latest)	Run Rust concurrency tests	2026-10-03T10:36:03.6528220Z 		-DCMAKE_C_COMPILER=clang
Build (macos-latest)	Run Rust concurrency tests	2026-10-03T10:36:03.7075710Z -- Up-to-date: /Users/runner/work/sindarin-compiler/sindarin-compiler/bin/sn.linux.cfg
Build (macos-latest)	Run Rust concurrency tests	2026-10-03T10:36:03.7076530Z -- Up-to-date: /Users/runner/work/sindarin-compiler/sindarin-compiler/bin/sn.darwin.cfg
Build (macos-latest)	Run Rust concurrency tests	2026-10-03T10:36:03.7077310Z -- Up-to-date: /Users/runner/work/sindarin-compiler/sindarin-compiler/bin/sn.windows.cfg
Build (macos-latest)	Run Rust concurrency tests	2026-10-03T10:36:03.7084940Z -- Installing: /Users/runner/work/sindarin-compiler/sindarin-compiler/bin/include/runtime/sn_arith.h
Build (macos-latest)	Run Rust concurrency tests	2026-10-03T10:36:03.7086890Z -- Installing: /Users/runner/work/sindarin-compiler/sindarin-compiler/bin/include/runtime/sn_array.h
Build (macos-latest)	Run Rust concurrency tests	2026-10-03T10:36:03.7089400Z -- Installing: /Users/runner/work/sindarin-compiler/sindarin-compiler/bin/include/runtime/sn_byte.h
Build (macos-latest)	Run Rust concurrency tests	2026-10-03T10:36:03.7090110Z -- Installing: /Users/runner/work/sindarin-compiler/sindarin-compiler/bin/include/runtime/sn_conv.h
Build (macos-latest)	Run Rust concurrency tests	2026-10-03T10:36:03.7092130Z -- Installing: /Users/runner/work/sindarin-compiler/sindarin-compiler/bin/include/runtime/sn_core.h
Build (macos-latest)	Run Rust concurrency tests	2026-10-03T10:36:03.7093670Z -- Installing: /Users/runner/work/sindarin-compiler/sindarin-compiler/bin/include/runtime/sn_minimal.h
Build (macos-latest)	Run Rust concurrency tests	2026-10-03T10:36:03.7094870Z -- Installing: /Users/runner/work/sindarin-compiler/sindarin-compiler/bin/include/runtime/sn_reflect.h
Build (macos-latest)	Run Rust concurrency tests	2026-10-03T10:36:03.7096790Z -- Installing: /Users/runner/work/sindarin-compiler/sindarin-compiler/bin/include/runtime/sn_serial.h
Build (macos-latest)	Run Rust concurrency tests	2026-10-03T10:36:03.7097900Z -- Installing: /Users/runner/work/sindarin-compiler/sindarin-compiler/bin/include/runtime/sn_string.h
Build (macos-latest)	Run Rust concurrency tests	2026-10-03T10:36:03.7099440Z -- Installing: /Users/runner/work/sindarin-compiler/sindarin-compiler/bin/include/runtime/sn_thread.h
Build (macos-latest)	Run Rust concurrency tests	2026-10-03T10:36:03.7101400Z -- Installing: /Users/runner/work/sindarin-compiler/sindarin-compiler/bin/include/minimal/sn_arith.h
Build (macos-latest)	Run Rust concurrency tests	2026-10-03T10:36:03.7102970Z -- Installing: /Users/runner/work/sindarin-compiler/sindarin-compiler/bin/include/minimal/sn_array.h
Build (macos-latest)	Run Rust concurrency tests	2026-10-03T10:36:03.7104510Z -- Installing: /Users/runner/work/sindarin-compiler/sindarin-compiler/bin/include/minimal/sn_byte.h
Build (macos-latest)	Run Rust concurrency tests	2026-10-03T10:36:03.7106320Z -- Installing: /Users/runner/work/sindarin-compiler/sindarin-compiler/bin/include/minimal/sn_conv.h
Build (macos-latest)	Run Rust concurrency tests	2026-10-03T10:36:03.7107780Z -- Installing: /Users/runner/work/sindarin-compiler/sindarin-compiler/bin/include/minimal/sn_core.h
Build (macos-latest)	Run Rust concurrency tests	2026-10-03T10:36:03.7110010Z -- Installing: /Users/runner/work/sindarin-compiler/sindarin-compiler/bin/include/minimal/sn_minimal.h
Build (macos-latest)	Run Rust concurrency tests	2026-10-03T10:36:03.7110770Z -- Installing: /Users/runner/work/sindarin-compiler/sindarin-compiler/bin/include/minimal/sn_reflect.h
Build (macos-latest)	Run Rust concurrency tests	2026-10-03T10:36:03.7112070Z -- Installing: /Users/runner/work/sindarin-compiler/sindarin-compiler/bin/include/minimal/sn_serial.h
Build (macos-latest)	Run Rust concurrency tests	2026-10-03T10:36:03.7113620Z -- Installing: /Users/runner/work/sindarin-compiler/sindarin-compiler/bin/include/minimal/sn_string.h
Build (macos-latest)	Run Rust concurrency tests	2026-10-03T10:36:03.7115150Z -- Installing: /Users/runner/work/sindarin-compiler/sindarin-compiler/bin/include/minimal/sn_thread.h
Build (macos-latest)	Run Rust concurrency tests	2026-10-03T10:36:03.7117750Z -- Up-to-date: /Users/runner/work/sindarin-compiler/sindarin-compiler/bin/include/platform/compat_dirent.h
Build (macos-latest)	Run Rust concurrency tests	2026-10-03T10:36:03.7118510Z -- Up-to-date: /Users/runner/work/sindarin-compiler/sindarin-compiler/bin/include/platform/compat_io.h
Build (macos-latest)	Run Rust concurrency tests	2026-10-03T10:36:03.7119370Z -- Up-to-date: /Users/runner/work/sindarin-compiler/sindarin-compiler/bin/include/platform/compat_net.h
Build (macos-latest)	Run Rust concurrency tests	2026-10-03T10:36:03.7120150Z -- Up-to-date: /Users/runner/work/sindarin-compiler/sindarin-compiler/bin/include/platform/compat_pthread.h
Build (macos-latest)	Run Rust concurrency tests	2026-10-03T10:36:03.7121300Z -- Up-to-date: /Users/runner/work/sindarin-compiler/sindarin-compiler/bin/include/platform/compat_time.h
Build (macos-latest)	Run Rust concurrency tests	2026-10-03T10:36:03.7121970Z -- Up-to-date: /Users/runner/work/sindarin-compiler/sindarin-compiler/bin/include/platform/compat_windows.h
Build (macos-latest)	Run Rust concurrency tests	2026-10-03T10:36:03.7122550Z -- Up-to-date: /Users/runner/work/sindarin-compiler/sindarin-compiler/bin/include/platform/platform.h
Build (macos-latest)	Run Rust concurrency tests	2026-10-03T10:36:03.7138350Z -- Found libs submodule: /Users/runner/work/sindarin-compiler/sindarin-compiler/.sn/sindarin-pkg-libs/libs/darwin
Build (macos-latest)	Run Rust concurrency tests	2026-10-03T10:36:03.7138960Z --   Copying zlib headers...
Build (macos-latest)	Run Rust concurrency tests	2026-10-03T10:36:03.7139370Z -- Up-to-date: /Users/runner/work/sindarin-compiler/sindarin-compiler/bin/deps/include/zlib.h
Build (macos-latest)	Run Rust concurrency tests	2026-10-03T10:36:03.7139910Z -- Up-to-date: /Users/runner/work/sindarin-compiler/sindarin-compiler/bin/deps/include/zconf.h
Build (macos-latest)	Run Rust concurrency tests	2026-10-03T10:36:03.7140330Z --   Copying yyjson headers...
Build (macos-latest)	Run Rust concurrency tests	2026-10-03T10:36:03.7140690Z -- Up-to-date: /Users/runner/work/sindarin-compiler/sindarin-compiler/bin/deps/include/yyjson.h
Build (macos-latest)	Run Rust concurrency tests	2026-10-03T10:36:03.7141080Z --   Copying json-c headers...
Build (macos-latest)	Run Rust concurrency tests	2026-10-03T10:36:03.7141470Z -- Up-to-date: /Users/runner/work/sindarin-compiler/sindarin-compiler/bin/deps/include/json-c
Build (macos-latest)	Run Rust concurrency tests	2026-10-03T10:36:03.7142080Z -- Up-to-date: /Users/runner/work/sindarin-compiler/sindarin-compiler/bin/deps/include/json-c/printbuf.h
Build (macos-latest)	Run Rust concurrency tests	2026-10-03T10:36:03.7142750Z -- Up-to-date: /Users/runner/work/sindarin-compiler/sindarin-compiler/bin/deps/include/json-c/debug.h
Build (macos-latest)	Run Rust concurrency tests	2026-10-03T10:36:03.7143420Z -- Up-to-date: /Users/runner/work/sindarin-compiler/sindarin-compiler/bin/deps/include/json-c/json_util.h
Build (macos-latest)	Run Rust concurrency tests	2026-10-03T10:36:03.7144110Z -- Up-to-date: /Users/runner/work/sindarin-compiler/sindarin-compiler/bin/deps/include/json-c/json_config.h
Build (macos-latest)	Run Rust concurrency tests	2026-10-03T10:36:03.7144790Z -- Up-to-date: /Users/runner/work/sindarin-compiler/sindarin-compiler/bin/deps/include/json-c/json_patch.h
Build (macos-latest)	Run Rust concurrency tests	2026-10-03T10:36:03.7145770Z -- Up-to-date: /Users/runner/work/sindarin-compiler/sindarin-compiler/bin/deps/include/json-c/json_pointer.h
Build (macos-latest)	Run Rust concurrency tests	2026-10-03T10:36:03.7146420Z -- Up-to-date: /Users/runner/work/sindarin-compiler/sindarin-compiler/bin/deps/include/json-c/json_visit.h
Build (macos-latest)	Run Rust concurrency tests	2026-10-03T10:36:03.7147690Z -- Up-to-date: /Users/runner/work/sindarin-compiler/sindarin-compiler/bin/deps/include/json-c/json.h
Build (macos-latest)	Run Rust concurrency tests	2026-10-03T10:36:03.7148290Z -- Up-to-date: /Users/runner/work/sindarin-compiler/sindarin-compiler/bin/deps/include/json-c/json_c_version.h
Build (macos-latest)	Run Rust concurrency tests	2026-10-03T10:36:03.7150170Z -- Up-to-date: /Users/runner/work/sindarin-compiler/sindarin-compiler/bin/deps/include/json-c/arraylist.h
Build (macos-latest)	Run Rust concurrency tests	2026-10-03T10:36:03.7151260Z -- Up-to-date: /Users/runner/work/sindarin-compiler/sindarin-compiler/bin/deps/include/json-c/linkhash.h
Build (macos-latest)	Run Rust concurrency tests	2026-10-03T10:36:03.7151940Z -- Up-to-date: /Users/runner/work/sindarin-compiler/sindarin-compiler/bin/deps/include/json-c/json_tokener.h
Build (macos-latest)	Run Rust concurrency tests	2026-10-03T10:36:03.7153020Z -- Up-to-date: /Users/runner/work/sindarin-compiler/sindarin-compiler/bin/deps/include/json-c/json_object_iterator.h
Build (macos-latest)	Run Rust concurrency tests	2026-10-03T10:36:03.7154550Z -- Up-to-date: /Users/runner/work/sindarin-compiler/sindarin-compiler/bin/deps/include/json-c/json_inttypes.h
Build (macos-latest)	Run Rust concurrency tests	2026-10-03T10:36:03.7155290Z -- Up-to-date: /Users/runner/work/sindarin-compiler/sindarin-compiler/bin/deps/include/json-c/json_types.h
Build (macos-latest)	Run Rust concurrency tests	2026-10-03T10:36:03.7156730Z -- Up-to-date: /Users/runner/work/sindarin-compiler/sindarin-compiler/bin/deps/include/json-c/json_object.h
Build (macos-latest)	Run Rust concurrency tests	2026-10-03T10:36:03.7158180Z --   Copying libxml2 headers...
Build (macos-latest)	Run Rust concurrency tests	2026-10-03T10:36:03.7158630Z -- Up-to-date: /Users/runner/work/sindarin-compiler/sindarin-compiler/bin/deps/include/libxml
Build (macos-latest)	Run Rust concurrency tests	2026-10-03T10:36:03.7159280Z -- Up-to-date: /Users/runner/work/sindarin-compiler/sindarin-compiler/bin/deps/include/libxml/chvalid.h
Build (macos-latest)	Run Rust concurrency tests	2026-10-03T10:36:03.7160620Z -- Up-to-date: /Users/runner/work/sindarin-compiler/sindarin-compiler/bin/deps/include/libxml/parserInternals.h
Build (macos-latest)	Run Rust concurrency tests	2026-10-03T10:36:03.7161330Z -- Up-to-date: /Users/runner/work/sindarin-compiler/sindarin-compiler/bin/deps/include/libxml/xpointer.h
Build (macos-latest)	Run Rust concurrency tests	2026-10-03T10:36:03.7161990Z -- Up-to-date: /Users/runner/work/sindarin-compiler/sindarin-compiler/bin/deps/include/libxml/debugXML.h
Build (macos-latest)	Run Rust concurrency tests	2026-10-03T10:36:03.7163090Z -- Up-to-date: /Users/runner/work/sindarin-compiler/sindarin-compiler/bin/deps/include/libxml/schematron.h
Build (macos-latest)	Run Rust concurrency tests	2026-10-03T10:36:03.7163680Z -- Up-to-date: /Users/runner/work/sindarin-compiler/sindarin-compiler/bin/deps/include/libxml/uri.h
Build (macos-latest)	Run Rust concurrency tests	2026-10-03T10:36:03.7165760Z -- Up-to-date: /Users/runner/work/sindarin-compiler/sindarin-compiler/bin/deps/include/libxml/parser.h
Build (macos-latest)	Run Rust concurrency tests	2026-10-03T10:36:03.7166350Z -- Up-to-date: /Users/runner/work/sindarin-compiler/sindarin-compiler/bin/deps/include/libxml/encoding.h
Build (macos-latest)	Run Rust concurrency tests	2026-10-03T10:36:03.7166920Z -- Up-to-date: /Users/runner/work/sindarin-compiler/sindarin-compiler/bin/deps/include/libxml/tree.h
Build (macos-latest)	Run Rust concurrency tests	2026-10-03T10:36:03.7167470Z -- Up-to-date: /Users/runner/work/sindarin-compiler/sindarin-compiler/bin/deps/include/libxml/threads.h
Build (macos-latest)	Run Rust concurrency tests	2026-10-03T10:36:03.7168610Z -- Up-to-date: /Users/runner/work/sindarin-compiler/sindarin-compiler/bin/deps/include/libxml/xmlversion.h
Build (macos-latest)	Run Rust concurrency tests	2026-10-03T10:36:03.7175350Z -- Up-to-date: /Users/runner/work/sindarin-compiler/sindarin-compiler/bin/deps/include/libxml/globals.h
Build (macos-latest)	Run Rust concurrency tests	2026-10-03T10:36:03.7175920Z -- Up-to-date: /Users/runner/work/sindarin-compiler/sindarin-compiler/bin/deps/include/libxml/catalog.h
Build (macos-latest)	Run Rust concurrency tests	2026-10-03T10:36:03.7176480Z -- Up-to-date: /Users/runner/work/sindarin-compiler/sindarin-compiler/bin/deps/include/libxml/pattern.h
Build (macos-latest)	Run Rust concurrency tests	2026-10-03T10:36:03.7177050Z -- Up-to-date: /Users/runner/work/sindarin-compiler/sindarin-compiler/bin/deps/include/libxml/xmlreader.h
Build (macos-latest)	Run Rust concurrency tests	2026-10-03T10:36:03.7177630Z -- Up-to-date: /Users/runner/work/sindarin-compiler/sindarin-compiler/bin/deps/include/libxml/HTMLtree.h
Build (macos-latest)	Run Rust concurrency tests	2026-10-03T10:36:03.7178210Z -- Up-to-date: /Users/runner/work/sindarin-compiler/sindarin-compiler/bin/deps/include/libxml/SAX2.h
Build (macos-latest)	Run Rust concurrency tests	2026-10-03T10:36:03.7179510Z -- Up-to-date: /Users/runner/work/sindarin-compiler/sindarin-compiler/bin/deps/include/libxml/xmlexports.h
Build (macos-latest)	Run Rust concurrency tests	2026-10-03T10:36:03.7180940Z -- Up-to-date: /Users/runner/work/sindarin-compiler/sindarin-compiler/bin/deps/include/libxml/xlink.h
Build (macos-latest)	Run Rust concurrency tests	2026-10-03T10:36:03.7181500Z -- Up-to-date: /Users/runner/work/sindarin-compiler/sindarin-compiler/bin/deps/include/libxml/SAX.h
Build (macos-latest)	Run Rust concurrency tests	2026-10-03T10:36:03.7182100Z -- Up-to-date: /Users/runner/work/sindarin-compiler/sindarin-compiler/bin/deps/include/libxml/entities.h
Build (macos-latest)	Run Rust concurrency tests	2026-10-03T10:36:03.7182670Z -- Up-to-date: /Users/runner/work/sindarin-compiler/sindarin-compiler/bin/deps/include/libxml/xmlregexp.h
Build (macos-latest)	Run Rust concurrency tests	2026-10-03T10:36:03.7183420Z -- Up-to-date: /Users/runner/work/sindarin-compiler/sindarin-compiler/bin/deps/include/libxml/list.h
Build (macos-latest)	Run Rust concurrency tests	2026-10-03T10:36:03.7184040Z -- Up-to-date: /Users/runner/work/sindarin-compiler/sindarin-compiler/bin/deps/include/libxml/xinclude.h
Build (macos-latest)	Run Rust concurrency tests	2026-10-03T10:36:03.7184710Z -- Up-to-date: /Users/runner/work/sindarin-compiler/sindarin-compiler/bin/deps/include/libxml/xmlerror.h
Build (macos-latest)	Run Rust concurrency tests	2026-10-03T10:36:03.7185400Z -- Up-to-date: /Users/runner/work/sindarin-compiler/sindarin-compiler/bin/deps/include/libxml/schemasInternals.h
Build (macos-latest)	Run Rust concurrency tests	2026-10-03T10:36:03.7186050Z -- Up-to-date: /Users/runner/work/sindarin-compiler/sindarin-compiler/bin/deps/include/libxml/dict.h
Build (macos-latest)	Run Rust concurrency tests	2026-10-03T10:36:03.7186720Z -- Up-to-date: /Users/runner/work/sindarin-compiler/sindarin-compiler/bin/deps/include/libxml/xmlIO.h
Build (macos-latest)	Run Rust concurrency tests	2026-10-03T10:36:03.7187370Z -- Up-to-date: /Users/runner/work/sindarin-compiler/sindarin-compiler/bin/deps/include/libxml/HTMLparser.h
Build (macos-latest)	Run Rust concurrency tests	2026-10-03T10:36:03.7188470Z -- Up-to-date: /Users/runner/work/sindarin-compiler/sindarin-compiler/bin/deps/include/libxml/xmlautomata.h
Build (macos-latest)	Run Rust concurrency tests	2026-10-03T10:36:03.7189140Z -- Up-to-date: /Users/runner/work/sindarin-compiler/sindarin-compiler/bin/deps/include/libxml/xmlsave.h
Build (macos-latest)	Run Rust concurrency tests	2026-10-03T10:36:03.7189790Z -- Up-to-date: /Users/runner/work/sindarin-compiler/sindarin-compiler/bin/deps/include/libxml/xmlstring.h
Build (macos-latest)	Run Rust concurrency tests	2026-10-03T10:36:03.7190440Z -- Up-to-date: /Users/runner/work/sindarin-compiler/sindarin-compiler/bin/deps/include/libxml/xpath.h
Build (macos-latest)	Run Rust concurrency tests	2026-10-03T10:36:03.7191080Z -- Up-to-date: /Users/runner/work/sindarin-compiler/sindarin-compiler/bin/deps/include/libxml/valid.h
Build (macos-latest)	Run Rust concurrency tests	2026-10-03T10:36:03.7191930Z -- Up-to-date: /Users/runner/work/sindarin-compiler/sindarin-compiler/bin/deps/include/libxml/xmlschemastypes.h
Build (macos-latest)	Run Rust concurrency tests	2026-10-03T10:36:03.7192610Z -- Up-to-date: /Users/runner/work/sindarin-compiler/sindarin-compiler/bin/deps/include/libxml/c14n.h
Build (macos-latest)	Run Rust concurrency tests	2026-10-03T10:36:03.7193250Z -- Up-to-date: /Users/runner/work/sindarin-compiler/sindarin-compiler/bin/deps/include/libxml/xmlmodule.h
Build (macos-latest)	Run Rust concurrency tests	2026-10-03T10:36:03.7193920Z -- Up-to-date: /Users/runner/work/sindarin-compiler/sindarin-compiler/bin/deps/include/libxml/relaxng.h
Build (macos-latest)	Run Rust concurrency tests	2026-10-03T10:36:03.7194600Z -- Up-to-date: /Users/runner/work/sindarin-compiler/sindarin-compiler/bin/deps/include/libxml/nanohttp.h
Build (macos-latest)	Run Rust concurrency tests	2026-10-03T10:36:03.7195260Z -- Up-to-date: /Users/runner/work/sindarin-compiler/sindarin-compiler/bin/deps/include/libxml/xmlunicode.h
Build (macos-latest)	Run Rust concurrency tests	2026-10-03T10:36:03.7195960Z -- Up-to-date: /Users/runner/work/sindarin-compiler/sindarin-compiler/bin/deps/include/libxml/xmlwriter.h
Build (macos-latest)	Run Rust concurrency tests	2026-10-03T10:36:03.7196880Z -- Up-to-date: /Users/runner/work/sindarin-compiler/sindarin-compiler/bin/deps/include/libxml/xmlmemory.h
Build (macos-latest)	Run Rust concurrency tests	2026-10-03T10:36:03.7197550Z -- Up-to-date: /Users/runner/work/sindarin-compiler/sindarin-compiler/bin/deps/include/libxml/xpathInternals.h
Build (macos-latest)	Run Rust concurrency tests	2026-10-03T10:36:03.7198200Z -- Up-to-date: /Users/runner/work/sindarin-compiler/sindarin-compiler/bin/deps/include/libxml/nanoftp.h
Build (macos-latest)	Run Rust concurrency tests	2026-10-03T10:36:03.7198830Z -- Up-to-date: /Users/runner/work/sindarin-compiler/sindarin-compiler/bin/deps/include/libxml/hash.h
Build (macos-latest)	Run Rust concurrency tests	2026-10-03T10:36:03.7199500Z -- Up-to-date: /Users/runner/work/sindarin-compiler/sindarin-compiler/bin/deps/include/libxml/xmlschemas.h
Build (macos-latest)	Run Rust concurrency tests	2026-10-03T10:36:03.7199930Z --   Copying libyaml headers...
Build (macos-latest)	Run Rust concurrency tests	2026-10-03T10:36:03.7200330Z -- Up-to-date: /Users/runner/work/sindarin-compiler/sindarin-compiler/bin/deps/include/yaml.h
Build (macos-latest)	Run Rust concurrency tests	2026-10-03T10:36:03.7200730Z --   Copying openssl headers...
Build (macos-latest)	Run Rust concurrency tests	2026-10-03T10:36:03.7201120Z -- Up-to-date: /Users/runner/work/sindarin-compiler/sindarin-compiler/bin/deps/include/openssl
Build (macos-latest)	Run Rust concurrency tests	2026-10-03T10:36:03.7201750Z -- Up-to-date: /Users/runner/work/sindarin-compiler/sindarin-compiler/bin/deps/include/openssl/pem2.h
Build (macos-latest)	Run Rust concurrency tests	2026-10-03T10:36:03.7202380Z -- Up-to-date: /Users/runner/work/sindarin-compiler/sindarin-compiler/bin/deps/include/openssl/kdf.h
Build (macos-latest)	Run Rust concurrency tests	2026-10-03T10:36:03.7203010Z -- Up-to-date: /Users/runner/work/sindarin-compiler/sindarin-compiler/bin/deps/include/openssl/pem.h
Build (macos-latest)	Run Rust concurrency tests	2026-10-03T10:36:03.7203640Z -- Up-to-date: /Users/runner/work/sindarin-compiler/sindarin-compiler/bin/deps/include/openssl/asyncerr.h
Build (macos-latest)	Run Rust concurrency tests	2026-10-03T10:36:03.7204770Z -- Up-to-date: /Users/runner/work/sindarin-compiler/sindarin-compiler/bin/deps/include/openssl/md2.h
Build (macos-latest)	Run Rust concurrency tests	2026-10-03T10:36:03.7205400Z -- Up-to-date: /Users/runner/work/sindarin-compiler/sindarin-compiler/bin/deps/include/openssl/ssl3.h
Build (macos-latest)	Run Rust concurrency tests	2026-10-03T10:36:03.7206080Z -- Up-to-date: /Users/runner/work/sindarin-compiler/sindarin-compiler/bin/deps/include/openssl/ossl_typ.h
Build (macos-latest)	Run Rust concurrency tests	2026-10-03T10:36:03.7206750Z -- Up-to-date: /Users/runner/work/sindarin-compiler/sindarin-compiler/bin/deps/include/openssl/dtls1.h
Build (macos-latest)	Run Rust concurrency tests	2026-10-03T10:36:03.7207380Z -- Up-to-date: /Users/runner/work/sindarin-compiler/sindarin-compiler/bin/deps/include/openssl/err.h
Build (macos-latest)	Run Rust concurrency tests	2026-10-03T10:36:03.7207980Z -- Up-to-date: /Users/runner/work/sindarin-compiler/sindarin-compiler/bin/deps/include/openssl/bn.h
Build (macos-latest)	Run Rust concurrency tests	2026-10-03T10:36:03.7208630Z -- Up-to-date: /Users/runner/work/sindarin-compiler/sindarin-compiler/bin/deps/include/openssl/blowfish.h
Build (macos-latest)	Run Rust concurrency tests	2026-10-03T10:36:03.7209310Z -- Up-to-date: /Users/runner/work/sindarin-compiler/sindarin-compiler/bin/deps/include/openssl/cms.h
Build (macos-latest)	Run Rust concurrency tests	2026-10-03T10:36:03.7209960Z -- Up-to-date: /Users/runner/work/sindarin-compiler/sindarin-compiler/bin/deps/include/openssl/engine.h
Build (macos-latest)	Run Rust concurrency tests	2026-10-03T10:36:03.7210620Z -- Up-to-date: /Users/runner/work/sindarin-compiler/sindarin-compiler/bin/deps/include/openssl/conf_api.h
Build (macos-latest)	Run Rust concurrency tests	2026-10-03T10:36:03.7211310Z -- Up-to-date: /Users/runner/work/sindarin-compiler/sindarin-compiler/bin/deps/include/openssl/esserr.h
Build (macos-latest)	Run Rust concurrency tests	2026-10-03T10:36:03.7211930Z -- Up-to-date: /Users/runner/work/sindarin-compiler/sindarin-compiler/bin/deps/include/openssl/core.h
Build (macos-latest)	Run Rust concurrency tests	2026-10-03T10:36:03.7212780Z -- Up-to-date: /Users/runner/work/sindarin-compiler/sindarin-compiler/bin/deps/include/openssl/x509.h
Build (macos-latest)	Run Rust concurrency tests	2026-10-03T10:36:03.7214110Z -- Up-to-date: /Users/runner/work/sindarin-compiler/sindarin-compiler/bin/deps/include/openssl/objectserr.h
Build (macos-latest)	Run Rust concurrency tests	2026-10-03T10:36:03.7214840Z -- Up-to-date: /Users/runner/work/sindarin-compiler/sindarin-compiler/bin/deps/include/openssl/params.h
Build (macos-latest)	Run Rust concurrency tests	2026-10-03T10:36:03.7215500Z -- Up-to-date: /Users/runner/work/sindarin-compiler/sindarin-compiler/bin/deps/include/openssl/cmserr.h
Build (macos-latest)	Run Rust concurrency tests	2026-10-03T10:36:03.7216160Z -- Up-to-date: /Users/runner/work/sindarin-compiler/sindarin-compiler/bin/deps/include/openssl/http.h
Build (macos-latest)	Run Rust concurrency tests	2026-10-03T10:36:03.7216830Z -- Up-to-date: /Users/runner/work/sindarin-compiler/sindarin-compiler/bin/deps/include/openssl/ui.h
Build (macos-latest)	Run Rust concurrency tests	2026-10-03T10:36:03.7217450Z -- Up-to-date: /Users/runner/work/sindarin-compiler/sindarin-compiler/bin/deps/include/openssl/sha.h
Build (macos-latest)	Run Rust concurrency tests	2026-10-03T10:36:03.7218070Z -- Up-to-date: /Users/runner/work/sindarin-compiler/sindarin-compiler/bin/deps/include/openssl/byteorder.h
Build (macos-latest)	Run Rust concurrency tests	2026-10-03T10:36:03.7218820Z -- Up-to-date: /Users/runner/work/sindarin-compiler/sindarin-compiler/bin/deps/include/openssl/symhacks.h
Build (macos-latest)	Run Rust concurrency tests	2026-10-03T10:36:03.7219590Z -- Up-to-date: /Users/runner/work/sindarin-compiler/sindarin-compiler/bin/deps/include/openssl/asn1.h
Build (macos-latest)	Run Rust concurrency tests	2026-10-03T10:36:03.7220240Z -- Up-to-date: /Users/runner/work/sindarin-compiler/sindarin-compiler/bin/deps/include/openssl/bioerr.h
Build (macos-latest)	Run Rust concurrency tests	2026-10-03T10:36:03.7221510Z -- Up-to-date: /Users/runner/work/sindarin-compiler/sindarin-compiler/bin/deps/include/openssl/opensslconf.h
Build (macos-latest)	Run Rust concurrency tests	2026-10-03T10:36:03.7222210Z -- Up-to-date: /Users/runner/work/sindarin-compiler/sindarin-compiler/bin/deps/include/openssl/bio.h
Build (macos-latest)	Run Rust concurrency tests	2026-10-03T10:36:03.7222880Z -- Up-to-date: /Users/runner/work/sindarin-compiler/sindarin-compiler/bin/deps/include/openssl/rc2.h
Build (macos-latest)	Run Rust concurrency tests	2026-10-03T10:36:03.7223540Z -- Up-to-date: /Users/runner/work/sindarin-compiler/sindarin-compiler/bin/deps/include/openssl/types.h
Build (macos-latest)	Run Rust concurrency tests	2026-10-03T10:36:03.7224210Z -- Up-to-date: /Users/runner/work/sindarin-compiler/sindarin-compiler/bin/deps/include/openssl/dh.h
Build (macos-latest)	Run Rust concurrency tests	2026-10-03T10:36:03.7224860Z -- Up-to-date: /Users/runner/work/sindarin-compiler/sindarin-compiler/bin/deps/include/openssl/cryptoerr_legacy.h
Build (macos-latest)	Run Rust concurrency tests	2026-10-03T10:36:03.7225540Z -- Up-to-date: /Users/runner/work/sindarin-compiler/sindarin-compiler/bin/deps/include/openssl/proverr.h
Build (macos-latest)	Run Rust concurrency tests	2026-10-03T10:36:03.7226260Z -- Up-to-date: /Users/runner/work/sindarin-compiler/sindarin-compiler/bin/deps/include/openssl/x509v3.h
Build (macos-latest)	Run Rust concurrency tests	2026-10-03T10:36:03.7227070Z -- Up-to-date: /Users/runner/work/sindarin-compiler/sindarin-compiler/bin/deps/include/openssl/core_object.h
Build (macos-latest)	Run Rust concurrency tests	2026-10-03T10:36:03.7227820Z -- Up-to-date: /Users/runner/work/sindarin-compiler/sindarin-compiler/bin/deps/include/openssl/decodererr.h
Build (macos-latest)	Run Rust concurrency tests	2026-10-03T10:36:03.7228460Z -- Up-to-date: /Users/runner/work/sindarin-compiler/sindarin-compiler/bin/deps/include/openssl/param_build.h
Build (macos-latest)	Run Rust concurrency tests	2026-10-03T10:36:03.7229660Z -- Up-to-date: /Users/runner/work/sindarin-compiler/sindarin-compiler/bin/deps/include/openssl/conf.h
Build (macos-latest)	Run Rust concurrency tests	2026-10-03T10:36:03.7230320Z -- Up-to-date: /Users/runner/work/sindarin-compiler/sindarin-compiler/bin/deps/include/openssl/ml_kem.h
Build (macos-latest)	Run Rust concurrency tests	2026-10-03T10:36:03.7231040Z -- Up-to-date: /Users/runner/work/sindarin-compiler/sindarin-compiler/bin/deps/include/openssl/conftypes.h
Build (macos-latest)	Run Rust concurrency tests	2026-10-03T10:36:03.7231720Z -- Up-to-date: /Users/runner/work/sindarin-compiler/sindarin-compiler/bin/deps/include/openssl/md5.h
Build (macos-latest)	Run Rust concurrency tests	2026-10-03T10:36:03.7232390Z -- Up-to-date: /Users/runner/work/sindarin-compiler/sindarin-compiler/bin/deps/include/openssl/decoder.h
Build (macos-latest)	Run Rust concurrency tests	2026-10-03T10:36:03.7233050Z -- Up-to-date: /Users/runner/work/sindarin-compiler/sindarin-compiler/bin/deps/include/openssl/pemerr.h
Build (macos-latest)	Run Rust concurrency tests	2026-10-03T10:36:03.7233730Z -- Up-to-date: /Users/runner/work/sindarin-compiler/sindarin-compiler/bin/deps/include/openssl/crmferr.h
Build (macos-latest)	Run Rust concurrency tests	2026-10-03T10:36:03.7234430Z -- Up-to-date: /Users/runner/work/sindarin-compiler/sindarin-compiler/bin/deps/include/openssl/x509_vfy.h
Build (macos-latest)	Run Rust concurrency tests	2026-10-03T10:36:03.7235110Z -- Up-to-date: /Users/runner/work/sindarin-compiler/sindarin-compiler/bin/deps/include/openssl/txt_db.h
Build (macos-latest)	Run Rust concurrency tests	2026-10-03T10:36:03.7236100Z -- Up-to-date: /Users/runner/work/sindarin-compiler/sindarin-compiler/bin/deps/include/openssl/cmp.h
Build (macos-latest)	Run Rust concurrency tests	2026-10-03T10:36:03.7237520Z -- Up-to-date: /Users/runner/work/sindarin-compiler/sindarin-compiler/bin/deps/include/openssl/comperr.h
Build (macos-latest)	Run Rust concurrency tests	2026-10-03T10:36:03.7238190Z -- Up-to-date: /Users/runner/work/sindarin-compiler/sindarin-compiler/bin/deps/include/openssl/cterr.h
Build (macos-latest)	Run Rust concurrency tests	2026-10-03T10:36:03.7239000Z -- Up-to-date: /Users/runner/work/sindarin-compiler/sindarin-compiler/bin/deps/include/openssl/self_test.h
Build (macos-latest)	Run Rust concurrency tests	2026-10-03T10:36:03.7239710Z -- Up-to-date: /Users/runner/work/sindarin-compiler/sindarin-compiler/bin/deps/include/openssl/safestack.h
Build (macos-latest)	Run Rust concurrency tests	2026-10-03T10:36:03.7240470Z -- Up-to-date: /Users/runner/work/sindarin-compiler/sindarin-compiler/bin/deps/include/openssl/configuration.h
Build (macos-latest)	Run Rust concurrency tests	2026-10-03T10:36:03.7241240Z -- Up-to-date: /Users/runner/work/sindarin-compiler/sindarin-compiler/bin/deps/include/openssl/fips_names.h
Build (macos-latest)	Run Rust concurrency tests	2026-10-03T10:36:03.7241900Z -- Up-to-date: /Users/runner/work/sindarin-compiler/sindarin-compiler/bin/deps/include/openssl/ecdsa.h
Build (macos-latest)	Run Rust concurrency tests	2026-10-03T10:36:03.7242550Z -- Up-to-date: /Users/runner/work/sindarin-compiler/sindarin-compiler/bin/deps/include/openssl/sslerr.h
Build (macos-latest)	Run Rust concurrency tests	2026-10-03T10:36:03.7243220Z -- Up-to-date: /Users/runner/work/sindarin-compiler/sindarin-compiler/bin/deps/include/openssl/prov_ssl.h
Build (macos-latest)	Run Rust concurrency tests	2026-10-03T10:36:03.7243970Z -- Up-to-date: /Users/runner/work/sindarin-compiler/sindarin-compiler/bin/deps/include/openssl/fipskey.h
Build (macos-latest)	Run Rust concurrency tests	2026-10-03T10:36:03.7244690Z -- Up-to-date: /Users/runner/work/sindarin-compiler/sindarin-compiler/bin/deps/include/openssl/rc5.h
Build (macos-latest)	Run Rust concurrency tests	2026-10-03T10:36:03.7245360Z -- Up-to-date: /Users/runner/work/sindarin-compiler/sindarin-compiler/bin/deps/include/openssl/uierr.h
Build (macos-latest)	Run Rust concurrency tests	2026-10-03T10:36:03.7246910Z -- Up-to-date: /Users/runner/work/sindarin-compiler/sindarin-compiler/bin/deps/include/openssl/x509_acert.h
Build (macos-latest)	Run Rust concurrency tests	2026-10-03T10:36:03.7247570Z -- Up-to-date: /Users/runner/work/sindarin-compiler/sindarin-compiler/bin/deps/include/openssl/x509v3err.h
Build (macos-latest)	Run Rust concurrency tests	2026-10-03T10:36:03.7248230Z -- Up-to-date: /Users/runner/work/sindarin-compiler/sindarin-compiler/bin/deps/include/openssl/objects.h
Build (macos-latest)	Run Rust concurrency tests	2026-10-03T10:36:03.7248890Z -- Up-to-date: /Users/runner/work/sindarin-compiler/sindarin-compiler/bin/deps/include/openssl/pkcs12.h
Build (macos-latest)	Run Rust concurrency tests	2026-10-03T10:36:03.7249580Z -- Up-to-date: /Users/runner/work/sindarin-compiler/sindarin-compiler/bin/deps/include/openssl/crypto.h
Build (macos-latest)	Run Rust concurrency tests	2026-10-03T10:36:03.7260880Z -- Up-to-date: /Users/runner/work/sindarin-compiler/sindarin-compiler/bin/deps/include/openssl/crmf.h
Build (macos-latest)	Run Rust concurrency tests	2026-10-03T10:36:03.7261710Z -- Up-to-date: /Users/runner/work/sindarin-compiler/sindarin-compiler/bin/deps/include/openssl/cmp_util.h
Build (macos-latest)	Run Rust concurrency tests	2026-10-03T10:36:03.7262530Z -- Up-to-date: /Users/runner/work/sindarin-compiler/sindarin-compiler/bin/deps/include/openssl/opensslv.h
Build (macos-latest)	Run Rust concurrency tests	2026-10-03T10:36:03.7263870Z -- Up-to-date: /Users/runner/work/sindarin-compiler/sindarin-compiler/bin/deps/include/openssl/evperr.h
Build (macos-latest)	Run Rust concurrency tests	2026-10-03T10:36:03.7264550Z -- Up-to-date: /Users/runner/work/sindarin-compiler/sindarin-compiler/bin/deps/include/openssl/pkcs7.h
Build (macos-latest)	Run Rust concurrency tests	2026-10-03T10:36:03.7265280Z -- Up-to-date: /Users/runner/work/sindarin-compiler/sindarin-compiler/bin/deps/include/openssl/obj_mac.h
Build (macos-latest)	Run Rust concurrency tests	2026-10-03T10:36:03.7265890Z -- Up-to-date: /Users/runner/work/sindarin-compiler/sindarin-compiler/bin/deps/include/openssl/ct.h
Build (macos-latest)	Run Rust concurrency tests	2026-10-03T10:36:03.7266480Z -- Up-to-date: /Users/runner/work/sindarin-compiler/sindarin-compiler/bin/deps/include/openssl/async.h
Build (macos-latest)	Run Rust concurrency tests	2026-10-03T10:36:03.7267180Z -- Up-to-date: /Users/runner/work/sindarin-compiler/sindarin-compiler/bin/deps/include/openssl/buffer.h
Build (macos-latest)	Run Rust concurrency tests	2026-10-03T10:36:03.7267740Z -- Up-to-date: /Users/runner/work/sindarin-compiler/sindarin-compiler/bin/deps/include/openssl/ssl.h
Build (macos-latest)	Run Rust concurrency tests	2026-10-03T10:36:03.7268380Z -- Up-to-date: /Users/runner/work/sindarin-compiler/sindarin-compiler/bin/deps/include/openssl/srp.h
Build (macos-latest)	Run Rust concurrency tests	2026-10-03T10:36:03.7268990Z -- Up-to-date: /Users/runner/work/sindarin-compiler/sindarin-compiler/bin/deps/include/openssl/camellia.h
Build (macos-latest)	Run Rust concurrency tests	2026-10-03T10:36:03.7269600Z -- Up-to-date: /Users/runner/work/sindarin-compiler/sindarin-compiler/bin/deps/include/openssl/httperr.h
Build (macos-latest)	Run Rust concurrency tests	2026-10-03T10:36:03.7270610Z -- Up-to-date: /Users/runner/work/sindarin-compiler/sindarin-compiler/bin/deps/include/openssl/thread.h
Build (macos-latest)	Run Rust concurrency tests	2026-10-03T10:36:03.7271290Z -- Up-to-date: /Users/runner/work/sindarin-compiler/sindarin-compiler/bin/deps/include/openssl/hpke.h
Build (macos-latest)	Run Rust concurrency tests	2026-10-03T10:36:03.7271930Z -- Up-to-date: /Users/runner/work/sindarin-compiler/sindarin-compiler/bin/deps/include/openssl/dherr.h
Build (macos-latest)	Run Rust concurrency tests	2026-10-03T10:36:03.7272560Z -- Up-to-date: /Users/runner/work/sindarin-compiler/sindarin-compiler/bin/deps/include/openssl/evp.h
Build (macos-latest)	Run Rust concurrency tests	2026-10-03T10:36:03.7273110Z -- Up-to-date: /Users/runner/work/sindarin-compiler/sindarin-compiler/bin/deps/include/openssl/e_os2.h
Build (macos-latest)	Run Rust concurrency tests	2026-10-03T10:36:03.7273730Z -- Up-to-date: /Users/runner/work/sindarin-compiler/sindarin-compiler/bin/deps/include/openssl/trace.h
Build (macos-latest)	Run Rust concurrency tests	2026-10-03T10:36:03.7274450Z -- Up-to-date: /Users/runner/work/sindarin-compiler/sindarin-compiler/bin/deps/include/openssl/md4.h
Build (macos-latest)	Run Rust concurrency tests	2026-10-03T10:36:03.7275580Z -- Up-to-date: /Users/runner/work/sindarin-compiler/sindarin-compiler/bin/deps/include/openssl/core_names.h
Build (macos-latest)	Run Rust concurrency tests	2026-10-03T10:36:03.7276850Z -- Up-to-date: /Users/runner/work/sindarin-compiler/sindarin-compiler/bin/deps/include/openssl/hmac.h
Build (macos-latest)	Run Rust concurrency tests	2026-10-03T10:36:03.7278020Z -- Up-to-date: /Users/runner/work/sindarin-compiler/sindarin-compiler/bin/deps/include/openssl/provider.h
Build (macos-latest)	Run Rust concurrency tests	2026-10-03T10:36:03.7278600Z -- Up-to-date: /Users/runner/work/sindarin-compiler/sindarin-compiler/bin/deps/include/openssl/aes.h
Build (macos-latest)	Run Rust concurrency tests	2026-10-03T10:36:03.7279590Z -- Up-to-date: /Users/runner/work/sindarin-compiler/sindarin-compiler/bin/deps/include/openssl/engineerr.h
Build (macos-latest)	Run Rust concurrency tests	2026-10-03T10:36:03.7280190Z -- Up-to-date: /Users/runner/work/sindarin-compiler/sindarin-compiler/bin/deps/include/openssl/comp.h
Build (macos-latest)	Run Rust concurrency tests	2026-10-03T10:36:03.7281040Z -- Up-to-date: /Users/runner/work/sindarin-compiler/sindarin-compiler/bin/deps/include/openssl/macros.h
Build (macos-latest)	Run Rust concurrency tests	2026-10-03T10:36:03.7281830Z -- Up-to-date: /Users/runner/work/sindarin-compiler/sindarin-compiler/bin/deps/include/openssl/pkcs12err.h
Build (macos-latest)	Run Rust concurrency tests	2026-10-03T10:36:03.7282580Z -- Up-to-date: /Users/runner/work/sindarin-compiler/sindarin-compiler/bin/deps/include/openssl/encoder.h
Build (macos-latest)	Run Rust concurrency tests	2026-10-03T10:36:03.7283280Z -- Up-to-date: /Users/runner/work/sindarin-compiler/sindarin-compiler/bin/deps/include/openssl/cast.h
Build (macos-latest)	Run Rust concurrency tests	2026-10-03T10:36:03.7283950Z -- Up-to-date: /Users/runner/work/sindarin-compiler/sindarin-compiler/bin/deps/include/openssl/sslerr_legacy.h
Build (macos-latest)	Run Rust concurrency tests	2026-10-03T10:36:03.7284850Z -- Up-to-date: /Users/runner/work/sindarin-compiler/sindarin-compiler/bin/deps/include/openssl/indicator.h
Build (macos-latest)	Run Rust concurrency tests	2026-10-03T10:36:03.7285690Z -- Up-to-date: /Users/runner/work/sindarin-compiler/sindarin-compiler/bin/deps/include/openssl/rc4.h
Build (macos-latest)	Run Rust concurrency tests	2026-10-03T10:36:03.7286260Z -- Up-to-date: /Users/runner/work/sindarin-compiler/sindarin-compiler/bin/deps/include/openssl/stack.h
Build (macos-latest)	Run Rust concurrency tests	2026-10-03T10:36:03.7286950Z -- Up-to-date: /Users/runner/work/sindarin-compiler/sindarin-compiler/bin/deps/include/openssl/des.h
Build (macos-latest)	Run Rust concurrency tests	2026-10-03T10:36:03.7287550Z -- Up-to-date: /Users/runner/work/sindarin-compiler/sindarin-compiler/bin/deps/include/openssl/ocsp.h
Build (macos-latest)	Run Rust concurrency tests	2026-10-03T10:36:03.7288090Z -- Up-to-date: /Users/runner/work/sindarin-compiler/sindarin-compiler/bin/deps/include/openssl/ec.h
Build (macos-latest)	Run Rust concurrency tests	2026-10-03T10:36:03.7288640Z -- Up-to-date: /Users/runner/work/sindarin-compiler/sindarin-compiler/bin/deps/include/openssl/ecdh.h
Build (macos-latest)	Run Rust concurrency tests	2026-10-03T10:36:03.7289230Z -- Up-to-date: /Users/runner/work/sindarin-compiler/sindarin-compiler/bin/deps/include/openssl/rand.h
Build (macos-latest)	Run Rust concurrency tests	2026-10-03T10:36:03.7289910Z -- Up-to-date: /Users/runner/work/sindarin-compiler/sindarin-compiler/bin/deps/include/openssl/ecerr.h
Build (macos-latest)	Run Rust concurrency tests	2026-10-03T10:36:03.7290510Z -- Up-to-date: /Users/runner/work/sindarin-compiler/sindarin-compiler/bin/deps/include/openssl/ts.h
Build (macos-latest)	Run Rust concurrency tests	2026-10-03T10:36:03.7291170Z -- Up-to-date: /Users/runner/work/sindarin-compiler/sindarin-compiler/bin/deps/include/openssl/core_dispatch.h
Build (macos-latest)	Run Rust concurrency tests	2026-10-03T10:36:03.7291760Z -- Up-to-date: /Users/runner/work/sindarin-compiler/sindarin-compiler/bin/deps/include/openssl/cryptoerr.h
Build (macos-latest)	Run Rust concurrency tests	2026-10-03T10:36:03.7292440Z -- Up-to-date: /Users/runner/work/sindarin-compiler/sindarin-compiler/bin/deps/include/openssl/storeerr.h
Build (macos-latest)	Run Rust concurrency tests	2026-10-03T10:36:03.7293200Z -- Up-to-date: /Users/runner/work/sindarin-compiler/sindarin-compiler/bin/deps/include/openssl/buffererr.h
Build (macos-latest)	Run Rust concurrency tests	2026-10-03T10:36:03.7293860Z -- Up-to-date: /Users/runner/work/sindarin-compiler/sindarin-compiler/bin/deps/include/openssl/seed.h
Build (macos-latest)	Run Rust concurrency tests	2026-10-03T10:36:03.7294430Z -- Up-to-date: /Users/runner/work/sindarin-compiler/sindarin-compiler/bin/deps/include/openssl/modes.h
Build (macos-latest)	Run Rust concurrency tests	2026-10-03T10:36:03.7295030Z -- Up-to-date: /Users/runner/work/sindarin-compiler/sindarin-compiler/bin/deps/include/openssl/ssl2.h
Build (macos-latest)	Run Rust concurrency tests	2026-10-03T10:36:03.7295710Z -- Up-to-date: /Users/runner/work/sindarin-compiler/sindarin-compiler/bin/deps/include/openssl/tserr.h
Build (macos-latest)	Run Rust concurrency tests	2026-10-03T10:36:03.7296290Z -- Up-to-date: /Users/runner/work/sindarin-compiler/sindarin-compiler/bin/deps/include/openssl/rsa.h
Build (macos-latest)	Run Rust concurrency tests	2026-10-03T10:36:03.7296830Z -- Up-to-date: /Users/runner/work/sindarin-compiler/sindarin-compiler/bin/deps/include/openssl/ripemd.h
Build (macos-latest)	Run Rust concurrency tests	2026-10-03T10:36:03.7297490Z -- Up-to-date: /Users/runner/work/sindarin-compiler/sindarin-compiler/bin/deps/include/openssl/whrlpool.h
Build (macos-latest)	Run Rust concurrency tests	2026-10-03T10:36:03.7298050Z -- Up-to-date: /Users/runner/work/sindarin-compiler/sindarin-compiler/bin/deps/include/openssl/encodererr.h
Build (macos-latest)	Run Rust concurrency tests	2026-10-03T10:36:03.7298670Z -- Up-to-date: /Users/runner/work/sindarin-compiler/sindarin-compiler/bin/deps/include/openssl/cmperr.h
Build (macos-latest)	Run Rust concurrency tests	2026-10-03T10:36:03.7299250Z -- Up-to-date: /Users/runner/work/sindarin-compiler/sindarin-compiler/bin/deps/include/openssl/tls1.h
Build (macos-latest)	Run Rust concurrency tests	2026-10-03T10:36:03.7301660Z -- Up-to-date: /Users/runner/work/sindarin-compiler/sindarin-compiler/bin/deps/include/openssl/rsaerr.h
Build (macos-latest)	Run Rust concurrency tests	2026-10-03T10:36:03.7302330Z -- Up-to-date: /Users/runner/work/sindarin-compiler/sindarin-compiler/bin/deps/include/openssl/randerr.h
Build (macos-latest)	Run Rust concurrency tests	2026-10-03T10:36:03.7302990Z -- Up-to-date: /Users/runner/work/sindarin-compiler/sindarin-compiler/bin/deps/include/openssl/mdc2.h
Build (macos-latest)	Run Rust concurrency tests	2026-10-03T10:36:03.7303530Z -- Up-to-date: /Users/runner/work/sindarin-compiler/sindarin-compiler/bin/deps/include/openssl/ocsperr.h
Build (macos-latest)	Run Rust concurrency tests	2026-10-03T10:36:03.7304110Z -- Up-to-date: /Users/runner/work/sindarin-compiler/sindarin-compiler/bin/deps/include/openssl/x509err.h
Build (macos-latest)	Run Rust concurrency tests	2026-10-03T10:36:03.7304770Z -- Up-to-date: /Users/runner/work/sindarin-compiler/sindarin-compiler/bin/deps/include/openssl/pkcs7err.h
Build (macos-latest)	Run Rust concurrency tests	2026-10-03T10:36:03.7305410Z -- Up-to-date: /Users/runner/work/sindarin-compiler/sindarin-compiler/bin/deps/include/openssl/dsa.h
Build (macos-latest)	Run Rust concurrency tests	2026-10-03T10:36:03.7306040Z -- Up-to-date: /Users/runner/work/sindarin-compiler/sindarin-compiler/bin/deps/include/openssl/kdferr.h
Build (macos-latest)	Run Rust concurrency tests	2026-10-03T10:36:03.7306580Z -- Up-to-date: /Users/runner/work/sindarin-compiler/sindarin-compiler/bin/deps/include/openssl/srtp.h
Build (macos-latest)	Run Rust concurrency tests	2026-10-03T10:36:03.7307130Z -- Up-to-date: /Users/runner/work/sindarin-compiler/sindarin-compiler/bin/deps/include/openssl/asn1t.h
Build (macos-latest)	Run Rust concurrency tests	2026-10-03T10:36:03.7307780Z -- Up-to-date: /Users/runner/work/sindarin-compiler/sindarin-compiler/bin/deps/include/openssl/e_ostime.h
Build (macos-latest)	Run Rust concurrency tests	2026-10-03T10:36:03.7308510Z -- Up-to-date: /Users/runner/work/sindarin-compiler/sindarin-compiler/bin/deps/include/openssl/dsaerr.h
Build (macos-latest)	Run Rust concurrency tests	2026-10-03T10:36:03.7309120Z -- Up-to-date: /Users/runner/work/sindarin-compiler/sindarin-compiler/bin/deps/include/openssl/bnerr.h
Build (macos-latest)	Run Rust concurrency tests	2026-10-03T10:36:03.7309760Z -- Up-to-date: /Users/runner/work/sindarin-compiler/sindarin-compiler/bin/deps/include/openssl/conferr.h
Build (macos-latest)	Run Rust concurrency tests	2026-10-03T10:36:03.7310420Z -- Up-to-date: /Users/runner/work/sindarin-compiler/sindarin-compiler/bin/deps/include/openssl/cmac.h
Build (macos-latest)	Run Rust concurrency tests	2026-10-03T10:36:03.7311000Z -- Up-to-date: /Users/runner/work/sindarin-compiler/sindarin-compiler/bin/deps/include/openssl/ebcdic.h
Build (macos-latest)	Run Rust concurrency tests	2026-10-03T10:36:03.7311680Z -- Up-to-date: /Users/runner/work/sindarin-compiler/sindarin-compiler/bin/deps/include/openssl/store.h
Build (macos-latest)	Run Rust concurrency tests	2026-10-03T10:36:03.7312310Z -- Up-to-date: /Users/runner/work/sindarin-compiler/sindarin-compiler/bin/deps/include/openssl/idea.h
Build (macos-latest)	Run Rust concurrency tests	2026-10-03T10:36:03.7312880Z -- Up-to-date: /Users/runner/work/sindarin-compiler/sindarin-compiler/bin/deps/include/openssl/lhash.h
Build (macos-latest)	Run Rust concurrency tests	2026-10-03T10:36:03.7313610Z -- Up-to-date: /Users/runner/work/sindarin-compiler/sindarin-compiler/bin/deps/include/openssl/ess.h
Build (macos-latest)	Run Rust concurrency tests	2026-10-03T10:36:03.7314190Z -- Up-to-date: /Users/runner/work/sindarin-compiler/sindarin-compiler/bin/deps/include/openssl/asn1err.h
Build (macos-latest)	Run Rust concurrency tests	2026-10-03T10:36:03.7314830Z -- Up-to-date: /Users/runner/work/sindarin-compiler/sindarin-compiler/bin/deps/include/openssl/quic.h
Build (macos-latest)	Run Rust concurrency tests	2026-10-03T10:36:03.7315280Z --   Copying libssh headers...
Build (macos-latest)	Run Rust concurrency tests	2026-10-03T10:36:03.7315710Z -- Up-to-date: /Users/runner/work/sindarin-compiler/sindarin-compiler/bin/deps/include/libssh
Build (macos-latest)	Run Rust concurrency tests	2026-10-03T10:36:03.7316310Z -- Up-to-date: /Users/runner/work/sindarin-compiler/sindarin-compiler/bin/deps/include/libssh/libsshpp.hpp
Build (macos-latest)	Run Rust concurrency tests	2026-10-03T10:36:03.7316970Z -- Up-to-date: /Users/runner/work/sindarin-compiler/sindarin-compiler/bin/deps/include/libssh/legacy.h
Build (macos-latest)	Run Rust concurrency tests	2026-10-03T10:36:03.7317570Z -- Up-to-date: /Users/runner/work/sindarin-compiler/sindarin-compiler/bin/deps/include/libssh/sftpserver.h
Build (macos-latest)	Run Rust concurrency tests	2026-10-03T10:36:03.7318300Z -- Up-to-date: /Users/runner/work/sindarin-compiler/sindarin-compiler/bin/deps/include/libssh/callbacks.h
Build (macos-latest)	Run Rust concurrency tests	2026-10-03T10:36:03.7318920Z -- Up-to-date: /Users/runner/work/sindarin-compiler/sindarin-compiler/bin/deps/include/libssh/libssh_version.h
Build (macos-latest)	Run Rust concurrency tests	2026-10-03T10:36:03.7319530Z -- Up-to-date: /Users/runner/work/sindarin-compiler/sindarin-compiler/bin/deps/include/libssh/libssh.h
Build (macos-latest)	Run Rust concurrency tests	2026-10-03T10:36:03.7320160Z -- Up-to-date: /Users/runner/work/sindarin-compiler/sindarin-compiler/bin/deps/include/libssh/sftp.h
Build (macos-latest)	Run Rust concurrency tests	2026-10-03T10:36:03.7320810Z -- Up-to-date: /Users/runner/work/sindarin-compiler/sindarin-compiler/bin/deps/include/libssh/ssh2.h
Build (macos-latest)	Run Rust concurrency tests	2026-10-03T10:36:03.7321420Z -- Up-to-date: /Users/runner/work/sindarin-compiler/sindarin-compiler/bin/deps/include/libssh/server.h
Build (macos-latest)	Run Rust concurrency tests	2026-10-03T10:36:03.7321830Z --   Copying libgit2 headers...
Build (macos-latest)	Run Rust concurrency tests	2026-10-03T10:36:03.7322180Z -- Up-to-date: /Users/runner/work/sindarin-compiler/sindarin-compiler/bin/deps/include/git2.h
Build (macos-latest)	Run Rust concurrency tests	2026-10-03T10:36:03.7322680Z -- Up-to-date: /Users/runner/work/sindarin-compiler/sindarin-compiler/bin/deps/include/git2
Build (macos-latest)	Run Rust concurrency tests	2026-10-03T10:36:03.7323260Z -- Up-to-date: /Users/runner/work/sindarin-compiler/sindarin-compiler/bin/deps/include/git2/signature.h
Build (macos-latest)	Run Rust concurrency tests	2026-10-03T10:36:03.7323930Z -- Up-to-date: /Users/runner/work/sindarin-compiler/sindarin-compiler/bin/deps/include/git2/oid.h
Build (macos-latest)	Run Rust concurrency tests	2026-10-03T10:36:03.7324580Z -- Up-to-date: /Users/runner/work/sindarin-compiler/sindarin-compiler/bin/deps/include/git2/index.h
Build (macos-latest)	Run Rust concurrency tests	2026-10-03T10:36:03.7325400Z -- Up-to-date: /Users/runner/work/sindarin-compiler/sindarin-compiler/bin/deps/include/git2/email.h
Build (macos-latest)	Run Rust concurrency tests	2026-10-03T10:36:03.7325990Z -- Up-to-date: /Users/runner/work/sindarin-compiler/sindarin-compiler/bin/deps/include/git2/ignore.h
Build (macos-latest)	Run Rust concurrency tests	2026-10-03T10:36:03.7326710Z -- Up-to-date: /Users/runner/work/sindarin-compiler/sindarin-compiler/bin/deps/include/git2/attr.h
Build (macos-latest)	Run Rust concurrency tests	2026-10-03T10:36:03.7327300Z -- Up-to-date: /Users/runner/work/sindarin-compiler/sindarin-compiler/bin/deps/include/git2/blame.h
Build (macos-latest)	Run Rust concurrency tests	2026-10-03T10:36:03.7327960Z -- Up-to-date: /Users/runner/work/sindarin-compiler/sindarin-compiler/bin/deps/include/git2/oidarray.h
Build (macos-latest)	Run Rust concurrency tests	2026-10-03T10:36:03.7328590Z -- Up-to-date: /Users/runner/work/sindarin-compiler/sindarin-compiler/bin/deps/include/git2/pack.h
Build (macos-latest)	Run Rust concurrency tests	2026-10-03T10:36:03.7329190Z -- Up-to-date: /Users/runner/work/sindarin-compiler/sindarin-compiler/bin/deps/include/git2/revert.h
Build (macos-latest)	Run Rust concurrency tests	2026-10-03T10:36:03.7329880Z -- Up-to-date: /Users/runner/work/sindarin-compiler/sindarin-compiler/bin/deps/include/git2/version.h
Build (macos-latest)	Run Rust concurrency tests	2026-10-03T10:36:03.7330490Z -- Up-to-date: /Users/runner/work/sindarin-compiler/sindarin-compiler/bin/deps/include/git2/odb.h
Build (macos-latest)	Run Rust concurrency tests	2026-10-03T10:36:03.7331070Z -- Up-to-date: /Users/runner/work/sindarin-compiler/sindarin-compiler/bin/deps/include/git2/status.h
Build (macos-latest)	Run Rust concurrency tests	2026-10-03T10:36:03.7331680Z -- Up-to-date: /Users/runner/work/sindarin-compiler/sindarin-compiler/bin/deps/include/git2/net.h
Build (macos-latest)	Run Rust concurrency tests	2026-10-03T10:36:03.7332180Z -- Up-to-date: /Users/runner/work/sindarin-compiler/sindarin-compiler/bin/deps/include/git2/tag.h
Build (macos-latest)	Run Rust concurrency tests	2026-10-03T10:36:03.7332730Z -- Up-to-date: /Users/runner/work/sindarin-compiler/sindarin-compiler/bin/deps/include/git2/annotated_commit.h
Build (macos-latest)	Run Rust concurrency tests	2026-10-03T10:36:03.7333610Z -- Up-to-date: /Users/runner/work/sindarin-compiler/sindarin-compiler/bin/deps/include/git2/config.h
Build (macos-latest)	Run Rust concurrency tests	2026-10-03T10:36:03.7334150Z -- Up-to-date: /Users/runner/work/sindarin-compiler/sindarin-compiler/bin/deps/include/git2/branch.h
Build (macos-latest)	Run Rust concurrency tests	2026-10-03T10:36:03.7334740Z -- Up-to-date: /Users/runner/work/sindarin-compiler/sindarin-compiler/bin/deps/include/git2/types.h
Build (macos-latest)	Run Rust concurrency tests	2026-10-03T10:36:03.7335360Z -- Up-to-date: /Users/runner/work/sindarin-compiler/sindarin-compiler/bin/deps/include/git2/repository.h
Build (macos-latest)	Run Rust concurrency tests	2026-10-03T10:36:03.7335970Z -- Up-to-date: /Users/runner/work/sindarin-compiler/sindarin-compiler/bin/deps/include/git2/clone.h
Build (macos-latest)	Run Rust concurrency tests	2026-10-03T10:36:03.7336590Z -- Up-to-date: /Users/runner/work/sindarin-compiler/sindarin-compiler/bin/deps/include/git2/global.h
Build (macos-latest)	Run Rust concurrency tests	2026-10-03T10:36:03.7337120Z -- Up-to-date: /Users/runner/work/sindarin-compiler/sindarin-compiler/bin/deps/include/git2/blob.h
Build (macos-latest)	Run Rust concurrency tests	2026-10-03T10:36:03.7337770Z -- Up-to-date: /Users/runner/work/sindarin-compiler/sindarin-compiler/bin/deps/include/git2/cherrypick.h
Build (macos-latest)	Run Rust concurrency tests	2026-10-03T10:36:03.7338440Z -- Up-to-date: /Users/runner/work/sindarin-compiler/sindarin-compiler/bin/deps/include/git2/mailmap.h
Build (macos-latest)	Run Rust concurrency tests	2026-10-03T10:36:03.7339030Z -- Up-to-date: /Users/runner/work/sindarin-compiler/sindarin-compiler/bin/deps/include/git2/submodule.h
Build (macos-latest)	Run Rust concurrency tests	2026-10-03T10:36:03.7339570Z -- Up-to-date: /Users/runner/work/sindarin-compiler/sindarin-compiler/bin/deps/include/git2/errors.h
Build (macos-latest)	Run Rust concurrency tests	2026-10-03T10:36:03.7340150Z -- Up-to-date: /Users/runner/work/sindarin-compiler/sindarin-compiler/bin/deps/include/git2/message.h
Build (macos-latest)	Run Rust concurrency tests	2026-10-03T10:36:03.7340810Z -- Up-to-date: /Users/runner/work/sindarin-compiler/sindarin-compiler/bin/deps/include/git2/merge.h
Build (macos-latest)	Run Rust concurrency tests	2026-10-03T10:36:03.7341360Z -- Up-to-date: /Users/runner/work/sindarin-compiler/sindarin-compiler/bin/deps/include/git2/pathspec.h
Build (macos-latest)	Run Rust concurrency tests	2026-10-03T10:36:03.7341890Z -- Up-to-date: /Users/runner/work/sindarin-compiler/sindarin-compiler/bin/deps/include/git2/tree.h
Build (macos-latest)	Run Rust concurrency tests	2026-10-03T10:36:03.7342430Z -- Up-to-date: /Users/runner/work/sindarin-compiler/sindarin-compiler/bin/deps/include/git2/odb_backend.h
Build (macos-latest)	Run Rust concurrency tests	2026-10-03T10:36:03.7343020Z -- Up-to-date: /Users/runner/work/sindarin-compiler/sindarin-compiler/bin/deps/include/git2/graph.h
Build (macos-latest)	Run Rust concurrency tests	2026-10-03T10:36:03.7343610Z -- Up-to-date: /Users/runner/work/sindarin-compiler/sindarin-compiler/bin/deps/include/git2/describe.h
Build (macos-latest)	Run Rust concurrency tests	2026-10-03T10:36:03.7344240Z -- Up-to-date: /Users/runner/work/sindarin-compiler/sindarin-compiler/bin/deps/include/git2/rebase.h
Build (macos-latest)	Run Rust concurrency tests	2026-10-03T10:36:03.7344870Z -- Up-to-date: /Users/runner/work/sindarin-compiler/sindarin-compiler/bin/deps/include/git2/worktree.h
Build (macos-latest)	Run Rust concurrency tests	2026-10-03T10:36:03.7345410Z -- Up-to-date: /Users/runner/work/sindarin-compiler/sindarin-compiler/bin/deps/include/git2/stash.h
Build (macos-latest)	Run Rust concurrency tests	2026-10-03T10:36:03.7345940Z -- Up-to-date: /Users/runner/work/sindarin-compiler/sindarin-compiler/bin/deps/include/git2/remote.h
Build (macos-latest)	Run Rust concurrency tests	2026-10-03T10:36:03.7346550Z -- Up-to-date: /Users/runner/work/sindarin-compiler/sindarin-compiler/bin/deps/include/git2/strarray.h
Build (macos-latest)	Run Rust concurrency tests	2026-10-03T10:36:03.7347110Z -- Up-to-date: /Users/runner/work/sindarin-compiler/sindarin-compiler/bin/deps/include/git2/reflog.h
Build (macos-latest)	Run Rust concurrency tests	2026-10-03T10:36:03.7347680Z -- Up-to-date: /Users/runner/work/sindarin-compiler/sindarin-compiler/bin/deps/include/git2/cred_helpers.h
Build (macos-latest)	Run Rust concurrency tests	2026-10-03T10:36:03.7348230Z -- Up-to-date: /Users/runner/work/sindarin-compiler/sindarin-compiler/bin/deps/include/git2/buffer.h
Build (macos-latest)	Run Rust concurrency tests	2026-10-03T10:36:03.7348750Z -- Up-to-date: /Users/runner/work/sindarin-compiler/sindarin-compiler/bin/deps/include/git2/diff.h
Build (macos-latest)	Run Rust concurrency tests	2026-10-03T10:36:03.7349360Z -- Up-to-date: /Users/runner/work/sindarin-compiler/sindarin-compiler/bin/deps/include/git2/sys
Build (macos-latest)	Run Rust concurrency tests	2026-10-03T10:36:03.7349930Z -- Up-to-date: /Users/runner/work/sindarin-compiler/sindarin-compiler/bin/deps/include/git2/sys/index.h
Build (macos-latest)	Run Rust concurrency tests	2026-10-03T10:36:03.7350550Z -- Up-to-date: /Users/runner/work/sindarin-compiler/sindarin-compiler/bin/deps/include/git2/sys/email.h
Build (macos-latest)	Run Rust concurrency tests	2026-10-03T10:36:03.7351090Z -- Up-to-date: /Users/runner/work/sindarin-compiler/sindarin-compiler/bin/deps/include/git2/sys/config.h
Build (macos-latest)	Run Rust concurrency tests	2026-10-03T10:36:03.7351780Z -- Up-to-date: /Users/runner/work/sindarin-compiler/sindarin-compiler/bin/deps/include/git2/sys/path.h
Build (macos-latest)	Run Rust concurrency tests	2026-10-03T10:36:03.7352400Z -- Up-to-date: /Users/runner/work/sindarin-compiler/sindarin-compiler/bin/deps/include/git2/sys/repository.h
Build (macos-latest)	Run Rust concurrency tests	2026-10-03T10:36:03.7353090Z -- Up-to-date: /Users/runner/work/sindarin-compiler/sindarin-compiler/bin/deps/include/git2/sys/openssl.h
Build (macos-latest)	Run Rust concurrency tests	2026-10-03T10:36:03.7353750Z -- Up-to-date: /Users/runner/work/sindarin-compiler/sindarin-compiler/bin/deps/include/git2/sys/midx.h
Build (macos-latest)	Run Rust concurrency tests	2026-10-03T10:36:03.7354310Z -- Up-to-date: /Users/runner/work/sindarin-compiler/sindarin-compiler/bin/deps/include/git2/sys/cred.h
Build (macos-latest)	Run Rust concurrency tests	2026-10-03T10:36:03.7354850Z -- Up-to-date: /Users/runner/work/sindarin-compiler/sindarin-compiler/bin/deps/include/git2/sys/errors.h
Build (macos-latest)	Run Rust concurrency tests	2026-10-03T10:36:03.7355390Z -- Up-to-date: /Users/runner/work/sindarin-compiler/sindarin-compiler/bin/deps/include/git2/sys/merge.h
Build (macos-latest)	Run Rust concurrency tests	2026-10-03T10:36:03.7356000Z -- Up-to-date: /Users/runner/work/sindarin-compiler/sindarin-compiler/bin/deps/include/git2/sys/stream.h
Build (macos-latest)	Run Rust concurrency tests	2026-10-03T10:36:03.7356600Z -- Up-to-date: /Users/runner/work/sindarin-compiler/sindarin-compiler/bin/deps/include/git2/sys/odb_backend.h
Build (macos-latest)	Run Rust concurrency tests	2026-10-03T10:36:03.7357270Z -- Up-to-date: /Users/runner/work/sindarin-compiler/sindarin-compiler/bin/deps/include/git2/sys/remote.h
Build (macos-latest)	Run Rust concurrency tests	2026-10-03T10:36:03.7357930Z -- Up-to-date: /Users/runner/work/sindarin-compiler/sindarin-compiler/bin/deps/include/git2/sys/diff.h
Build (macos-latest)	Run Rust concurrency tests	2026-10-03T10:36:03.7358550Z -- Up-to-date: /Users/runner/work/sindarin-compiler/sindarin-compiler/bin/deps/include/git2/sys/commit_graph.h
Build (macos-latest)	Run Rust concurrency tests	2026-10-03T10:36:03.7359180Z -- Up-to-date: /Users/runner/work/sindarin-compiler/sindarin-compiler/bin/deps/include/git2/sys/transport.h
Build (macos-latest)	Run Rust concurrency tests	2026-10-03T10:36:03.7359800Z -- Up-to-date: /Users/runner/work/sindarin-compiler/sindarin-compiler/bin/deps/include/git2/sys/hashsig.h
Build (macos-latest)	Run Rust concurrency tests	2026-10-03T10:36:03.7360360Z -- Up-to-date: /Users/runner/work/sindarin-compiler/sindarin-compiler/bin/deps/include/git2/sys/credential.h
Build (macos-latest)	Run Rust concurrency tests	2026-10-03T10:36:03.7360920Z -- Up-to-date: /Users/runner/work/sindarin-compiler/sindarin-compiler/bin/deps/include/git2/sys/refs.h
Build (macos-latest)	Run Rust concurrency tests	2026-10-03T10:36:03.7361470Z -- Up-to-date: /Users/runner/work/sindarin-compiler/sindarin-compiler/bin/deps/include/git2/sys/filter.h
Build (macos-latest)	Run Rust concurrency tests	2026-10-03T10:36:03.7362080Z -- Up-to-date: /Users/runner/work/sindarin-compiler/sindarin-compiler/bin/deps/include/git2/sys/alloc.h
Build (macos-latest)	Run Rust concurrency tests	2026-10-03T10:36:03.7362940Z -- Up-to-date: /Users/runner/work/sindarin-compiler/sindarin-compiler/bin/deps/include/git2/sys/mempack.h
Build (macos-latest)	Run Rust concurrency tests	2026-10-03T10:36:03.7363640Z -- Up-to-date: /Users/runner/work/sindarin-compiler/sindarin-compiler/bin/deps/include/git2/sys/commit.h
Build (macos-latest)	Run Rust concurrency tests	2026-10-03T10:36:03.7364610Z -- Up-to-date: /Users/runner/work/sindarin-compiler/sindarin-compiler/bin/deps/include/git2/sys/refdb_backend.h
Build (macos-latest)	Run Rust concurrency tests	2026-10-03T10:36:03.7365320Z -- Up-to-date: /Users/runner/work/sindarin-compiler/sindarin-compiler/bin/deps/include/git2/trace.h
Build (macos-latest)	Run Rust concurrency tests	2026-10-03T10:36:03.7365980Z -- Up-to-date: /Users/runner/work/sindarin-compiler/sindarin-compiler/bin/deps/include/git2/common.h
Build (macos-latest)	Run Rust concurrency tests	2026-10-03T10:36:03.7366680Z -- Up-to-date: /Users/runner/work/sindarin-compiler/sindarin-compiler/bin/deps/include/git2/proxy.h
Build (macos-latest)	Run Rust concurrency tests	2026-10-03T10:36:03.7367250Z -- Up-to-date: /Users/runner/work/sindarin-compiler/sindarin-compiler/bin/deps/include/git2/indexer.h
Build (macos-latest)	Run Rust concurrency tests	2026-10-03T10:36:03.7367800Z -- Up-to-date: /Users/runner/work/sindarin-compiler/sindarin-compiler/bin/deps/include/git2/refspec.h
Build (macos-latest)	Run Rust concurrency tests	2026-10-03T10:36:03.7368330Z -- Up-to-date: /Users/runner/work/sindarin-compiler/sindarin-compiler/bin/deps/include/git2/notes.h
Build (macos-latest)	Run Rust concurrency tests	2026-10-03T10:36:03.7368950Z -- Up-to-date: /Users/runner/work/sindarin-compiler/sindarin-compiler/bin/deps/include/git2/cert.h
Build (macos-latest)	Run Rust concurrency tests	2026-10-03T10:36:03.7369580Z -- Up-to-date: /Users/runner/work/sindarin-compiler/sindarin-compiler/bin/deps/include/git2/deprecated.h
Build (macos-latest)	Run Rust concurrency tests	2026-10-03T10:36:03.7370150Z -- Up-to-date: /Users/runner/work/sindarin-compiler/sindarin-compiler/bin/deps/include/git2/transport.h
Build (macos-latest)	Run Rust concurrency tests	2026-10-03T10:36:03.7370780Z -- Up-to-date: /Users/runner/work/sindarin-compiler/sindarin-compiler/bin/deps/include/git2/revwalk.h
Build (macos-latest)	Run Rust concurrency tests	2026-10-03T10:36:03.7371520Z -- Up-to-date: /Users/runner/work/sindarin-compiler/sindarin-compiler/bin/deps/include/git2/patch.h
Build (macos-latest)	Run Rust concurrency tests	2026-10-03T10:36:03.7372040Z -- Up-to-date: /Users/runner/work/sindarin-compiler/sindarin-compiler/bin/deps/include/git2/object.h
Build (macos-latest)	Run Rust concurrency tests	2026-10-03T10:36:03.7372670Z -- Up-to-date: /Users/runner/work/sindarin-compiler/sindarin-compiler/bin/deps/include/git2/checkout.h
Build (macos-latest)	Run Rust concurrency tests	2026-10-03T10:36:03.7373210Z -- Up-to-date: /Users/runner/work/sindarin-compiler/sindarin-compiler/bin/deps/include/git2/apply.h
Build (macos-latest)	Run Rust concurrency tests	2026-10-03T10:36:03.7373840Z -- Up-to-date: /Users/runner/work/sindarin-compiler/sindarin-compiler/bin/deps/include/git2/revparse.h
Build (macos-latest)	Run Rust concurrency tests	2026-10-03T10:36:03.7374400Z -- Up-to-date: /Users/runner/work/sindarin-compiler/sindarin-compiler/bin/deps/include/git2/credential_helpers.h
Build (macos-latest)	Run Rust concurrency tests	2026-10-03T10:36:03.7375050Z -- Up-to-date: /Users/runner/work/sindarin-compiler/sindarin-compiler/bin/deps/include/git2/credential.h
Build (macos-latest)	Run Rust concurrency tests	2026-10-03T10:36:03.7375620Z -- Up-to-date: /Users/runner/work/sindarin-compiler/sindarin-compiler/bin/deps/include/git2/refs.h
Build (macos-latest)	Run Rust concurrency tests	2026-10-03T10:36:03.7376190Z -- Up-to-date: /Users/runner/work/sindarin-compiler/sindarin-compiler/bin/deps/include/git2/reset.h
Build (macos-latest)	Run Rust concurrency tests	2026-10-03T10:36:03.7376830Z -- Up-to-date: /Users/runner/work/sindarin-compiler/sindarin-compiler/bin/deps/include/git2/filter.h
Build (macos-latest)	Run Rust concurrency tests	2026-10-03T10:36:03.7377450Z -- Up-to-date: /Users/runner/work/sindarin-compiler/sindarin-compiler/bin/deps/include/git2/transaction.h
Build (macos-latest)	Run Rust concurrency tests	2026-10-03T10:36:03.7378120Z -- Up-to-date: /Users/runner/work/sindarin-compiler/sindarin-compiler/bin/deps/include/git2/experimental.h
Build (macos-latest)	Run Rust concurrency tests	2026-10-03T10:36:03.7378750Z -- Up-to-date: /Users/runner/work/sindarin-compiler/sindarin-compiler/bin/deps/include/git2/stdint.h
Build (macos-latest)	Run Rust concurrency tests	2026-10-03T10:36:03.7379390Z -- Up-to-date: /Users/runner/work/sindarin-compiler/sindarin-compiler/bin/deps/include/git2/commit.h
Build (macos-latest)	Run Rust concurrency tests	2026-10-03T10:36:03.7379960Z -- Up-to-date: /Users/runner/work/sindarin-compiler/sindarin-compiler/bin/deps/include/git2/refdb.h
Build (macos-latest)	Run Rust concurrency tests	2026-10-03T10:36:03.7380330Z --   Copying curl headers...
Build (macos-latest)	Run Rust concurrency tests	2026-10-03T10:36:03.7380680Z -- Up-to-date: /Users/runner/work/sindarin-compiler/sindarin-compiler/bin/deps/include/curl
Build (macos-latest)	Run Rust concurrency tests	2026-10-03T10:36:03.7381320Z -- Up-to-date: /Users/runner/work/sindarin-compiler/sindarin-compiler/bin/deps/include/curl/stdcheaders.h
Build (macos-latest)	Run Rust concurrency tests	2026-10-03T10:36:03.7381930Z -- Up-to-date: /Users/runner/work/sindarin-compiler/sindarin-compiler/bin/deps/include/curl/header.h
Build (macos-latest)	Run Rust concurrency tests	2026-10-03T10:36:03.7382620Z -- Up-to-date: /Users/runner/work/sindarin-compiler/sindarin-compiler/bin/deps/include/curl/options.h
Build (macos-latest)	Run Rust concurrency tests	2026-10-03T10:36:03.7383270Z -- Up-to-date: /Users/runner/work/sindarin-compiler/sindarin-compiler/bin/deps/include/curl/mprintf.h
Build (macos-latest)	Run Rust concurrency tests	2026-10-03T10:36:03.7383880Z -- Up-to-date: /Users/runner/work/sindarin-compiler/sindarin-compiler/bin/deps/include/curl/easy.h
Build (macos-latest)	Run Rust concurrency tests	2026-10-03T10:36:03.7384490Z -- Up-to-date: /Users/runner/work/sindarin-compiler/sindarin-compiler/bin/deps/include/curl/curl.h
Build (macos-latest)	Run Rust concurrency tests	2026-10-03T10:36:03.7385110Z -- Up-to-date: /Users/runner/work/sindarin-compiler/sindarin-compiler/bin/deps/include/curl/websockets.h
Build (macos-latest)	Run Rust concurrency tests	2026-10-03T10:36:03.7385690Z -- Up-to-date: /Users/runner/work/sindarin-compiler/sindarin-compiler/bin/deps/include/curl/curlver.h
Build (macos-latest)	Run Rust concurrency tests	2026-10-03T10:36:03.7386230Z -- Up-to-date: /Users/runner/work/sindarin-compiler/sindarin-compiler/bin/deps/include/curl/system.h
Build (macos-latest)	Run Rust concurrency tests	2026-10-03T10:36:03.7386840Z -- Up-to-date: /Users/runner/work/sindarin-compiler/sindarin-compiler/bin/deps/include/curl/typecheck-gcc.h
Build (macos-latest)	Run Rust concurrency tests	2026-10-03T10:36:03.7387520Z -- Up-to-date: /Users/runner/work/sindarin-compiler/sindarin-compiler/bin/deps/include/curl/multi.h
Build (macos-latest)	Run Rust concurrency tests	2026-10-03T10:36:03.7388100Z -- Up-to-date: /Users/runner/work/sindarin-compiler/sindarin-compiler/bin/deps/include/curl/urlapi.h
Build (macos-latest)	Run Rust concurrency tests	2026-10-03T10:36:03.7388700Z --   Copying library: /Users/runner/work/sindarin-compiler/sindarin-compiler/.sn/sindarin-pkg-libs/libs/darwin/lib/libz.a
Build (macos-latest)	Run Rust concurrency tests	2026-10-03T10:36:03.7389340Z -- Up-to-date: /Users/runner/work/sindarin-compiler/sindarin-compiler/bin/deps/lib/libz.a
Build (macos-latest)	Run Rust concurrency tests	2026-10-03T10:36:03.7390040Z --   Copying library: /Users/runner/work/sindarin-compiler/sindarin-compiler/.sn/sindarin-pkg-libs/libs/darwin/lib/libyyjson.a
Build (macos-latest)	Run Rust concurrency tests	2026-10-03T10:36:03.7390890Z -- Up-to-date: /Users/runner/work/sindarin-compiler/sindarin-compiler/bin/deps/lib/libyyjson.a
Build (macos-latest)	Run Rust concurrency tests	2026-10-03T10:36:03.7391480Z --   Copying library: /Users/runner/work/sindarin-compiler/sindarin-compiler/.sn/sindarin-pkg-libs/libs/darwin/lib/libxml2.a
Build (macos-latest)	Run Rust concurrency tests	2026-10-03T10:36:03.7392110Z -- Up-to-date: /Users/runner/work/sindarin-compiler/sindarin-compiler/bin/deps/lib/libxml2.a
Build (macos-latest)	Run Rust concurrency tests	2026-10-03T10:36:03.7392810Z --   Copying library: /Users/runner/work/sindarin-compiler/sindarin-compiler/.sn/sindarin-pkg-libs/libs/darwin/lib/libyaml.a
Build (macos-latest)	Run Rust concurrency tests	2026-10-03T10:36:03.7393520Z -- Up-to-date: /Users/runner/work/sindarin-compiler/sindarin-compiler/bin/deps/lib/libyaml.a
Build (macos-latest)	Run Rust concurrency tests	2026-10-03T10:36:03.7394240Z --   Copying library: /Users/runner/work/sindarin-compiler/sindarin-compiler/.sn/sindarin-pkg-libs/libs/darwin/lib/libcrypto.a
Build (macos-latest)	Run Rust concurrency tests	2026-10-03T10:36:03.7394860Z -- Up-to-date: /Users/runner/work/sindarin-compiler/sindarin-compiler/bin/deps/lib/libcrypto.a
Build (macos-latest)	Run Rust concurrency tests	2026-10-03T10:36:03.7395540Z --   Copying library: /Users/runner/work/sindarin-compiler/sindarin-compiler/.sn/sindarin-pkg-libs/libs/darwin/lib/libssl.a
Build (macos-latest)	Run Rust concurrency tests	2026-10-03T10:36:03.7396180Z -- Up-to-date: /Users/runner/work/sindarin-compiler/sindarin-compiler/bin/deps/lib/libssl.a
Build (macos-latest)	Run Rust concurrency tests	2026-10-03T10:36:03.7396770Z --   Copying library: /Users/runner/work/sindarin-compiler/sindarin-compiler/.sn/sindarin-pkg-libs/libs/darwin/lib/libssh.a
Build (macos-latest)	Run Rust concurrency tests	2026-10-03T10:36:03.7397340Z -- Up-to-date: /Users/runner/work/sindarin-compiler/sindarin-compiler/bin/deps/lib/libssh.a
Build (macos-latest)	Run Rust concurrency tests	2026-10-03T10:36:03.7397920Z --   Copying library: /Users/runner/work/sindarin-compiler/sindarin-compiler/.sn/sindarin-pkg-libs/libs/darwin/lib/libgit2.a
Build (macos-latest)	Run Rust concurrency tests	2026-10-03T10:36:03.7398540Z -- Up-to-date: /Users/runner/work/sindarin-compiler/sindarin-compiler/bin/deps/lib/libgit2.a
Build (macos-latest)	Run Rust concurrency tests	2026-10-03T10:36:03.7399240Z --   Copying library: /Users/runner/work/sindarin-compiler/sindarin-compiler/.sn/sindarin-pkg-libs/libs/darwin/lib/libhttp_parser.a
Build (macos-latest)	Run Rust concurrency tests	2026-10-03T10:36:03.7399970Z -- Up-to-date: /Users/runner/work/sindarin-compiler/sindarin-compiler/bin/deps/lib/libhttp_parser.a
Build (macos-latest)	Run Rust concurrency tests	2026-10-03T10:36:03.7400570Z --   Copying library: /Users/runner/work/sindarin-compiler/sindarin-compiler/.sn/sindarin-pkg-libs/libs/darwin/lib/libpcre2-8.a
Build (macos-latest)	Run Rust concurrency tests	2026-10-03T10:36:03.7401170Z -- Up-to-date: /Users/runner/work/sindarin-compiler/sindarin-compiler/bin/deps/lib/libpcre2-8.a
Build (macos-latest)	Run Rust concurrency tests	2026-10-03T10:36:03.7401880Z --   Copying library: /Users/runner/work/sindarin-compiler/sindarin-compiler/.sn/sindarin-pkg-libs/libs/darwin/lib/libssh2.a
Build (macos-latest)	Run Rust concurrency tests	2026-10-03T10:36:03.7402510Z -- Up-to-date: /Users/runner/work/sindarin-compiler/sindarin-compiler/bin/deps/lib/libssh2.a
Build (macos-latest)	Run Rust concurrency tests	2026-10-03T10:36:03.7403100Z --   Copying library: /Users/runner/work/sindarin-compiler/sindarin-compiler/.sn/sindarin-pkg-libs/libs/darwin/lib/libcurl.a
Build (macos-latest)	Run Rust concurrency tests	2026-10-03T10:36:03.7403750Z -- Up-to-date: /Users/runner/work/sindarin-compiler/sindarin-compiler/bin/deps/lib/libcurl.a
Build (macos-latest)	Run Rust concurrency tests	2026-10-03T10:36:03.7404330Z --   Dependencies copied to: /Users/runner/work/sindarin-compiler/sindarin-compiler/bin/deps
Build (macos-latest)	Run Rust concurrency tests	2026-10-03T10:36:03.7404770Z -- Found sindarin-template (handlebars)
Build (macos-latest)	Run Rust concurrency tests	2026-10-03T10:36:03.7405070Z -- Found libcurl - enabling auto-update feature
Build (macos-latest)	Run Rust concurrency tests	2026-10-03T10:36:03.7405340Z -- Found libgit2 and libyaml - enabling package manager
Build (macos-latest)	Run Rust concurrency tests	2026-10-03T10:36:03.7405570Z -- 
Build (macos-latest)	Run Rust concurrency tests	2026-10-03T10:36:03.7405720Z -- Sindarin Compiler Build Configuration:
Build (macos-latest)	Run Rust concurrency tests	2026-10-03T10:36:03.7405930Z --   Version:      1.0.0
Build (macos-latest)	Run Rust concurrency tests	2026-10-03T10:36:03.7406090Z --   Platform:     Darwin
Build (macos-latest)	Run Rust concurrency tests	2026-10-03T10:36:03.7406280Z --   Compiler:     AppleClang 21.0.0.21000101
Build (macos-latest)	Run Rust concurrency tests	2026-10-03T10:36:03.7406540Z --   Build Type:   Release
Build (macos-latest)	Run Rust concurrency tests	2026-10-03T10:36:03.7406730Z --   Debug:        OFF
Build (macos-latest)	Run Rust concurrency tests	2026-10-03T10:36:03.7406880Z --   ASAN:         OFF
Build (macos-latest)	Run Rust concurrency tests	2026-10-03T10:36:03.7407280Z --   Output:       /Users/runner/work/sindarin-compiler/sindarin-compiler/bin
Build (macos-latest)	Run Rust concurrency tests	2026-10-03T10:36:03.7407640Z -- 
Build (macos-latest)	Run Rust concurrency tests	2026-10-03T10:36:03.7407830Z -- Configuring done (0.1s)
Build (macos-latest)	Run Rust concurrency tests	2026-10-03T10:36:03.7726240Z -- Generating done (0.0s)
Build (macos-latest)	Run Rust concurrency tests	2026-10-03T10:36:03.7739910Z -- Build files have been written to: /Users/runner/work/sindarin-compiler/sindarin-compiler/build
Build (macos-latest)	Run Rust concurrency tests	2026-10-03T10:36:03.7748540Z cmake --build build
Build (macos-latest)	Run Rust concurrency tests	2026-10-03T10:36:03.7877110Z [0/2] Re-checking globbed directories...
Build (macos-latest)	Run Rust concurrency tests	2026-10-03T10:36:03.8231760Z [1/3] Synchronizing runtime headers
Build (macos-latest)	Run Rust concurrency tests	2026-10-03T10:36:03.8716820Z [2/3] Staging compiler artifacts in bin
Build (macos-latest)	Run Rust concurrency tests	2026-10-03T10:36:03.8756020Z 
Build (macos-latest)	Run Rust concurrency tests	2026-10-03T10:36:03.8786970Z Build complete!
Build (macos-latest)	Run Rust concurrency tests	2026-10-03T10:36:03.8817310Z Compiler: bin/sn
Build (macos-latest)	Run Rust concurrency tests	2026-10-03T10:36:04.0373130Z Compiler: /Users/runner/work/sindarin-compiler/sindarin-compiler/bin/sn
Build (macos-latest)	Run Rust concurrency tests	2026-10-03T10:36:04.0373580Z Platform: Darwin
Build (macos-latest)	Run Rust concurrency tests	2026-10-03T10:36:04.0373730Z Parallel: 3 workers
Build (macos-latest)	Run Rust concurrency tests	2026-10-03T10:36:04.0373830Z 
Build (macos-latest)	Run Rust concurrency tests	2026-10-03T10:36:04.0373900Z Rust Concurrency Tests
Build (macos-latest)	Run Rust concurrency tests	2026-10-03T10:36:04.0374130Z ============================================================
Build (macos-latest)	Run Rust concurrency tests	2026-10-03T10:36:04.0374410Z   Running 10 tests with 3 workers...
Build (macos-latest)	Run Rust concurrency tests	2026-10-03T10:36:04.0374550Z 
Build (macos-latest)	Run Rust concurrency tests	2026-10-03T10:36:04.0374630Z                                                             
Build (macos-latest)	Run Rust concurrency tests	2026-10-03T10:36:04.0374960Z   argument_order                                FAIL (Rust code mismatch)  (20ms)
Build (macos-latest)	Run Rust concurrency tests	2026-10-03T10:36:04.0375240Z       line 52:
Build (macos-latest)	Run Rust concurrency tests	2026-10-03T10:36:04.0375390Z         expected: #[cfg(windows)]
Build (macos-latest)	Run Rust concurrency tests	2026-10-03T10:36:04.0375580Z         got:      extern "C" {
Build (macos-latest)	Run Rust concurrency tests	2026-10-03T10:36:04.0375740Z       line 53:
Build (macos-latest)	Run Rust concurrency tests	2026-10-03T10:36:04.0380340Z         expected: fn __sn_write_windows_text<W: std::io::Write>(writer: &mut W, bytes: &[u8]) {
Build (macos-latest)	Run Rust concurrency tests	2026-10-03T10:36:04.0380710Z         got:          #[link_name = "fwrite"]
Build (macos-latest)	Run Rust concurrency tests	2026-10-03T10:36:04.0380900Z       line 54:
Build (macos-latest)	Run Rust concurrency tests	2026-10-03T10:36:04.0381060Z         expected:     let mut start = 0usize;
Build (macos-latest)	Run Rust concurrency tests	2026-10-03T10:36:04.0381450Z         got:          fn __sn_stdio_fwrite(_: *const std::ffi::c_void, _: usize, _: usize, _: *mut std::ffi::c_void) -> usize;
Build (macos-latest)	Run Rust concurrency tests	2026-10-03T10:36:04.0381820Z       line 55:
Build (macos-latest)	Run Rust concurrency tests	2026-10-03T10:36:04.0382020Z         expected:     for (index, byte) in bytes.iter().enumerate() {
Build (macos-latest)	Run Rust concurrency tests	2026-10-03T10:36:04.0382300Z         got:          #[link_name = "fflush"]
Build (macos-latest)	Run Rust concurrency tests	2026-10-03T10:36:04.0382540Z       line 56:
Build (macos-latest)	Run Rust concurrency tests	2026-10-03T10:36:04.0382720Z         expected:         if *byte == b'\n' {
Build (macos-latest)	Run Rust concurrency tests	2026-10-03T10:36:04.0383010Z         got:          fn __sn_stdio_fflush(_: *mut std::ffi::c_void) -> std::ffi::c_int;
Build (macos-latest)	Run Rust concurrency tests	2026-10-03T10:36:04.0383290Z       line 57:
Build (macos-latest)	Run Rust concurrency tests	2026-10-03T10:36:04.0383570Z         expected:             writer.write_all(&bytes[start..index]).expect("failed to write output");
Build (macos-latest)	Run Rust concurrency tests	2026-10-03T10:36:04.0384200Z         got:          #[link_name = "exit"]
Build (macos-latest)	Run Rust concurrency tests	2026-10-03T10:36:04.0384380Z       line 58:
Build (macos-latest)	Run Rust concurrency tests	2026-10-03T10:36:04.0384640Z         expected:             writer.write_all(b"\r\n").expect("failed to write output newline");
Build (macos-latest)	Run Rust concurrency tests	2026-10-03T10:36:04.0385180Z         got:          fn __sn_stdio_c_exit(_: std::ffi::c_int) -> !;
Build (macos-latest)	Run Rust concurrency tests	2026-10-03T10:36:04.0385480Z       line 59:
Build (macos-latest)	Run Rust concurrency tests	2026-10-03T10:36:04.0385630Z         expected:             start = index + 1;
Build (macos-latest)	Run Rust concurrency tests	2026-10-03T10:36:04.0385840Z         got:          #[cfg(windows)]
Build (macos-latest)	Run Rust concurrency tests	2026-10-03T10:36:04.0386010Z       line 60:
Build (macos-latest)	Run Rust concurrency tests	2026-10-03T10:36:04.0386150Z         expected:         }
Build (macos-latest)	Run Rust concurrency tests	2026-10-03T10:36:04.0386350Z         got:          #[link_name = "__acrt_iob_func"]
Build (macos-latest)	Run Rust concurrency tests	2026-10-03T10:36:04.0386550Z       line 61:
Build (macos-latest)	Run Rust concurrency tests	2026-10-03T10:36:04.0386680Z         expected:     }
Build (macos-latest)	Run Rust concurrency tests	2026-10-03T10:36:04.0386890Z         got:          fn __sn_stdio_iob(_: u32) -> *mut std::ffi::c_void;
Build (macos-latest)	Run Rust concurrency tests	2026-10-03T10:36:04.0387210Z   fixed_width_cells                             FAIL (Rust code mismatch)  (21ms)
Build (macos-latest)	Run Rust concurrency tests	2026-10-03T10:36:04.0387540Z       line 54:
Build (macos-latest)	Run Rust concurrency tests	2026-10-03T10:36:04.0387680Z         expected: #[cfg(windows)]
Build (macos-latest)	Run Rust concurrency tests	2026-10-03T10:36:04.0387860Z         got:      extern "C" {
Build (macos-latest)	Run Rust concurrency tests	2026-10-03T10:36:04.0388020Z       line 55:
Build (macos-latest)	Run Rust concurrency tests	2026-10-03T10:36:04.0388280Z         expected: fn __sn_write_windows_text<W: std::io::Write>(writer: &mut W, bytes: &[u8]) {
Build (macos-latest)	Run Rust concurrency tests	2026-10-03T10:36:04.0388620Z         got:          #[link_name = "fwrite"]
Build (macos-latest)	Run Rust concurrency tests	2026-10-03T10:36:04.0388800Z       line 56:
Build (macos-latest)	Run Rust concurrency tests	2026-10-03T10:36:04.0388950Z         expected:     let mut start = 0usize;
Build (macos-latest)	Run Rust concurrency tests	2026-10-03T10:36:04.0389350Z         got:          fn __sn_stdio_fwrite(_: *const std::ffi::c_void, _: usize, _: usize, _: *mut std::ffi::c_void) -> usize;
Build (macos-latest)	Run Rust concurrency tests	2026-10-03T10:36:04.0390000Z       line 57:
Build (macos-latest)	Run Rust concurrency tests	2026-10-03T10:36:04.0390200Z         expected:     for (index, byte) in bytes.iter().enumerate() {
Build (macos-latest)	Run Rust concurrency tests	2026-10-03T10:36:04.0390480Z         got:          #[link_name = "fflush"]
Build (macos-latest)	Run Rust concurrency tests	2026-10-03T10:36:04.0390660Z       line 58:
Build (macos-latest)	Run Rust concurrency tests	2026-10-03T10:36:04.0390810Z         expected:         if *byte == b'\n' {
Build (macos-latest)	Run Rust concurrency tests	2026-10-03T10:36:04.0391100Z         got:          fn __sn_stdio_fflush(_: *mut std::ffi::c_void) -> std::ffi::c_int;
Build (macos-latest)	Run Rust concurrency tests	2026-10-03T10:36:04.0391380Z       line 59:
Build (macos-latest)	Run Rust concurrency tests	2026-10-03T10:36:04.0391660Z         expected:             writer.write_all(&bytes[start..index]).expect("failed to write output");
Build (macos-latest)	Run Rust concurrency tests	2026-10-03T10:36:04.0392000Z         got:          #[link_name = "exit"]
Build (macos-latest)	Run Rust concurrency tests	2026-10-03T10:36:04.0392200Z       line 60:
Build (macos-latest)	Run Rust concurrency tests	2026-10-03T10:36:04.0392470Z         expected:             writer.write_all(b"\r\n").expect("failed to write output newline");
Build (macos-latest)	Run Rust concurrency tests	2026-10-03T10:36:04.0392920Z         got:          fn __sn_stdio_c_exit(_: std::ffi::c_int) -> !;
Build (macos-latest)	Run Rust concurrency tests	2026-10-03T10:36:04.0393160Z       line 61:
Build (macos-latest)	Run Rust concurrency tests	2026-10-03T10:36:04.0393310Z         expected:             start = index + 1;
Build (macos-latest)	Run Rust concurrency tests	2026-10-03T10:36:04.0393520Z         got:          #[cfg(windows)]
Build (macos-latest)	Run Rust concurrency tests	2026-10-03T10:36:04.0393700Z       line 62:
Build (macos-latest)	Run Rust concurrency tests	2026-10-03T10:36:04.0393830Z         expected:         }
Build (macos-latest)	Run Rust concurrency tests	2026-10-03T10:36:04.0394020Z         got:          #[link_name = "__acrt_iob_func"]
Build (macos-latest)	Run Rust concurrency tests	2026-10-03T10:36:04.0394230Z       line 63:
Build (macos-latest)	Run Rust concurrency tests	2026-10-03T10:36:04.0394360Z         expected:     }
Build (macos-latest)	Run Rust concurrency tests	2026-10-03T10:36:04.0394570Z         got:          fn __sn_stdio_iob(_: u32) -> *mut std::ffi::c_void;
Build (macos-latest)	Run Rust concurrency tests	2026-10-03T10:36:04.0394930Z   global_initialization                         FAIL (Rust code mismatch)  (16ms)
Build (macos-latest)	Run Rust concurrency tests	2026-10-03T10:36:04.0395280Z       line 16:
Build (macos-latest)	Run Rust concurrency tests	2026-10-03T10:36:04.0395430Z         expected: #[cfg(windows)]
Build (macos-latest)	Run Rust concurrency tests	2026-10-03T10:36:04.0395610Z         got:      extern "C" {
Build (macos-latest)	Run Rust concurrency tests	2026-10-03T10:36:04.0395770Z       line 17:
Build (macos-latest)	Run Rust concurrency tests	2026-10-03T10:36:04.0396030Z         expected: fn __sn_write_windows_text<W: std::io::Write>(writer: &mut W, bytes: &[u8]) {
Build (macos-latest)	Run Rust concurrency tests	2026-10-03T10:36:04.0396410Z         got:          #[link_name = "fwrite"]
Build (macos-latest)	Run Rust concurrency tests	2026-10-03T10:36:04.0396650Z       line 18:
Build (macos-latest)	Run Rust concurrency tests	2026-10-03T10:36:04.0396810Z         expected:     let mut start = 0usize;
Build (macos-latest)	Run Rust concurrency tests	2026-10-03T10:36:04.0397190Z         got:          fn __sn_stdio_fwrite(_: *const std::ffi::c_void, _: usize, _: usize, _: *mut std::ffi::c_void) -> usize;
Build (macos-latest)	Run Rust concurrency tests	2026-10-03T10:36:04.0397680Z       line 19:
Build (macos-latest)	Run Rust concurrency tests	2026-10-03T10:36:04.0397890Z         expected:     for (index, byte) in bytes.iter().enumerate() {
Build (macos-latest)	Run Rust concurrency tests	2026-10-03T10:36:04.0398200Z         got:          #[link_name = "fflush"]
Build (macos-latest)	Run Rust concurrency tests	2026-10-03T10:36:04.0398440Z       line 20:
Build (macos-latest)	Run Rust concurrency tests	2026-10-03T10:36:04.0398590Z         expected:         if *byte == b'\n' {
Build (macos-latest)	Run Rust concurrency tests	2026-10-03T10:36:04.0398870Z         got:          fn __sn_stdio_fflush(_: *mut std::ffi::c_void) -> std::ffi::c_int;
Build (macos-latest)	Run Rust concurrency tests	2026-10-03T10:36:04.0399150Z       line 21:
Build (macos-latest)	Run Rust concurrency tests	2026-10-03T10:36:04.0399430Z         expected:             writer.write_all(&bytes[start..index]).expect("failed to write output");
Build (macos-latest)	Run Rust concurrency tests	2026-10-03T10:36:04.0399770Z         got:          #[link_name = "exit"]
Build (macos-latest)	Run Rust concurrency tests	2026-10-03T10:36:04.0399960Z       line 22:
Build (macos-latest)	Run Rust concurrency tests	2026-10-03T10:36:04.0400210Z         expected:             writer.write_all(b"\r\n").expect("failed to write output newline");
Build (macos-latest)	Run Rust concurrency tests	2026-10-03T10:36:04.0400660Z         got:          fn __sn_stdio_c_exit(_: std::ffi::c_int) -> !;
Build (macos-latest)	Run Rust concurrency tests	2026-10-03T10:36:04.0400910Z       line 23:
Build (macos-latest)	Run Rust concurrency tests	2026-10-03T10:36:04.0401070Z         expected:             start = index + 1;
Build (macos-latest)	Run Rust concurrency tests	2026-10-03T10:36:04.0401330Z         got:          #[cfg(windows)]
Build (macos-latest)	Run Rust concurrency tests	2026-10-03T10:36:04.0401550Z       line 24:
Build (macos-latest)	Run Rust concurrency tests	2026-10-03T10:36:04.0401680Z         expected:         }
Build (macos-latest)	Run Rust concurrency tests	2026-10-03T10:36:04.0401870Z         got:          #[link_name = "__acrt_iob_func"]
Build (macos-latest)	Run Rust concurrency tests	2026-10-03T10:36:04.0402070Z       line 25:
Build (macos-latest)	Run Rust concurrency tests	2026-10-03T10:36:04.0402200Z         expected:     }
Build (macos-latest)	Run Rust concurrency tests	2026-10-03T10:36:04.0402410Z         got:          fn __sn_stdio_iob(_: u32) -> *mut std::ffi::c_void;
Build (macos-latest)	Run Rust concurrency tests	2026-10-03T10:36:04.0402750Z   global_places                                 FAIL (Rust code mismatch)  (22ms)
Build (macos-latest)	Run Rust concurrency tests	2026-10-03T10:36:04.0403230Z       line 17:
Build (macos-latest)	Run Rust concurrency tests	2026-10-03T10:36:04.0403370Z         expected: #[cfg(windows)]
Build (macos-latest)	Run Rust concurrency tests	2026-10-03T10:36:04.0403550Z         got:      extern "C" {
Build (macos-latest)	Run Rust concurrency tests	2026-10-03T10:36:04.0403710Z       line 18:
Build (macos-latest)	Run Rust concurrency tests	2026-10-03T10:36:04.0403970Z         expected: fn __sn_write_windows_text<W: std::io::Write>(writer: &mut W, bytes: &[u8]) {
Build (macos-latest)	Run Rust concurrency tests	2026-10-03T10:36:04.0404310Z         got:          #[link_name = "fwrite"]
Build (macos-latest)	Run Rust concurrency tests	2026-10-03T10:36:04.0404500Z       line 19:
Build (macos-latest)	Run Rust concurrency tests	2026-10-03T10:36:04.0404650Z         expected:     let mut start = 0usize;
Build (macos-latest)	Run Rust concurrency tests	2026-10-03T10:36:04.0405030Z         got:          fn __sn_stdio_fwrite(_: *const std::ffi::c_void, _: usize, _: usize, _: *mut std::ffi::c_void) -> usize;
Build (macos-latest)	Run Rust concurrency tests	2026-10-03T10:36:04.0405450Z       line 20:
Build (macos-latest)	Run Rust concurrency tests	2026-10-03T10:36:04.0405690Z         expected:     for (index, byte) in bytes.iter().enumerate() {
Build (macos-latest)	Run Rust concurrency tests	2026-10-03T10:36:04.0405960Z         got:          #[link_name = "fflush"]
Build (macos-latest)	Run Rust concurrency tests	2026-10-03T10:36:04.0406150Z       line 21:
Build (macos-latest)	Run Rust concurrency tests	2026-10-03T10:36:04.0406290Z         expected:         if *byte == b'\n' {
Build (macos-latest)	Run Rust concurrency tests	2026-10-03T10:36:04.0406580Z         got:          fn __sn_stdio_fflush(_: *mut std::ffi::c_void) -> std::ffi::c_int;
Build (macos-latest)	Run Rust concurrency tests	2026-10-03T10:36:04.0406860Z       line 22:
Build (macos-latest)	Run Rust concurrency tests	2026-10-03T10:36:04.0407180Z         expected:             writer.write_all(&bytes[start..index]).expect("failed to write output");
Build (macos-latest)	Run Rust concurrency tests	2026-10-03T10:36:04.0407580Z         got:          #[link_name = "exit"]
Build (macos-latest)	Run Rust concurrency tests	2026-10-03T10:36:04.0407770Z       line 23:
Build (macos-latest)	Run Rust concurrency tests	2026-10-03T10:36:04.0408070Z         expected:             writer.write_all(b"\r\n").expect("failed to write output newline");
Build (macos-latest)	Run Rust concurrency tests	2026-10-03T10:36:04.0408460Z         got:          fn __sn_stdio_c_exit(_: std::ffi::c_int) -> !;
Build (macos-latest)	Run Rust concurrency tests	2026-10-03T10:36:04.0408690Z       line 24:
Build (macos-latest)	Run Rust concurrency tests	2026-10-03T10:36:04.0408840Z         expected:             start = index + 1;
Build (macos-latest)	Run Rust concurrency tests	2026-10-03T10:36:04.0409090Z         got:          #[cfg(windows)]
Build (macos-latest)	Run Rust concurrency tests	2026-10-03T10:36:04.0409300Z       line 25:
Build (macos-latest)	Run Rust concurrency tests	2026-10-03T10:36:04.0409460Z         expected:         }
Build (macos-latest)	Run Rust concurrency tests	2026-10-03T10:36:04.0409650Z         got:          #[link_name = "__acrt_iob_func"]
Build (macos-latest)	Run Rust concurrency tests	2026-10-03T10:36:04.0409860Z       line 26:
Build (macos-latest)	Run Rust concurrency tests	2026-10-03T10:36:04.0409990Z         expected:     }
Build (macos-latest)	Run Rust concurrency tests	2026-10-03T10:36:04.0410200Z         got:          fn __sn_stdio_iob(_: u32) -> *mut std::ffi::c_void;
Build (macos-latest)	Run Rust concurrency tests	2026-10-03T10:36:04.0410510Z   hygiene                                       FAIL (Rust code mismatch)  (20ms)
Build (macos-latest)	Run Rust concurrency tests	2026-10-03T10:36:04.0410760Z       line 53:
Build (macos-latest)	Run Rust concurrency tests	2026-10-03T10:36:04.0410930Z         expected: #[cfg(windows)]
Build (macos-latest)	Run Rust concurrency tests	2026-10-03T10:36:04.0411310Z         got:      extern "C" {
Build (macos-latest)	Run Rust concurrency tests	2026-10-03T10:36:04.0411480Z       line 54:
Build (macos-latest)	Run Rust concurrency tests	2026-10-03T10:36:04.0411740Z         expected: fn __sn_write_windows_text<W: std::io::Write>(writer: &mut W, bytes: &[u8]) {
Build (macos-latest)	Run Rust concurrency tests	2026-10-03T10:36:04.0412080Z         got:          #[link_name = "fwrite"]
Build (macos-latest)	Run Rust concurrency tests	2026-10-03T10:36:04.0412270Z       line 55:
Build (macos-latest)	Run Rust concurrency tests	2026-10-03T10:36:04.0412410Z         expected:     let mut start = 0usize;
Build (macos-latest)	Run Rust concurrency tests	2026-10-03T10:36:04.0412960Z         got:          fn __sn_stdio_fwrite(_: *const std::ffi::c_void, _: usize, _: usize, _: *mut std::ffi::c_void) -> usize;
Build (macos-latest)	Run Rust concurrency tests	2026-10-03T10:36:04.0413410Z       line 56:
Build (macos-latest)	Run Rust concurrency tests	2026-10-03T10:36:04.0413650Z         expected:     for (index, byte) in bytes.iter().enumerate() {
Build (macos-latest)	Run Rust concurrency tests	2026-10-03T10:36:04.0413920Z         got:          #[link_name = "fflush"]
Build (macos-latest)	Run Rust concurrency tests	2026-10-03T10:36:04.0414110Z       line 57:
Build (macos-latest)	Run Rust concurrency tests	2026-10-03T10:36:04.0414250Z         expected:         if *byte == b'\n' {
Build (macos-latest)	Run Rust concurrency tests	2026-10-03T10:36:04.0414540Z         got:          fn __sn_stdio_fflush(_: *mut std::ffi::c_void) -> std::ffi::c_int;
Build (macos-latest)	Run Rust concurrency tests	2026-10-03T10:36:04.0414820Z       line 58:
Build (macos-latest)	Run Rust concurrency tests	2026-10-03T10:36:04.0415090Z         expected:             writer.write_all(&bytes[start..index]).expect("failed to write output");
Build (macos-latest)	Run Rust concurrency tests	2026-10-03T10:36:04.0415430Z         got:          #[link_name = "exit"]
Build (macos-latest)	Run Rust concurrency tests	2026-10-03T10:36:04.0415610Z       line 59:
Build (macos-latest)	Run Rust concurrency tests	2026-10-03T10:36:04.0415910Z         expected:             writer.write_all(b"\r\n").expect("failed to write output newline");
Build (macos-latest)	Run Rust concurrency tests	2026-10-03T10:36:04.0416370Z         got:          fn __sn_stdio_c_exit(_: std::ffi::c_int) -> !;
Build (macos-latest)	Run Rust concurrency tests	2026-10-03T10:36:04.0416610Z       line 60:
Build (macos-latest)	Run Rust concurrency tests	2026-10-03T10:36:04.0416760Z         expected:             start = index + 1;
Build (macos-latest)	Run Rust concurrency tests	2026-10-03T10:36:04.0417170Z         got:          #[cfg(windows)]
Build (macos-latest)	Run Rust concurrency tests	2026-10-03T10:36:04.0417350Z       line 61:
Build (macos-latest)	Run Rust concurrency tests	2026-10-03T10:36:04.0417470Z         expected:         }
Build (macos-latest)	Run Rust concurrency tests	2026-10-03T10:36:04.0417680Z         got:          #[link_name = "__acrt_iob_func"]
Build (macos-latest)	Run Rust concurrency tests	2026-10-03T10:36:04.0417930Z       line 62:
Build (macos-latest)	Run Rust concurrency tests	2026-10-03T10:36:04.0418090Z         expected:     }
Build (macos-latest)	Run Rust concurrency tests	2026-10-03T10:36:04.0418320Z         got:          fn __sn_stdio_iob(_: u32) -> *mut std::ffi::c_void;
Build (macos-latest)	Run Rust concurrency tests	2026-10-03T10:36:04.0418730Z   join_visibility                               FAIL (Rust code mismatch)  (21ms)
Build (macos-latest)	Run Rust concurrency tests	2026-10-03T10:36:04.0418990Z       line 53:
Build (macos-latest)	Run Rust concurrency tests	2026-10-03T10:36:04.0419130Z         expected: #[cfg(windows)]
Build (macos-latest)	Run Rust concurrency tests	2026-10-03T10:36:04.0419310Z         got:      extern "C" {
Build (macos-latest)	Run Rust concurrency tests	2026-10-03T10:36:04.0419470Z       line 54:
Build (macos-latest)	Run Rust concurrency tests	2026-10-03T10:36:04.0419730Z         expected: fn __sn_write_windows_text<W: std::io::Write>(writer: &mut W, bytes: &[u8]) {
Build (macos-latest)	Run Rust concurrency tests	2026-10-03T10:36:04.0420100Z         got:          #[link_name = "fwrite"]
Build (macos-latest)	Run Rust concurrency tests	2026-10-03T10:36:04.0420330Z       line 55:
Build (macos-latest)	Run Rust concurrency tests	2026-10-03T10:36:04.0420500Z         expected:     let mut start = 0usize;
Build (macos-latest)	Run Rust concurrency tests	2026-10-03T10:36:04.0420870Z         got:          fn __sn_stdio_fwrite(_: *const std::ffi::c_void, _: usize, _: usize, _: *mut std::ffi::c_void) -> usize;
Build (macos-latest)	Run Rust concurrency tests	2026-10-03T10:36:04.0421230Z       line 56:
Build (macos-latest)	Run Rust concurrency tests	2026-10-03T10:36:04.0421430Z         expected:     for (index, byte) in bytes.iter().enumerate() {
Build (macos-latest)	Run Rust concurrency tests	2026-10-03T10:36:04.0421700Z         got:          #[link_name = "fflush"]
Build (macos-latest)	Run Rust concurrency tests	2026-10-03T10:36:04.0421890Z       line 57:
Build (macos-latest)	Run Rust concurrency tests	2026-10-03T10:36:04.0422070Z         expected:         if *byte == b'\n' {
Build (macos-latest)	Run Rust concurrency tests	2026-10-03T10:36:04.0422410Z         got:          fn __sn_stdio_fflush(_: *mut std::ffi::c_void) -> std::ffi::c_int;
Build (macos-latest)	Run Rust concurrency tests	2026-10-03T10:36:04.0422690Z       line 58:
Build (macos-latest)	Run Rust concurrency tests	2026-10-03T10:36:04.0422960Z         expected:             writer.write_all(&bytes[start..index]).expect("failed to write output");
Build (macos-latest)	Run Rust concurrency tests	2026-10-03T10:36:04.0423290Z         got:          #[link_name = "exit"]
Build (macos-latest)	Run Rust concurrency tests	2026-10-03T10:36:04.0423480Z       line 59:
Build (macos-latest)	Run Rust concurrency tests	2026-10-03T10:36:04.0423730Z         expected:             writer.write_all(b"\r\n").expect("failed to write output newline");
Build (macos-latest)	Run Rust concurrency tests	2026-10-03T10:36:04.0424180Z         got:          fn __sn_stdio_c_exit(_: std::ffi::c_int) -> !;
Build (macos-latest)	Run Rust concurrency tests	2026-10-03T10:36:04.0424460Z       line 60:
Build (macos-latest)	Run Rust concurrency tests	2026-10-03T10:36:04.0424610Z         expected:             start = index + 1;
Build (macos-latest)	Run Rust concurrency tests	2026-10-03T10:36:04.0424820Z         got:          #[cfg(windows)]
Build (macos-latest)	Run Rust concurrency tests	2026-10-03T10:36:04.0425080Z       line 61:
Build (macos-latest)	Run Rust concurrency tests	2026-10-03T10:36:04.0425220Z         expected:         }
Build (macos-latest)	Run Rust concurrency tests	2026-10-03T10:36:04.0425410Z         got:          #[link_name = "__acrt_iob_func"]
Build (macos-latest)	Run Rust concurrency tests	2026-10-03T10:36:04.0425610Z       line 62:
Build (macos-latest)	Run Rust concurrency tests	2026-10-03T10:36:04.0425740Z         expected:     }
Build (macos-latest)	Run Rust concurrency tests	2026-10-03T10:36:04.0426000Z         got:          fn __sn_stdio_iob(_: u32) -> *mut std::ffi::c_void;
Build (macos-latest)	Run Rust concurrency tests	2026-10-03T10:36:04.0426370Z   lock_return                                   FAIL (Rust code mismatch)  (18ms)
Build (macos-latest)	Run Rust concurrency tests	2026-10-03T10:36:04.0426630Z       line 16:
Build (macos-latest)	Run Rust concurrency tests	2026-10-03T10:36:04.0426770Z         expected: #[cfg(windows)]
Build (macos-latest)	Run Rust concurrency tests	2026-10-03T10:36:04.0426940Z         got:      extern "C" {
Build (macos-latest)	Run Rust concurrency tests	2026-10-03T10:36:04.0427110Z       line 17:
Build (macos-latest)	Run Rust concurrency tests	2026-10-03T10:36:04.0427380Z         expected: fn __sn_write_windows_text<W: std::io::Write>(writer: &mut W, bytes: &[u8]) {
Build (macos-latest)	Run Rust concurrency tests	2026-10-03T10:36:04.0427740Z         got:          #[link_name = "fwrite"]
Build (macos-latest)	Run Rust concurrency tests	2026-10-03T10:36:04.0427980Z       line 18:
Build (macos-latest)	Run Rust concurrency tests	2026-10-03T10:36:04.0428150Z         expected:     let mut start = 0usize;
Build (macos-latest)	Run Rust concurrency tests	2026-10-03T10:36:04.0428530Z         got:          fn __sn_stdio_fwrite(_: *const std::ffi::c_void, _: usize, _: usize, _: *mut std::ffi::c_void) -> usize;
Build (macos-latest)	Run Rust concurrency tests	2026-10-03T10:36:04.0428900Z       line 19:
Build (macos-latest)	Run Rust concurrency tests	2026-10-03T10:36:04.0429090Z         expected:     for (index, byte) in bytes.iter().enumerate() {
Build (macos-latest)	Run Rust concurrency tests	2026-10-03T10:36:04.0429370Z         got:          #[link_name = "fflush"]
Build (macos-latest)	Run Rust concurrency tests	2026-10-03T10:36:04.0429550Z       line 20:
Build (macos-latest)	Run Rust concurrency tests	2026-10-03T10:36:04.0429730Z         expected:         if *byte == b'\n' {
Build (macos-latest)	Run Rust concurrency tests	2026-10-03T10:36:04.0430090Z         got:          fn __sn_stdio_fflush(_: *mut std::ffi::c_void) -> std::ffi::c_int;
Build (macos-latest)	Run Rust concurrency tests	2026-10-03T10:36:04.0430360Z       line 21:
Build (macos-latest)	Run Rust concurrency tests	2026-10-03T10:36:04.0430790Z         expected:             writer.write_all(&bytes[start..index]).expect("failed to write output");
Build (macos-latest)	Run Rust concurrency tests	2026-10-03T10:36:04.0431140Z         got:          #[link_name = "exit"]
Build (macos-latest)	Run Rust concurrency tests	2026-10-03T10:36:04.0431320Z       line 22:
Build (macos-latest)	Run Rust concurrency tests	2026-10-03T10:36:04.0431590Z         expected:             writer.write_all(b"\r\n").expect("failed to write output newline");
Build (macos-latest)	Run Rust concurrency tests	2026-10-03T10:36:04.0432040Z         got:          fn __sn_stdio_c_exit(_: std::ffi::c_int) -> !;
Build (macos-latest)	Run Rust concurrency tests	2026-10-03T10:36:04.0432280Z       line 23:
Build (macos-latest)	Run Rust concurrency tests	2026-10-03T10:36:04.0432430Z         expected:             start = index + 1;
Build (macos-latest)	Run Rust concurrency tests	2026-10-03T10:36:04.0432640Z         got:          #[cfg(windows)]
Build (macos-latest)	Run Rust concurrency tests	2026-10-03T10:36:04.0432810Z       line 24:
Build (macos-latest)	Run Rust concurrency tests	2026-10-03T10:36:04.0432940Z         expected:         }
Build (macos-latest)	Run Rust concurrency tests	2026-10-03T10:36:04.0433130Z         got:          #[link_name = "__acrt_iob_func"]
Build (macos-latest)	Run Rust concurrency tests	2026-10-03T10:36:04.0441790Z       line 25:
Build (macos-latest)	Run Rust concurrency tests	2026-10-03T10:36:04.0442010Z         expected:     }
Build (macos-latest)	Run Rust concurrency tests	2026-10-03T10:36:04.0442350Z         got:          fn __sn_stdio_iob(_: u32) -> *mut std::ffi::c_void;
Build (macos-latest)	Run Rust concurrency tests	2026-10-03T10:36:04.0442780Z   owned_arguments                               FAIL (Rust code mismatch)  (20ms)
Build (macos-latest)	Run Rust concurrency tests	2026-10-03T10:36:04.0443080Z       line 40:
Build (macos-latest)	Run Rust concurrency tests	2026-10-03T10:36:04.0443230Z         expected: #[cfg(windows)]
Build (macos-latest)	Run Rust concurrency tests	2026-10-03T10:36:04.0443410Z         got:      extern "C" {
Build (macos-latest)	Run Rust concurrency tests	2026-10-03T10:36:04.0443580Z       line 41:
Build (macos-latest)	Run Rust concurrency tests	2026-10-03T10:36:04.0443850Z         expected: fn __sn_write_windows_text<W: std::io::Write>(writer: &mut W, bytes: &[u8]) {
Build (macos-latest)	Run Rust concurrency tests	2026-10-03T10:36:04.0444200Z         got:          #[link_name = "fwrite"]
Build (macos-latest)	Run Rust concurrency tests	2026-10-03T10:36:04.0444400Z       line 42:
Build (macos-latest)	Run Rust concurrency tests	2026-10-03T10:36:04.0444550Z         expected:     let mut start = 0usize;
Build (macos-latest)	Run Rust concurrency tests	2026-10-03T10:36:04.0444940Z         got:          fn __sn_stdio_fwrite(_: *const std::ffi::c_void, _: usize, _: usize, _: *mut std::ffi::c_void) -> usize;
Build (macos-latest)	Run Rust concurrency tests	2026-10-03T10:36:04.0445410Z       line 43:
Build (macos-latest)	Run Rust concurrency tests	2026-10-03T10:36:04.0445610Z         expected:     for (index, byte) in bytes.iter().enumerate() {
Build (macos-latest)	Run Rust concurrency tests	2026-10-03T10:36:04.0445880Z         got:          #[link_name = "fflush"]
Build (macos-latest)	Run Rust concurrency tests	2026-10-03T10:36:04.0446080Z       line 44:
Build (macos-latest)	Run Rust concurrency tests	2026-10-03T10:36:04.0446230Z         expected:         if *byte == b'\n' {
Build (macos-latest)	Run Rust concurrency tests	2026-10-03T10:36:04.0446520Z         got:          fn __sn_stdio_fflush(_: *mut std::ffi::c_void) -> std::ffi::c_int;
Build (macos-latest)	Run Rust concurrency tests	2026-10-03T10:36:04.0446800Z       line 45:
Build (macos-latest)	Run Rust concurrency tests	2026-10-03T10:36:04.0447080Z         expected:             writer.write_all(&bytes[start..index]).expect("failed to write output");
Build (macos-latest)	Run Rust concurrency tests	2026-10-03T10:36:04.0447770Z         got:          #[link_name = "exit"]
Build (macos-latest)	Run Rust concurrency tests	2026-10-03T10:36:04.0447950Z       line 46:
Build (macos-latest)	Run Rust concurrency tests	2026-10-03T10:36:04.0448230Z         expected:             writer.write_all(b"\r\n").expect("failed to write output newline");
Build (macos-latest)	Run Rust concurrency tests	2026-10-03T10:36:04.0448680Z         got:          fn __sn_stdio_c_exit(_: std::ffi::c_int) -> !;
Build (macos-latest)	Run Rust concurrency tests	2026-10-03T10:36:04.0448920Z       line 47:
Build (macos-latest)	Run Rust concurrency tests	2026-10-03T10:36:04.0449070Z         expected:             start = index + 1;
Build (macos-latest)	Run Rust concurrency tests	2026-10-03T10:36:04.0449290Z         got:          #[cfg(windows)]
Build (macos-latest)	Run Rust concurrency tests	2026-10-03T10:36:04.0449480Z       line 48:
Build (macos-latest)	Run Rust concurrency tests	2026-10-03T10:36:04.0449640Z         expected:         }
Build (macos-latest)	Run Rust concurrency tests	2026-10-03T10:36:04.0449850Z         got:          #[link_name = "__acrt_iob_func"]
Build (macos-latest)	Run Rust concurrency tests	2026-10-03T10:36:04.0450060Z       line 49:
Build (macos-latest)	Run Rust concurrency tests	2026-10-03T10:36:04.0450200Z         expected:     }
Build (macos-latest)	Run Rust concurrency tests	2026-10-03T10:36:04.0450420Z         got:          fn __sn_stdio_iob(_: u32) -> *mut std::ffi::c_void;
Build (macos-latest)	Run Rust concurrency tests	2026-10-03T10:36:04.0450740Z   scope_join                                    FAIL (Rust code mismatch)  (15ms)
Build (macos-latest)	Run Rust concurrency tests	2026-10-03T10:36:04.0451000Z       line 52:
Build (macos-latest)	Run Rust concurrency tests	2026-10-03T10:36:04.0451150Z         expected: #[cfg(windows)]
Build (macos-latest)	Run Rust concurrency tests	2026-10-03T10:36:04.0451370Z         got:      extern "C" {
Build (macos-latest)	Run Rust concurrency tests	2026-10-03T10:36:04.0451580Z       line 53:
Build (macos-latest)	Run Rust concurrency tests	2026-10-03T10:36:04.0451860Z         expected: fn __sn_write_windows_text<W: std::io::Write>(writer: &mut W, bytes: &[u8]) {
Build (macos-latest)	Run Rust concurrency tests	2026-10-03T10:36:04.0452210Z         got:          #[link_name = "fwrite"]
Build (macos-latest)	Run Rust concurrency tests	2026-10-03T10:36:04.0452400Z       line 54:
Build (macos-latest)	Run Rust concurrency tests	2026-10-03T10:36:04.0452540Z         expected:     let mut start = 0usize;
Build (macos-latest)	Run Rust concurrency tests	2026-10-03T10:36:04.0452930Z         got:          fn __sn_stdio_fwrite(_: *const std::ffi::c_void, _: usize, _: usize, _: *mut std::ffi::c_void) -> usize;
Build (macos-latest)	Run Rust concurrency tests	2026-10-03T10:36:04.0453680Z       line 55:
Build (macos-latest)	Run Rust concurrency tests	2026-10-03T10:36:04.0453920Z         expected:     for (index, byte) in bytes.iter().enumerate() {
Build (macos-latest)	Run Rust concurrency tests	2026-10-03T10:36:04.0454250Z         got:          #[link_name = "fflush"]
Build (macos-latest)	Run Rust concurrency tests	2026-10-03T10:36:04.0454480Z       line 56:
Build (macos-latest)	Run Rust concurrency tests	2026-10-03T10:36:04.0454660Z         expected:         if *byte == b'\n' {
Build (macos-latest)	Run Rust concurrency tests	2026-10-03T10:36:04.0455010Z         got:          fn __sn_stdio_fflush(_: *mut std::ffi::c_void) -> std::ffi::c_int;
Build (macos-latest)	Run Rust concurrency tests	2026-10-03T10:36:04.0455360Z       line 57:
Build (macos-latest)	Run Rust concurrency tests	2026-10-03T10:36:04.0455660Z         expected:             writer.write_all(&bytes[start..index]).expect("failed to write output");
Build (macos-latest)	Run Rust concurrency tests	2026-10-03T10:36:04.0456030Z         got:          #[link_name = "exit"]
Build (macos-latest)	Run Rust concurrency tests	2026-10-03T10:36:04.0456220Z       line 58:
Build (macos-latest)	Run Rust concurrency tests	2026-10-03T10:36:04.0456490Z         expected:             writer.write_all(b"\r\n").expect("failed to write output newline");
Build (macos-latest)	Run Rust concurrency tests	2026-10-03T10:36:04.0457190Z         got:          fn __sn_stdio_c_exit(_: std::ffi::c_int) -> !;
Build (macos-latest)	Run Rust concurrency tests	2026-10-03T10:36:04.0457600Z       line 59:
Build (macos-latest)	Run Rust concurrency tests	2026-10-03T10:36:04.0457840Z         expected:             start = index + 1;
Build (macos-latest)	Run Rust concurrency tests	2026-10-03T10:36:04.0458150Z         got:          #[cfg(windows)]
Build (macos-latest)	Run Rust concurrency tests	2026-10-03T10:36:04.0458410Z       line 60:
Build (macos-latest)	Run Rust concurrency tests	2026-10-03T10:36:04.0458560Z         expected:         }
Build (macos-latest)	Run Rust concurrency tests	2026-10-03T10:36:04.0458750Z         got:          #[link_name = "__acrt_iob_func"]
Build (macos-latest)	Run Rust concurrency tests	2026-10-03T10:36:04.0458970Z       line 61:
Build (macos-latest)	Run Rust concurrency tests	2026-10-03T10:36:04.0459110Z         expected:     }
Build (macos-latest)	Run Rust concurrency tests	2026-10-03T10:36:04.0459340Z         got:          fn __sn_stdio_iob(_: u32) -> *mut std::ffi::c_void;
Build (macos-latest)	Run Rust concurrency tests	2026-10-03T10:36:04.0459770Z   sync_guard_reentry                            FAIL (Rust code mismatch)  (18ms)
Build (macos-latest)	Run Rust concurrency tests	2026-10-03T10:36:04.0460140Z       line 53:
Build (macos-latest)	Run Rust concurrency tests	2026-10-03T10:36:04.0460390Z         expected: #[cfg(windows)]
Build (macos-latest)	Run Rust concurrency tests	2026-10-03T10:36:04.0460620Z         got:      extern "C" {
Build (macos-latest)	Run Rust concurrency tests	2026-10-03T10:36:04.0460800Z       line 54:
Build (macos-latest)	Run Rust concurrency tests	2026-10-03T10:36:04.0461070Z         expected: fn __sn_write_windows_text<W: std::io::Write>(writer: &mut W, bytes: &[u8]) {
Build (macos-latest)	Run Rust concurrency tests	2026-10-03T10:36:04.0461440Z         got:          #[link_name = "fwrite"]
Build (macos-latest)	Run Rust concurrency tests	2026-10-03T10:36:04.0461680Z       line 55:
Build (macos-latest)	Run Rust concurrency tests	2026-10-03T10:36:04.0461860Z         expected:     let mut start = 0usize;
Build (macos-latest)	Run Rust concurrency tests	2026-10-03T10:36:04.0462330Z         got:          fn __sn_stdio_fwrite(_: *const std::ffi::c_void, _: usize, _: usize, _: *mut std::ffi::c_void) -> usize;
Build (macos-latest)	Run Rust concurrency tests	2026-10-03T10:36:04.0462930Z       line 56:
Build (macos-latest)	Run Rust concurrency tests	2026-10-03T10:36:04.0463180Z         expected:     for (index, byte) in bytes.iter().enumerate() {
Build (macos-latest)	Run Rust concurrency tests	2026-10-03T10:36:04.0463460Z         got:          #[link_name = "fflush"]
Build (macos-latest)	Run Rust concurrency tests	2026-10-03T10:36:04.0463640Z       line 57:
Build (macos-latest)	Run Rust concurrency tests	2026-10-03T10:36:04.0463780Z         expected:         if *byte == b'\n' {
Build (macos-latest)	Run Rust concurrency tests	2026-10-03T10:36:04.0464070Z         got:          fn __sn_stdio_fflush(_: *mut std::ffi::c_void) -> std::ffi::c_int;
Build (macos-latest)	Run Rust concurrency tests	2026-10-03T10:36:04.0464350Z       line 58:
Build (macos-latest)	Run Rust concurrency tests	2026-10-03T10:36:04.0464670Z         expected:             writer.write_all(&bytes[start..index]).expect("failed to write output");
Build (macos-latest)	Run Rust concurrency tests	2026-10-03T10:36:04.0465080Z         got:          #[link_name = "exit"]
Build (macos-latest)	Run Rust concurrency tests	2026-10-03T10:36:04.0465260Z       line 59:
Build (macos-latest)	Run Rust concurrency tests	2026-10-03T10:36:04.0465520Z         expected:             writer.write_all(b"\r\n").expect("failed to write output newline");
Build (macos-latest)	Run Rust concurrency tests	2026-10-03T10:36:04.0465890Z         got:          fn __sn_stdio_c_exit(_: std::ffi::c_int) -> !;
Build (macos-latest)	Run Rust concurrency tests	2026-10-03T10:36:04.0466120Z       line 60:
Build (macos-latest)	Run Rust concurrency tests	2026-10-03T10:36:04.0466280Z         expected:             start = index + 1;
Build (macos-latest)	Run Rust concurrency tests	2026-10-03T10:36:04.0466490Z         got:          #[cfg(windows)]
Build (macos-latest)	Run Rust concurrency tests	2026-10-03T10:36:04.0466680Z       line 61:
Build (macos-latest)	Run Rust concurrency tests	2026-10-03T10:36:04.0466810Z         expected:         }
Build (macos-latest)	Run Rust concurrency tests	2026-10-03T10:36:04.0467000Z         got:          #[link_name = "__acrt_iob_func"]
Build (macos-latest)	Run Rust concurrency tests	2026-10-03T10:36:04.0467210Z       line 62:
Build (macos-latest)	Run Rust concurrency tests	2026-10-03T10:36:04.0467350Z         expected:     }
Build (macos-latest)	Run Rust concurrency tests	2026-10-03T10:36:04.0467800Z         got:          fn __sn_stdio_iob(_: u32) -> *mut std::ffi::c_void;
Build (macos-latest)	Run Rust concurrency tests	2026-10-03T10:36:04.0468050Z 
Build (macos-latest)	Run Rust concurrency tests	2026-10-03T10:36:04.0468180Z ------------------------------------------------------------
Build (macos-latest)	Run Rust concurrency tests	2026-10-03T10:36:04.0468740Z Results: 0 passed, 10 failed, 0 skipped  (78ms)
Build (macos-latest)	Run Rust concurrency tests	2026-10-03T10:36:04.0468950Z 
Build (macos-latest)	Run Rust concurrency tests	2026-10-03T10:36:04.0469020Z Some tests failed!  (total: 78ms)
Build (macos-latest)	Run Rust concurrency tests	2026-10-03T10:36:04.0469240Z make: *** [test-rust-concurrency] Error 1
Build (macos-latest)	Run Rust concurrency tests	2026-10-03T10:36:04.0479660Z ##[error]Process completed with exit code 2.
