2026-10-02T17:02:23.6171443Z Current runner version: '2.337.0'
2026-10-02T17:02:23.6200315Z ##[group]Runner Image Provisioner
2026-10-02T17:02:23.6201244Z Hosted Compute Agent
2026-10-02T17:02:23.6201920Z Version: 20260901.588
2026-10-02T17:02:23.6203101Z Commit: f88ec8081b781fac6c440065ac7ff9e710ce3d0b
2026-10-02T17:02:23.6203982Z Build Date: 2026-09-01T19:56:44Z
2026-10-02T17:02:23.6204771Z Worker ID: {f4eb1ebd-170b-4a1e-8e19-5e2a877e719d}
2026-10-02T17:02:23.6205589Z Azure Region: centralus
2026-10-02T17:02:23.6206307Z ##[endgroup]
2026-10-02T17:02:23.6208060Z ##[group]Operating System
2026-10-02T17:02:23.6208783Z Microsoft Windows Server 2025
2026-10-02T17:02:23.6209505Z 10.0.26100
2026-10-02T17:02:23.6210080Z Datacenter
2026-10-02T17:02:23.6210642Z ##[endgroup]
2026-10-02T17:02:23.6211235Z ##[group]Runner Image
2026-10-02T17:02:23.6211919Z Image: windows-2025-vs2026
2026-10-02T17:02:23.6212619Z Version: 20260925.250.1
2026-10-02T17:02:23.6214835Z Included Software: https://github.com/actions/runner-images/blob/win25-vs2026/20260925.250/images/windows/Windows2025-VS2026-Readme.md
2026-10-02T17:02:23.6216889Z Image Release: https://github.com/actions/runner-images/releases/tag/win25-vs2026%2F20260925.250
2026-10-02T17:02:23.6218095Z ##[endgroup]
2026-10-02T17:02:23.6219365Z ##[group]GITHUB_TOKEN Permissions
2026-10-02T17:02:23.6221588Z Contents: read
2026-10-02T17:02:23.6222243Z Metadata: read
2026-10-02T17:02:23.6223312Z ##[endgroup]
2026-10-02T17:02:23.6225665Z Secret source: Actions
2026-10-02T17:02:23.6226731Z Cache mode: write
2026-10-02T17:02:23.6227508Z Prepare workflow directory
2026-10-02T17:02:23.6579233Z Prepare all required actions
2026-10-02T17:02:23.6638904Z Getting action download info
2026-10-02T17:02:24.0002238Z Download action repository 'actions/checkout@v7' (SHA:3d3c42e5aac5ba805825da76410c181273ba90b1)
2026-10-02T17:02:24.0980620Z Download action repository 'actions/upload-artifact@v7' (SHA:043fb46d1a93c77aae656e7c1c64a875d1fc6a0a)
2026-10-02T17:02:24.2789077Z Complete job name: Rust runtime (windows-latest)
2026-10-02T17:02:24.4111915Z ##[group]Run actions/checkout@v7
2026-10-02T17:02:24.4113292Z with:
2026-10-02T17:02:24.4113755Z   repository: SindarinSDK/sindarin-compiler
2026-10-02T17:02:24.4117093Z   token: ***
2026-10-02T17:02:24.4117554Z   ssh-strict: true
2026-10-02T17:02:24.4117959Z   ssh-user: git
2026-10-02T17:02:24.4118380Z   persist-credentials: true
2026-10-02T17:02:24.4118827Z   clean: true
2026-10-02T17:02:24.4119220Z   sparse-checkout-cone-mode: true
2026-10-02T17:02:24.4119702Z   fetch-depth: 1
2026-10-02T17:02:24.4120097Z   fetch-tags: false
2026-10-02T17:02:24.4120494Z   show-progress: true
2026-10-02T17:02:24.4120943Z   lfs: false
2026-10-02T17:02:24.4121325Z   submodules: false
2026-10-02T17:02:24.4121784Z   set-safe-directory: true
2026-10-02T17:02:24.4122248Z   allow-unsafe-pr-checkout: false
2026-10-02T17:02:24.4122898Z ##[endgroup]
2026-10-02T17:02:24.5417299Z Syncing repository: SindarinSDK/sindarin-compiler
2026-10-02T17:02:24.5419471Z ##[group]Getting Git version info
2026-10-02T17:02:24.5420161Z Working directory is 'D:\a\sindarin-compiler\sindarin-compiler'
2026-10-02T17:02:24.6153773Z [command]"C:\Program Files\Git\bin\git.exe" version
2026-10-02T17:02:24.9338766Z git version 2.55.0.windows.5
2026-10-02T17:02:24.9385577Z ##[endgroup]
2026-10-02T17:02:24.9401449Z Temporarily overriding HOME='D:\a\_temp\5ec3d4d9-61f7-418a-9917-e2011d1a32db' before making global git config changes
2026-10-02T17:02:24.9403136Z Adding repository directory to the temporary git global config as a safe directory
2026-10-02T17:02:24.9413502Z [command]"C:\Program Files\Git\bin\git.exe" config --global --add safe.directory D:\a\sindarin-compiler\sindarin-compiler
2026-10-02T17:02:24.9991194Z Deleting the contents of 'D:\a\sindarin-compiler\sindarin-compiler'
2026-10-02T17:02:24.9995918Z ##[group]Determining repository object format
2026-10-02T17:02:24.9997697Z ##[endgroup]
2026-10-02T17:02:24.9998456Z ##[group]Initializing the repository
2026-10-02T17:02:25.0006362Z [command]"C:\Program Files\Git\bin\git.exe" init D:\a\sindarin-compiler\sindarin-compiler
2026-10-02T17:02:25.0721439Z Initialized empty Git repository in D:/a/sindarin-compiler/sindarin-compiler/.git/
2026-10-02T17:02:25.0794253Z [command]"C:\Program Files\Git\bin\git.exe" remote add origin https://github.com/SindarinSDK/sindarin-compiler
2026-10-02T17:02:25.1451701Z ##[endgroup]
2026-10-02T17:02:25.1452593Z ##[group]Disabling automatic garbage collection
2026-10-02T17:02:25.1459187Z [command]"C:\Program Files\Git\bin\git.exe" config --local gc.auto 0
2026-10-02T17:02:25.1715910Z ##[endgroup]
2026-10-02T17:02:25.1717177Z ##[group]Setting up auth
2026-10-02T17:02:25.1717997Z Removing SSH command configuration
2026-10-02T17:02:25.1725419Z [command]"C:\Program Files\Git\bin\git.exe" config --local --name-only --get-regexp core\.sshCommand
2026-10-02T17:02:25.1981219Z [command]"C:\Program Files\Git\bin\git.exe" submodule foreach --recursive "sh -c \"git config --local --name-only --get-regexp 'core\.sshCommand' && git config --local --unset-all 'core.sshCommand' || :\""
2026-10-02T17:02:26.5055287Z Removing HTTP extra header
2026-10-02T17:02:26.5063984Z [command]"C:\Program Files\Git\bin\git.exe" config --local --name-only --get-regexp http\.https\:\/\/github\.com\/\.extraheader
2026-10-02T17:02:26.5313320Z [command]"C:\Program Files\Git\bin\git.exe" submodule foreach --recursive "sh -c \"git config --local --name-only --get-regexp 'http\.https\:\/\/github\.com\/\.extraheader' && git config --local --unset-all 'http.https://github.com/.extraheader' || :\""
2026-10-02T17:02:26.9920557Z Removing includeIf entries pointing to credentials config files
2026-10-02T17:02:26.9929999Z [command]"C:\Program Files\Git\bin\git.exe" config --local --name-only --get-regexp ^includeIf\.gitdir:
2026-10-02T17:02:27.0179506Z [command]"C:\Program Files\Git\bin\git.exe" submodule foreach --recursive "git config --local --show-origin --name-only --get-regexp remote.origin.url"
2026-10-02T17:02:27.4843579Z [command]"C:\Program Files\Git\bin\git.exe" config --file D:\a\_temp\git-credentials-f26eb231-4040-41c9-b4de-a3948e33bbb8.config http.https://github.com/.extraheader "AUTHORIZATION: basic ***"
2026-10-02T17:02:27.5104172Z [command]"C:\Program Files\Git\bin\git.exe" config --local includeIf.gitdir:D:/a/sindarin-compiler/sindarin-compiler/.git.path D:\a\_temp\git-credentials-f26eb231-4040-41c9-b4de-a3948e33bbb8.config
2026-10-02T17:02:27.5361862Z [command]"C:\Program Files\Git\bin\git.exe" config --local includeIf.gitdir:D:/a/sindarin-compiler/sindarin-compiler/.git/worktrees/*.path D:\a\_temp\git-credentials-f26eb231-4040-41c9-b4de-a3948e33bbb8.config
2026-10-02T17:02:27.5655592Z [command]"C:\Program Files\Git\bin\git.exe" config --local includeIf.gitdir:/github/workspace/.git.path /github/runner_temp/git-credentials-f26eb231-4040-41c9-b4de-a3948e33bbb8.config
2026-10-02T17:02:27.5901403Z [command]"C:\Program Files\Git\bin\git.exe" config --local includeIf.gitdir:/github/workspace/.git/worktrees/*.path /github/runner_temp/git-credentials-f26eb231-4040-41c9-b4de-a3948e33bbb8.config
2026-10-02T17:02:27.6145001Z ##[endgroup]
2026-10-02T17:02:27.6145753Z ##[group]Fetching the repository
2026-10-02T17:02:27.6160350Z [command]"C:\Program Files\Git\bin\git.exe" -c protocol.version=2 fetch --no-tags --prune --no-recurse-submodules --depth=1 origin +c45d2b17f07151ffc57723a91fb043394834130c:refs/remotes/pull/144/merge
2026-10-02T17:02:29.1007734Z From https://github.com/SindarinSDK/sindarin-compiler
2026-10-02T17:02:29.1009245Z  * [new ref]         c45d2b17f07151ffc57723a91fb043394834130c -> pull/144/merge
2026-10-02T17:02:29.1053987Z ##[endgroup]
2026-10-02T17:02:29.1054673Z ##[group]Determining the checkout info
2026-10-02T17:02:29.1055303Z ##[endgroup]
2026-10-02T17:02:29.1066645Z [command]"C:\Program Files\Git\bin\git.exe" sparse-checkout disable
2026-10-02T17:02:29.1462173Z [command]"C:\Program Files\Git\bin\git.exe" config --local --unset-all extensions.worktreeConfig
2026-10-02T17:02:29.1757905Z ##[group]Checking out the ref
2026-10-02T17:02:29.1766081Z [command]"C:\Program Files\Git\bin\git.exe" checkout --progress --force refs/remotes/pull/144/merge
2026-10-02T17:02:30.0406421Z Note: switching to 'refs/remotes/pull/144/merge'.
2026-10-02T17:02:30.0406963Z 
2026-10-02T17:02:30.0407276Z You are in 'detached HEAD' state. You can look around, make experimental
2026-10-02T17:02:30.0407958Z changes and commit them, and you can discard any commits you make in this
2026-10-02T17:02:30.0408574Z state without impacting any branches by switching back to a branch.
2026-10-02T17:02:30.0408933Z 
2026-10-02T17:02:30.0409413Z If you want to create a new branch to retain commits you create, you may
2026-10-02T17:02:30.0410021Z do so (now or later) by using -c with the switch command. Example:
2026-10-02T17:02:30.0410297Z 
2026-10-02T17:02:30.0410511Z   git switch -c <new-branch-name>
2026-10-02T17:02:30.0410684Z 
2026-10-02T17:02:30.0410822Z Or undo this operation with:
2026-10-02T17:02:30.0411056Z 
2026-10-02T17:02:30.0411270Z   git switch -
2026-10-02T17:02:30.0411390Z 
2026-10-02T17:02:30.0411626Z Turn off this advice by setting config variable advice.detachedHead to false
2026-10-02T17:02:30.0411965Z 
2026-10-02T17:02:30.0412320Z HEAD is now at c45d2b1 Merge 8af63b45c0e73783b1a520f9f68fcb28408871b4 into a03421325a4a5785eec1645633d68ff99fc00126
2026-10-02T17:02:30.0521528Z ##[endgroup]
2026-10-02T17:02:30.0901565Z [command]"C:\Program Files\Git\bin\git.exe" log -1 --format=%H
2026-10-02T17:02:30.1124141Z c45d2b17f07151ffc57723a91fb043394834130c
2026-10-02T17:02:30.1532910Z ##[group]Run if (Test-Path "C:\Program Files\LLVM") {
2026-10-02T17:02:30.1533499Z [36;1mif (Test-Path "C:\Program Files\LLVM") {[0m
2026-10-02T17:02:30.1533944Z [36;1m  Write-Host "Removing system LLVM to avoid conflicts..."[0m
2026-10-02T17:02:30.1534405Z [36;1m  Remove-Item -Path "C:\Program Files\LLVM" -Recurse -Force[0m
2026-10-02T17:02:30.1534816Z [36;1m}[0m
2026-10-02T17:02:30.2050637Z shell: C:\Program Files\PowerShell\7\pwsh.EXE -command ". '{0}'"
2026-10-02T17:02:30.2051226Z ##[endgroup]
2026-10-02T17:02:30.5591905Z Removing system LLVM to avoid conflicts...
2026-10-02T17:02:30.9948001Z ##[group]Run $version = "20241217"
2026-10-02T17:02:30.9948433Z [36;1m$version = "20241217"[0m
2026-10-02T17:02:30.9948986Z [36;1m$url = "https://github.com/mstorsjo/llvm-mingw/releases/download/$version/llvm-mingw-$version-ucrt-x86_64.zip"[0m
2026-10-02T17:02:30.9949618Z [36;1m$zipPath = "$env:TEMP\llvm-mingw.zip"[0m
2026-10-02T17:02:30.9950046Z [36;1m$extractPath = "C:\llvm-mingw"[0m
2026-10-02T17:02:30.9950756Z [36;1m[0m
2026-10-02T17:02:30.9951090Z [36;1mInvoke-WebRequest -Uri $url -OutFile $zipPath[0m
2026-10-02T17:02:30.9951537Z [36;1mExpand-Archive -Path $zipPath -DestinationPath $extractPath -Force[0m
2026-10-02T17:02:30.9951919Z [36;1m[0m
2026-10-02T17:02:30.9952290Z [36;1m$llvmDir = Get-ChildItem -Path $extractPath -Directory | Select-Object -First 1[0m
2026-10-02T17:02:30.9952759Z [36;1m$binPath = Join-Path $llvmDir.FullName "bin"[0m
2026-10-02T17:02:30.9953334Z [36;1mecho "$binPath" | Out-File -FilePath $env:GITHUB_PATH -Encoding utf8 -Append[0m
2026-10-02T17:02:31.0015118Z shell: C:\Program Files\PowerShell\7\pwsh.EXE -command ". '{0}'"
2026-10-02T17:02:31.0015882Z ##[endgroup]
2026-10-02T17:02:52.4891467Z ##[group]Run choco install make ninja -y
2026-10-02T17:02:52.4892007Z [36;1mchoco install make ninja -y[0m
2026-10-02T17:02:52.4954432Z shell: C:\Program Files\PowerShell\7\pwsh.EXE -command ". '{0}'"
2026-10-02T17:02:52.4954914Z ##[endgroup]
2026-10-02T17:02:55.5176070Z Chocolatey v2.7.4
2026-10-02T17:02:55.7587123Z Installing the following packages:
2026-10-02T17:02:55.7591788Z make;ninja
2026-10-02T17:02:55.7594967Z By installing, you accept licenses for the packages.
2026-10-02T17:02:58.5888672Z Downloading package from source 'https://community.chocolatey.org/api/v2/'
2026-10-02T17:02:58.7449270Z 
2026-10-02T17:02:58.7452393Z Progress: Downloading make 4.4.1... %
2026-10-02T17:02:58.7453969Z Progress: Downloading make 4.4.1... 1%
2026-10-02T17:02:58.7454446Z Progress: Downloading make 4.4.1... 1%
2026-10-02T17:02:58.7455559Z Progress: Downloading make 4.4.1... 1%
2026-10-02T17:02:58.7456047Z Progress: Downloading make 4.4.1... 1%
2026-10-02T17:02:58.7456679Z Progress: Downloading make 4.4.1... 2%
2026-10-02T17:02:58.7457114Z Progress: Downloading make 4.4.1... 2%
2026-10-02T17:02:58.7457536Z Progress: Downloading make 4.4.1... 2%
2026-10-02T17:02:58.7457991Z Progress: Downloading make 4.4.1... 3%
2026-10-02T17:02:58.7458460Z Progress: Downloading make 4.4.1... 3%
2026-10-02T17:02:58.7458897Z Progress: Downloading make 4.4.1... 3%
2026-10-02T17:02:58.7459357Z Progress: Downloading make 4.4.1... 4%
2026-10-02T17:02:58.7459802Z Progress: Downloading make 4.4.1... 4%
2026-10-02T17:02:58.7460280Z Progress: Downloading make 4.4.1... 4%
2026-10-02T17:02:58.7460812Z Progress: Downloading make 4.4.1... 5%
2026-10-02T17:02:58.7461279Z Progress: Downloading make 4.4.1... 5%
2026-10-02T17:02:58.7461742Z Progress: Downloading make 4.4.1... 5%
2026-10-02T17:02:58.7462500Z Progress: Downloading make 4.4.1... 6%
2026-10-02T17:02:58.7462995Z Progress: Downloading make 4.4.1... 6%
2026-10-02T17:02:58.7463467Z Progress: Downloading make 4.4.1... 6%
2026-10-02T17:02:58.7463926Z Progress: Downloading make 4.4.1... 7%
2026-10-02T17:02:58.7464360Z Progress: Downloading make 4.4.1... 7%
2026-10-02T17:02:58.7464784Z Progress: Downloading make 4.4.1... 7%
2026-10-02T17:02:58.7465229Z Progress: Downloading make 4.4.1... 8%
2026-10-02T17:02:58.7465673Z Progress: Downloading make 4.4.1... 8%
2026-10-02T17:02:58.7466138Z Progress: Downloading make 4.4.1... 8%
2026-10-02T17:02:58.7466558Z Progress: Downloading make 4.4.1... 9%
2026-10-02T17:02:58.7467038Z Progress: Downloading make 4.4.1... 9%
2026-10-02T17:02:58.7467811Z Progress: Downloading make 4.4.1... 9%
2026-10-02T17:02:58.7468309Z Progress: Downloading make 4.4.1... 10%
2026-10-02T17:02:58.7468887Z Progress: Downloading make 4.4.1... 10%
2026-10-02T17:02:58.7469503Z Progress: Downloading make 4.4.1... 10%
2026-10-02T17:02:58.7470118Z Progress: Downloading make 4.4.1... 11%
2026-10-02T17:02:58.7470739Z Progress: Downloading make 4.4.1... 11%
2026-10-02T17:02:58.7471285Z Progress: Downloading make 4.4.1... 11%
2026-10-02T17:02:58.7471831Z Progress: Downloading make 4.4.1... 12%
2026-10-02T17:02:58.7472556Z Progress: Downloading make 4.4.1... 12%
2026-10-02T17:02:58.7473059Z Progress: Downloading make 4.4.1... 12%
2026-10-02T17:02:58.7473525Z Progress: Downloading make 4.4.1... 13%
2026-10-02T17:02:58.7474105Z Progress: Downloading make 4.4.1... 13%
2026-10-02T17:02:58.7474616Z Progress: Downloading make 4.4.1... 13%
2026-10-02T17:02:58.7475052Z Progress: Downloading make 4.4.1... 15%
2026-10-02T17:02:58.7475503Z Progress: Downloading make 4.4.1... 16%
2026-10-02T17:02:58.7475934Z Progress: Downloading make 4.4.1... 17%
2026-10-02T17:02:58.7476394Z Progress: Downloading make 4.4.1... 18%
2026-10-02T17:02:58.7476860Z Progress: Downloading make 4.4.1... 19%
2026-10-02T17:02:58.7477318Z Progress: Downloading make 4.4.1... 20%
2026-10-02T17:02:58.7477772Z Progress: Downloading make 4.4.1... 21%
2026-10-02T17:02:58.7478288Z Progress: Downloading make 4.4.1... 22%
2026-10-02T17:02:58.7480882Z Progress: Downloading make 4.4.1... 23%
2026-10-02T17:02:58.7481481Z Progress: Downloading make 4.4.1... 24%
2026-10-02T17:02:58.7482000Z Progress: Downloading make 4.4.1... 25%
2026-10-02T17:02:58.7482438Z Progress: Downloading make 4.4.1... 26%
2026-10-02T17:02:58.7482883Z Progress: Downloading make 4.4.1... 27%
2026-10-02T17:02:58.7483313Z Progress: Downloading make 4.4.1... 28%
2026-10-02T17:02:58.7483726Z Progress: Downloading make 4.4.1... 29%
2026-10-02T17:02:58.7484159Z Progress: Downloading make 4.4.1... 30%
2026-10-02T17:02:58.7484625Z Progress: Downloading make 4.4.1... 30%
2026-10-02T17:02:58.7485043Z Progress: Downloading make 4.4.1... 31%
2026-10-02T17:02:58.7485477Z Progress: Downloading make 4.4.1... 32%
2026-10-02T17:02:58.7486132Z Progress: Downloading make 4.4.1... 33%
2026-10-02T17:02:58.7486693Z Progress: Downloading make 4.4.1... 34%
2026-10-02T17:02:58.7487227Z Progress: Downloading make 4.4.1... 35%
2026-10-02T17:02:58.7487650Z Progress: Downloading make 4.4.1... 36%
2026-10-02T17:02:58.7488139Z Progress: Downloading make 4.4.1... 37%
2026-10-02T17:02:58.7488542Z Progress: Downloading make 4.4.1... 38%
2026-10-02T17:02:58.7488969Z Progress: Downloading make 4.4.1... 39%
2026-10-02T17:02:58.7489455Z Progress: Downloading make 4.4.1... 40%
2026-10-02T17:02:58.7489860Z Progress: Downloading make 4.4.1... 41%
2026-10-02T17:02:58.7490300Z Progress: Downloading make 4.4.1... 42%
2026-10-02T17:02:58.7490696Z Progress: Downloading make 4.4.1... 43%
2026-10-02T17:02:58.7491120Z Progress: Downloading make 4.4.1... 44%
2026-10-02T17:02:58.7491536Z Progress: Downloading make 4.4.1... 45%
2026-10-02T17:02:58.7491977Z Progress: Downloading make 4.4.1... 46%
2026-10-02T17:02:58.7492719Z Progress: Downloading make 4.4.1... 47%
2026-10-02T17:02:58.7493058Z Progress: Downloading make 4.4.1... 48%
2026-10-02T17:02:58.7493357Z Progress: Downloading make 4.4.1... 49%
2026-10-02T17:02:58.7493713Z Progress: Downloading make 4.4.1... 50%
2026-10-02T17:02:58.7494016Z Progress: Downloading make 4.4.1... 51%
2026-10-02T17:02:58.7494323Z Progress: Downloading make 4.4.1... 52%
2026-10-02T17:02:58.7494625Z Progress: Downloading make 4.4.1... 53%
2026-10-02T17:02:58.7494906Z Progress: Downloading make 4.4.1... 53%
2026-10-02T17:02:58.7495265Z Progress: Downloading make 4.4.1... 55%
2026-10-02T17:02:58.7495562Z Progress: Downloading make 4.4.1... 57%
2026-10-02T17:02:58.7495864Z Progress: Downloading make 4.4.1... 59%
2026-10-02T17:02:58.7496157Z Progress: Downloading make 4.4.1... 61%
2026-10-02T17:02:58.7496438Z Progress: Downloading make 4.4.1... 63%
2026-10-02T17:02:58.7496755Z Progress: Downloading make 4.4.1... 65%
2026-10-02T17:02:58.7497049Z Progress: Downloading make 4.4.1... 67%
2026-10-02T17:02:58.7497337Z Progress: Downloading make 4.4.1... 69%
2026-10-02T17:02:58.7497647Z Progress: Downloading make 4.4.1... 71%
2026-10-02T17:02:58.7497946Z Progress: Downloading make 4.4.1... 73%
2026-10-02T17:02:58.7498283Z Progress: Downloading make 4.4.1... 75%
2026-10-02T17:02:58.7498581Z Progress: Downloading make 4.4.1... 77%
2026-10-02T17:02:58.7498893Z Progress: Downloading make 4.4.1... 79%
2026-10-02T17:02:58.7499222Z Progress: Downloading make 4.4.1... 81%
2026-10-02T17:02:58.7499519Z Progress: Downloading make 4.4.1... 83%
2026-10-02T17:02:58.7499839Z Progress: Downloading make 4.4.1... 85%
2026-10-02T17:02:58.7500192Z Progress: Downloading make 4.4.1... 87%
2026-10-02T17:02:58.7500483Z Progress: Downloading make 4.4.1... 89%
2026-10-02T17:02:58.7500781Z Progress: Downloading make 4.4.1... 91%
2026-10-02T17:02:58.7543347Z Progress: Downloading make 4.4.1... 93%
2026-10-02T17:02:58.7543865Z Progress: Downloading make 4.4.1... 95%
2026-10-02T17:02:58.7544430Z Progress: Downloading make 4.4.1... 97%
2026-10-02T17:02:58.7544884Z Progress: Downloading make 4.4.1... 99%
2026-10-02T17:02:58.7545370Z Progress: Downloading make 4.4.1... 100%
2026-10-02T17:02:59.0079277Z 
2026-10-02T17:02:59.0080028Z make v4.4.1 [Approved]
2026-10-02T17:02:59.0347245Z make package files install completed. Performing other installation steps.
2026-10-02T17:02:59.8879289Z  ShimGen has successfully created a shim for make.exe
2026-10-02T17:02:59.9330418Z  The install of make was successful.
2026-10-02T17:02:59.9333014Z   Deployed to 'C:\ProgramData\chocolatey\lib\make'
2026-10-02T17:03:00.0370703Z ninja v1.13.2 already installed.
2026-10-02T17:03:00.0371224Z  Use --force to reinstall, specify a version to install, or try upgrade.
2026-10-02T17:03:00.0442125Z 
2026-10-02T17:03:00.0443055Z Chocolatey installed 1/2 packages. 
2026-10-02T17:03:00.0443846Z  See the log for details (C:\ProgramData\chocolatey\logs\chocolatey.log).
2026-10-02T17:03:00.0445999Z 
2026-10-02T17:03:00.0448399Z Warnings:
2026-10-02T17:03:00.0453383Z  - ninja - ninja v1.13.2 already installed.
2026-10-02T17:03:00.0454096Z  Use --force to reinstall, specify a version to install, or try upgrade.
2026-10-02T17:03:00.1802236Z ##[group]Run rustup toolchain install 1.93.1 --profile minimal
2026-10-02T17:03:00.1802868Z [36;1mrustup toolchain install 1.93.1 --profile minimal[0m
2026-10-02T17:03:00.1803501Z [36;1mrustup default 1.93.1[0m
2026-10-02T17:03:00.1803830Z [36;1mif [ -n "x86_64-pc-windows-gnullvm" ]; then[0m
2026-10-02T17:03:00.1804237Z [36;1m  rustup target add --toolchain 1.93.1 "x86_64-pc-windows-gnullvm"[0m
2026-10-02T17:03:00.1804628Z [36;1mfi[0m
2026-10-02T17:03:00.1804879Z [36;1mrustc --version --verbose[0m
2026-10-02T17:03:00.1816572Z shell: C:\Program Files\Git\bin\bash.EXE --noprofile --norc -e -o pipefail {0}
2026-10-02T17:03:00.1816972Z ##[endgroup]
2026-10-02T17:03:01.0169148Z info: syncing channel updates for 1.93.1-x86_64-pc-windows-msvc
2026-10-02T17:03:01.5716375Z info: latest update on 2026-02-12 for version 1.93.1 (01f6ddf75 2026-02-11)
2026-10-02T17:03:01.5817921Z info: downloading 3 components
2026-10-02T17:03:10.2477731Z 
2026-10-02T17:03:10.2769544Z   1.93.1-x86_64-pc-windows-msvc installed - rustc 1.93.1 (01f6ddf75 2026-02-11)
2026-10-02T17:03:10.2770015Z 
2026-10-02T17:03:10.3039606Z info: using existing install for 1.93.1-x86_64-pc-windows-msvc
2026-10-02T17:03:10.3089695Z info: default toolchain set to 1.93.1-x86_64-pc-windows-msvc
2026-10-02T17:03:10.3090132Z 
2026-10-02T17:03:10.3266295Z   1.93.1-x86_64-pc-windows-msvc unchanged - rustc 1.93.1 (01f6ddf75 2026-02-11)
2026-10-02T17:03:10.3266685Z 
2026-10-02T17:03:10.3997628Z info: downloading component rust-std
2026-10-02T17:03:14.9897825Z rustc 1.93.1 (01f6ddf75 2026-02-11)
2026-10-02T17:03:14.9898432Z binary: rustc
2026-10-02T17:03:14.9898944Z commit-hash: 01f6ddf7588f42ae2d7eb0a2f21d44e8e96674cf
2026-10-02T17:03:14.9899807Z commit-date: 2026-02-11
2026-10-02T17:03:14.9900886Z host: x86_64-pc-windows-msvc
2026-10-02T17:03:14.9901372Z release: 1.93.1
2026-10-02T17:03:14.9901796Z LLVM version: 21.1.8
2026-10-02T17:03:15.0227894Z ##[group]Run make setup
2026-10-02T17:03:15.0228241Z [36;1mmake setup[0m
2026-10-02T17:03:15.0239861Z shell: C:\Program Files\Git\bin\bash.EXE --noprofile --norc -e -o pipefail {0}
2026-10-02T17:03:15.0240303Z env:
2026-10-02T17:03:15.0242557Z   GH_TOKEN: ***
2026-10-02T17:03:15.0242835Z ##[endgroup]
2026-10-02T17:03:15.4089465Z Setting up build dependencies for Windows...
2026-10-02T17:03:16.9946328Z 
2026-10-02T17:03:16.9964244Z ========================================
2026-10-02T17:03:16.9972135Z     Sindarin Compiler Installer
2026-10-02T17:03:16.9980001Z ========================================
2026-10-02T17:03:16.9983519Z 
2026-10-02T17:03:17.0280559Z [*] Running prerequisites installer from D:\a\sindarin-compiler\sindarin-compiler\scripts\install-prereqs.ps1...
2026-10-02T17:03:17.0505410Z 
2026-10-02T17:03:17.0513965Z ========================================
2026-10-02T17:03:17.0523629Z   Sindarin Prerequisites Installer
2026-10-02T17:03:17.0531659Z ========================================
2026-10-02T17:03:17.0536274Z 
2026-10-02T17:03:17.0867571Z [*] Checking for conflicting system LLVM...
2026-10-02T17:03:17.0890625Z [+] No system LLVM found, skipping
2026-10-02T17:03:17.0926468Z [*] Downloading LLVM-MinGW 20241217...
2026-10-02T17:06:58.5358327Z [+] Download complete
2026-10-02T17:06:58.5368095Z [*] Extracting LLVM-MinGW to C:\llvm-mingw...
2026-10-02T17:10:02.4617377Z [+] LLVM-MinGW bin: C:\llvm-mingw\llvm-mingw-20241217-ucrt-x86_64\bin
2026-10-02T17:10:02.4664055Z [*] Registering LLVM-MinGW in GITHUB_PATH...
2026-10-02T17:10:02.4820742Z [+] make already present, skipping
2026-10-02T17:10:02.4831619Z [+] ninja already present, skipping
2026-10-02T17:10:02.4841071Z [+] cmake already present, skipping
2026-10-02T17:10:02.4870471Z [+] All Chocolatey build tools already present
2026-10-02T17:10:02.4882790Z [*] Installing vcpkg to C:\Users\runneradmin\vcpkg...
2026-10-02T17:10:02.5048900Z Cloning into 'C:\Users\runneradmin\vcpkg'...
2026-10-02T17:10:16.0529986Z Updating files:   9% (1357/14311)
2026-10-02T17:10:16.1814439Z Updating files:  10% (1432/14311)
2026-10-02T17:10:16.2809492Z Updating files:  11% (1575/14311)
2026-10-02T17:10:16.4086747Z Updating files:  12% (1718/14311)
2026-10-02T17:10:16.8799532Z Updating files:  13% (1861/14311)
2026-10-02T17:10:16.9988613Z Updating files:  14% (2004/14311)
2026-10-02T17:10:17.0275256Z Updating files:  14% (2099/14311)
2026-10-02T17:10:17.1575641Z Updating files:  15% (2147/14311)
2026-10-02T17:10:17.2472066Z Updating files:  16% (2290/14311)
2026-10-02T17:10:17.5849250Z Updating files:  17% (2433/14311)
2026-10-02T17:10:17.6968025Z Updating files:  18% (2576/14311)
2026-10-02T17:10:17.8135981Z Updating files:  19% (2720/14311)
2026-10-02T17:10:17.9437526Z Updating files:  20% (2863/14311)
2026-10-02T17:10:18.0650086Z Updating files:  21% (3006/14311)
2026-10-02T17:10:18.1684620Z Updating files:  21% (3023/14311)
2026-10-02T17:10:18.2761447Z Updating files:  22% (3149/14311)
2026-10-02T17:10:18.4012887Z Updating files:  23% (3292/14311)
2026-10-02T17:10:18.4987848Z Updating files:  24% (3435/14311)
2026-10-02T17:10:18.6111956Z Updating files:  25% (3578/14311)
2026-10-02T17:10:18.6991971Z Updating files:  26% (3721/14311)
2026-10-02T17:10:18.8150115Z Updating files:  27% (3864/14311)
2026-10-02T17:10:18.9506673Z Updating files:  28% (4008/14311)
2026-10-02T17:10:19.0112581Z Updating files:  29% (4151/14311)
2026-10-02T17:10:19.1286800Z Updating files:  29% (4215/14311)
2026-10-02T17:10:19.2554283Z Updating files:  30% (4294/14311)
2026-10-02T17:10:19.6485089Z Updating files:  31% (4437/14311)
2026-10-02T17:10:19.7822081Z Updating files:  32% (4580/14311)
2026-10-02T17:10:19.9129188Z Updating files:  33% (4723/14311)
2026-10-02T17:10:20.0205008Z Updating files:  34% (4866/14311)
2026-10-02T17:10:20.0318869Z Updating files:  34% (5001/14311)
2026-10-02T17:10:20.1538069Z Updating files:  35% (5009/14311)
2026-10-02T17:10:20.2735181Z Updating files:  36% (5152/14311)
2026-10-02T17:10:20.3598488Z Updating files:  37% (5296/14311)
2026-10-02T17:10:20.4707091Z Updating files:  38% (5439/14311)
2026-10-02T17:10:20.5563967Z Updating files:  39% (5582/14311)
2026-10-02T17:10:20.6498700Z Updating files:  40% (5725/14311)
2026-10-02T17:10:21.0292937Z Updating files:  41% (5868/14311)
2026-10-02T17:10:21.0320141Z Updating files:  41% (6008/14311)
2026-10-02T17:10:21.1249045Z Updating files:  42% (6011/14311)
2026-10-02T17:10:21.2091421Z Updating files:  43% (6154/14311)
2026-10-02T17:10:21.3096746Z Updating files:  44% (6297/14311)
2026-10-02T17:10:21.4341697Z Updating files:  45% (6440/14311)
2026-10-02T17:10:21.5361483Z Updating files:  46% (6584/14311)
2026-10-02T17:10:21.6786184Z Updating files:  47% (6727/14311)
2026-10-02T17:10:21.7799433Z Updating files:  48% (6870/14311)
2026-10-02T17:10:21.8626868Z Updating files:  49% (7013/14311)
2026-10-02T17:10:21.9578182Z Updating files:  50% (7156/14311)
2026-10-02T17:10:22.0308621Z Updating files:  51% (7299/14311)
2026-10-02T17:10:22.3315981Z Updating files:  51% (7425/14311)
2026-10-02T17:10:22.4195890Z Updating files:  52% (7442/14311)
2026-10-02T17:10:22.5196242Z Updating files:  53% (7585/14311)
2026-10-02T17:10:22.6761764Z Updating files:  54% (7728/14311)
2026-10-02T17:10:22.7787013Z Updating files:  55% (7872/14311)
2026-10-02T17:10:22.8696611Z Updating files:  56% (8015/14311)
2026-10-02T17:10:23.2269807Z Updating files:  57% (8158/14311)
2026-10-02T17:10:23.2692503Z Updating files:  57% (8264/14311)
2026-10-02T17:10:23.3633108Z Updating files:  58% (8301/14311)
2026-10-02T17:10:23.4525483Z Updating files:  59% (8444/14311)
2026-10-02T17:10:23.6633438Z Updating files:  60% (8587/14311)
2026-10-02T17:10:23.7919132Z Updating files:  61% (8730/14311)
2026-10-02T17:10:23.9051353Z Updating files:  62% (8873/14311)
2026-10-02T17:10:24.0155839Z Updating files:  63% (9016/14311)
2026-10-02T17:10:24.0513009Z Updating files:  64% (9160/14311)
2026-10-02T17:10:24.1180278Z Updating files:  64% (9211/14311)
2026-10-02T17:10:24.2443570Z Updating files:  65% (9303/14311)
2026-10-02T17:10:24.3713514Z Updating files:  66% (9446/14311)
2026-10-02T17:10:24.4733578Z Updating files:  67% (9589/14311)
2026-10-02T17:10:24.5828631Z Updating files:  68% (9732/14311)
2026-10-02T17:10:24.6853523Z Updating files:  69% (9875/14311)
2026-10-02T17:10:24.8030430Z Updating files:  70% (10018/14311)
2026-10-02T17:10:25.1395067Z Updating files:  71% (10161/14311)
2026-10-02T17:10:25.2264023Z Updating files:  71% (10204/14311)
2026-10-02T17:10:25.3104538Z Updating files:  72% (10304/14311)
2026-10-02T17:10:25.3989040Z Updating files:  73% (10448/14311)
2026-10-02T17:10:25.4845685Z Updating files:  74% (10591/14311)
2026-10-02T17:10:25.5486909Z Updating files:  75% (10734/14311)
2026-10-02T17:10:25.6054542Z Updating files:  76% (10877/14311)
2026-10-02T17:10:25.6943309Z Updating files:  77% (11020/14311)
2026-10-02T17:10:25.8295188Z Updating files:  78% (11163/14311)
2026-10-02T17:10:25.8973724Z Updating files:  79% (11306/14311)
2026-10-02T17:10:25.9572471Z Updating files:  80% (11449/14311)
2026-10-02T17:10:26.0257588Z Updating files:  81% (11592/14311)
2026-10-02T17:10:26.0701122Z Updating files:  82% (11736/14311)
2026-10-02T17:10:26.0888195Z Updating files:  82% (11836/14311)
2026-10-02T17:10:26.1566819Z Updating files:  83% (11879/14311)
2026-10-02T17:10:26.5940155Z Updating files:  84% (12022/14311)
2026-10-02T17:10:26.6606468Z Updating files:  85% (12165/14311)
2026-10-02T17:10:26.7621123Z Updating files:  86% (12308/14311)
2026-10-02T17:10:26.8416938Z Updating files:  87% (12451/14311)
2026-10-02T17:10:26.8968251Z Updating files:  88% (12594/14311)
2026-10-02T17:10:26.9429088Z Updating files:  89% (12737/14311)
2026-10-02T17:10:27.0061096Z Updating files:  90% (12880/14311)
2026-10-02T17:10:27.0786473Z Updating files:  91% (13024/14311)
2026-10-02T17:10:27.0860425Z Updating files:  91% (13158/14311)
2026-10-02T17:10:27.1582115Z Updating files:  92% (13167/14311)
2026-10-02T17:10:27.2468201Z Updating files:  93% (13310/14311)
2026-10-02T17:10:27.3276730Z Updating files:  94% (13453/14311)
2026-10-02T17:10:27.4106666Z Updating files:  95% (13596/14311)
2026-10-02T17:10:27.4641805Z Updating files:  96% (13739/14311)
2026-10-02T17:10:27.5302475Z Updating files:  97% (13882/14311)
2026-10-02T17:10:28.0178141Z Updating files:  98% (14025/14311)
2026-10-02T17:10:28.0861678Z Updating files:  99% (14168/14311)
2026-10-02T17:10:28.0940449Z Updating files:  99% (14296/14311)
2026-10-02T17:10:28.0943847Z Updating files: 100% (14311/14311)
2026-10-02T17:10:28.0944633Z Updating files: 100% (14311/14311), done.
2026-10-02T17:10:28.7896703Z Downloading https://github.com/microsoft/vcpkg-tool/releases/download/2026-09-26/vcpkg.exe -> C:\Users\runneradmin\vcpkg\vcpkg.exe... done.
2026-10-02T17:10:29.0570711Z Validating signature... done.
2026-10-02T17:10:29.0703209Z 
2026-10-02T17:10:29.0872329Z vcpkg package management program version 2026-09-26-51bf87ca6e9bf3e622d84ff323bd202ab1ca0c0b
2026-10-02T17:10:29.0873138Z 
2026-10-02T17:10:29.0873357Z See LICENSE.txt for license information.
2026-10-02T17:10:29.1231637Z [+] vcpkg installed
2026-10-02T17:10:29.1344077Z 
2026-10-02T17:10:29.1356131Z [+] Prerequisites installed successfully!
2026-10-02T17:10:29.1358848Z 
2026-10-02T17:10:29.1368594Z   Installed:
2026-10-02T17:10:29.1378727Z     - LLVM-MinGW 20241217
2026-10-02T17:10:29.1387949Z     - vcpkg
2026-10-02T17:10:29.1397271Z   Skipped (already present):
2026-10-02T17:10:29.1406480Z     - system LLVM removal (not installed)
2026-10-02T17:10:29.1414334Z     - make (already installed)
2026-10-02T17:10:29.1423322Z     - ninja (already installed)
2026-10-02T17:10:29.1431964Z     - cmake (already installed)
2026-10-02T17:10:29.1436238Z 
2026-10-02T17:10:29.1485527Z [*] Fetching latest version...
2026-10-02T17:10:29.5588118Z [+] Found release: v0.0.83
2026-10-02T17:10:29.5652956Z [*] Downloading sindarin-0.0.83-windows-x64.zip...
2026-10-02T17:10:43.3883698Z [+] Download complete
2026-10-02T17:10:43.3903397Z [*] Extracting to C:\Users\runneradmin\.sn...
2026-10-02T17:10:45.9129390Z [*] Flattening nested directory structure...
2026-10-02T17:10:45.9228202Z [+] Extraction complete
2026-10-02T17:10:45.9295849Z [*] Configuring PATH...
2026-10-02T17:10:45.9307027Z [*] GitHub Actions detected, registering in GITHUB_PATH...
2026-10-02T17:10:45.9323230Z [+] Added C:\Users\runneradmin\.sn\bin to GITHUB_PATH
2026-10-02T17:10:45.9328428Z 
2026-10-02T17:10:45.9338812Z [+] Sindarin compiler installed successfully!
2026-10-02T17:10:45.9343002Z 
2026-10-02T17:10:45.9352556Z   Installed to: C:\Users\runneradmin\.sn
2026-10-02T17:10:45.9362462Z   Version:      v0.0.83
2026-10-02T17:10:45.9367130Z 
2026-10-02T17:10:45.9377562Z   ============================================
2026-10-02T17:10:45.9386295Z   IMPORTANT: Please restart your terminal
2026-10-02T17:10:45.9395977Z   for PATH changes to take effect.
2026-10-02T17:10:45.9404699Z   ============================================
2026-10-02T17:10:45.9409953Z 
2026-10-02T17:10:45.9418430Z   After restarting, you can compile Sindarin programs:
2026-10-02T17:10:45.9426597Z     sn myprogram.sn -o myprogram.exe
2026-10-02T17:10:45.9429856Z 
2026-10-02T17:10:46.0172930Z Installing dependencies from sn.yaml...
2026-10-02T17:10:46.4792913Z   sindarin-pkg-libs (main) ... [1;36mdone[0m
2026-10-02T17:10:46.4793449Z     running install script...
2026-10-02T17:10:46.8165020Z sindarin-pkg-libs - native library installer
2026-10-02T17:10:46.8176096Z ========================================
2026-10-02T17:10:46.8244977Z Detected: windows (x64)
2026-10-02T17:10:46.8255682Z Package version: v0.0.18
2026-10-02T17:10:46.8324880Z Downloading sindarin-pkg-libs v0.0.18 for windows-x64...
2026-10-02T17:11:03.3216384Z Extracting to D:\a\sindarin-compiler\sindarin-compiler\.sn\sindarin-pkg-libs\libs\windows...
2026-10-02T17:11:18.3943090Z Successfully installed sindarin-pkg-libs v0.0.18 to D:\a\sindarin-compiler\sindarin-compiler\.sn\sindarin-pkg-libs\libs\windows
2026-10-02T17:11:18.3984801Z 
2026-10-02T17:11:18.3996296Z Installation complete!
2026-10-02T17:11:18.4606214Z Pre-built libraries ready!
2026-10-02T17:11:18.4821852Z Run 'make build' to build the compiler.
2026-10-02T17:11:18.5066128Z ##[group]Run make build
2026-10-02T17:11:18.5066612Z [36;1mmake build[0m
2026-10-02T17:11:18.5079939Z shell: C:\Program Files\Git\bin\bash.EXE --noprofile --norc -e -o pipefail {0}
2026-10-02T17:11:18.5080381Z env:
2026-10-02T17:11:18.5080662Z   VCPKG_ROOT: C:/Users/runneradmin/vcpkg
2026-10-02T17:11:18.5081003Z ##[endgroup]
2026-10-02T17:11:18.6394960Z Building Sindarin compiler...
2026-10-02T17:11:18.6600077Z Platform: windows
2026-10-02T17:11:18.6810403Z Generator: Ninja
2026-10-02T17:11:18.6829759Z cmake -S . -B build -G "Ninja" \
2026-10-02T17:11:18.6831140Z 	-DCMAKE_BUILD_TYPE=Release \
2026-10-02T17:11:18.6831738Z 	-DCMAKE_C_COMPILER=clang
2026-10-02T17:11:19.7230557Z -- The C compiler identification is Clang 19.1.6
2026-10-02T17:11:20.0028114Z -- Detecting C compiler ABI info
2026-10-02T17:11:20.5007713Z -- Detecting C compiler ABI info - done
2026-10-02T17:11:20.5307535Z -- Check for working C compiler: C:/llvm-mingw/llvm-mingw-20241217-ucrt-x86_64/bin/clang.exe - skipped
2026-10-02T17:11:20.5320093Z -- Detecting C compile features
2026-10-02T17:11:20.5330037Z -- Detecting C compile features - done
2026-10-02T17:11:20.5738870Z -- Installing: D:/a/sindarin-compiler/sindarin-compiler/bin/sn.linux.cfg
2026-10-02T17:11:20.5743869Z -- Installing: D:/a/sindarin-compiler/sindarin-compiler/bin/sn.darwin.cfg
2026-10-02T17:11:20.5747559Z -- Installing: D:/a/sindarin-compiler/sindarin-compiler/bin/sn.windows.cfg
2026-10-02T17:11:20.5755152Z -- Installing: D:/a/sindarin-compiler/sindarin-compiler/bin/include/runtime/sn_arith.h
2026-10-02T17:11:20.5758835Z -- Installing: D:/a/sindarin-compiler/sindarin-compiler/bin/include/runtime/sn_array.h
2026-10-02T17:11:20.5763048Z -- Installing: D:/a/sindarin-compiler/sindarin-compiler/bin/include/runtime/sn_byte.h
2026-10-02T17:11:20.5766444Z -- Installing: D:/a/sindarin-compiler/sindarin-compiler/bin/include/runtime/sn_conv.h
2026-10-02T17:11:20.5769961Z -- Installing: D:/a/sindarin-compiler/sindarin-compiler/bin/include/runtime/sn_core.h
2026-10-02T17:11:20.5773066Z -- Installing: D:/a/sindarin-compiler/sindarin-compiler/bin/include/runtime/sn_minimal.h
2026-10-02T17:11:20.5776232Z -- Installing: D:/a/sindarin-compiler/sindarin-compiler/bin/include/runtime/sn_reflect.h
2026-10-02T17:11:20.5780955Z -- Installing: D:/a/sindarin-compiler/sindarin-compiler/bin/include/runtime/sn_serial.h
2026-10-02T17:11:20.5784873Z -- Installing: D:/a/sindarin-compiler/sindarin-compiler/bin/include/runtime/sn_string.h
2026-10-02T17:11:20.5788454Z -- Installing: D:/a/sindarin-compiler/sindarin-compiler/bin/include/runtime/sn_thread.h
2026-10-02T17:11:20.5791968Z -- Installing: D:/a/sindarin-compiler/sindarin-compiler/bin/include/minimal/sn_arith.h
2026-10-02T17:11:20.5795314Z -- Installing: D:/a/sindarin-compiler/sindarin-compiler/bin/include/minimal/sn_array.h
2026-10-02T17:11:20.5799519Z -- Installing: D:/a/sindarin-compiler/sindarin-compiler/bin/include/minimal/sn_byte.h
2026-10-02T17:11:20.5802966Z -- Installing: D:/a/sindarin-compiler/sindarin-compiler/bin/include/minimal/sn_conv.h
2026-10-02T17:11:20.5806294Z -- Installing: D:/a/sindarin-compiler/sindarin-compiler/bin/include/minimal/sn_core.h
2026-10-02T17:11:20.5809620Z -- Installing: D:/a/sindarin-compiler/sindarin-compiler/bin/include/minimal/sn_minimal.h
2026-10-02T17:11:20.5812592Z -- Installing: D:/a/sindarin-compiler/sindarin-compiler/bin/include/minimal/sn_reflect.h
2026-10-02T17:11:20.5816703Z -- Installing: D:/a/sindarin-compiler/sindarin-compiler/bin/include/minimal/sn_serial.h
2026-10-02T17:11:20.5820475Z -- Installing: D:/a/sindarin-compiler/sindarin-compiler/bin/include/minimal/sn_string.h
2026-10-02T17:11:20.5824128Z -- Installing: D:/a/sindarin-compiler/sindarin-compiler/bin/include/minimal/sn_thread.h
2026-10-02T17:11:20.5829460Z -- Installing: D:/a/sindarin-compiler/sindarin-compiler/bin/include/platform/compat_dirent.h
2026-10-02T17:11:20.5833271Z -- Installing: D:/a/sindarin-compiler/sindarin-compiler/bin/include/platform/compat_io.h
2026-10-02T17:11:20.5838681Z -- Installing: D:/a/sindarin-compiler/sindarin-compiler/bin/include/platform/compat_net.h
2026-10-02T17:11:20.5840628Z -- Installing: D:/a/sindarin-compiler/sindarin-compiler/bin/include/platform/compat_pthread.h
2026-10-02T17:11:20.5844697Z -- Installing: D:/a/sindarin-compiler/sindarin-compiler/bin/include/platform/compat_time.h
2026-10-02T17:11:20.5848341Z -- Installing: D:/a/sindarin-compiler/sindarin-compiler/bin/include/platform/compat_windows.h
2026-10-02T17:11:20.5853136Z -- Installing: D:/a/sindarin-compiler/sindarin-compiler/bin/include/platform/platform.h
2026-10-02T17:11:20.5998182Z -- Found libs submodule: D:/a/sindarin-compiler/sindarin-compiler/.sn/sindarin-pkg-libs/libs/windows
2026-10-02T17:11:20.5999104Z --   Copying zlib headers...
2026-10-02T17:11:20.5999938Z -- Installing: D:/a/sindarin-compiler/sindarin-compiler/bin/deps/include/zlib.h
2026-10-02T17:11:20.6005459Z -- Installing: D:/a/sindarin-compiler/sindarin-compiler/bin/deps/include/zconf.h
2026-10-02T17:11:20.6009755Z --   Copying yyjson headers...
2026-10-02T17:11:20.6013961Z -- Installing: D:/a/sindarin-compiler/sindarin-compiler/bin/deps/include/yyjson.h
2026-10-02T17:11:20.6021792Z --   Copying json-c headers...
2026-10-02T17:11:20.6022445Z -- Installing: D:/a/sindarin-compiler/sindarin-compiler/bin/deps/include/json-c
2026-10-02T17:11:20.6025959Z -- Installing: D:/a/sindarin-compiler/sindarin-compiler/bin/deps/include/json-c/arraylist.h
2026-10-02T17:11:20.6029543Z -- Installing: D:/a/sindarin-compiler/sindarin-compiler/bin/deps/include/json-c/debug.h
2026-10-02T17:11:20.6033027Z -- Installing: D:/a/sindarin-compiler/sindarin-compiler/bin/deps/include/json-c/json.h
2026-10-02T17:11:20.6036364Z -- Installing: D:/a/sindarin-compiler/sindarin-compiler/bin/deps/include/json-c/json_config.h
2026-10-02T17:11:20.6039687Z -- Installing: D:/a/sindarin-compiler/sindarin-compiler/bin/deps/include/json-c/json_c_version.h
2026-10-02T17:11:20.6043633Z -- Installing: D:/a/sindarin-compiler/sindarin-compiler/bin/deps/include/json-c/json_inttypes.h
2026-10-02T17:11:20.6046627Z -- Installing: D:/a/sindarin-compiler/sindarin-compiler/bin/deps/include/json-c/json_object.h
2026-10-02T17:11:20.6052263Z -- Installing: D:/a/sindarin-compiler/sindarin-compiler/bin/deps/include/json-c/json_object_iterator.h
2026-10-02T17:11:20.6056332Z -- Installing: D:/a/sindarin-compiler/sindarin-compiler/bin/deps/include/json-c/json_patch.h
2026-10-02T17:11:20.6065663Z -- Installing: D:/a/sindarin-compiler/sindarin-compiler/bin/deps/include/json-c/json_pointer.h
2026-10-02T17:11:20.6069649Z -- Installing: D:/a/sindarin-compiler/sindarin-compiler/bin/deps/include/json-c/json_tokener.h
2026-10-02T17:11:20.6073996Z -- Installing: D:/a/sindarin-compiler/sindarin-compiler/bin/deps/include/json-c/json_types.h
2026-10-02T17:11:20.6077466Z -- Installing: D:/a/sindarin-compiler/sindarin-compiler/bin/deps/include/json-c/json_util.h
2026-10-02T17:11:20.6081407Z -- Installing: D:/a/sindarin-compiler/sindarin-compiler/bin/deps/include/json-c/json_visit.h
2026-10-02T17:11:20.6084565Z -- Installing: D:/a/sindarin-compiler/sindarin-compiler/bin/deps/include/json-c/linkhash.h
2026-10-02T17:11:20.6088264Z -- Installing: D:/a/sindarin-compiler/sindarin-compiler/bin/deps/include/json-c/printbuf.h
2026-10-02T17:11:20.6092139Z --   Copying libxml2 headers...
2026-10-02T17:11:20.6093320Z -- Installing: D:/a/sindarin-compiler/sindarin-compiler/bin/deps/include/libxml
2026-10-02T17:11:20.6097350Z -- Installing: D:/a/sindarin-compiler/sindarin-compiler/bin/deps/include/libxml/c14n.h
2026-10-02T17:11:20.6101620Z -- Installing: D:/a/sindarin-compiler/sindarin-compiler/bin/deps/include/libxml/catalog.h
2026-10-02T17:11:20.6105273Z -- Installing: D:/a/sindarin-compiler/sindarin-compiler/bin/deps/include/libxml/chvalid.h
2026-10-02T17:11:20.6108902Z -- Installing: D:/a/sindarin-compiler/sindarin-compiler/bin/deps/include/libxml/debugXML.h
2026-10-02T17:11:20.6112234Z -- Installing: D:/a/sindarin-compiler/sindarin-compiler/bin/deps/include/libxml/dict.h
2026-10-02T17:11:20.6116482Z -- Installing: D:/a/sindarin-compiler/sindarin-compiler/bin/deps/include/libxml/encoding.h
2026-10-02T17:11:20.6120387Z -- Installing: D:/a/sindarin-compiler/sindarin-compiler/bin/deps/include/libxml/entities.h
2026-10-02T17:11:20.6125170Z -- Installing: D:/a/sindarin-compiler/sindarin-compiler/bin/deps/include/libxml/globals.h
2026-10-02T17:11:20.6128529Z -- Installing: D:/a/sindarin-compiler/sindarin-compiler/bin/deps/include/libxml/hash.h
2026-10-02T17:11:20.6132214Z -- Installing: D:/a/sindarin-compiler/sindarin-compiler/bin/deps/include/libxml/HTMLparser.h
2026-10-02T17:11:20.6135885Z -- Installing: D:/a/sindarin-compiler/sindarin-compiler/bin/deps/include/libxml/HTMLtree.h
2026-10-02T17:11:20.6139884Z -- Installing: D:/a/sindarin-compiler/sindarin-compiler/bin/deps/include/libxml/list.h
2026-10-02T17:11:20.6143438Z -- Installing: D:/a/sindarin-compiler/sindarin-compiler/bin/deps/include/libxml/nanoftp.h
2026-10-02T17:11:20.6147264Z -- Installing: D:/a/sindarin-compiler/sindarin-compiler/bin/deps/include/libxml/nanohttp.h
2026-10-02T17:11:20.6150501Z -- Installing: D:/a/sindarin-compiler/sindarin-compiler/bin/deps/include/libxml/parser.h
2026-10-02T17:11:20.6155192Z -- Installing: D:/a/sindarin-compiler/sindarin-compiler/bin/deps/include/libxml/parserInternals.h
2026-10-02T17:11:20.6159442Z -- Installing: D:/a/sindarin-compiler/sindarin-compiler/bin/deps/include/libxml/pattern.h
2026-10-02T17:11:20.6162496Z -- Installing: D:/a/sindarin-compiler/sindarin-compiler/bin/deps/include/libxml/relaxng.h
2026-10-02T17:11:20.6165956Z -- Installing: D:/a/sindarin-compiler/sindarin-compiler/bin/deps/include/libxml/SAX.h
2026-10-02T17:11:20.6169111Z -- Installing: D:/a/sindarin-compiler/sindarin-compiler/bin/deps/include/libxml/SAX2.h
2026-10-02T17:11:20.6172702Z -- Installing: D:/a/sindarin-compiler/sindarin-compiler/bin/deps/include/libxml/schemasInternals.h
2026-10-02T17:11:20.6176639Z -- Installing: D:/a/sindarin-compiler/sindarin-compiler/bin/deps/include/libxml/schematron.h
2026-10-02T17:11:20.6180877Z -- Installing: D:/a/sindarin-compiler/sindarin-compiler/bin/deps/include/libxml/threads.h
2026-10-02T17:11:20.6184358Z -- Installing: D:/a/sindarin-compiler/sindarin-compiler/bin/deps/include/libxml/tree.h
2026-10-02T17:11:20.6188418Z -- Installing: D:/a/sindarin-compiler/sindarin-compiler/bin/deps/include/libxml/uri.h
2026-10-02T17:11:20.6191718Z -- Installing: D:/a/sindarin-compiler/sindarin-compiler/bin/deps/include/libxml/valid.h
2026-10-02T17:11:20.6195421Z -- Installing: D:/a/sindarin-compiler/sindarin-compiler/bin/deps/include/libxml/xinclude.h
2026-10-02T17:11:20.6199401Z -- Installing: D:/a/sindarin-compiler/sindarin-compiler/bin/deps/include/libxml/xlink.h
2026-10-02T17:11:20.6202845Z -- Installing: D:/a/sindarin-compiler/sindarin-compiler/bin/deps/include/libxml/xmlautomata.h
2026-10-02T17:11:20.6206381Z -- Installing: D:/a/sindarin-compiler/sindarin-compiler/bin/deps/include/libxml/xmlerror.h
2026-10-02T17:11:20.6210657Z -- Installing: D:/a/sindarin-compiler/sindarin-compiler/bin/deps/include/libxml/xmlexports.h
2026-10-02T17:11:20.6213950Z -- Installing: D:/a/sindarin-compiler/sindarin-compiler/bin/deps/include/libxml/xmlIO.h
2026-10-02T17:11:20.6218156Z -- Installing: D:/a/sindarin-compiler/sindarin-compiler/bin/deps/include/libxml/xmlmemory.h
2026-10-02T17:11:20.6221896Z -- Installing: D:/a/sindarin-compiler/sindarin-compiler/bin/deps/include/libxml/xmlmodule.h
2026-10-02T17:11:20.6225157Z -- Installing: D:/a/sindarin-compiler/sindarin-compiler/bin/deps/include/libxml/xmlreader.h
2026-10-02T17:11:20.6228708Z -- Installing: D:/a/sindarin-compiler/sindarin-compiler/bin/deps/include/libxml/xmlregexp.h
2026-10-02T17:11:20.6232026Z -- Installing: D:/a/sindarin-compiler/sindarin-compiler/bin/deps/include/libxml/xmlsave.h
2026-10-02T17:11:20.6235327Z -- Installing: D:/a/sindarin-compiler/sindarin-compiler/bin/deps/include/libxml/xmlschemas.h
2026-10-02T17:11:20.6239464Z -- Installing: D:/a/sindarin-compiler/sindarin-compiler/bin/deps/include/libxml/xmlschemastypes.h
2026-10-02T17:11:20.6244322Z -- Installing: D:/a/sindarin-compiler/sindarin-compiler/bin/deps/include/libxml/xmlstring.h
2026-10-02T17:11:20.6247551Z -- Installing: D:/a/sindarin-compiler/sindarin-compiler/bin/deps/include/libxml/xmlunicode.h
2026-10-02T17:11:20.6250759Z -- Installing: D:/a/sindarin-compiler/sindarin-compiler/bin/deps/include/libxml/xmlversion.h
2026-10-02T17:11:20.6254482Z -- Installing: D:/a/sindarin-compiler/sindarin-compiler/bin/deps/include/libxml/xmlwriter.h
2026-10-02T17:11:20.6259131Z -- Installing: D:/a/sindarin-compiler/sindarin-compiler/bin/deps/include/libxml/xpath.h
2026-10-02T17:11:20.6263191Z -- Installing: D:/a/sindarin-compiler/sindarin-compiler/bin/deps/include/libxml/xpathInternals.h
2026-10-02T17:11:20.6267243Z -- Installing: D:/a/sindarin-compiler/sindarin-compiler/bin/deps/include/libxml/xpointer.h
2026-10-02T17:11:20.6270455Z --   Copying libyaml headers...
2026-10-02T17:11:20.6271561Z -- Installing: D:/a/sindarin-compiler/sindarin-compiler/bin/deps/include/yaml.h
2026-10-02T17:11:20.6276106Z --   Copying openssl headers...
2026-10-02T17:11:20.6277473Z -- Installing: D:/a/sindarin-compiler/sindarin-compiler/bin/deps/include/openssl
2026-10-02T17:11:20.6282315Z -- Installing: D:/a/sindarin-compiler/sindarin-compiler/bin/deps/include/openssl/aes.h
2026-10-02T17:11:20.6286179Z -- Installing: D:/a/sindarin-compiler/sindarin-compiler/bin/deps/include/openssl/asn1.h
2026-10-02T17:11:20.6290540Z -- Installing: D:/a/sindarin-compiler/sindarin-compiler/bin/deps/include/openssl/asn1err.h
2026-10-02T17:11:20.6294158Z -- Installing: D:/a/sindarin-compiler/sindarin-compiler/bin/deps/include/openssl/asn1t.h
2026-10-02T17:11:20.6298961Z -- Installing: D:/a/sindarin-compiler/sindarin-compiler/bin/deps/include/openssl/async.h
2026-10-02T17:11:20.6303242Z -- Installing: D:/a/sindarin-compiler/sindarin-compiler/bin/deps/include/openssl/asyncerr.h
2026-10-02T17:11:20.6306857Z -- Installing: D:/a/sindarin-compiler/sindarin-compiler/bin/deps/include/openssl/bio.h
2026-10-02T17:11:20.6312099Z -- Installing: D:/a/sindarin-compiler/sindarin-compiler/bin/deps/include/openssl/bioerr.h
2026-10-02T17:11:20.6315420Z -- Installing: D:/a/sindarin-compiler/sindarin-compiler/bin/deps/include/openssl/blowfish.h
2026-10-02T17:11:20.6319105Z -- Installing: D:/a/sindarin-compiler/sindarin-compiler/bin/deps/include/openssl/bn.h
2026-10-02T17:11:20.6323096Z -- Installing: D:/a/sindarin-compiler/sindarin-compiler/bin/deps/include/openssl/bnerr.h
2026-10-02T17:11:20.6326374Z -- Installing: D:/a/sindarin-compiler/sindarin-compiler/bin/deps/include/openssl/buffer.h
2026-10-02T17:11:20.6329826Z -- Installing: D:/a/sindarin-compiler/sindarin-compiler/bin/deps/include/openssl/buffererr.h
2026-10-02T17:11:20.6332918Z -- Installing: D:/a/sindarin-compiler/sindarin-compiler/bin/deps/include/openssl/byteorder.h
2026-10-02T17:11:20.6336521Z -- Installing: D:/a/sindarin-compiler/sindarin-compiler/bin/deps/include/openssl/camellia.h
2026-10-02T17:11:20.6340333Z -- Installing: D:/a/sindarin-compiler/sindarin-compiler/bin/deps/include/openssl/cast.h
2026-10-02T17:11:20.6343605Z -- Installing: D:/a/sindarin-compiler/sindarin-compiler/bin/deps/include/openssl/cmac.h
2026-10-02T17:11:20.6346741Z -- Installing: D:/a/sindarin-compiler/sindarin-compiler/bin/deps/include/openssl/cmp.h
2026-10-02T17:11:20.6350850Z -- Installing: D:/a/sindarin-compiler/sindarin-compiler/bin/deps/include/openssl/cmperr.h
2026-10-02T17:11:20.6354639Z -- Installing: D:/a/sindarin-compiler/sindarin-compiler/bin/deps/include/openssl/cmp_util.h
2026-10-02T17:11:20.6358550Z -- Installing: D:/a/sindarin-compiler/sindarin-compiler/bin/deps/include/openssl/cms.h
2026-10-02T17:11:20.6362202Z -- Installing: D:/a/sindarin-compiler/sindarin-compiler/bin/deps/include/openssl/cmserr.h
2026-10-02T17:11:20.6365712Z -- Installing: D:/a/sindarin-compiler/sindarin-compiler/bin/deps/include/openssl/comp.h
2026-10-02T17:11:20.6369367Z -- Installing: D:/a/sindarin-compiler/sindarin-compiler/bin/deps/include/openssl/comperr.h
2026-10-02T17:11:20.6372856Z -- Installing: D:/a/sindarin-compiler/sindarin-compiler/bin/deps/include/openssl/conf.h
2026-10-02T17:11:20.6376947Z -- Installing: D:/a/sindarin-compiler/sindarin-compiler/bin/deps/include/openssl/conferr.h
2026-10-02T17:11:20.6380381Z -- Installing: D:/a/sindarin-compiler/sindarin-compiler/bin/deps/include/openssl/configuration.h
2026-10-02T17:11:20.6384113Z -- Installing: D:/a/sindarin-compiler/sindarin-compiler/bin/deps/include/openssl/conftypes.h
2026-10-02T17:11:20.6387749Z -- Installing: D:/a/sindarin-compiler/sindarin-compiler/bin/deps/include/openssl/conf_api.h
2026-10-02T17:11:20.6391071Z -- Installing: D:/a/sindarin-compiler/sindarin-compiler/bin/deps/include/openssl/core.h
2026-10-02T17:11:20.6394690Z -- Installing: D:/a/sindarin-compiler/sindarin-compiler/bin/deps/include/openssl/core_dispatch.h
2026-10-02T17:11:20.6399315Z -- Installing: D:/a/sindarin-compiler/sindarin-compiler/bin/deps/include/openssl/core_names.h
2026-10-02T17:11:20.6403376Z -- Installing: D:/a/sindarin-compiler/sindarin-compiler/bin/deps/include/openssl/core_object.h
2026-10-02T17:11:20.6407621Z -- Installing: D:/a/sindarin-compiler/sindarin-compiler/bin/deps/include/openssl/crmf.h
2026-10-02T17:11:20.6411364Z -- Installing: D:/a/sindarin-compiler/sindarin-compiler/bin/deps/include/openssl/crmferr.h
2026-10-02T17:11:20.6416886Z -- Installing: D:/a/sindarin-compiler/sindarin-compiler/bin/deps/include/openssl/crypto.h
2026-10-02T17:11:20.6420996Z -- Installing: D:/a/sindarin-compiler/sindarin-compiler/bin/deps/include/openssl/cryptoerr.h
2026-10-02T17:11:20.6424348Z -- Installing: D:/a/sindarin-compiler/sindarin-compiler/bin/deps/include/openssl/cryptoerr_legacy.h
2026-10-02T17:11:20.6428637Z -- Installing: D:/a/sindarin-compiler/sindarin-compiler/bin/deps/include/openssl/ct.h
2026-10-02T17:11:20.6432538Z -- Installing: D:/a/sindarin-compiler/sindarin-compiler/bin/deps/include/openssl/cterr.h
2026-10-02T17:11:20.6437296Z -- Installing: D:/a/sindarin-compiler/sindarin-compiler/bin/deps/include/openssl/decoder.h
2026-10-02T17:11:20.6441187Z -- Installing: D:/a/sindarin-compiler/sindarin-compiler/bin/deps/include/openssl/decodererr.h
2026-10-02T17:11:20.6444478Z -- Installing: D:/a/sindarin-compiler/sindarin-compiler/bin/deps/include/openssl/des.h
2026-10-02T17:11:20.6448250Z -- Installing: D:/a/sindarin-compiler/sindarin-compiler/bin/deps/include/openssl/dh.h
2026-10-02T17:11:20.6452232Z -- Installing: D:/a/sindarin-compiler/sindarin-compiler/bin/deps/include/openssl/dherr.h
2026-10-02T17:11:20.6455721Z -- Installing: D:/a/sindarin-compiler/sindarin-compiler/bin/deps/include/openssl/dsa.h
2026-10-02T17:11:20.6459878Z -- Installing: D:/a/sindarin-compiler/sindarin-compiler/bin/deps/include/openssl/dsaerr.h
2026-10-02T17:11:20.6463175Z -- Installing: D:/a/sindarin-compiler/sindarin-compiler/bin/deps/include/openssl/dtls1.h
2026-10-02T17:11:20.6466745Z -- Installing: D:/a/sindarin-compiler/sindarin-compiler/bin/deps/include/openssl/ebcdic.h
2026-10-02T17:11:20.6470652Z -- Installing: D:/a/sindarin-compiler/sindarin-compiler/bin/deps/include/openssl/ec.h
2026-10-02T17:11:20.6474966Z -- Installing: D:/a/sindarin-compiler/sindarin-compiler/bin/deps/include/openssl/ecdh.h
2026-10-02T17:11:20.6478785Z -- Installing: D:/a/sindarin-compiler/sindarin-compiler/bin/deps/include/openssl/ecdsa.h
2026-10-02T17:11:20.6482319Z -- Installing: D:/a/sindarin-compiler/sindarin-compiler/bin/deps/include/openssl/ecerr.h
2026-10-02T17:11:20.6485826Z -- Installing: D:/a/sindarin-compiler/sindarin-compiler/bin/deps/include/openssl/encoder.h
2026-10-02T17:11:20.6489468Z -- Installing: D:/a/sindarin-compiler/sindarin-compiler/bin/deps/include/openssl/encodererr.h
2026-10-02T17:11:20.6492800Z -- Installing: D:/a/sindarin-compiler/sindarin-compiler/bin/deps/include/openssl/engine.h
2026-10-02T17:11:20.6497453Z -- Installing: D:/a/sindarin-compiler/sindarin-compiler/bin/deps/include/openssl/engineerr.h
2026-10-02T17:11:20.6500673Z -- Installing: D:/a/sindarin-compiler/sindarin-compiler/bin/deps/include/openssl/err.h
2026-10-02T17:11:20.6505445Z -- Installing: D:/a/sindarin-compiler/sindarin-compiler/bin/deps/include/openssl/ess.h
2026-10-02T17:11:20.6508247Z -- Installing: D:/a/sindarin-compiler/sindarin-compiler/bin/deps/include/openssl/esserr.h
2026-10-02T17:11:20.6512813Z -- Installing: D:/a/sindarin-compiler/sindarin-compiler/bin/deps/include/openssl/evp.h
2026-10-02T17:11:20.6518913Z -- Installing: D:/a/sindarin-compiler/sindarin-compiler/bin/deps/include/openssl/evperr.h
2026-10-02T17:11:20.6522738Z -- Installing: D:/a/sindarin-compiler/sindarin-compiler/bin/deps/include/openssl/e_os2.h
2026-10-02T17:11:20.6526289Z -- Installing: D:/a/sindarin-compiler/sindarin-compiler/bin/deps/include/openssl/e_ostime.h
2026-10-02T17:11:20.6529685Z -- Installing: D:/a/sindarin-compiler/sindarin-compiler/bin/deps/include/openssl/fipskey.h
2026-10-02T17:11:20.6533097Z -- Installing: D:/a/sindarin-compiler/sindarin-compiler/bin/deps/include/openssl/fips_names.h
2026-10-02T17:11:20.6537500Z -- Installing: D:/a/sindarin-compiler/sindarin-compiler/bin/deps/include/openssl/hmac.h
2026-10-02T17:11:20.6540942Z -- Installing: D:/a/sindarin-compiler/sindarin-compiler/bin/deps/include/openssl/hpke.h
2026-10-02T17:11:20.6544606Z -- Installing: D:/a/sindarin-compiler/sindarin-compiler/bin/deps/include/openssl/http.h
2026-10-02T17:11:20.6548051Z -- Installing: D:/a/sindarin-compiler/sindarin-compiler/bin/deps/include/openssl/httperr.h
2026-10-02T17:11:20.6551112Z -- Installing: D:/a/sindarin-compiler/sindarin-compiler/bin/deps/include/openssl/idea.h
2026-10-02T17:11:20.6555189Z -- Installing: D:/a/sindarin-compiler/sindarin-compiler/bin/deps/include/openssl/indicator.h
2026-10-02T17:11:20.6558332Z -- Installing: D:/a/sindarin-compiler/sindarin-compiler/bin/deps/include/openssl/kdf.h
2026-10-02T17:11:20.6561983Z -- Installing: D:/a/sindarin-compiler/sindarin-compiler/bin/deps/include/openssl/kdferr.h
2026-10-02T17:11:20.6565024Z -- Installing: D:/a/sindarin-compiler/sindarin-compiler/bin/deps/include/openssl/lhash.h
2026-10-02T17:11:20.6569134Z -- Installing: D:/a/sindarin-compiler/sindarin-compiler/bin/deps/include/openssl/macros.h
2026-10-02T17:11:20.6573072Z -- Installing: D:/a/sindarin-compiler/sindarin-compiler/bin/deps/include/openssl/md2.h
2026-10-02T17:11:20.6576956Z -- Installing: D:/a/sindarin-compiler/sindarin-compiler/bin/deps/include/openssl/md4.h
2026-10-02T17:11:20.6580441Z -- Installing: D:/a/sindarin-compiler/sindarin-compiler/bin/deps/include/openssl/md5.h
2026-10-02T17:11:20.6583611Z -- Installing: D:/a/sindarin-compiler/sindarin-compiler/bin/deps/include/openssl/mdc2.h
2026-10-02T17:11:20.6586844Z -- Installing: D:/a/sindarin-compiler/sindarin-compiler/bin/deps/include/openssl/ml_kem.h
2026-10-02T17:11:20.6591086Z -- Installing: D:/a/sindarin-compiler/sindarin-compiler/bin/deps/include/openssl/modes.h
2026-10-02T17:11:20.6595022Z -- Installing: D:/a/sindarin-compiler/sindarin-compiler/bin/deps/include/openssl/objects.h
2026-10-02T17:11:20.6599125Z -- Installing: D:/a/sindarin-compiler/sindarin-compiler/bin/deps/include/openssl/objectserr.h
2026-10-02T17:11:20.6602299Z -- Installing: D:/a/sindarin-compiler/sindarin-compiler/bin/deps/include/openssl/obj_mac.h
2026-10-02T17:11:20.6609793Z -- Installing: D:/a/sindarin-compiler/sindarin-compiler/bin/deps/include/openssl/ocsp.h
2026-10-02T17:11:20.6613615Z -- Installing: D:/a/sindarin-compiler/sindarin-compiler/bin/deps/include/openssl/ocsperr.h
2026-10-02T17:11:20.6617501Z -- Installing: D:/a/sindarin-compiler/sindarin-compiler/bin/deps/include/openssl/opensslconf.h
2026-10-02T17:11:20.6620644Z -- Installing: D:/a/sindarin-compiler/sindarin-compiler/bin/deps/include/openssl/opensslv.h
2026-10-02T17:11:20.6623881Z -- Installing: D:/a/sindarin-compiler/sindarin-compiler/bin/deps/include/openssl/ossl_typ.h
2026-10-02T17:11:20.6627022Z -- Installing: D:/a/sindarin-compiler/sindarin-compiler/bin/deps/include/openssl/params.h
2026-10-02T17:11:20.6630611Z -- Installing: D:/a/sindarin-compiler/sindarin-compiler/bin/deps/include/openssl/param_build.h
2026-10-02T17:11:20.6635006Z -- Installing: D:/a/sindarin-compiler/sindarin-compiler/bin/deps/include/openssl/pem.h
2026-10-02T17:11:20.6639112Z -- Installing: D:/a/sindarin-compiler/sindarin-compiler/bin/deps/include/openssl/pem2.h
2026-10-02T17:11:20.6642423Z -- Installing: D:/a/sindarin-compiler/sindarin-compiler/bin/deps/include/openssl/pemerr.h
2026-10-02T17:11:20.6645873Z -- Installing: D:/a/sindarin-compiler/sindarin-compiler/bin/deps/include/openssl/pkcs12.h
2026-10-02T17:11:20.6649705Z -- Installing: D:/a/sindarin-compiler/sindarin-compiler/bin/deps/include/openssl/pkcs12err.h
2026-10-02T17:11:20.6653121Z -- Installing: D:/a/sindarin-compiler/sindarin-compiler/bin/deps/include/openssl/pkcs7.h
2026-10-02T17:11:20.6657775Z -- Installing: D:/a/sindarin-compiler/sindarin-compiler/bin/deps/include/openssl/pkcs7err.h
2026-10-02T17:11:20.6661414Z -- Installing: D:/a/sindarin-compiler/sindarin-compiler/bin/deps/include/openssl/proverr.h
2026-10-02T17:11:20.6665994Z -- Installing: D:/a/sindarin-compiler/sindarin-compiler/bin/deps/include/openssl/provider.h
2026-10-02T17:11:20.6669923Z -- Installing: D:/a/sindarin-compiler/sindarin-compiler/bin/deps/include/openssl/prov_ssl.h
2026-10-02T17:11:20.6673224Z -- Installing: D:/a/sindarin-compiler/sindarin-compiler/bin/deps/include/openssl/quic.h
2026-10-02T17:11:20.6677868Z -- Installing: D:/a/sindarin-compiler/sindarin-compiler/bin/deps/include/openssl/rand.h
2026-10-02T17:11:20.6681184Z -- Installing: D:/a/sindarin-compiler/sindarin-compiler/bin/deps/include/openssl/randerr.h
2026-10-02T17:11:20.6684237Z -- Installing: D:/a/sindarin-compiler/sindarin-compiler/bin/deps/include/openssl/rc2.h
2026-10-02T17:11:20.6687668Z -- Installing: D:/a/sindarin-compiler/sindarin-compiler/bin/deps/include/openssl/rc4.h
2026-10-02T17:11:20.6690751Z -- Installing: D:/a/sindarin-compiler/sindarin-compiler/bin/deps/include/openssl/rc5.h
2026-10-02T17:11:20.6696079Z -- Installing: D:/a/sindarin-compiler/sindarin-compiler/bin/deps/include/openssl/ripemd.h
2026-10-02T17:11:20.6699968Z -- Installing: D:/a/sindarin-compiler/sindarin-compiler/bin/deps/include/openssl/rsa.h
2026-10-02T17:11:20.6704095Z -- Installing: D:/a/sindarin-compiler/sindarin-compiler/bin/deps/include/openssl/rsaerr.h
2026-10-02T17:11:20.6707742Z -- Installing: D:/a/sindarin-compiler/sindarin-compiler/bin/deps/include/openssl/safestack.h
2026-10-02T17:11:20.6711527Z -- Installing: D:/a/sindarin-compiler/sindarin-compiler/bin/deps/include/openssl/seed.h
2026-10-02T17:11:20.6715158Z -- Installing: D:/a/sindarin-compiler/sindarin-compiler/bin/deps/include/openssl/self_test.h
2026-10-02T17:11:20.6718675Z -- Installing: D:/a/sindarin-compiler/sindarin-compiler/bin/deps/include/openssl/sha.h
2026-10-02T17:11:20.6722353Z -- Installing: D:/a/sindarin-compiler/sindarin-compiler/bin/deps/include/openssl/srp.h
2026-10-02T17:11:20.6725983Z -- Installing: D:/a/sindarin-compiler/sindarin-compiler/bin/deps/include/openssl/srtp.h
2026-10-02T17:11:20.6729064Z -- Installing: D:/a/sindarin-compiler/sindarin-compiler/bin/deps/include/openssl/ssl.h
2026-10-02T17:11:20.6734900Z -- Installing: D:/a/sindarin-compiler/sindarin-compiler/bin/deps/include/openssl/ssl2.h
2026-10-02T17:11:20.6737960Z -- Installing: D:/a/sindarin-compiler/sindarin-compiler/bin/deps/include/openssl/ssl3.h
2026-10-02T17:11:20.6741764Z -- Installing: D:/a/sindarin-compiler/sindarin-compiler/bin/deps/include/openssl/sslerr.h
2026-10-02T17:11:20.6747711Z -- Installing: D:/a/sindarin-compiler/sindarin-compiler/bin/deps/include/openssl/sslerr_legacy.h
2026-10-02T17:11:20.6751634Z -- Installing: D:/a/sindarin-compiler/sindarin-compiler/bin/deps/include/openssl/stack.h
2026-10-02T17:11:20.6755386Z -- Installing: D:/a/sindarin-compiler/sindarin-compiler/bin/deps/include/openssl/store.h
2026-10-02T17:11:20.6759200Z -- Installing: D:/a/sindarin-compiler/sindarin-compiler/bin/deps/include/openssl/storeerr.h
2026-10-02T17:11:20.6762495Z -- Installing: D:/a/sindarin-compiler/sindarin-compiler/bin/deps/include/openssl/symhacks.h
2026-10-02T17:11:20.6765875Z -- Installing: D:/a/sindarin-compiler/sindarin-compiler/bin/deps/include/openssl/thread.h
2026-10-02T17:11:20.6768821Z -- Installing: D:/a/sindarin-compiler/sindarin-compiler/bin/deps/include/openssl/tls1.h
2026-10-02T17:11:20.6772931Z -- Installing: D:/a/sindarin-compiler/sindarin-compiler/bin/deps/include/openssl/trace.h
2026-10-02T17:11:20.6776871Z -- Installing: D:/a/sindarin-compiler/sindarin-compiler/bin/deps/include/openssl/ts.h
2026-10-02T17:11:20.6780525Z -- Installing: D:/a/sindarin-compiler/sindarin-compiler/bin/deps/include/openssl/tserr.h
2026-10-02T17:11:20.6783763Z -- Installing: D:/a/sindarin-compiler/sindarin-compiler/bin/deps/include/openssl/txt_db.h
2026-10-02T17:11:20.6786881Z -- Installing: D:/a/sindarin-compiler/sindarin-compiler/bin/deps/include/openssl/types.h
2026-10-02T17:11:20.6790178Z -- Installing: D:/a/sindarin-compiler/sindarin-compiler/bin/deps/include/openssl/ui.h
2026-10-02T17:11:20.6794064Z -- Installing: D:/a/sindarin-compiler/sindarin-compiler/bin/deps/include/openssl/uierr.h
2026-10-02T17:11:20.6798136Z -- Installing: D:/a/sindarin-compiler/sindarin-compiler/bin/deps/include/openssl/whrlpool.h
2026-10-02T17:11:20.6801445Z -- Installing: D:/a/sindarin-compiler/sindarin-compiler/bin/deps/include/openssl/x509.h
2026-10-02T17:11:20.6806382Z -- Installing: D:/a/sindarin-compiler/sindarin-compiler/bin/deps/include/openssl/x509err.h
2026-10-02T17:11:20.6809645Z -- Installing: D:/a/sindarin-compiler/sindarin-compiler/bin/deps/include/openssl/x509v3.h
2026-10-02T17:11:20.6815349Z -- Installing: D:/a/sindarin-compiler/sindarin-compiler/bin/deps/include/openssl/x509v3err.h
2026-10-02T17:11:20.6819825Z -- Installing: D:/a/sindarin-compiler/sindarin-compiler/bin/deps/include/openssl/x509_acert.h
2026-10-02T17:11:20.6824394Z -- Installing: D:/a/sindarin-compiler/sindarin-compiler/bin/deps/include/openssl/x509_vfy.h
2026-10-02T17:11:20.6829899Z --   Copying libssh headers...
2026-10-02T17:11:20.6830655Z -- Installing: D:/a/sindarin-compiler/sindarin-compiler/bin/deps/include/libssh
2026-10-02T17:11:20.6835630Z -- Installing: D:/a/sindarin-compiler/sindarin-compiler/bin/deps/include/libssh/callbacks.h
2026-10-02T17:11:20.6840167Z -- Installing: D:/a/sindarin-compiler/sindarin-compiler/bin/deps/include/libssh/legacy.h
2026-10-02T17:11:20.6843726Z -- Installing: D:/a/sindarin-compiler/sindarin-compiler/bin/deps/include/libssh/libssh.h
2026-10-02T17:11:20.6847767Z -- Installing: D:/a/sindarin-compiler/sindarin-compiler/bin/deps/include/libssh/libsshpp.hpp
2026-10-02T17:11:20.6851619Z -- Installing: D:/a/sindarin-compiler/sindarin-compiler/bin/deps/include/libssh/libssh_version.h
2026-10-02T17:11:20.6856408Z -- Installing: D:/a/sindarin-compiler/sindarin-compiler/bin/deps/include/libssh/server.h
2026-10-02T17:11:20.6862030Z -- Installing: D:/a/sindarin-compiler/sindarin-compiler/bin/deps/include/libssh/sftp.h
2026-10-02T17:11:20.6869249Z -- Installing: D:/a/sindarin-compiler/sindarin-compiler/bin/deps/include/libssh/sftpserver.h
2026-10-02T17:11:20.6873584Z -- Installing: D:/a/sindarin-compiler/sindarin-compiler/bin/deps/include/libssh/ssh2.h
2026-10-02T17:11:20.6877041Z --   Copying libgit2 headers...
2026-10-02T17:11:20.6877767Z -- Installing: D:/a/sindarin-compiler/sindarin-compiler/bin/deps/include/git2.h
2026-10-02T17:11:20.6882131Z -- Installing: D:/a/sindarin-compiler/sindarin-compiler/bin/deps/include/git2
2026-10-02T17:11:20.6885600Z -- Installing: D:/a/sindarin-compiler/sindarin-compiler/bin/deps/include/git2/annotated_commit.h
2026-10-02T17:11:20.6889636Z -- Installing: D:/a/sindarin-compiler/sindarin-compiler/bin/deps/include/git2/apply.h
2026-10-02T17:11:20.6893573Z -- Installing: D:/a/sindarin-compiler/sindarin-compiler/bin/deps/include/git2/attr.h
2026-10-02T17:11:20.6897180Z -- Installing: D:/a/sindarin-compiler/sindarin-compiler/bin/deps/include/git2/blame.h
2026-10-02T17:11:20.6900978Z -- Installing: D:/a/sindarin-compiler/sindarin-compiler/bin/deps/include/git2/blob.h
2026-10-02T17:11:20.6908702Z -- Installing: D:/a/sindarin-compiler/sindarin-compiler/bin/deps/include/git2/branch.h
2026-10-02T17:11:20.6912403Z -- Installing: D:/a/sindarin-compiler/sindarin-compiler/bin/deps/include/git2/buffer.h
2026-10-02T17:11:20.6916826Z -- Installing: D:/a/sindarin-compiler/sindarin-compiler/bin/deps/include/git2/cert.h
2026-10-02T17:11:20.6920536Z -- Installing: D:/a/sindarin-compiler/sindarin-compiler/bin/deps/include/git2/checkout.h
2026-10-02T17:11:20.6924386Z -- Installing: D:/a/sindarin-compiler/sindarin-compiler/bin/deps/include/git2/cherrypick.h
2026-10-02T17:11:20.6927509Z -- Installing: D:/a/sindarin-compiler/sindarin-compiler/bin/deps/include/git2/clone.h
2026-10-02T17:11:20.6930711Z -- Installing: D:/a/sindarin-compiler/sindarin-compiler/bin/deps/include/git2/commit.h
2026-10-02T17:11:20.6935237Z -- Installing: D:/a/sindarin-compiler/sindarin-compiler/bin/deps/include/git2/common.h
2026-10-02T17:11:20.6938991Z -- Installing: D:/a/sindarin-compiler/sindarin-compiler/bin/deps/include/git2/config.h
2026-10-02T17:11:20.6943784Z -- Installing: D:/a/sindarin-compiler/sindarin-compiler/bin/deps/include/git2/credential.h
2026-10-02T17:11:20.6947179Z -- Installing: D:/a/sindarin-compiler/sindarin-compiler/bin/deps/include/git2/credential_helpers.h
2026-10-02T17:11:20.6950390Z -- Installing: D:/a/sindarin-compiler/sindarin-compiler/bin/deps/include/git2/cred_helpers.h
2026-10-02T17:11:20.6954629Z -- Installing: D:/a/sindarin-compiler/sindarin-compiler/bin/deps/include/git2/deprecated.h
2026-10-02T17:11:20.6958847Z -- Installing: D:/a/sindarin-compiler/sindarin-compiler/bin/deps/include/git2/describe.h
2026-10-02T17:11:20.6962383Z -- Installing: D:/a/sindarin-compiler/sindarin-compiler/bin/deps/include/git2/diff.h
2026-10-02T17:11:20.6966839Z -- Installing: D:/a/sindarin-compiler/sindarin-compiler/bin/deps/include/git2/email.h
2026-10-02T17:11:20.6970539Z -- Installing: D:/a/sindarin-compiler/sindarin-compiler/bin/deps/include/git2/errors.h
2026-10-02T17:11:20.6974957Z -- Installing: D:/a/sindarin-compiler/sindarin-compiler/bin/deps/include/git2/experimental.h
2026-10-02T17:11:20.6978255Z -- Installing: D:/a/sindarin-compiler/sindarin-compiler/bin/deps/include/git2/filter.h
2026-10-02T17:11:20.6982000Z -- Installing: D:/a/sindarin-compiler/sindarin-compiler/bin/deps/include/git2/global.h
2026-10-02T17:11:20.6985289Z -- Installing: D:/a/sindarin-compiler/sindarin-compiler/bin/deps/include/git2/graph.h
2026-10-02T17:11:20.6988595Z -- Installing: D:/a/sindarin-compiler/sindarin-compiler/bin/deps/include/git2/ignore.h
2026-10-02T17:11:20.6991692Z -- Installing: D:/a/sindarin-compiler/sindarin-compiler/bin/deps/include/git2/index.h
2026-10-02T17:11:20.6996044Z -- Installing: D:/a/sindarin-compiler/sindarin-compiler/bin/deps/include/git2/indexer.h
2026-10-02T17:11:20.6999647Z -- Installing: D:/a/sindarin-compiler/sindarin-compiler/bin/deps/include/git2/mailmap.h
2026-10-02T17:11:20.7002908Z -- Installing: D:/a/sindarin-compiler/sindarin-compiler/bin/deps/include/git2/merge.h
2026-10-02T17:11:20.7006682Z -- Installing: D:/a/sindarin-compiler/sindarin-compiler/bin/deps/include/git2/message.h
2026-10-02T17:11:20.7009910Z -- Installing: D:/a/sindarin-compiler/sindarin-compiler/bin/deps/include/git2/net.h
2026-10-02T17:11:20.7013978Z -- Installing: D:/a/sindarin-compiler/sindarin-compiler/bin/deps/include/git2/notes.h
2026-10-02T17:11:20.7017793Z -- Installing: D:/a/sindarin-compiler/sindarin-compiler/bin/deps/include/git2/object.h
2026-10-02T17:11:20.7021416Z -- Installing: D:/a/sindarin-compiler/sindarin-compiler/bin/deps/include/git2/odb.h
2026-10-02T17:11:20.7025453Z -- Installing: D:/a/sindarin-compiler/sindarin-compiler/bin/deps/include/git2/odb_backend.h
2026-10-02T17:11:20.7029076Z -- Installing: D:/a/sindarin-compiler/sindarin-compiler/bin/deps/include/git2/oid.h
2026-10-02T17:11:20.7033208Z -- Installing: D:/a/sindarin-compiler/sindarin-compiler/bin/deps/include/git2/oidarray.h
2026-10-02T17:11:20.7037440Z -- Installing: D:/a/sindarin-compiler/sindarin-compiler/bin/deps/include/git2/pack.h
2026-10-02T17:11:20.7041461Z -- Installing: D:/a/sindarin-compiler/sindarin-compiler/bin/deps/include/git2/patch.h
2026-10-02T17:11:20.7045081Z -- Installing: D:/a/sindarin-compiler/sindarin-compiler/bin/deps/include/git2/pathspec.h
2026-10-02T17:11:20.7048472Z -- Installing: D:/a/sindarin-compiler/sindarin-compiler/bin/deps/include/git2/proxy.h
2026-10-02T17:11:20.7052145Z -- Installing: D:/a/sindarin-compiler/sindarin-compiler/bin/deps/include/git2/rebase.h
2026-10-02T17:11:20.7055700Z -- Installing: D:/a/sindarin-compiler/sindarin-compiler/bin/deps/include/git2/refdb.h
2026-10-02T17:11:20.7058786Z -- Installing: D:/a/sindarin-compiler/sindarin-compiler/bin/deps/include/git2/reflog.h
2026-10-02T17:11:20.7062180Z -- Installing: D:/a/sindarin-compiler/sindarin-compiler/bin/deps/include/git2/refs.h
2026-10-02T17:11:20.7065970Z -- Installing: D:/a/sindarin-compiler/sindarin-compiler/bin/deps/include/git2/refspec.h
2026-10-02T17:11:20.7069175Z -- Installing: D:/a/sindarin-compiler/sindarin-compiler/bin/deps/include/git2/remote.h
2026-10-02T17:11:20.7073821Z -- Installing: D:/a/sindarin-compiler/sindarin-compiler/bin/deps/include/git2/repository.h
2026-10-02T17:11:20.7078164Z -- Installing: D:/a/sindarin-compiler/sindarin-compiler/bin/deps/include/git2/reset.h
2026-10-02T17:11:20.7082449Z -- Installing: D:/a/sindarin-compiler/sindarin-compiler/bin/deps/include/git2/revert.h
2026-10-02T17:11:20.7086030Z -- Installing: D:/a/sindarin-compiler/sindarin-compiler/bin/deps/include/git2/revparse.h
2026-10-02T17:11:20.7089218Z -- Installing: D:/a/sindarin-compiler/sindarin-compiler/bin/deps/include/git2/revwalk.h
2026-10-02T17:11:20.7093388Z -- Installing: D:/a/sindarin-compiler/sindarin-compiler/bin/deps/include/git2/signature.h
2026-10-02T17:11:20.7097193Z -- Installing: D:/a/sindarin-compiler/sindarin-compiler/bin/deps/include/git2/stash.h
2026-10-02T17:11:20.7100917Z -- Installing: D:/a/sindarin-compiler/sindarin-compiler/bin/deps/include/git2/status.h
2026-10-02T17:11:20.7104654Z -- Installing: D:/a/sindarin-compiler/sindarin-compiler/bin/deps/include/git2/stdint.h
2026-10-02T17:11:20.7108048Z -- Installing: D:/a/sindarin-compiler/sindarin-compiler/bin/deps/include/git2/strarray.h
2026-10-02T17:11:20.7112620Z -- Installing: D:/a/sindarin-compiler/sindarin-compiler/bin/deps/include/git2/submodule.h
2026-10-02T17:11:20.7116810Z -- Installing: D:/a/sindarin-compiler/sindarin-compiler/bin/deps/include/git2/sys
2026-10-02T17:11:20.7120536Z -- Installing: D:/a/sindarin-compiler/sindarin-compiler/bin/deps/include/git2/sys/alloc.h
2026-10-02T17:11:20.7124414Z -- Installing: D:/a/sindarin-compiler/sindarin-compiler/bin/deps/include/git2/sys/commit.h
2026-10-02T17:11:20.7128164Z -- Installing: D:/a/sindarin-compiler/sindarin-compiler/bin/deps/include/git2/sys/commit_graph.h
2026-10-02T17:11:20.7132408Z -- Installing: D:/a/sindarin-compiler/sindarin-compiler/bin/deps/include/git2/sys/config.h
2026-10-02T17:11:20.7136563Z -- Installing: D:/a/sindarin-compiler/sindarin-compiler/bin/deps/include/git2/sys/cred.h
2026-10-02T17:11:20.7139669Z -- Installing: D:/a/sindarin-compiler/sindarin-compiler/bin/deps/include/git2/sys/credential.h
2026-10-02T17:11:20.7142881Z -- Installing: D:/a/sindarin-compiler/sindarin-compiler/bin/deps/include/git2/sys/diff.h
2026-10-02T17:11:20.7147204Z -- Installing: D:/a/sindarin-compiler/sindarin-compiler/bin/deps/include/git2/sys/email.h
2026-10-02T17:11:20.7150821Z -- Installing: D:/a/sindarin-compiler/sindarin-compiler/bin/deps/include/git2/sys/errors.h
2026-10-02T17:11:20.7154399Z -- Installing: D:/a/sindarin-compiler/sindarin-compiler/bin/deps/include/git2/sys/filter.h
2026-10-02T17:11:20.7158086Z -- Installing: D:/a/sindarin-compiler/sindarin-compiler/bin/deps/include/git2/sys/hashsig.h
2026-10-02T17:11:20.7161334Z -- Installing: D:/a/sindarin-compiler/sindarin-compiler/bin/deps/include/git2/sys/index.h
2026-10-02T17:11:20.7164884Z -- Installing: D:/a/sindarin-compiler/sindarin-compiler/bin/deps/include/git2/sys/mempack.h
2026-10-02T17:11:20.7168312Z -- Installing: D:/a/sindarin-compiler/sindarin-compiler/bin/deps/include/git2/sys/merge.h
2026-10-02T17:11:20.7172713Z -- Installing: D:/a/sindarin-compiler/sindarin-compiler/bin/deps/include/git2/sys/midx.h
2026-10-02T17:11:20.7176027Z -- Installing: D:/a/sindarin-compiler/sindarin-compiler/bin/deps/include/git2/sys/odb_backend.h
2026-10-02T17:11:20.7179546Z -- Installing: D:/a/sindarin-compiler/sindarin-compiler/bin/deps/include/git2/sys/openssl.h
2026-10-02T17:11:20.7182622Z -- Installing: D:/a/sindarin-compiler/sindarin-compiler/bin/deps/include/git2/sys/path.h
2026-10-02T17:11:20.7185921Z -- Installing: D:/a/sindarin-compiler/sindarin-compiler/bin/deps/include/git2/sys/refdb_backend.h
2026-10-02T17:11:20.7189476Z -- Installing: D:/a/sindarin-compiler/sindarin-compiler/bin/deps/include/git2/sys/refs.h
2026-10-02T17:11:20.7193383Z -- Installing: D:/a/sindarin-compiler/sindarin-compiler/bin/deps/include/git2/sys/remote.h
2026-10-02T17:11:20.7196678Z -- Installing: D:/a/sindarin-compiler/sindarin-compiler/bin/deps/include/git2/sys/repository.h
2026-10-02T17:11:20.7201348Z -- Installing: D:/a/sindarin-compiler/sindarin-compiler/bin/deps/include/git2/sys/stream.h
2026-10-02T17:11:20.7205166Z -- Installing: D:/a/sindarin-compiler/sindarin-compiler/bin/deps/include/git2/sys/transport.h
2026-10-02T17:11:20.7208889Z -- Installing: D:/a/sindarin-compiler/sindarin-compiler/bin/deps/include/git2/tag.h
2026-10-02T17:11:20.7214544Z -- Installing: D:/a/sindarin-compiler/sindarin-compiler/bin/deps/include/git2/trace.h
2026-10-02T17:11:20.7217799Z -- Installing: D:/a/sindarin-compiler/sindarin-compiler/bin/deps/include/git2/transaction.h
2026-10-02T17:11:20.7221121Z -- Installing: D:/a/sindarin-compiler/sindarin-compiler/bin/deps/include/git2/transport.h
2026-10-02T17:11:20.7224537Z -- Installing: D:/a/sindarin-compiler/sindarin-compiler/bin/deps/include/git2/tree.h
2026-10-02T17:11:20.7228276Z -- Installing: D:/a/sindarin-compiler/sindarin-compiler/bin/deps/include/git2/types.h
2026-10-02T17:11:20.7232403Z -- Installing: D:/a/sindarin-compiler/sindarin-compiler/bin/deps/include/git2/version.h
2026-10-02T17:11:20.7235652Z -- Installing: D:/a/sindarin-compiler/sindarin-compiler/bin/deps/include/git2/worktree.h
2026-10-02T17:11:20.7239056Z --   Copying curl headers...
2026-10-02T17:11:20.7239868Z -- Installing: D:/a/sindarin-compiler/sindarin-compiler/bin/deps/include/curl
2026-10-02T17:11:20.7243640Z -- Installing: D:/a/sindarin-compiler/sindarin-compiler/bin/deps/include/curl/curl.h
2026-10-02T17:11:20.7250099Z -- Installing: D:/a/sindarin-compiler/sindarin-compiler/bin/deps/include/curl/curlver.h
2026-10-02T17:11:20.7254046Z -- Installing: D:/a/sindarin-compiler/sindarin-compiler/bin/deps/include/curl/easy.h
2026-10-02T17:11:20.7257814Z -- Installing: D:/a/sindarin-compiler/sindarin-compiler/bin/deps/include/curl/header.h
2026-10-02T17:11:20.7261016Z -- Installing: D:/a/sindarin-compiler/sindarin-compiler/bin/deps/include/curl/mprintf.h
2026-10-02T17:11:20.7264120Z -- Installing: D:/a/sindarin-compiler/sindarin-compiler/bin/deps/include/curl/multi.h
2026-10-02T17:11:20.7268296Z -- Installing: D:/a/sindarin-compiler/sindarin-compiler/bin/deps/include/curl/options.h
2026-10-02T17:11:20.7273089Z -- Installing: D:/a/sindarin-compiler/sindarin-compiler/bin/deps/include/curl/stdcheaders.h
2026-10-02T17:11:20.7276783Z -- Installing: D:/a/sindarin-compiler/sindarin-compiler/bin/deps/include/curl/system.h
2026-10-02T17:11:20.7280462Z -- Installing: D:/a/sindarin-compiler/sindarin-compiler/bin/deps/include/curl/typecheck-gcc.h
2026-10-02T17:11:20.7285609Z -- Installing: D:/a/sindarin-compiler/sindarin-compiler/bin/deps/include/curl/urlapi.h
2026-10-02T17:11:20.7289364Z -- Installing: D:/a/sindarin-compiler/sindarin-compiler/bin/deps/include/curl/websockets.h
2026-10-02T17:11:20.7299448Z --   Copying library: D:/a/sindarin-compiler/sindarin-compiler/.sn/sindarin-pkg-libs/libs/windows/lib/libzlib.a
2026-10-02T17:11:20.7301247Z -- Installing: D:/a/sindarin-compiler/sindarin-compiler/bin/deps/lib/libzlib.a
2026-10-02T17:11:20.7306794Z --   Copying library: D:/a/sindarin-compiler/sindarin-compiler/.sn/sindarin-pkg-libs/libs/windows/lib/libzs.a
2026-10-02T17:11:20.7307741Z -- Installing: D:/a/sindarin-compiler/sindarin-compiler/bin/deps/lib/libzs.a
2026-10-02T17:11:20.7315021Z --   Copying library: D:/a/sindarin-compiler/sindarin-compiler/.sn/sindarin-pkg-libs/libs/windows/lib/libyyjson.a
2026-10-02T17:11:20.7316465Z -- Installing: D:/a/sindarin-compiler/sindarin-compiler/bin/deps/lib/libyyjson.a
2026-10-02T17:11:20.7324894Z --   Copying library: D:/a/sindarin-compiler/sindarin-compiler/.sn/sindarin-pkg-libs/libs/windows/lib/libxml2.a
2026-10-02T17:11:20.7326559Z -- Installing: D:/a/sindarin-compiler/sindarin-compiler/bin/deps/lib/libxml2.a
2026-10-02T17:11:20.7353079Z --   Copying library: D:/a/sindarin-compiler/sindarin-compiler/.sn/sindarin-pkg-libs/libs/windows/lib/libyaml.a
2026-10-02T17:11:20.7354580Z -- Installing: D:/a/sindarin-compiler/sindarin-compiler/bin/deps/lib/libyaml.a
2026-10-02T17:11:20.7359919Z --   Copying library: D:/a/sindarin-compiler/sindarin-compiler/.sn/sindarin-pkg-libs/libs/windows/lib/libcrypto.a
2026-10-02T17:11:20.7361250Z -- Installing: D:/a/sindarin-compiler/sindarin-compiler/bin/deps/lib/libcrypto.a
2026-10-02T17:11:20.7487397Z --   Copying library: D:/a/sindarin-compiler/sindarin-compiler/.sn/sindarin-pkg-libs/libs/windows/lib/libssl.a
2026-10-02T17:11:20.7489368Z -- Installing: D:/a/sindarin-compiler/sindarin-compiler/bin/deps/lib/libssl.a
2026-10-02T17:11:20.7518545Z --   Copying library: D:/a/sindarin-compiler/sindarin-compiler/.sn/sindarin-pkg-libs/libs/windows/lib/libssh.a
2026-10-02T17:11:20.7519936Z -- Installing: D:/a/sindarin-compiler/sindarin-compiler/bin/deps/lib/libssh.a
2026-10-02T17:11:20.7533277Z --   Copying library: D:/a/sindarin-compiler/sindarin-compiler/.sn/sindarin-pkg-libs/libs/windows/lib/libssh2.a
2026-10-02T17:11:20.7535072Z -- Installing: D:/a/sindarin-compiler/sindarin-compiler/bin/deps/lib/libssh2.a
2026-10-02T17:11:20.7543405Z --   Copying library: D:/a/sindarin-compiler/sindarin-compiler/.sn/sindarin-pkg-libs/libs/windows/lib/libgit2.a
2026-10-02T17:11:20.7544935Z -- Installing: D:/a/sindarin-compiler/sindarin-compiler/bin/deps/lib/libgit2.a
2026-10-02T17:11:20.7576839Z --   Copying library: D:/a/sindarin-compiler/sindarin-compiler/.sn/sindarin-pkg-libs/libs/windows/lib/libhttp_parser.a
2026-10-02T17:11:20.7578288Z -- Installing: D:/a/sindarin-compiler/sindarin-compiler/bin/deps/lib/libhttp_parser.a
2026-10-02T17:11:20.7582191Z --   Copying library: D:/a/sindarin-compiler/sindarin-compiler/.sn/sindarin-pkg-libs/libs/windows/lib/libpcre2-8.a
2026-10-02T17:11:20.7583686Z -- Installing: D:/a/sindarin-compiler/sindarin-compiler/bin/deps/lib/libpcre2-8.a
2026-10-02T17:11:20.7606331Z --   Copying library: D:/a/sindarin-compiler/sindarin-compiler/.sn/sindarin-pkg-libs/libs/windows/lib/libssh2.a
2026-10-02T17:11:20.7607715Z -- Up-to-date: D:/a/sindarin-compiler/sindarin-compiler/bin/deps/lib/libssh2.a
2026-10-02T17:11:20.7608884Z --   Copying library: D:/a/sindarin-compiler/sindarin-compiler/.sn/sindarin-pkg-libs/libs/windows/lib/libcurl.a
2026-10-02T17:11:20.7610066Z -- Installing: D:/a/sindarin-compiler/sindarin-compiler/bin/deps/lib/libcurl.a
2026-10-02T17:11:20.7629428Z --   Dependencies copied to: D:/a/sindarin-compiler/sindarin-compiler/bin/deps
2026-10-02T17:11:20.7630564Z -- Using zlib archive: D:/a/sindarin-compiler/sindarin-compiler/.sn/sindarin-pkg-libs/libs/windows/lib/libzlib.a
2026-10-02T17:11:20.7631518Z -- Found sindarin-template (handlebars)
2026-10-02T17:11:20.7640047Z -- Found libcurl - enabling auto-update feature
2026-10-02T17:11:20.7640849Z -- Found libgit2 and libyaml - enabling package manager
2026-10-02T17:11:20.7799309Z -- 
2026-10-02T17:11:20.7799992Z -- Sindarin Compiler Build Configuration:
2026-10-02T17:11:20.7800610Z --   Version:      1.0.0
2026-10-02T17:11:20.7801173Z --   Platform:     Windows
2026-10-02T17:11:20.7801722Z --   Compiler:     Clang 19.1.6
2026-10-02T17:11:20.7802283Z --   Build Type:   Release
2026-10-02T17:11:20.7805938Z --   Debug:        OFF
2026-10-02T17:11:20.7806644Z --   ASAN:         OFF
2026-10-02T17:11:20.7807438Z --   Output:       D:/a/sindarin-compiler/sindarin-compiler/bin
2026-10-02T17:11:20.7808118Z -- 
2026-10-02T17:11:20.7808652Z -- Configuring done (1.6s)
2026-10-02T17:11:20.8741252Z -- Generating done (0.1s)
2026-10-02T17:11:20.8752542Z -- Build files have been written to: D:/a/sindarin-compiler/sindarin-compiler/build
2026-10-02T17:11:20.9237041Z cmake --build build
2026-10-02T17:11:20.9804908Z [0/2] Re-checking globbed directories...
2026-10-02T17:11:21.1824281Z [1/232] Building C object CMakeFiles/sn_fake_rustc.dir/tests/fixtures/fake_rustc.c.obj
2026-10-02T17:11:21.2442663Z [2/232] Building C object CMakeFiles/sn_runtime_min.dir/src/runtime/sn_byte.c.obj
2026-10-02T17:11:21.2487438Z [3/232] Synchronizing runtime headers
2026-10-02T17:11:21.2570120Z [4/232] Building C object CMakeFiles/sn_runtime_min.dir/src/runtime/sn_string.c.obj
2026-10-02T17:11:21.2680455Z [5/232] Building C object CMakeFiles/sn_runtime_min.dir/src/runtime/sn_array.c.obj
2026-10-02T17:11:21.4080446Z [6/232] Building C object CMakeFiles/sn.dir/src/file.c.obj
2026-10-02T17:11:21.4339804Z [7/232] Building C object CMakeFiles/sn.dir/src/arena.c.obj
2026-10-02T17:11:21.4896720Z [8/232] Building C object CMakeFiles/sn.dir/src/token.c.obj
2026-10-02T17:11:21.5243821Z [9/232] Building C object CMakeFiles/sn.dir/src/debug.c.obj
2026-10-02T17:11:21.5790842Z [10/232] Copying templates to bin/templates
2026-10-02T17:11:21.5964439Z [11/232] Building C object CMakeFiles/sn.dir/src/diagnostic.c.obj
2026-10-02T17:11:21.6297203Z [12/232] Linking C executable bin\sn_fake_rustc.exe
2026-10-02T17:11:21.7664795Z [13/232] Building C object CMakeFiles/sn.dir/src/compiler.c.obj
2026-10-02T17:11:21.8348510Z [14/232] Building C object CMakeFiles/sn.dir/src/lexer/lexer_util.c.obj
2026-10-02T17:11:21.9455903Z [15/232] Building C object CMakeFiles/sn.dir/src/lexer.c.obj
2026-10-02T17:11:21.9721120Z [16/232] Building C object CMakeFiles/sn.dir/src/lexer/lexer_scan.c.obj
2026-10-02T17:11:21.9989824Z [17/232] Building C object CMakeFiles/sn.dir/src/ast.c.obj
2026-10-02T17:11:22.0424779Z [18/232] Building C object CMakeFiles/sn.dir/src/main.c.obj
2026-10-02T17:11:22.1585956Z [19/232] Building C object CMakeFiles/sn.dir/src/ast/ast_expr.c.obj
2026-10-02T17:11:22.1650348Z [20/232] Building C object CMakeFiles/sn.dir/src/ast/ast_type.c.obj
2026-10-02T17:11:22.1850108Z [21/232] Building C object CMakeFiles/sn.dir/src/ast/ast_stmt.c.obj
2026-10-02T17:11:22.4432264Z [22/232] Building C object CMakeFiles/sn.dir/src/ast/ast_print.c.obj
2026-10-02T17:11:22.4603554Z [23/232] Building C object CMakeFiles/sn.dir/src/parser/expr/parser_expr_interpol.c.obj
2026-10-02T17:11:22.4774106Z [24/232] Building C object CMakeFiles/sn.dir/src/parser/util/parser_util.c.obj
2026-10-02T17:11:22.4917651Z [25/232] Building C object CMakeFiles/sn.dir/src/parser/expr/parser_expr.c.obj
2026-10-02T17:11:22.6192236Z [26/232] Building C object CMakeFiles/sn.dir/src/parser.c.obj
2026-10-02T17:11:22.6333090Z [27/232] Building C object CMakeFiles/sn.dir/src/parser/expr/parser_expr_match.c.obj
2026-10-02T17:11:22.6496239Z [28/232] Building C object CMakeFiles/sn.dir/src/parser/expr/parser_expr_struct.c.obj
2026-10-02T17:11:22.6567893Z [29/232] Building C object CMakeFiles/sn.dir/src/parser/expr/parser_expr_lambda.c.obj
2026-10-02T17:11:22.8005235Z [30/232] Building C object CMakeFiles/sn.dir/src/parser/stmt/parser_stmt.c.obj
2026-10-02T17:11:22.8504513Z [31/232] Building C object CMakeFiles/sn.dir/src/parser/stmt/parser_stmt_control.c.obj
2026-10-02T17:11:22.8820827Z [32/232] Building C object CMakeFiles/sn.dir/src/symbol_table.c.obj
2026-10-02T17:11:22.9814404Z [33/232] Building C object CMakeFiles/sn.dir/src/formatter.c.obj
2026-10-02T17:11:23.0134383Z [34/232] Building C object CMakeFiles/sn.dir/src/parser/stmt/parser_stmt_decl.c.obj
2026-10-02T17:11:23.0312717Z [35/232] Building C object CMakeFiles/sn.dir/src/symbol_table/symbol_table_core.c.obj
2026-10-02T17:11:23.0439882Z [36/232] Building C object CMakeFiles/sn.dir/src/symbol_table/symbol_table_namespace.c.obj
2026-10-02T17:11:23.0938043Z [37/232] Building C object CMakeFiles/sn.dir/src/type_checker.c.obj
2026-10-02T17:11:23.1423773Z [38/232] Building C object CMakeFiles/sn.dir/src/symbol_table/symbol_table_thread.c.obj
2026-10-02T17:11:23.1763253Z [39/232] Building C object CMakeFiles/sn.dir/src/type_checker/util/type_checker_util.c.obj
2026-10-02T17:11:23.2573250Z [40/232] Building C object CMakeFiles/sn.dir/src/type_checker/util/type_checker_util_escape.c.obj
2026-10-02T17:11:23.2869271Z [41/232] Building C object CMakeFiles/sn.dir/src/type_checker/util/type_checker_util_suggest.c.obj
2026-10-02T17:11:23.3449270Z [42/232] Building C object CMakeFiles/sn.dir/src/type_checker/util/type_checker_util_layout.c.obj
2026-10-02T17:11:23.3536365Z [43/232] Building C object CMakeFiles/sn.dir/src/type_checker/type_checker_generics.c.obj
2026-10-02T17:11:23.3642301Z [44/232] Building C object CMakeFiles/sn.dir/src/type_checker/util/type_checker_util_struct.c.obj
2026-10-02T17:11:23.4107157Z [45/232] Building C object CMakeFiles/sn.dir/src/type_checker/expr/type_checker_expr.c.obj
2026-10-02T17:11:23.4813563Z [46/232] Building C object CMakeFiles/sn.dir/src/type_checker/expr/type_checker_expr_assign.c.obj
2026-10-02T17:11:23.4920466Z [47/232] Building C object CMakeFiles/sn.dir/src/type_checker/expr/type_checker_expr_ops.c.obj
2026-10-02T17:11:23.5393320Z [48/232] Building C object CMakeFiles/sn.dir/src/type_checker/expr/type_checker_expr_cast.c.obj
2026-10-02T17:11:23.5535159Z [49/232] Building C object CMakeFiles/sn.dir/src/type_checker/expr/type_checker_expr_thread.c.obj
2026-10-02T17:11:23.5571635Z [50/232] Building C object CMakeFiles/sn.dir/src/type_checker/expr/type_checker_expr_basic.c.obj
2026-10-02T17:11:23.5928552Z [51/232] Building C object CMakeFiles/sn.dir/src/type_checker/expr/type_checker_expr_member.c.obj
2026-10-02T17:11:23.6761084Z [52/232] Building C object CMakeFiles/sn.dir/src/type_checker/expr/type_checker_expr_struct.c.obj
2026-10-02T17:11:23.6839225Z [53/232] Building C object CMakeFiles/sn.dir/src/type_checker/expr/type_checker_expr_access.c.obj
2026-10-02T17:11:23.6936562Z [54/232] Building C object CMakeFiles/sn.dir/src/type_checker/expr/type_checker_expr_misc.c.obj
2026-10-02T17:11:23.7609691Z [55/232] Building C object CMakeFiles/sn.dir/src/type_checker/expr/type_checker_expr_array.c.obj
2026-10-02T17:11:23.7916757Z [56/232] Building C object CMakeFiles/sn.dir/src/type_checker/expr/type_checker_expr_lambda.c.obj
2026-10-02T17:11:23.8039889Z [57/232] Building C object CMakeFiles/sn.dir/src/type_checker/expr/call/type_checker_expr_call.c.obj
2026-10-02T17:11:23.8170472Z [58/232] Building C object CMakeFiles/sn.dir/src/type_checker/expr/call/type_checker_expr_call_char.c.obj
2026-10-02T17:11:23.8410491Z [59/232] Building C object CMakeFiles/sn.dir/src/type_checker/expr/call/type_checker_expr_call_array.c.obj
2026-10-02T17:11:23.9277691Z [60/232] Building C object CMakeFiles/sn.dir/src/type_checker/expr/call/type_checker_expr_call_core.c.obj
2026-10-02T17:11:23.9348609Z [61/232] Building C object CMakeFiles/sn.dir/src/type_checker/expr/call/type_checker_expr_call_long.c.obj
2026-10-02T17:11:23.9380764Z [62/232] Building C object CMakeFiles/sn.dir/src/type_checker/expr/call/type_checker_expr_call_int.c.obj
2026-10-02T17:11:23.9383117Z [63/232] Building C object CMakeFiles/sn.dir/src/type_checker/expr/call/type_checker_expr_call_double.c.obj
2026-10-02T17:11:23.9473401Z [64/232] Building C object CMakeFiles/sn.dir/src/type_checker/expr/call/type_checker_expr_call_uint.c.obj
2026-10-02T17:11:24.0960097Z [65/232] Building C object CMakeFiles/sn.dir/src/type_checker/expr/call/type_checker_expr_call_bool.c.obj
2026-10-02T17:11:24.1012930Z [66/232] Building C object CMakeFiles/sn.dir/src/type_checker/expr/call/type_checker_expr_call_byte.c.obj
2026-10-02T17:11:24.1067675Z [67/232] Building C object CMakeFiles/sn.dir/src/type_checker/stmt/type_checker_stmt.c.obj
2026-10-02T17:11:24.1095701Z [68/232] Building C object CMakeFiles/sn.dir/src/type_checker/expr/call/type_checker_expr_call_string.c.obj
2026-10-02T17:11:24.1158931Z [69/232] Building C object CMakeFiles/sn.dir/src/type_checker/stmt/type_checker_stmt_var_util.c.obj
2026-10-02T17:11:24.2393210Z [70/232] Building C object CMakeFiles/sn.dir/src/type_checker/stmt/type_checker_stmt_var.c.obj
2026-10-02T17:11:24.2709243Z [71/232] Building C object CMakeFiles/sn.dir/src/type_checker/stmt/type_checker_stmt_interface.c.obj
2026-10-02T17:11:24.2756299Z [72/232] Building C object CMakeFiles/sn.dir/src/type_checker/stmt/type_checker_stmt_func.c.obj
2026-10-02T17:11:24.2836701Z [73/232] Building C object CMakeFiles/sn.dir/src/type_checker/stmt/type_checker_stmt_import.c.obj
2026-10-02T17:11:24.3342862Z [74/232] Building C object CMakeFiles/sn.dir/src/type_checker/stmt/type_checker_stmt_struct.c.obj
2026-10-02T17:11:24.3695789Z [75/232] Building C object CMakeFiles/sn.dir/src/type_checker/stmt/type_checker_stmt_control.c.obj
2026-10-02T17:11:24.4502240Z [76/232] Building C object CMakeFiles/sn.dir/src/type_checker/stmt/type_checker_stmt_import_ns_util.c.obj
2026-10-02T17:11:24.4620718Z [77/232] Building C object CMakeFiles/sn.dir/src/optimizer.c.obj
2026-10-02T17:11:24.5266590Z [78/232] Building C object CMakeFiles/sn.dir/src/type_checker/stmt/type_checker_stmt_import_ns.c.obj
2026-10-02T17:11:24.5523926Z [79/232] Building C object CMakeFiles/sn.dir/src/optimizer/optimizer_util.c.obj
2026-10-02T17:11:24.5700769Z [80/232] Building C object CMakeFiles/sn.dir/src/optimizer/optimizer_tail_call.c.obj
2026-10-02T17:11:24.6295900Z [81/232] Building C object CMakeFiles/sn.dir/src/optimizer/optimizer_string.c.obj
2026-10-02T17:11:24.6695807Z [82/232] Building C object CMakeFiles/sn.dir/src/cgen/gen_model_type.c.obj
2026-10-02T17:11:24.6971962Z [83/232] Building C object CMakeFiles/sn.dir/src/cgen/gen_model.c.obj
2026-10-02T17:11:24.7413269Z [84/232] Building C object CMakeFiles/sn.dir/src/cgen/gen_model_stmt.c.obj
2026-10-02T17:11:24.8865902Z [85/232] Building C object CMakeFiles/sn.dir/src/cgen/gen_model_chain_flatten.c.obj
2026-10-02T17:11:24.9306644Z [86/232] Building C object CMakeFiles/sn.dir/src/cgen/gen_model_struct.c.obj
2026-10-02T17:11:24.9915014Z [87/232] Building C object CMakeFiles/sn.dir/src/cgen/gen_model_render_common.c.obj
2026-10-02T17:11:25.0266241Z [88/232] Building C object CMakeFiles/sn.dir/src/cgen/gen_model_func.c.obj
2026-10-02T17:11:25.0403630Z [89/232] Building C object CMakeFiles/sn.dir/src/cgen/gen_model_split.c.obj
2026-10-02T17:11:25.1018457Z [90/232] Building C object CMakeFiles/sn.dir/src/cgen/gen_model_render_modular.c.obj
2026-10-02T17:11:25.1169782Z [91/232] Building C object CMakeFiles/sn.dir/src/cgen/c/gen_model_render_min_c.c.obj
2026-10-02T17:11:25.1320926Z [92/232] Building C object CMakeFiles/sn.dir/src/cgen/gen_model_expr.c.obj
2026-10-02T17:11:25.1570551Z [93/232] Building C object CMakeFiles/sn.dir/src/cgen/ownership.c.obj
2026-10-02T17:11:25.4701935Z [94/232] Building C object CMakeFiles/sn.dir/src/target/target.c.obj
2026-10-02T17:11:25.7092282Z [95/232] Building C object CMakeFiles/sn.dir/src/target/rust/rust_render.c.obj
2026-10-02T17:11:26.1579178Z [96/232] Building C object CMakeFiles/sn.dir/src/gcc_backend_config.c.obj
2026-10-02T17:11:26.2010204Z [97/232] Building C object CMakeFiles/sn.dir/src/gcc_backend.c.obj
2026-10-02T17:11:26.2091964Z [98/232] Building C object CMakeFiles/sn.dir/src/gcc_backend_pkgconfig.c.obj
2026-10-02T17:11:26.4643309Z [99/232] Building C object CMakeFiles/sn.dir/src/target/rust/rust_native_plan.c.obj
2026-10-02T17:11:26.5211701Z [100/232] Building C object CMakeFiles/sn.dir/src/target/rust/rust_native_render.c.obj
2026-10-02T17:11:26.5740666Z [101/232] Building C object CMakeFiles/sn.dir/src/target/rust/rust_native_build.c.obj
2026-10-02T17:11:26.6134859Z [102/232] Building C object CMakeFiles/sn.dir/src/target/rust/projection/rust_model.c.obj
2026-10-02T17:11:26.7723479Z [103/232] Building C object CMakeFiles/sn.dir/src/target/rust/cc_sidecar.c.obj
2026-10-02T17:11:26.9082237Z [104/232] Building C object CMakeFiles/sn.dir/src/target/rust/projection/rust_model_stmt.c.obj
2026-10-02T17:11:26.9159922Z [105/232] Building C object CMakeFiles/sn.dir/src/target/rust/projection/rust_model_struct.c.obj
2026-10-02T17:11:26.9534867Z [106/232] Building C object CMakeFiles/sn.dir/src/target/rust/projection/rust_model_func.c.obj
2026-10-02T17:11:27.1324109Z [107/232] Building C object CMakeFiles/sn.dir/src/target/rust/projection/rust_ownership.c.obj
2026-10-02T17:11:27.1769371Z [108/232] Building C object CMakeFiles/sn.dir/src/target/rust/projection/rust_model_type.c.obj
2026-10-02T17:11:27.1842064Z [109/232] Building C object CMakeFiles/sn.dir/src/target/rust/projection/rust_model_expr.c.obj
2026-10-02T17:11:27.2400128Z [110/232] Building C object CMakeFiles/sn.dir/src/runtime/sn_array.c.obj
2026-10-02T17:11:27.2694244Z [111/232] Building C object CMakeFiles/sn.dir/src/runtime/sn_string.c.obj
2026-10-02T17:11:27.3098418Z [112/232] Building C object CMakeFiles/sn.dir/src/runtime/sn_byte.c.obj
2026-10-02T17:11:27.4356069Z [113/232] Building C object CMakeFiles/sn.dir/src/package/package_yaml.c.obj
2026-10-02T17:11:27.4633388Z [114/232] Building C object CMakeFiles/sn.dir/src/package.c.obj
2026-10-02T17:11:27.5167316Z [115/232] Building C object CMakeFiles/sn.dir/src/target/rust/rust_target.c.obj
2026-10-02T17:11:27.6584138Z [116/232] Building C object CMakeFiles/tests.dir/src/file.c.obj
2026-10-02T17:11:27.7217537Z [117/232] Building C object CMakeFiles/tests.dir/src/arena.c.obj
2026-10-02T17:11:27.7643269Z [118/232] Building C object CMakeFiles/tests.dir/src/token.c.obj
2026-10-02T17:11:28.0413186Z [119/232] Building C object CMakeFiles/tests.dir/src/debug.c.obj
2026-10-02T17:11:28.0512581Z [120/232] Building C object CMakeFiles/tests.dir/src/diagnostic.c.obj
2026-10-02T17:11:28.1086760Z [121/232] Building C object CMakeFiles/tests.dir/src/compiler.c.obj
2026-10-02T17:11:28.2549082Z [122/232] Building C object CMakeFiles/sn.dir/src/package/package_git.c.obj
2026-10-02T17:11:28.3740981Z [123/232] Building C object CMakeFiles/tests.dir/src/lexer.c.obj
2026-10-02T17:11:28.4078392Z [124/232] Building C object CMakeFiles/tests.dir/src/lexer/lexer_util.c.obj
2026-10-02T17:11:28.4422273Z [125/232] Building C object CMakeFiles/sn.dir/src/package/lfs/package_lfs.c.obj
2026-10-02T17:11:28.6913815Z [126/232] Building C object CMakeFiles/tests.dir/src/ast.c.obj
2026-10-02T17:11:28.7283299Z [127/232] Building C object CMakeFiles/tests.dir/src/lexer/lexer_scan.c.obj
2026-10-02T17:11:28.7923709Z [128/232] Building C object CMakeFiles/tests.dir/src/ast/ast_expr.c.obj
2026-10-02T17:11:28.8294703Z [129/232] Building C object CMakeFiles/tests.dir/src/ast/ast_type.c.obj
2026-10-02T17:11:29.0299673Z [130/232] Building C object CMakeFiles/tests.dir/src/ast/ast_stmt.c.obj
2026-10-02T17:11:29.2015568Z [131/232] Building C object CMakeFiles/tests.dir/src/ast/ast_print.c.obj
2026-10-02T17:11:29.2651963Z [132/232] Building C object CMakeFiles/tests.dir/src/parser/util/parser_util.c.obj
2026-10-02T17:11:29.2994724Z [133/232] Building C object CMakeFiles/tests.dir/src/parser.c.obj
2026-10-02T17:11:29.4864331Z [134/232] Building C object CMakeFiles/tests.dir/src/parser/expr/parser_expr_interpol.c.obj
2026-10-02T17:11:29.4909686Z [135/232] Building C object CMakeFiles/tests.dir/src/parser/expr/parser_expr.c.obj
2026-10-02T17:11:29.4957795Z [136/232] Building C object CMakeFiles/tests.dir/src/parser/expr/parser_expr_match.c.obj
2026-10-02T17:11:29.5002730Z [137/232] Building C object CMakeFiles/tests.dir/src/formatter.c.obj
2026-10-02T17:11:29.5125977Z [138/232] Building C object CMakeFiles/tests.dir/src/parser/expr/parser_expr_struct.c.obj
2026-10-02T17:11:29.6362451Z [139/232] Building C object CMakeFiles/tests.dir/src/parser/expr/parser_expr_lambda.c.obj
2026-10-02T17:11:29.7160775Z [140/232] Building C object CMakeFiles/tests.dir/src/parser/stmt/parser_stmt.c.obj
2026-10-02T17:11:29.7372427Z [141/232] Building C object CMakeFiles/tests.dir/src/parser/stmt/parser_stmt_control.c.obj
2026-10-02T17:11:29.8192996Z [142/232] Building C object CMakeFiles/tests.dir/src/symbol_table.c.obj
2026-10-02T17:11:29.9377752Z [143/232] Building C object CMakeFiles/tests.dir/src/parser/stmt/parser_stmt_decl.c.obj
2026-10-02T17:11:29.9702736Z [144/232] Building C object CMakeFiles/tests.dir/src/symbol_table/symbol_table_core.c.obj
2026-10-02T17:11:30.0245942Z [145/232] Building C object CMakeFiles/tests.dir/src/symbol_table/symbol_table_namespace.c.obj
2026-10-02T17:11:30.0725123Z [146/232] Building C object CMakeFiles/tests.dir/src/symbol_table/symbol_table_thread.c.obj
2026-10-02T17:11:30.1512867Z [147/232] Building C object CMakeFiles/tests.dir/src/type_checker.c.obj
2026-10-02T17:11:30.1963075Z [148/232] Building C object CMakeFiles/tests.dir/src/type_checker/util/type_checker_util.c.obj
2026-10-02T17:11:30.2202364Z [149/232] Building C object CMakeFiles/tests.dir/src/type_checker/util/type_checker_util_escape.c.obj
2026-10-02T17:11:30.3469589Z [150/232] Building C object CMakeFiles/tests.dir/src/type_checker/type_checker_generics.c.obj
2026-10-02T17:11:30.3885569Z [151/232] Building C object CMakeFiles/tests.dir/src/type_checker/util/type_checker_util_suggest.c.obj
2026-10-02T17:11:30.3917405Z [152/232] Building C object CMakeFiles/tests.dir/src/type_checker/util/type_checker_util_layout.c.obj
2026-10-02T17:11:30.4559818Z [153/232] Building C object CMakeFiles/tests.dir/src/type_checker/util/type_checker_util_struct.c.obj
2026-10-02T17:11:30.4718105Z [154/232] Building C object CMakeFiles/tests.dir/src/type_checker/expr/type_checker_expr.c.obj
2026-10-02T17:11:30.5978272Z [155/232] Building C object CMakeFiles/tests.dir/src/type_checker/expr/type_checker_expr_ops.c.obj
2026-10-02T17:11:30.6011583Z [156/232] Building C object CMakeFiles/tests.dir/src/type_checker/expr/type_checker_expr_assign.c.obj
2026-10-02T17:11:30.6119601Z [157/232] Building C object CMakeFiles/tests.dir/src/type_checker/expr/type_checker_expr_member.c.obj
2026-10-02T17:11:30.6823904Z [158/232] Building C object CMakeFiles/tests.dir/src/type_checker/expr/type_checker_expr_thread.c.obj
2026-10-02T17:11:30.6966677Z [159/232] Building C object CMakeFiles/tests.dir/src/type_checker/expr/type_checker_expr_basic.c.obj
2026-10-02T17:11:30.8101533Z [160/232] Building C object CMakeFiles/tests.dir/src/type_checker/expr/type_checker_expr_cast.c.obj
2026-10-02T17:11:30.8223113Z [161/232] Building C object CMakeFiles/tests.dir/src/type_checker/expr/type_checker_expr_struct.c.obj
2026-10-02T17:11:30.8433550Z [162/232] Building C object CMakeFiles/tests.dir/src/type_checker/expr/type_checker_expr_misc.c.obj
2026-10-02T17:11:30.8628341Z [163/232] Building C object CMakeFiles/tests.dir/src/type_checker/expr/type_checker_expr_access.c.obj
2026-10-02T17:11:30.8822154Z [164/232] Building C object CMakeFiles/tests.dir/src/type_checker/expr/type_checker_expr_array.c.obj
2026-10-02T17:11:30.9464717Z [165/232] Building C object CMakeFiles/tests.dir/src/type_checker/expr/call/type_checker_expr_call.c.obj
2026-10-02T17:11:30.9878543Z [166/232] Building C object CMakeFiles/tests.dir/src/type_checker/expr/type_checker_expr_lambda.c.obj
2026-10-02T17:11:31.0600611Z [167/232] Building C object CMakeFiles/tests.dir/src/type_checker/expr/call/type_checker_expr_call_array.c.obj
2026-10-02T17:11:31.0787078Z [168/232] Building C object CMakeFiles/tests.dir/src/type_checker/expr/call/type_checker_expr_call_char.c.obj
2026-10-02T17:11:31.0870556Z [169/232] Building C object CMakeFiles/tests.dir/src/type_checker/expr/call/type_checker_expr_call_core.c.obj
2026-10-02T17:11:31.1726445Z [170/232] Building C object CMakeFiles/tests.dir/src/type_checker/expr/call/type_checker_expr_call_int.c.obj
2026-10-02T17:11:31.2101467Z [171/232] Building C object CMakeFiles/tests.dir/src/type_checker/expr/call/type_checker_expr_call_double.c.obj
2026-10-02T17:11:31.2257379Z [172/232] Building C object CMakeFiles/tests.dir/src/type_checker/expr/call/type_checker_expr_call_byte.c.obj
2026-10-02T17:11:31.2322810Z [173/232] Building C object CMakeFiles/tests.dir/src/type_checker/expr/call/type_checker_expr_call_long.c.obj
2026-10-02T17:11:31.2510447Z [174/232] Building C object CMakeFiles/tests.dir/src/type_checker/expr/call/type_checker_expr_call_uint.c.obj
2026-10-02T17:11:31.3552581Z [175/232] Building C object CMakeFiles/tests.dir/src/type_checker/expr/call/type_checker_expr_call_bool.c.obj
2026-10-02T17:11:31.3948785Z [176/232] Building C object CMakeFiles/tests.dir/src/type_checker/expr/call/type_checker_expr_call_string.c.obj
2026-10-02T17:11:31.4284104Z [177/232] Building C object CMakeFiles/tests.dir/src/type_checker/stmt/type_checker_stmt.c.obj
2026-10-02T17:11:31.4591661Z [178/232] Building C object CMakeFiles/tests.dir/src/type_checker/stmt/type_checker_stmt_var.c.obj
2026-10-02T17:11:31.5366409Z [179/232] Building C object CMakeFiles/tests.dir/src/type_checker/stmt/type_checker_stmt_var_util.c.obj
2026-10-02T17:11:31.5743956Z [180/232] Building C object CMakeFiles/tests.dir/src/type_checker/stmt/type_checker_stmt_func.c.obj
2026-10-02T17:11:31.5959653Z [181/232] Building C object CMakeFiles/tests.dir/src/type_checker/stmt/type_checker_stmt_control.c.obj
2026-10-02T17:11:31.6279686Z [182/232] Building C object CMakeFiles/tests.dir/src/type_checker/stmt/type_checker_stmt_struct.c.obj
2026-10-02T17:11:31.7063623Z [183/232] Building C object CMakeFiles/tests.dir/src/type_checker/stmt/type_checker_stmt_interface.c.obj
2026-10-02T17:11:31.7788187Z [184/232] Building C object CMakeFiles/tests.dir/src/type_checker/stmt/type_checker_stmt_import.c.obj
2026-10-02T17:11:31.8020689Z [185/232] Building C object CMakeFiles/tests.dir/src/type_checker/stmt/type_checker_stmt_import_ns.c.obj
2026-10-02T17:11:31.8502381Z [186/232] Building C object CMakeFiles/tests.dir/src/type_checker/stmt/type_checker_stmt_import_ns_util.c.obj
2026-10-02T17:11:31.8696877Z [187/232] Building C object CMakeFiles/tests.dir/src/optimizer.c.obj
2026-10-02T17:11:31.9389660Z [188/232] Building C object CMakeFiles/tests.dir/src/optimizer/optimizer_tail_call.c.obj
2026-10-02T17:11:31.9666599Z [189/232] Building C object CMakeFiles/tests.dir/src/optimizer/optimizer_string.c.obj
2026-10-02T17:11:32.0002924Z [190/232] Building C object CMakeFiles/tests.dir/src/optimizer/optimizer_util.c.obj
2026-10-02T17:11:32.1772100Z [191/232] Building C object CMakeFiles/tests.dir/src/cgen/gen_model_type.c.obj
2026-10-02T17:11:32.2179060Z [192/232] Building C object CMakeFiles/tests.dir/src/cgen/gen_model.c.obj
2026-10-02T17:11:32.2523877Z [193/232] Building C object CMakeFiles/tests.dir/src/cgen/gen_model_stmt.c.obj
2026-10-02T17:11:32.3489571Z [194/232] Building C object CMakeFiles/tests.dir/src/cgen/gen_model_chain_flatten.c.obj
2026-10-02T17:11:32.5645620Z [195/232] Building C object CMakeFiles/tests.dir/src/cgen/gen_model_struct.c.obj
2026-10-02T17:11:32.5777529Z [196/232] Building C object CMakeFiles/tests.dir/src/cgen/gen_model_func.c.obj
2026-10-02T17:11:32.5861814Z [197/232] Building C object CMakeFiles/tests.dir/src/cgen/gen_model_render_common.c.obj
2026-10-02T17:11:32.5963020Z [198/232] Building C object CMakeFiles/tests.dir/src/cgen/gen_model_split.c.obj
2026-10-02T17:11:32.7161935Z [199/232] Building C object CMakeFiles/tests.dir/src/cgen/gen_model_expr.c.obj
2026-10-02T17:11:32.7226159Z [200/232] Building C object CMakeFiles/tests.dir/src/cgen/gen_model_render_modular.c.obj
2026-10-02T17:11:32.7320990Z [201/232] Building C object CMakeFiles/tests.dir/src/cgen/ownership.c.obj
2026-10-02T17:11:32.7583855Z [202/232] Building C object CMakeFiles/tests.dir/src/cgen/c/gen_model_render_min_c.c.obj
2026-10-02T17:11:33.0343331Z [203/232] Building C object CMakeFiles/tests.dir/src/target/target.c.obj
2026-10-02T17:11:33.6080866Z [204/232] Building C object CMakeFiles/tests.dir/src/target/rust/rust_render.c.obj
2026-10-02T17:11:33.8567689Z [205/232] Building C object CMakeFiles/tests.dir/src/gcc_backend_config.c.obj
2026-10-02T17:11:33.8872980Z [206/232] Building C object CMakeFiles/tests.dir/src/gcc_backend_pkgconfig.c.obj
2026-10-02T17:11:33.8992367Z [207/232] Building C object CMakeFiles/tests.dir/src/gcc_backend.c.obj
2026-10-02T17:11:34.2781970Z [208/232] Building C object CMakeFiles/tests.dir/src/target/rust/rust_native_render.c.obj
2026-10-02T17:11:34.3119004Z [209/232] Building C object CMakeFiles/tests.dir/src/target/rust/rust_native_plan.c.obj
2026-10-02T17:11:34.4540846Z [210/232] Building C object CMakeFiles/tests.dir/src/target/rust/rust_native_build.c.obj
2026-10-02T17:11:34.7596315Z [211/232] Building C object CMakeFiles/tests.dir/src/target/rust/projection/rust_model.c.obj
2026-10-02T17:11:34.9248114Z [212/232] Building C object CMakeFiles/tests.dir/src/target/rust/cc_sidecar.c.obj
2026-10-02T17:11:35.0116504Z [213/232] Building C object CMakeFiles/tests.dir/src/target/rust/projection/rust_model_stmt.c.obj
2026-10-02T17:11:35.1932691Z [214/232] Building C object CMakeFiles/tests.dir/src/target/rust/projection/rust_model_expr.c.obj
2026-10-02T17:11:35.2299579Z [215/232] Building C object CMakeFiles/tests.dir/src/target/rust/projection/rust_model_func.c.obj
2026-10-02T17:11:35.2967007Z [216/232] Building C object CMakeFiles/tests.dir/src/target/rust/rust_target.c.obj
2026-10-02T17:11:35.4094466Z [217/232] Building C object CMakeFiles/tests.dir/src/target/rust/projection/rust_model_type.c.obj
2026-10-02T17:11:35.4239708Z [218/232] Building C object CMakeFiles/tests.dir/src/target/rust/projection/rust_model_struct.c.obj
2026-10-02T17:11:35.4350857Z [219/232] Building C object CMakeFiles/tests.dir/src/target/rust/projection/rust_ownership.c.obj
2026-10-02T17:11:35.4582907Z [220/232] Building C object CMakeFiles/tests.dir/src/runtime/sn_array.c.obj
2026-10-02T17:11:35.6106479Z [221/232] Building C object CMakeFiles/tests.dir/src/runtime/sn_string.c.obj
2026-10-02T17:11:35.6195261Z [222/232] Building C object CMakeFiles/tests.dir/src/runtime/sn_byte.c.obj
2026-10-02T17:11:35.6387172Z [223/232] Building C object CMakeFiles/tests.dir/src/package/package_yaml.c.obj
2026-10-02T17:11:35.7408651Z [224/232] Building C object CMakeFiles/tests.dir/src/package.c.obj
2026-10-02T17:11:36.3045918Z [225/232] Linking C static library bin\lib\clang\libsn_runtime_min.a
2026-10-02T17:11:36.3722551Z [226/232] Building C object CMakeFiles/tests.dir/src/package/package_git.c.obj
2026-10-02T17:11:36.5525780Z [227/232] Building C object CMakeFiles/tests.dir/src/package/lfs/package_lfs.c.obj
2026-10-02T17:11:37.7414763Z [228/232] Building C object CMakeFiles/tests.dir/tests/unit/_all_.c.obj
2026-10-02T17:11:43.4681945Z [229/232] Linking C executable bin\sn.exe
2026-10-02T17:11:48.5260209Z [230/232] Linking C executable bin\tests.exe
2026-10-02T17:11:48.6699829Z [231/232] Staging compiler artifacts in bin
2026-10-02T17:11:48.6981097Z 
2026-10-02T17:11:48.7189429Z Build complete!
2026-10-02T17:11:48.7390345Z Compiler: bin/sn.exe
2026-10-02T17:11:48.7597585Z ##[group]Run if [ ! -f "bin/sn.exe" ]; then
2026-10-02T17:11:48.7598133Z [36;1mif [ ! -f "bin/sn.exe" ]; then[0m
2026-10-02T17:11:48.7598494Z [36;1m  echo "ERROR: bin/sn.exe not found"[0m
2026-10-02T17:11:48.7598794Z [36;1m  exit 1[0m
2026-10-02T17:11:48.7599027Z [36;1mfi[0m
2026-10-02T17:11:48.7610967Z shell: C:\Program Files\Git\bin\bash.EXE --noprofile --norc -e -o pipefail {0}
2026-10-02T17:11:48.7611404Z env:
2026-10-02T17:11:48.7611670Z   VCPKG_ROOT: C:/Users/runneradmin/vcpkg
2026-10-02T17:11:48.7612044Z ##[endgroup]
2026-10-02T17:11:48.8287869Z ##[group]Run overall_rc=0
2026-10-02T17:11:48.8288151Z [36;1moverall_rc=0[0m
2026-10-02T17:11:48.8288301Z [36;1m[0m
2026-10-02T17:11:48.8288432Z [36;1mrun_gate() {[0m
2026-10-02T17:11:48.8288575Z [36;1m  gate_name="$1"[0m
2026-10-02T17:11:48.8288740Z [36;1m  shift[0m
2026-10-02T17:11:48.8288888Z [36;1m  echo "::group::$gate_name"[0m
2026-10-02T17:11:48.8289072Z [36;1m  if "$@"; then[0m
2026-10-02T17:11:48.8289223Z [36;1m    gate_rc=0[0m
2026-10-02T17:11:48.8289374Z [36;1m  else[0m
2026-10-02T17:11:48.8289567Z [36;1m    gate_rc=$?[0m
2026-10-02T17:11:48.8289759Z [36;1m  fi[0m
2026-10-02T17:11:48.8289920Z [36;1m  echo "::endgroup::"[0m
2026-10-02T17:11:48.8290172Z [36;1m  if [ "$gate_rc" -eq 0 ]; then[0m
2026-10-02T17:11:48.8290416Z [36;1m    echo "- PASS: $gate_name" >> "$GITHUB_STEP_SUMMARY"[0m
2026-10-02T17:11:48.8290668Z [36;1m  else[0m
2026-10-02T17:11:48.8290940Z [36;1m    echo "- FAIL: $gate_name (exit $gate_rc)" >> "$GITHUB_STEP_SUMMARY"[0m
2026-10-02T17:11:48.8291301Z [36;1m    overall_rc=1[0m
2026-10-02T17:11:48.8291533Z [36;1m  fi[0m
2026-10-02T17:11:48.8291833Z [36;1m}[0m
2026-10-02T17:11:48.8292011Z [36;1m[0m
2026-10-02T17:11:48.8292245Z [36;1mrun_gate "tagged native C/Rust parity (6 fixtures)" \[0m
2026-10-02T17:11:48.8292829Z [36;1m  python3 scripts/run_rust_tests.py rust-native-tagged --verbose \[0m
2026-10-02T17:11:48.8293222Z [36;1m    --require-count 6 --fail-on-skip[0m
2026-10-02T17:11:48.8293566Z [36;1mrun_gate "native scalar ABI and raw bool/char fixture (12 fixtures)" \[0m
2026-10-02T17:11:48.8293967Z [36;1m  python3 scripts/run_rust_tests.py rust-native-extra --verbose \[0m
2026-10-02T17:11:48.8294259Z [36;1m    --require-count 12 --fail-on-skip[0m
2026-10-02T17:11:48.8294512Z [36;1mrun_gate "imported native alias origin (1 fixture)" \[0m
2026-10-02T17:11:48.8294859Z [36;1m  python3 scripts/run_rust_tests.py rust-native-origin --verbose \[0m
2026-10-02T17:11:48.8295169Z [36;1m    --require-count 1 --fail-on-skip[0m
2026-10-02T17:11:48.8295684Z [36;1mecho "Unix byte coverage requires 30 raw-output C/Rust pairs (60 target executions) plus 3 Rust-only raw-byte argv executions."[0m
2026-10-02T17:11:48.8296432Z [36;1mecho "Windows byte coverage requires 30 exact C/Rust text-mode raw-output pairs plus 3 Rust-only UTF-16/WTF-8 argv executions."[0m
2026-10-02T17:11:48.8296906Z [36;1mrun_gate "platform-specific raw byte-string behavior" \[0m
2026-10-02T17:11:48.8297182Z [36;1m  python3 tests/rgen/byte_string_compare.py[0m
2026-10-02T17:11:48.8297695Z [36;1mrun_gate "exact Rust/C text output, native flush, and diagnostics" \[0m
2026-10-02T17:11:48.8298023Z [36;1m  python3 tests/rgen/windows_text_transport_compare.py[0m
2026-10-02T17:11:48.8298314Z [36;1mrun_gate "indexed member Rust runtime composition" \[0m
2026-10-02T17:11:48.8298687Z [36;1m  python3 scripts/run_rust_tests.py rgen --filter indexed_member_assignment \[0m
2026-10-02T17:11:48.8299053Z [36;1m    --verbose --require-count 1 --fail-on-skip[0m
2026-10-02T17:11:48.8299292Z [36;1mrun_gate "Windows text helper logic" \[0m
2026-10-02T17:11:48.8299532Z [36;1m  python3 tests/rgen/windows_text_helpers.py[0m
2026-10-02T17:11:48.8299749Z [36;1m[0m
2026-10-02T17:11:48.8299882Z [36;1mexit "$overall_rc"[0m
2026-10-02T17:11:48.8311427Z shell: C:\Program Files\Git\bin\bash.EXE --noprofile --norc -e -o pipefail {0}
2026-10-02T17:11:48.8311905Z env:
2026-10-02T17:11:48.8312209Z   VCPKG_ROOT: C:/Users/runneradmin/vcpkg
2026-10-02T17:11:48.8312416Z   SN_CC: clang
2026-10-02T17:11:48.8312679Z   SN_CFLAGS: --target=x86_64-w64-mingw32 -fuse-ld=lld -rtlib=compiler-rt -unwindlib=none
2026-10-02T17:11:48.8313211Z   SN_RELEASE_CFLAGS: -O3
2026-10-02T17:11:48.8313455Z   SN_RUSTFLAGS: --target=x86_64-pc-windows-gnullvm -C linker=clang
2026-10-02T17:11:48.8313731Z   SN_EXCLUDE_TESTS: 
2026-10-02T17:11:48.8313887Z   PYTHONUNBUFFERED: 1
2026-10-02T17:11:48.8314055Z ##[endgroup]
2026-10-02T17:11:48.8706329Z ##[group]tagged native C/Rust parity (6 fixtures)
2026-10-02T17:11:51.6657495Z Compiler: D:\a\sindarin-compiler\sindarin-compiler\bin\sn.exe
2026-10-02T17:11:51.6657988Z Platform: Windows
2026-10-02T17:11:51.6658256Z Parallel: 4 workers
2026-10-02T17:11:51.6665495Z 
2026-10-02T17:11:51.6665981Z Tagged Native Scalar/Source/Link Parity Tests
2026-10-02T17:11:51.6666341Z ============================================================
2026-10-02T17:11:51.6740950Z   Running 6 tests with 4 workers...
2026-10-02T17:11:53.6407473Z 
2026-10-02T17:11:53.6408155Z                                                             
2026-10-02T17:11:53.6408424Z 
2026-10-02T17:11:53.6408552Z ------------------------------------------------------------
2026-10-02T17:11:53.6408906Z Results: 6 passed, 0 failed, 0 skipped  (1.97s)
2026-10-02T17:11:53.6484594Z 
2026-10-02T17:11:53.6484929Z All tests passed!  (total: 1.97s)
2026-10-02T17:11:53.6737572Z ##[endgroup]
2026-10-02T17:11:53.6766231Z ##[group]native scalar ABI and raw bool/char fixture (12 fixtures)
2026-10-02T17:11:53.8056923Z Compiler: D:\a\sindarin-compiler\sindarin-compiler\bin\sn.exe
2026-10-02T17:11:53.8057708Z Platform: Windows
2026-10-02T17:11:53.8058009Z Parallel: 4 workers
2026-10-02T17:11:53.8065031Z 
2026-10-02T17:11:53.8065394Z Post-Tag Rust Native Extra Coverage
2026-10-02T17:11:53.8065746Z ============================================================
2026-10-02T17:11:53.8208994Z   Running 12 tests with 4 workers...
2026-10-02T17:11:59.6074927Z 
2026-10-02T17:11:59.6075841Z                                                             
2026-10-02T17:11:59.6076629Z   native_flush_parameter_collision              FAIL (c -O0 -g run exit code: 1)  (3.76s)
2026-10-02T17:11:59.6077254Z     expected: 0
2026-10-02T17:11:59.6077718Z     ==1468==AddressSanitizer: detect_leaks is not supported on this platform.
2026-10-02T17:11:59.6078193Z     
2026-10-02T17:11:59.6078679Z   scalar_bool_char                              FAIL (c -O0 compile error)  (358ms)
2026-10-02T17:11:59.6080916Z     [1mCompiling[0m C:\Users\RUNNER~1\AppData\Local\Temp\sn_test_ni70grm7\raw_native_1_2fdf7ed07ff94c219cfbed7fbb9c21c9\scalar_bool_char.sn...
2026-10-02T17:11:59.6081591Z 
2026-10-02T17:11:59.6081829Z       Parsing... [1;36mdone[0m
2026-10-02T17:11:59.6082021Z 
2026-10-02T17:11:59.6082232Z       Type checking... [1;36mdone[0m
2026-10-02T17:11:59.6082424Z 
2026-10-02T17:11:59.6082625Z       Code generation... [1;36mdone[0m
2026-10-02T17:11:59.6082835Z 
2026-10-02T17:11:59.6082936Z       Linking...
2026-10-02T17:11:59.6083402Z 
2026-10-02T17:11:59.6083802Z     clang-19: warning: argument unused during compilation: '-rtlib=compiler-rt' [-Wunused-command-line-argument]
2026-10-02T17:11:59.6084337Z 
2026-10-02T17:11:59.6084706Z     clang-19: warning: argument unused during compilation: '-unwindlib=none' [-Wunused-command-line-argument]
2026-10-02T17:11:59.6085189Z 
2026-10-02T17:11:59.6086599Z     error: unable to rename temporary '.sn/build/scalar_bool_char_8864\module_C:_Users_RUNNER~1_AppData_Local_Temp_sn_test_ni70grm7_raw_native_1_2fdf7ed07ff94c219cfbed7fbb9c21c9_scalar_bool_char-1ae40e94.o.tmp' to output file '.sn/build/scalar_bool_char_8864\module_C:_Users_RUNNER~1_AppData_Local_Temp_sn_test_ni70grm7_raw_native_1_2fdf7ed07ff94c219cfbed7fbb9c21c9_scalar_bool_char.o': 'Invalid argument'
2026-10-02T17:11:59.6088108Z 
2026-10-02T17:11:59.6088204Z     1 error generated.
2026-10-02T17:11:59.6088368Z 
2026-10-02T17:11:59.6088825Z     Error: failed to compile module_C:_Users_RUNNER~1_AppData_Local_Temp_sn_test_ni70grm7_raw_native_1_2fdf7ed07ff94c219cfbed7fbb9c21c9_scalar_bool_char.c
2026-10-02T17:11:59.6089411Z 
2026-10-02T17:11:59.6089636Z      [1;31mfailed[0m
2026-10-02T17:11:59.6089773Z 
2026-10-02T17:11:59.6089849Z     
2026-10-02T17:11:59.6089935Z 
2026-10-02T17:11:59.6090407Z     [1;31mCompilation failed[0m
2026-10-02T17:11:59.6090594Z 
2026-10-02T17:11:59.6090675Z     
2026-10-02T17:11:59.6092588Z   scalar_pointer_bridge                         FAIL (c -O0 -g run exit code: 1)  (3.48s)
2026-10-02T17:11:59.6093487Z     expected: 0
2026-10-02T17:11:59.6094000Z     ==6608==AddressSanitizer: detect_leaks is not supported on this platform.
2026-10-02T17:11:59.6094480Z     
2026-10-02T17:11:59.6094904Z   scalar_tagged_char_control                    FAIL (c -O0 -g run exit code: 1)  (2.85s)
2026-10-02T17:11:59.6095400Z     expected: 0
2026-10-02T17:11:59.6095855Z     ==5708==AddressSanitizer: detect_leaks is not supported on this platform.
2026-10-02T17:11:59.6096349Z     
2026-10-02T17:11:59.6096506Z 
2026-10-02T17:11:59.6096694Z ------------------------------------------------------------
2026-10-02T17:11:59.6097177Z Results: 8 passed, 4 failed, 0 skipped  (5.80s)
2026-10-02T17:11:59.6490222Z 
2026-10-02T17:11:59.6490724Z Some tests failed!  (total: 5.80s)
2026-10-02T17:11:59.6618301Z ##[endgroup]
2026-10-02T17:11:59.6622637Z ##[group]imported native alias origin (1 fixture)
2026-10-02T17:11:59.7897682Z Compiler: D:\a\sindarin-compiler\sindarin-compiler\bin\sn.exe
2026-10-02T17:11:59.7898522Z Platform: Windows
2026-10-02T17:11:59.7899912Z Parallel: 4 workers
2026-10-02T17:11:59.7907186Z 
2026-10-02T17:11:59.7907567Z Rust Native Imported-Origin Extra Coverage
2026-10-02T17:11:59.7907938Z ============================================================
2026-10-02T17:11:59.7910949Z   Running 1 tests with 4 workers...
2026-10-02T17:12:00.2840253Z 
2026-10-02T17:12:00.2841007Z                                                             
2026-10-02T17:12:00.2841424Z 
2026-10-02T17:12:00.2841578Z ------------------------------------------------------------
2026-10-02T17:12:00.2842034Z Results: 1 passed, 0 failed, 0 skipped  (493ms)
2026-10-02T17:12:00.2846525Z 
2026-10-02T17:12:00.2846743Z All tests passed!  (total: 493ms)
2026-10-02T17:12:00.2974642Z ##[endgroup]
2026-10-02T17:12:00.2977375Z Unix byte coverage requires 30 raw-output C/Rust pairs (60 target executions) plus 3 Rust-only raw-byte argv executions.
2026-10-02T17:12:00.2979294Z Windows byte coverage requires 30 exact C/Rust text-mode raw-output pairs plus 3 Rust-only UTF-16/WTF-8 argv executions.
2026-10-02T17:12:00.2980519Z ##[group]platform-specific raw byte-string behavior
2026-10-02T17:12:00.6834159Z Traceback (most recent call last):
2026-10-02T17:12:00.6834847Z   File "D:\a\sindarin-compiler\sindarin-compiler\tests\rgen\byte_string_compare.py", line 260, in <module>
2026-10-02T17:12:00.6835516Z     main()
2026-10-02T17:12:00.6996418Z   File "D:\a\sindarin-compiler\sindarin-compiler\tests\rgen\byte_string_compare.py", line 220, in main
2026-10-02T17:12:00.6998648Z     raise AssertionError(
2026-10-02T17:12:00.6999286Z AssertionError: array_text_utf8.sn c O0:  != 5b22c3a9225d0d0a
2026-10-02T17:12:00.6999859Z source=tests\rgen\byte_string_probes\array_text_utf8.sn target=c opt=O0
2026-10-02T17:12:00.7000402Z retained_diagnostics=D:\a\sindarin-compiler\sindarin-compiler\.sn\rust-runtime-diagnostics\array_text_utf8-c-O0
2026-10-02T17:12:00.7000973Z compiler=D:\a\sindarin-compiler\sindarin-compiler\bin\sn.exe exists=True
2026-10-02T17:12:00.7001521Z executable=C:\Users\RUNNER~1\AppData\Local\Temp\sn-byte-strings-1wpu914o\array_text_utf8-c-O0.exe exists=True size=84480
2026-10-02T17:12:00.7002568Z compile_argv=['D:\\a\\sindarin-compiler\\sindarin-compiler\\bin\\sn.exe', 'tests\\rgen\\byte_string_probes\\array_text_utf8.sn', '--target', 'c', '-O0', '--keep-generated', '--no-install', '-l', '1', '-o', 'C:\\Users\\RUNNER~1\\AppData\\Local\\Temp\\sn-byte-strings-1wpu914o\\array_text_utf8-c-O0.exe']
2026-10-02T17:12:00.7003518Z compile_status=0
2026-10-02T17:12:00.7003739Z compile_stdout_hex=
2026-10-02T17:12:00.7006530Z compile_stderr_hex=1b5b316d436f6d70696c696e671b5b306d2074657374735c7267656e5c627974655f737472696e675f70726f6265735c61727261795f746578745f757466382e736e2e2e2e0d0a202050617273696e672e2e2e201b5b313b33366d646f6e651b5b306d0d0a20205479706520636865636b696e672e2e2e201b5b313b33366d646f6e651b5b306d0d0a2020436f64652067656e65726174696f6e2e2e2e201b5b313b33366d646f6e651b5b306d0d0a20204c696e6b696e672e2e2e201b5b313b33366d646f6e651b5b306d0d0a1b5b313b33366d446f6e651b5b306d3a20433a5c55736572735c52554e4e45527e315c417070446174615c4c6f63616c5c54656d705c736e2d627974652d737472696e67732d317770753931346f5c61727261795f746578745f757466382d632d4f302e657865202838322e35204b42290d0a
2026-10-02T17:12:00.7009343Z run_argv=['C:\\Users\\RUNNER~1\\AppData\\Local\\Temp\\sn-byte-strings-1wpu914o\\array_text_utf8-c-O0.exe']
2026-10-02T17:12:00.7009765Z run_status=0
2026-10-02T17:12:00.7009997Z run_stdout_hex=
2026-10-02T17:12:00.7010226Z run_stderr_hex=
2026-10-02T17:12:00.7010994Z config_env={'SN_CC': 'clang', 'SN_CFLAGS': '--target=x86_64-w64-mingw32 -fuse-ld=lld -rtlib=compiler-rt -unwindlib=none', 'SN_RELEASE_CFLAGS': '-O3', 'SN_LDFLAGS': '<unset>', 'SN_LDLIBS': '<unset>', 'SN_RUSTC': '<unset>', 'SN_RUSTFLAGS': '--target=x86_64-pc-windows-gnullvm -C linker=clang'}
2026-10-02T17:12:00.7011887Z config_path=D:\a\sindarin-compiler\sindarin-compiler\bin\sn.windows.cfg exists=True
2026-10-02T17:12:00.7012318Z config_sha256=28e8c2b9d7e13e3918796b6cc6b74aee76452180c443f0cb4415bd56aeb6b408
2026-10-02T17:12:00.7014023Z generated_c=[{'path': 'D:\\a\\sindarin-compiler\\sindarin-compiler\\.sn\\build\\array_text_utf8_7648\\main.c', 'sha256': 'cb5089f3cdd65a58d06d1b05db7f85897d093c88b29a100e06822dfbc1b567fa', 'size': 75, 'entrypoint_hex': ['696e74206d61696e2829207b'], 'output_calls_hex': ['2020202066666c757368287374646f7574293b']}, {'path': 'D:\\a\\sindarin-compiler\\sindarin-compiler\\.sn\\build\\array_text_utf8_7648\\module_tests_rgen_byte_string_probes_array_text_utf8.c', 'sha256': '51055896960e086326742474a182618623e46a331779c93a0182713187c680f7', 'size': 25, 'entrypoint_hex': [], 'output_calls_hex': []}]
2026-10-02T17:12:00.7015625Z runtime_dlls=[]
2026-10-02T17:12:00.7022746Z PATH=C:\Program Files\Git\mingw64\bin;C:\Program Files\Git\usr\bin;C:\Users\runneradmin\bin;C:\Users\runneradmin\.sn\bin;C:\Users\runneradmin\vcpkg;C:\llvm-mingw\llvm-mingw-20241217-ucrt-x86_64\bin;C:\Program Files\MongoDB\Server\7.0\bin;C:\vcpkg;C:\tools\zstd;C:\hostedtoolcache\windows\stack\3.11.1\x64;C:\cabal\bin;C:\\ghcup\bin;C:\mingw64\bin;C:\Program Files\dotnet;C:\Program Files\MySQL\MySQL Server 8.0\bin;C:\Program Files\R\R-4.6.1\bin\x64;C:\SeleniumWebDrivers\GeckoDriver;C:\SeleniumWebDrivers\EdgeDriver\;C:\SeleniumWebDrivers\ChromeDriver;C:\Program Files (x86)\sbt\bin;C:\Program Files (x86)\GitHub CLI;C:\Program Files\Git\bin;C:\Program Files (x86)\pipx_bin;C:\npm\prefix;C:\hostedtoolcache\windows\go\1.24.13\x64\bin;C:\hostedtoolcache\windows\Python\3.12.10\x64\Scripts;C:\hostedtoolcache\windows\Python\3.12.10\x64;C:\hostedtoolcache\windows\Ruby\3.3.12\x64\bin;C:\Program Files\OpenSSL\bin;C:\tools\kotlinc\bin;C:\hostedtoolcache\windows\Java_Temurin-Hotspot_jdk\17.0.20-101\x64\bin;C:\Program Files\ImageMagick-7.1.2-Q16-HDRI;C:\Program Files\Microsoft SDKs\Azure\CLI2\wbin;C:\ProgramData\kind;C:\ProgramData\Chocolatey\bin;C:\Windows\system32;C:\Windows;C:\Windows\System32\Wbem;C:\Windows\System32\WindowsPowerShell\v1.0\;C:\Windows\System32\OpenSSH\;C:\Program Files\PowerShell\7\;C:\Program Files\Microsoft\Web Platform Installer\;C:\Program Files\Microsoft SQL Server\170\Tools\Binn\;C:\Program Files\Microsoft SQL Server\Client SDK\ODBC\170\Tools\Binn\;C:\Program Files\dotnet\;C:\Program Files (x86)\Windows Kits\10\Windows Performance Toolkit\;C:\Program Files (x86)\WiX Toolset v3.14\bin;C:\Program Files\Microsoft SQL Server\130\DTS\Binn\;C:\Program Files\Microsoft SQL Server\140\DTS\Binn\;C:\Program Files\Microsoft SQL Server\150\DTS\Binn\;C:\Program Files\Microsoft SQL Server\160\DTS\Binn\;C:\Program Files\Microsoft SQL Server\170\DTS\Binn\;C:\ProgramData\chocolatey\lib\pulumi\tools\Pulumi\bin;C:\Program Files\CMake\bin;C:\Strawberry\c\bin;C:\Strawberry\perl\site\bin;C:\Strawberry\perl\bin;C:\ProgramData\chocolatey\lib\maven\apache-maven-3.9.16\bin;C:\Program Files\Microsoft Service Fabric\bin\Fabric\Fabric.Code;C:\Program Files\Microsoft SDKs\Service Fabric\Tools\ServiceFabricLocalClusterManager;C:\Program Files\nodejs\;C:\Program Files\Git\cmd;C:\Program Files\Git\mingw64\bin;C:\Program Files\Git\usr\bin;C:\Program Files\GitHub CLI\;c:\tools\php;C:\Program Files (x86)\sbt\bin;C:\Program Files\Amazon\AWSCLIV2\;C:\Program Files\Amazon\SessionManagerPlugin\bin\;C:\Program Files\Amazon\AWSSAMCLI\bin\;C:\Program Files\Microsoft SQL Server\130\Tools\Binn\;C:\Program Files\mongosh\;C:\Program Files\LLVM\bin;C:\Program Files (x86)\LLVM\bin;C:\Users\runneradmin\.dotnet\tools;C:\Users\runneradmin\.cargo\bin;C:\Users\runneradmin\AppData\Local\Microsoft\WindowsApps
2026-10-02T17:12:00.7085809Z ##[endgroup]
2026-10-02T17:12:00.7090149Z ##[group]exact Rust/C text output, native flush, and diagnostics
2026-10-02T17:12:01.0906524Z Traceback (most recent call last):
2026-10-02T17:12:01.0907206Z   File "D:\a\sindarin-compiler\sindarin-compiler\tests\rgen\windows_text_transport_compare.py", line 139, in <module>
2026-10-02T17:12:01.0907914Z     main()
2026-10-02T17:12:01.0908646Z   File "D:\a\sindarin-compiler\sindarin-compiler\tests\rgen\windows_text_transport_compare.py", line 84, in main
2026-10-02T17:12:01.0909814Z     raise AssertionError(
2026-10-02T17:12:01.0910948Z AssertionError: native flush c: stdout=696e697469616c697a65720d0a, expected=696e697469616c697a65720d0a626f64792d6265666f72652d6e61746976650d0a34320d0a34330d0a
2026-10-02T17:12:01.0911857Z source=tests\rust-native\scalar_initializer_timing.sn target=c opt=O0
2026-10-02T17:12:01.0912590Z retained_diagnostics=D:\a\sindarin-compiler\sindarin-compiler\.sn\rust-runtime-diagnostics\scalar_initializer_timing-c-O0
2026-10-02T17:12:01.0913229Z compiler=D:\a\sindarin-compiler\sindarin-compiler\bin\sn.exe exists=True
2026-10-02T17:12:01.0913792Z executable=C:\Users\RUNNER~1\AppData\Local\Temp\sn-text-transport-3zo1tb40\native-flush-c.exe exists=True size=194560
2026-10-02T17:12:01.0914864Z compile_argv=['D:\\a\\sindarin-compiler\\sindarin-compiler\\bin\\sn.exe', 'tests\\rust-native\\scalar_initializer_timing.sn', '--target', 'c', '-O0', '--no-install', '--keep-generated', '-l', '1', '-o', 'C:\\Users\\RUNNER~1\\AppData\\Local\\Temp\\sn-text-transport-3zo1tb40\\native-flush-c.exe']
2026-10-02T17:12:01.0915774Z compile_status=0
2026-10-02T17:12:01.0915971Z compile_stdout_hex=
2026-10-02T17:12:01.0918264Z compile_stderr_hex=1b5b316d436f6d70696c696e671b5b306d2074657374735c727573742d6e61746976655c7363616c61725f696e697469616c697a65725f74696d696e672e736e2e2e2e0d0a202050617273696e672e2e2e201b5b313b33366d646f6e651b5b306d0d0a20205479706520636865636b696e672e2e2e201b5b313b33366d646f6e651b5b306d0d0a2020436f64652067656e65726174696f6e2e2e2e201b5b313b33366d646f6e651b5b306d0d0a20204c696e6b696e672e2e2e201b5b313b33366d646f6e651b5b306d0d0a1b5b313b33366d446f6e651b5b306d3a20433a5c55736572735c52554e4e45527e315c417070446174615c4c6f63616c5c54656d705c736e2d746578742d7472616e73706f72742d337a6f31746234305c6e61746976652d666c7573682d632e65786520283139302e30204b42290d0a
2026-10-02T17:12:01.0921008Z run_argv=['C:\\Users\\RUNNER~1\\AppData\\Local\\Temp\\sn-text-transport-3zo1tb40\\native-flush-c.exe']
2026-10-02T17:12:01.0921406Z run_status=0
2026-10-02T17:12:01.0921638Z run_stdout_hex=696e697469616c697a65720d0a
2026-10-02T17:12:01.0921908Z run_stderr_hex=
2026-10-02T17:12:01.0922696Z config_env={'SN_CC': 'clang', 'SN_CFLAGS': '--target=x86_64-w64-mingw32 -fuse-ld=lld -rtlib=compiler-rt -unwindlib=none', 'SN_RELEASE_CFLAGS': '-O3', 'SN_LDFLAGS': '<unset>', 'SN_LDLIBS': '<unset>', 'SN_RUSTC': '<unset>', 'SN_RUSTFLAGS': '--target=x86_64-pc-windows-gnullvm -C linker=clang'}
2026-10-02T17:12:01.0923625Z config_path=D:\a\sindarin-compiler\sindarin-compiler\bin\sn.windows.cfg exists=True
2026-10-02T17:12:01.0924115Z config_sha256=28e8c2b9d7e13e3918796b6cc6b74aee76452180c443f0cb4415bd56aeb6b408
2026-10-02T17:12:01.0927051Z generated_c=[{'path': 'D:\\a\\sindarin-compiler\\sindarin-compiler\\.sn\\build\\scalar_initializer_timing_8348\\main.c', 'sha256': '208fdf5f5c12204807bb3cd3407c744b0b8bc5c5f33c141a35f5351f07165aa8', 'size': 106, 'entrypoint_hex': ['696e74206d61696e2829207b'], 'output_calls_hex': ['2020202066666c757368287374646f7574293b']}, {'path': 'D:\\a\\sindarin-compiler\\sindarin-compiler\\.sn\\build\\scalar_initializer_timing_8348\\module_tests_rust-native_scalar_initializer_timing.c', 'sha256': '9cac6ee8e6a3872648ea4bef4b93ff074a95df8a29a309cd5fa2aa754ac14883', 'size': 345, 'entrypoint_hex': [], 'output_calls_hex': ['20202020736e5f7072696e746c6e2822696e697469616c697a657222293b']}]
2026-10-02T17:12:01.0928831Z runtime_dlls=[]
2026-10-02T17:12:01.0935815Z PATH=C:\Program Files\Git\mingw64\bin;C:\Program Files\Git\usr\bin;C:\Users\runneradmin\bin;C:\Users\runneradmin\.sn\bin;C:\Users\runneradmin\vcpkg;C:\llvm-mingw\llvm-mingw-20241217-ucrt-x86_64\bin;C:\Program Files\MongoDB\Server\7.0\bin;C:\vcpkg;C:\tools\zstd;C:\hostedtoolcache\windows\stack\3.11.1\x64;C:\cabal\bin;C:\\ghcup\bin;C:\mingw64\bin;C:\Program Files\dotnet;C:\Program Files\MySQL\MySQL Server 8.0\bin;C:\Program Files\R\R-4.6.1\bin\x64;C:\SeleniumWebDrivers\GeckoDriver;C:\SeleniumWebDrivers\EdgeDriver\;C:\SeleniumWebDrivers\ChromeDriver;C:\Program Files (x86)\sbt\bin;C:\Program Files (x86)\GitHub CLI;C:\Program Files\Git\bin;C:\Program Files (x86)\pipx_bin;C:\npm\prefix;C:\hostedtoolcache\windows\go\1.24.13\x64\bin;C:\hostedtoolcache\windows\Python\3.12.10\x64\Scripts;C:\hostedtoolcache\windows\Python\3.12.10\x64;C:\hostedtoolcache\windows\Ruby\3.3.12\x64\bin;C:\Program Files\OpenSSL\bin;C:\tools\kotlinc\bin;C:\hostedtoolcache\windows\Java_Temurin-Hotspot_jdk\17.0.20-101\x64\bin;C:\Program Files\ImageMagick-7.1.2-Q16-HDRI;C:\Program Files\Microsoft SDKs\Azure\CLI2\wbin;C:\ProgramData\kind;C:\ProgramData\Chocolatey\bin;C:\Windows\system32;C:\Windows;C:\Windows\System32\Wbem;C:\Windows\System32\WindowsPowerShell\v1.0\;C:\Windows\System32\OpenSSH\;C:\Program Files\PowerShell\7\;C:\Program Files\Microsoft\Web Platform Installer\;C:\Program Files\Microsoft SQL Server\170\Tools\Binn\;C:\Program Files\Microsoft SQL Server\Client SDK\ODBC\170\Tools\Binn\;C:\Program Files\dotnet\;C:\Program Files (x86)\Windows Kits\10\Windows Performance Toolkit\;C:\Program Files (x86)\WiX Toolset v3.14\bin;C:\Program Files\Microsoft SQL Server\130\DTS\Binn\;C:\Program Files\Microsoft SQL Server\140\DTS\Binn\;C:\Program Files\Microsoft SQL Server\150\DTS\Binn\;C:\Program Files\Microsoft SQL Server\160\DTS\Binn\;C:\Program Files\Microsoft SQL Server\170\DTS\Binn\;C:\ProgramData\chocolatey\lib\pulumi\tools\Pulumi\bin;C:\Program Files\CMake\bin;C:\Strawberry\c\bin;C:\Strawberry\perl\site\bin;C:\Strawberry\perl\bin;C:\ProgramData\chocolatey\lib\maven\apache-maven-3.9.16\bin;C:\Program Files\Microsoft Service Fabric\bin\Fabric\Fabric.Code;C:\Program Files\Microsoft SDKs\Service Fabric\Tools\ServiceFabricLocalClusterManager;C:\Program Files\nodejs\;C:\Program Files\Git\cmd;C:\Program Files\Git\mingw64\bin;C:\Program Files\Git\usr\bin;C:\Program Files\GitHub CLI\;c:\tools\php;C:\Program Files (x86)\sbt\bin;C:\Program Files\Amazon\AWSCLIV2\;C:\Program Files\Amazon\SessionManagerPlugin\bin\;C:\Program Files\Amazon\AWSSAMCLI\bin\;C:\Program Files\Microsoft SQL Server\130\Tools\Binn\;C:\Program Files\mongosh\;C:\Program Files\LLVM\bin;C:\Program Files (x86)\LLVM\bin;C:\Users\runneradmin\.dotnet\tools;C:\Users\runneradmin\.cargo\bin;C:\Users\runneradmin\AppData\Local\Microsoft\WindowsApps
2026-10-02T17:12:01.1001436Z ##[endgroup]
2026-10-02T17:12:01.1006926Z ##[group]indexed member Rust runtime composition
2026-10-02T17:12:01.2294761Z Compiler: D:\a\sindarin-compiler\sindarin-compiler\bin\sn.exe
2026-10-02T17:12:01.2295143Z Platform: Windows
2026-10-02T17:12:01.2295338Z Parallel: 4 workers
2026-10-02T17:12:01.2302329Z 
2026-10-02T17:12:01.2302739Z Rust Generation Tests
2026-10-02T17:12:01.2303079Z ============================================================
2026-10-02T17:12:01.2332891Z   Running 1 tests with 4 workers...
2026-10-02T17:12:01.8428570Z 
2026-10-02T17:12:01.8429609Z                                                             
2026-10-02T17:12:01.8430078Z 
2026-10-02T17:12:01.8430290Z ------------------------------------------------------------
2026-10-02T17:12:01.8431101Z Results: 1 passed, 0 failed, 0 skipped  (613ms)
2026-10-02T17:12:01.8436976Z 
2026-10-02T17:12:01.8437414Z All tests passed!  (total: 613ms)
2026-10-02T17:12:01.8568269Z ##[endgroup]
2026-10-02T17:12:01.8571918Z ##[group]Windows text helper logic
2026-10-02T17:12:04.6045174Z PASS Windows helper logic: scalar formatting, LF/CRLF, raw bytes, stderr
2026-10-02T17:12:04.6118634Z ##[endgroup]
2026-10-02T17:12:04.6167429Z ##[error]Process completed with exit code 1.
2026-10-02T17:12:04.6350798Z ##[group]Run actions/upload-artifact@v7
2026-10-02T17:12:04.6351126Z with:
2026-10-02T17:12:04.6351327Z   name: rust-runtime-diagnostics-windows-latest
2026-10-02T17:12:04.6351725Z   path: .sn/rust-runtime-diagnostics/
2026-10-02T17:12:04.6352061Z   if-no-files-found: ignore
2026-10-02T17:12:04.6352292Z   retention-days: 7
2026-10-02T17:12:04.6352462Z   compression-level: 6
2026-10-02T17:12:04.6352630Z   overwrite: false
2026-10-02T17:12:04.6352798Z   include-hidden-files: false
2026-10-02T17:12:04.6352981Z   archive: true
2026-10-02T17:12:04.6353126Z env:
2026-10-02T17:12:04.6353286Z   VCPKG_ROOT: C:/Users/runneradmin/vcpkg
2026-10-02T17:12:04.6353491Z ##[endgroup]
2026-10-02T17:12:04.8076161Z With the provided path, there will be 8 files uploaded
2026-10-02T17:12:04.8081471Z Artifact name is valid!
2026-10-02T17:12:04.8082815Z Root directory input is valid!
2026-10-02T17:12:05.0983248Z Uploading artifact: rust-runtime-diagnostics-windows-latest.zip
2026-10-02T17:12:05.1023296Z Beginning upload of artifact content to blob storage
2026-10-02T17:12:05.4425484Z Uploaded bytes 107060
2026-10-02T17:12:05.4901976Z Finished uploading artifact content to blob storage!
2026-10-02T17:12:05.4902920Z SHA256 digest of uploaded artifact is 38753f501807e52417efa614b89ceaf1fb457a6b23c234bd80e182e97b65ae5f
2026-10-02T17:12:05.4903532Z Finalizing artifact upload
2026-10-02T17:12:05.7965292Z Artifact rust-runtime-diagnostics-windows-latest successfully finalized. Artifact ID 11241329027
2026-10-02T17:12:05.7966909Z Artifact rust-runtime-diagnostics-windows-latest has been successfully uploaded! Final size is 107060 bytes. Artifact ID is 11241329027
2026-10-02T17:12:05.7973276Z Artifact download URL: https://github.com/SindarinSDK/sindarin-compiler/actions/runs/37037990533/artifacts/11241329027
2026-10-02T17:12:05.8305795Z Post job cleanup.
2026-10-02T17:12:05.9923589Z [command]"C:\Program Files\Git\bin\git.exe" version
2026-10-02T17:12:06.0156292Z git version 2.55.0.windows.5
2026-10-02T17:12:06.0211896Z Temporarily overriding HOME='D:\a\_temp\b261d430-77be-4069-b007-ad1935c3a0d4' before making global git config changes
2026-10-02T17:12:06.0214047Z Adding repository directory to the temporary git global config as a safe directory
2026-10-02T17:12:06.0223311Z [command]"C:\Program Files\Git\bin\git.exe" config --global --add safe.directory D:\a\sindarin-compiler\sindarin-compiler
2026-10-02T17:12:06.0499135Z Removing SSH command configuration
2026-10-02T17:12:06.0508854Z [command]"C:\Program Files\Git\bin\git.exe" config --local --name-only --get-regexp core\.sshCommand
2026-10-02T17:12:06.0830620Z [command]"C:\Program Files\Git\bin\git.exe" submodule foreach --recursive "sh -c \"git config --local --name-only --get-regexp 'core\.sshCommand' && git config --local --unset-all 'core.sshCommand' || :\""
2026-10-02T17:12:06.5685868Z Removing HTTP extra header
2026-10-02T17:12:06.5695979Z [command]"C:\Program Files\Git\bin\git.exe" config --local --name-only --get-regexp http\.https\:\/\/github\.com\/\.extraheader
2026-10-02T17:12:06.5961943Z [command]"C:\Program Files\Git\bin\git.exe" submodule foreach --recursive "sh -c \"git config --local --name-only --get-regexp 'http\.https\:\/\/github\.com\/\.extraheader' && git config --local --unset-all 'http.https://github.com/.extraheader' || :\""
2026-10-02T17:12:07.0892892Z Removing includeIf entries pointing to credentials config files
2026-10-02T17:12:07.0909268Z [command]"C:\Program Files\Git\bin\git.exe" config --local --name-only --get-regexp ^includeIf\.gitdir:
2026-10-02T17:12:07.1132005Z includeif.gitdir:D:/a/sindarin-compiler/sindarin-compiler/.git.path
2026-10-02T17:12:07.1132761Z includeif.gitdir:D:/a/sindarin-compiler/sindarin-compiler/.git/worktrees/*.path
2026-10-02T17:12:07.1133393Z includeif.gitdir:/github/workspace/.git.path
2026-10-02T17:12:07.1133910Z includeif.gitdir:/github/workspace/.git/worktrees/*.path
2026-10-02T17:12:07.1170813Z [command]"C:\Program Files\Git\bin\git.exe" config --local --get-all includeif.gitdir:D:/a/sindarin-compiler/sindarin-compiler/.git.path
2026-10-02T17:12:07.1386638Z D:\a\_temp\git-credentials-f26eb231-4040-41c9-b4de-a3948e33bbb8.config
2026-10-02T17:12:07.1424640Z [command]"C:\Program Files\Git\bin\git.exe" config --local --unset includeif.gitdir:D:/a/sindarin-compiler/sindarin-compiler/.git.path D\:\\a\\_temp\\git\-credentials\-f26eb231\-4040\-41c9\-b4de\-a3948e33bbb8\.config
2026-10-02T17:12:07.1718112Z [command]"C:\Program Files\Git\bin\git.exe" config --local --get-all includeif.gitdir:D:/a/sindarin-compiler/sindarin-compiler/.git/worktrees/*.path
2026-10-02T17:12:07.1932755Z D:\a\_temp\git-credentials-f26eb231-4040-41c9-b4de-a3948e33bbb8.config
2026-10-02T17:12:07.1968060Z [command]"C:\Program Files\Git\bin\git.exe" config --local --unset includeif.gitdir:D:/a/sindarin-compiler/sindarin-compiler/.git/worktrees/*.path D\:\\a\\_temp\\git\-credentials\-f26eb231\-4040\-41c9\-b4de\-a3948e33bbb8\.config
2026-10-02T17:12:07.2217477Z [command]"C:\Program Files\Git\bin\git.exe" config --local --get-all includeif.gitdir:/github/workspace/.git.path
2026-10-02T17:12:07.2427394Z /github/runner_temp/git-credentials-f26eb231-4040-41c9-b4de-a3948e33bbb8.config
2026-10-02T17:12:07.2462763Z [command]"C:\Program Files\Git\bin\git.exe" config --local --unset includeif.gitdir:/github/workspace/.git.path \/github\/runner_temp\/git\-credentials\-f26eb231\-4040\-41c9\-b4de\-a3948e33bbb8\.config
2026-10-02T17:12:07.2713809Z [command]"C:\Program Files\Git\bin\git.exe" config --local --get-all includeif.gitdir:/github/workspace/.git/worktrees/*.path
2026-10-02T17:12:07.2922709Z /github/runner_temp/git-credentials-f26eb231-4040-41c9-b4de-a3948e33bbb8.config
2026-10-02T17:12:07.2959875Z [command]"C:\Program Files\Git\bin\git.exe" config --local --unset includeif.gitdir:/github/workspace/.git/worktrees/*.path \/github\/runner_temp\/git\-credentials\-f26eb231\-4040\-41c9\-b4de\-a3948e33bbb8\.config
2026-10-02T17:12:07.3211989Z [command]"C:\Program Files\Git\bin\git.exe" submodule foreach --recursive "git config --local --show-origin --name-only --get-regexp remote.origin.url"
2026-10-02T17:12:07.7863856Z Removing credentials config 'D:\a\_temp\git-credentials-f26eb231-4040-41c9-b4de-a3948e33bbb8.config'
2026-10-02T17:12:07.8055816Z Cleaning up orphan processes
2026-10-02T17:12:07.8621453Z Terminate orphan process: pid (6072) (vctip)
