path	c_exit	c_sha256	model_exit	model_sha256	status_diagnostics_and_artifacts_equal
tests/cgen/basic_main.sn	0	5f95414086c0efe04ba1bd0268d7f10ca577509338c5c72a896ce25a5edb5801	0	d4cabbd375da7acad83d6f8d432de7b76acfd630fff268a441a00e0e6a308e2a	true
tests/cgen/expr_address_of.sn	0	2947f93e5865a79501056003157a675d2966fb656d19ec0a2960d5de5d927851	0	2edecffe7bf01252d8b1a59ce1cb7be267319dd43f63478f7959f51a3d5931ea	true
tests/cgen/expr_array_access.sn	0	fd74c8c14aa6c950f37bbc6899021dc97c2e1d14e01ead4f7b0f70cce5a2775d	0	fe1ccff91e32babdbf2288eb72ab810f186e7c65a2ba6c146851d9d20f54554c	true
tests/cgen/expr_array_literal.sn	0	ea47c6105929e676c008cad524941d7fd77361f97e6154a129e23ae2dfa285bd	0	90aecc4450be557792bbb265198d070e3cd05c9b9363717f5786befb1bdd4cce	true
tests/cgen/expr_array_slice.sn	0	48955b2807b182976c4c2d7d1b48fdfb566d77f9e7b912d6fdbcaee4c12942af	0	c59b219737af833ecfa4c21b3879bf2f41b2f6a576a57b563f2e332be43b6749	true
tests/cgen/expr_as_val.sn	0	218211b80486abccd1b120f5ea6564115afae3209d567fd8ec288102c65ff03a	0	d33d83dfa31e6965e23ee50b83db7e36a06c139be6f8d47e225342afdd2a7a0b	true
tests/cgen/expr_assign.sn	0	d5cfeb7aed25d6dd9cdd5b3c463596d9580af0fb09a1fa9718dc2419b8f9f148	0	6d59275ac6c7946f151199074b4dccd9c65ed6176ea63ddab219fdc41a785007	true
tests/cgen/expr_binary_checked.sn	0	31abbf1480a29ecc62a6118f79f9d15b9cfb0a2ed4baac7dcd9fa0093624b1c0	0	4a1b89ff1f1a654d9ef85620a066ad7b29798889274ef505a30b46271f754bff	true
tests/cgen/expr_binary_comparison.sn	0	a73d1ea7a71a6b30c4cd6270310022ae07652e0d5da8a3921bec6734f914df08	0	73dc44be902e0e915f026cc87b83574c608a19704b03d8eafc05a277e3e28250	true
tests/cgen/expr_binary_logical.sn	0	3387b919323200875b141691f66a4e6fd69c381d182320ff73b26d1b49b24bf5	0	88c03b3dd31017f0ce4b97237e5fad3a86a068b9b811054c702ec59dd612c3bb	true
tests/cgen/expr_call_builtin.sn	0	1f8c6eb1babaab55bc70f348fafb27031b7a9a1403a670cd5a31db11a55f2297	0	a261bcd1061ddb4ff53a7eb592d80a1f9153bd1e38cb22c1e0523bdb7b94e867	true
tests/cgen/expr_call_closure.sn	0	7840770d6161b92c931f95eca87d8acca6aa4b9f0ffe4da8f9ca103d99385bfb	0	f51fd45cfb2053c6068368c8689cbccdcbd316dbb9f13a5c0e4318251d24553b	true
tests/cgen/expr_call_constructor.sn	0	305d8e928cf8adea84639e2bfc4e1ea5d430e3a1ea9fef042de9c8c279e69b9a	0	0d51e8517ae26f78e1430c477875ab4ca29f787b36cb3dabf8e00ce3e051a770	true
tests/cgen/expr_call_method.sn	0	9b49442189b52bcbdddd21ddd7c9c3fb709efeefc56d79fb14fc00d8c8b40d53	0	fbc709b6609fb6abd41b1bd6cefcde3e6010d2999675cef895a473eee65e8bcc	true
tests/cgen/expr_compound_assign.sn	0	5a4e6d2ecbde1bc2fd6e81b2f270a4e57a7efcd925ae77e3574fb9f0c21a8155	0	b28892a3cdcae12a70362e81fe627428331961afea4db033ee71493d4b3c0c30	true
tests/cgen/expr_copy_of.sn	0	1761258c3bdf45a59c552f4a591dc7840088d38c2cfcf5dc43cfa0107417a2c9	0	39561f741964398a75cc538434a4af67c10618a0fda6e849f83d447fb0345d9f	true
tests/cgen/expr_decrement.sn	0	158848f915cbb51fa872757b25412c25670c9521b71efeba04702ef24a014264	0	ca0c99ca222805a35f9e6f5b4a9cb8588c635b3e41fa270dcf6bb1179d226cb0	true
tests/cgen/expr_increment.sn	0	806756023dc55a1291210328242227020df51841b74d614c2841a0eaef39196c	0	fe83b2f250ab489a03865238d2aad4734942516d5e5c5d012672f12384005786	true
tests/cgen/expr_index_assign.sn	0	44b3ff775ff804444e4c6a78f2b828f54680f3173953ee8c00f2459e66191773	0	9b344116ad2687f06d4dde21803c061d842870b10eacf4f342f251afb65b1824	true
tests/cgen/expr_interpolated_string.sn	0	ed4f6359aba5e80195f01f360fd39828340ac038891e2179d00349f39faa2567	0	9cfa0026c90ab1d965bfef8106c1381a4673defeb80dddf35ae4f551ef8cac13	true
tests/cgen/expr_lambda_basic.sn	0	33efb040c43bbdc779ac9eafdc7174814283b642c171dd19f495a4d11d86d63c	0	0116882bbee784567ca3c33f3eaf9f52252f307bff60f1927ce96441a2b473c3	true
tests/cgen/expr_lambda_capture_ref.sn	0	8d39217a2b49b8dda60772c5ccef7820b80fa6c8a67c421846b530ea857ac16a	0	2b2957137b126b827d93f6f34d333c54fdca0348d2cb328bc6a29c5784be9570	true
tests/cgen/expr_lambda_capture_val.sn	0	69b8b9ab50f844f7846a05f235d2fd8c37d76aa4a0201f81184a62dd2ea24f2c	0	02b10f701c8be56e58b20ab06b18c53ee7eb24667fd2076a04a6429d4e643c85	true
tests/cgen/expr_literal_bool.sn	0	c42813cb436b8f19d024b9e6ef1034f7e50777b0d6052830812ff72d47646c3b	0	591d32aca3afc0d5bbb73efd60f53a5ec997967b64bf9aa9cafc3e15b7a749c8	true
tests/cgen/expr_literal_byte.sn	0	04d08f8bab2b4cfaf0db9a1cf6a2031087db9803a46c66152e18b4870532f4ac	0	56110ee3bfad8ae5d4cab8c135e0439f468ffc118a324ed6ac3605485bc84271	true
tests/cgen/expr_literal_char.sn	0	b94e0ba051f5e38d8843adc849c479ef45ebbc91d1cc3f6dfa87b309eb850bae	0	d34cc2600ced6595c1088b3efbf63b75fef20726c079dfffc9cb507a6920ac19	true
tests/cgen/expr_literal_nil.sn	0	baaf9ade86c79703e3ab3a6e9a710eb9ffa245395fa2edb50c0098ddc41d9e9a	0	96309e829f276295780f27f4135d6c5f64aab937592111eaf1122acdddb590e0	true
tests/cgen/expr_literal_string.sn	0	00028d0bd272299becf46fd5271cb2b66a306eefb5e698680cb4329aa440fd6d	0	7e56d194c718e2d1951b69778200c4240d5b581b1b3224dea19c3ed919b08505	true
tests/cgen/expr_match_basic.sn	0	9aece00893d3bfefa9ef4ae6fb29923a4130ae666d09688437ec2dbfce952dab	0	94a4c27477bb16ea1f78f39fac7c1b8a7b5086763b56fcb88baeca4784da3b04	true
tests/cgen/expr_match_else.sn	0	c6b4c8ade25a20256bbd6df9985d355890091651c59486a529a183f742a33453	0	980db1acd1f789b39770477ddb4e8872f33d59efa131ed5a847abce8c8a1910b	true
tests/cgen/expr_match_multi.sn	0	c0b8459d3d57f2b8f7b1d4f76dd6661cc34604df67df2d151aca4c5bc2e50a4e	0	0163f78e586709f2053437f17f7e1d6b7c43aa98959b5ebe1b604c8667dc84cf	true
tests/cgen/expr_member_access.sn	0	084b7da436fe990d0ae923bb0008f7a90aaa4ce5f6b425a54355022b51f449d0	0	6c86f14350ec43c523fb2aa9f7fe647c938e69526369e8838fe53309d7be4bb6	true
tests/cgen/expr_member_assign.sn	0	d6867748d894712416fd56f145cb2d65a725b24a4dc6e1f0ab0558bbd55d81da	0	ac7bcec22eb2f339132b09fc67c19dc1aab5258bc3a9a1b6f4109abc6fb8e571	true
tests/cgen/expr_range.sn	0	8fdc4630e642f473529c8a6bcfa7b2841f470bf1ecd95e495e0d1b908e067075	0	515e1093b2e7ab4f11814f8142ca930d8cccc23efe2dcf157a4488becab63d93	true
tests/cgen/expr_sized_array.sn	0	6fc42fccb89de83439fe9f9fc9a9755c7667ade3b174d257e51b579916480135	0	24935e51cb0800663c0754fb20d02924cd27fa03e6c0078cecd7551f6a07fd7f	true
tests/cgen/expr_sizeof.sn	0	7d74ad11971e75135bf730dd6c0aa2a3604d07ced5d3631aecd3ae35153cb5f1	0	5c2962bbe7e21b2a03fb1b68de56e19f9e20b2d04588c648dd07fe3d157bacba	true
tests/cgen/expr_spread.sn	0	15000258a38da03c42cd875c613de719824b3dd44b3e56c0a3e40bef4b644282	0	105593ef320eed5fb5d3093aa04d14575757bea5c4a2a3f1d3e60ae6cd3a149c	true
tests/cgen/expr_struct_literal_handle.sn	0	0d55e42d88f74698d226617124e1e99da6a19251e5e9030bb2dbbf1303d5af6b	0	551a210d3b03f38e144a1173cee7a843e1becd4ae175c7d8a39604244738d911	true
tests/cgen/expr_thread_detach.sn	0	2631f47d96fb8404986159e9b69832f655722efdcf287e1a7fbf7c149ee6c355	0	dca436577155162640c299e407810de7b4f139a1036a1466c009fb6ea2efbd8c	true
tests/cgen/expr_thread_fire_forget.sn	0	1ca6886426732e62e997ba0d41ecd3071678d34878f6758c0b3014905e506f68	0	c3f7cb034892fc0fdda6aa700de3aeacd559bac4e4baad2d0d5f5b78ddd701d0	true
tests/cgen/expr_thread_spawn.sn	0	1948a5a41deb75eea317f0ccbee6f842e9d4230bed208d1745e479b0a91e65be	0	846ec21ab94aa8aaad222976a1b96ff494a1dcad91dcbb353f9a31507c44d674	true
tests/cgen/expr_thread_spawn_struct_param.sn	0	361f6a85e6eab2f72eea76ef23e7ee09c40e03663d2e7bb9ec557eb2a6eeb83e	0	1813b84d766ef538e529951ea9039fa39183d06cf6549ba097e15b63d54da2c2	true
tests/cgen/expr_thread_sync.sn	0	0ea5e38a06eb4dc8e8d32656e3953eefe78325d8968db1347dd61195ea5bebf8	0	f346dc30224d1d98b1dcc9536b39e6ba57fe691df2ded16d6bcef93be5d23aa9	true
tests/cgen/expr_unary.sn	0	e9f27b93e0b3f6f4feda03313e4918400ff7b6d3da47d45f418ef368ed628d90	0	bce2ce5cf9ae63f0f7c2fff889704f5e4868b4872bfdf2f5b71b7894aa2360e1	true
tests/cgen/expr_value_of.sn	0	eb5027078acd63a2ebf9895e31e576fea610f25c832595a93f5fa3650e550f57	0	658735d10bb35bf841a06609e8915b299ef0f5f2705b4db87af53e5bc20a89e4	true
tests/cgen/fn_native.sn	0	528ed2914b90a7b8ae4b3a83f5d083ba2e93331038352bc7ed5cc2b689b22071	0	ccdcb753ba6b4a43add0b854f33c0ac6c6a7f26105e768ee3af4bceb2ba0d989	true
tests/cgen/fn_tail_call.sn	0	fa8528ae2818f4f13aa06faa7e9116ef0605f17de3343e256fd23ae20f3dc05a	0	87268fbc16de41b33e0e75f2bf923d6d8ae9f5be10d37d183bcf2b9a78716d57	true
tests/cgen/fn_variadic.sn	0	5f95414086c0efe04ba1bd0268d7f10ca577509338c5c72a896ce25a5edb5801	0	ffdbf8bfe535062835653dd72632ecf613045c46e195dfaddf373e1b09beeadb	true
tests/cgen/fn_void.sn	0	a9fd4fdf238c508e5a4b16853bff99ab2c6ba3997a78a27f969e17f834f71c6f	0	f7ce7a088a1abfb691b76735e67d8f6523210082d3ee8439f6a4b13026430785	true
tests/cgen/global_deferred.sn	0	cd760e1f509da65d277c48bd37d5286faa950c68125b9188207a67a3ee61017c	0	9aa8555b34e5917f2b1c5b315f1c2cf83d34669b7488d98449b4b110f9eb0f8d	true
tests/cgen/global_static.sn	0	bed472a3f3c978f471b4f5c9fe4539ae6a599802be4e249ec1ffa491007582bd	0	1ae87a4627161172d204f477b2f8ace30fbcfa80e99da44fcaba9a7afae0f2e7	true
tests/cgen/mem_array_string.sn	0	916975dde600f2323468f076b7e5e26dd70aab8c21bfbfaab226ec9f6be27f68	0	22c02a06aa5f9e8a7b4ec2a6d08642a00a155febca103a4b75cb31ab71ec8f89	true
tests/cgen/mem_assign_ref_struct.sn	0	c2c43afd5350cf3e22338440fcb30087991ef27f61b76234bcf6ffcf53420086	0	cddb094ae561fce87c75d4131a7da6c9e5d6f35dd8aa963fcb5cb2ad7cca05cd	true
tests/cgen/mem_assign_string.sn	0	77f0cb0ca8fceea7d93af6815422014c3c3147a29180f48f175bb974b0ab9c88	0	0db38a64237c01f54f2abc6d6cd385451ff82908d7e08dc4b26e53f6d57d6c31	true
tests/cgen/mem_copy_of_ref.sn	0	ae61c05473f5684297ee18dc5678316a13e374f19f349d6c80f8f41e3b699fd6	0	dc24898f3932c1d70ac985a390b52d158a19f1d9604b162712e2a38e72d0b315	true
tests/cgen/mem_global_reassign.sn	0	501fbfc884d70b72c5fe5aa4e1ac3611abb1f5b3fdd3cf1b5c7ac7c614bea053	0	2e9d1726a00e51e0c4e09d7464ed49ad55771ef3bbc86a0b2cb6a7edae70173c	true
tests/cgen/mem_global_string.sn	0	a7d9d93ce07139371304dccd9b4cc11ae09d11b1ecf9e2c6fbf4d09b971406a1	0	88011cfe670a545ba9e3524be02359fbe6c5a44508195b2e27ec34f1977f5a5b	true
tests/cgen/mem_index_assign_str.sn	0	45949018a2f154295a9b342ab3c764d3c7eec79092a323e1f732e6a01caf6b84	0	1d0e6f8f21060b4d82aa508553037f13cb8862d58858bacefeb20cff8d7ea715	true
tests/cgen/mem_member_assign_ref.sn	0	69dfbc2e155f674a5c548feb8609af92b7cf7b3cf55a9f764571411b94b6fab4	0	f2d6c1959f917e6e03a9e28d8ff1aae3e20990e91025b1844e76ff9654497d62	true
tests/cgen/mem_member_assign_str.sn	0	32f3ede2ff5f7887129be47fefcd87c3fabbc0cc25a5723b2abff03fb8e294f4	0	6f3a97d353b100b45d14589f60a651f5589dfd135a62768d5befad66d6d910f5	true
tests/cgen/mem_nested_struct.sn	0	1add59d0ea525accafc6904b677d1da1a83e73e2fa9056f785357f86b1437bfc	0	8f701ae520ba78535e631d37fe6447fe7fdc36e57df16c2c6eb84fb9383ef1e6	true
tests/cgen/mem_override_ref_as_val.sn	0	9d02cbf0d480687fe96b40f50064e3dac4484ee7ef3dec955981ef2ec10dd6f0	0	48959de9c4a29e1d3c873c054cc1e507f380169d59de8055cec1c6eb764d7604	true
tests/cgen/mem_override_val_as_ref.sn	0	02148c242c7735e9fdc4bafa3784eaef1e9046d6c36d3ce9e1ade4fbbae64eb2	0	fc0c4c7e683b0e9684e1e8d6f6d500d4f54a297426a164caadbc10107232579c	true
tests/cgen/mem_param_borrowed.sn	0	9d68a7bd60b56adc4d8737b42a484515adbcf535c13f7fd9db2103e36508f90b	0	3caa0a2d04d27e8188b6415a6b85d07b658fb8661edb165f6b709a9e26128089	true
tests/cgen/mem_return_ownership.sn	0	8f8390da558b313846b1f5454b8b8e75c5a9692a5d0b91b867db9a98e5087117	0	dea27602dc5993e6d81f56e379652ecf65bc01f937cd034068790375c41ce12b	true
tests/cgen/mem_return_ref_struct.sn	0	ef4a30abf64fc5d55fd9bf2136426dc92fa693e614fd5bc28d47e480d3f86016	0	0ad6fd416c80975c6c3850812f9afd24a8d699217fc22ba373cc8b2cc2a55936	true
tests/cgen/mem_return_val_struct.sn	0	60eb4609a04c4fa7846de08401d258dc436b7655293126c252300e727e9dbe6c	0	650da65d6f74fb26cbdeac43b16fc9ec18d85343fbb28042369d34ff7a4c67c5	true
tests/cgen/mem_scope_mixed.sn	0	cfda1ef3dba5785b1b87e191723f62ecfa98d35bab33fc2bb0d7229942b2f30b	0	39347a19e436d999df171ad05247ce199e707fb860649a0614d1783c9a3e91d8	true
tests/cgen/mem_string_strdup.sn	0	6a1cee8eef568e06c123b20c4728bb2a42ddad8766a132c9a89ea52d70dbe8fd	0	1b7020fbff83c5ec25cd2330e0089369fcd7f8f9827734aeb627b14439e64a9c	true
tests/cgen/mem_struct_ref_refcount.sn	0	271971c9f7bdc186c389c7672c8dfafefee33ba427476663571703b4a32e1868	0	0f2a6697b775af9306cd8c59102615676d5bdb406e842bf0f6db988588d85766	true
tests/cgen/mem_struct_val_cleanup.sn	0	4906815c9a162d6b0cdf01b9dc95c007dc888c88f35d89472ce5cf090a2e44e1	0	e0edc301310ad1523e027467872da7f75796f0d730a5f7c4eebc6f1a4cf9b2cd	true
tests/cgen/mem_val_struct_copy.sn	0	e4290eaba761525648812f7dcb1d0387b90ba640a79321c6e89670a52050641f	0	1268d81e7a97a889b78d3a306b7f611516ff3b1e4fcf7872d1e66a0ab2df53a1	true
tests/cgen/mem_val_struct_reassign.sn	0	f4f7947c7fd10f68aa0587b3d9d7d2de9271d46458537f13b6c9f9a110eded94	0	46f40303beac8c85b64b9948294217aaf691595ab0b7e283c30f367225dc08f6	true
tests/cgen/module_no_main.sn	0	4ff545bee53ff576fcd64b815cade2abb443e7951d4d6b2fe9c837661e817918	0	b3c34f8afccb2a7c2f316039c776e5368aa5fce31f01487ea591432244de68f0	true
tests/cgen/pragma_alias.sn	0	5f95414086c0efe04ba1bd0268d7f10ca577509338c5c72a896ce25a5edb5801	0	b17171058d2cb63cb1bb52efd92e2766bed97fbc49e3d0323eceefe7a879d434	true
tests/cgen/pragma_include.sn	0	b1d854f88608c6f65b6ef213f65518f4784ef407cfe3089eac5b54e649e6fe93	0	c362f846a577df28913a8f7e2898badd5db1f9d7b3779fca295a760f05d62ea8	true
tests/cgen/pragma_link.sn	0	5f95414086c0efe04ba1bd0268d7f10ca577509338c5c72a896ce25a5edb5801	0	1c9467e622411c40f67b6668d6835d3010417b3415cda37e4c3aa5eb4b8eacb8	true
tests/cgen/pragma_source.sn	0	90dbb1e8f2e3dd7434441103e359d3ee00fe2377bd30749167ed2cd9211e49d0	0	b2d670408aee99e5e283128880eb6661eaece8440c0a789bf2971045447f971f	true
tests/cgen/return_cleanup.sn	0	826d4011a41c8c57755a9d0d586591b831febc37d7368ea3f1ddfa17b9e942a9	0	fe0c10ec90d0d57cf0e7c84c373bd02fb8d4aec0486a3a6168713d3b60820cd1	true
tests/cgen/stmt_break.sn	0	42cd44669d0c08666d6b4d99e8df2020bb5067a0ccf765a13010d08cee1f1d16	0	fa3c9d82207baaf1d5a20f279d3f3bf3bcdcd6e8b8ae2a21cb0275e6410a4886	true
tests/cgen/stmt_continue.sn	0	c7da11040f6d8533a0b8f316802a6b47238cd7ccf49eca41a336916fea6af1e8	0	95da138751a9cf049cf2139848d2777a363656e1651d488beb37160a3c58c049	true
tests/cgen/stmt_expr.sn	0	ea89e392ff90d504f134da3ab159573938e471f6639946cf9fd27ae5c011cacf	0	cd96c54af367f88c439c8a44c5ecdd15bb93f319ad34aef2b937e9a91e5be272	true
tests/cgen/stmt_for.sn	0	7135883c81a08c0b8eeee8ea4a59cc530fa79e6351ebf86462769f51f50cbe38	0	f1333f140976f8b6895b08e17be2dbcb11d39c4345cf2cc61150165e28467d42	true
tests/cgen/stmt_for_each.sn	0	25a9716f0d525d31b1118a4073856c1642a524b4df9ab42a3e9c0d1a8b908a0b	0	48b519ccca33bbce9f3c4a5504c15995959ead745152bab90fb304b29095fb03	true
tests/cgen/stmt_if.sn	0	aba6cdb65a9f481c011b3209c89180807344f31b45c69897e5f09a3cde0908bc	0	53c8aa5c6c22553c950bc9caf7599e539fa1eab6424265ab65dfaad9edc4b91d	true
tests/cgen/stmt_if_no_else.sn	0	71a284c28eee03d04709c9b77657c82939a00128f879fed942341704dc8231af	0	1a47e432280dd00ca5073682d39baa16c7929859a074964ed97a643bbbedb7d5	true
tests/cgen/stmt_lock.sn	0	342293f5f3e08b77fc4c0abd1ecec2e6c45d3b19075061ecae25d92ee07804a6	0	97e204a0bc239dcf8e5c8528a6f072d0360668ee5af9811aaa625c3e686fe5b1	true
tests/cgen/stmt_sync.sn	0	4798f515ee10b904b751ce9702c8d7fe739b9b8848f85fc55f8f02e9939c6cf7	0	02687b7d8aa91b937d146925a0c99c16458295f8a0cb0eeb7cb28762abcf2825	true
tests/cgen/stmt_using_dispose.sn	0	dec15ef58438e7f58ea307548fea164fb16da7446fa6165d77f801e058f06ea9	0	a1e05a5f67ea590637d9a4ff18f57f82131ac551e28288afc46194eb0c3a78be	true
tests/cgen/stmt_while.sn	0	1506733671e2605db0311a379e57ce0f70e4e69816fac7da676dd3a236b05ba6	0	09431d623a195e4759af7a40754dc3ab0e1b2ee99f19adb24b66941796f87648	true
tests/cgen/struct_basic.sn	0	305d8e928cf8adea84639e2bfc4e1ea5d430e3a1ea9fef042de9c8c279e69b9a	0	a43445969c75e665cbfe675916a73d0027577d20c2648cfb88b7a49b3e6d55a4	true
tests/cgen/struct_chain_native_ref.sn	0	3c5178e7dee4933b522685b0bda46543e4f0154a387b32b3432a4ed2686ff38f	0	3031bc9deabc1b571dacc822ed39aecb2b965c424bb4a038bf83ad4db91c1132	true
tests/cgen/struct_decl_as_ref.sn	0	89391fcc3e31c424ff2068f6d401981143b8b2f0ccbea9b6b1e76d945308dbf1	0	6a20ed7fa06f3daadd4186ebe22c9d912fcb6cdc90e6f7f4a9977b51997660b0	true
tests/cgen/struct_decl_as_val.sn	0	f336eeb6ca41f4298cfc12cc95c1ed985f55dfb9e86ab8f7c65237f6fb944029	0	0f18e78ff17ce4e3fc6f02884014be419c0cb866b64f52ce62b114d7d05b0b68	true
tests/cgen/struct_default_values.sn	0	a2a694c9544d94463f8f218c60d439cee6cc1313a60039b159c111953de2ab97	0	727cfa0bf349f28b98d35c8b0d253022a3060e73f719ecda81bc4748d218068b	true
tests/cgen/struct_handle_fields.sn	0	f882662188236557608c24e8e1de69ec11f9b505dc4e430332087fb371c10391	0	c8342459ed230002c3683b1ccb38a1f041bb0c3e7981a8b438ded8504cb86d0f	true
tests/cgen/struct_methods.sn	0	abe7d08507bbf97c281e8811b5e573bd5ab74eb716a68b42d7437d32cbb48d11	0	76b72b265fbf374e6894d8609faae8ed107505c7172972e9ebc27f635b1437db	true
tests/cgen/struct_native.sn	0	9501835c3e6bfc92a1c7e3a2fc405f4991c082a66a7adc4b1dc87110bf588ec9	0	acce84227941fa1b2914776d8069ea8affcf8cf3eeaf1adc05d748e5fdc3e3a8	true
tests/cgen/struct_operator_eq.sn	0	ee9b57bfc4467c2daf74be49daca8c279ffd2b38be764243d468686bd9440ed1	0	76e872ddeddd73d7c1ce9e92a699180877e5f8095870e349a1fa82c4009416df	true
tests/cgen/struct_packed.sn	0	72895fe97a773ed9ac1f2db46dd6ae218c2b25a3873da93d47bc9dcb2893562b	0	3150e5fb38be768d7943fdea78403b419c409c8fbc88674de645b4a6be0e3a3b	true
tests/cgen/struct_return_self_ref.sn	0	78202b6dbea819773498478dc3bb28141c20392cb2756281448f630c0e7cff67	0	b24d1dbee9fe9d4ced6e753382e802074c2299d8fab8df7cc82dc88249c518b5	true
tests/cgen/struct_static_method.sn	0	d9dc2c1442ddcc9e237596bb92bd5fe1cddcbdf6a38d4b60f42fc27ef447c993	0	e17b4379f9bac49810524b27975660d5a42a6ca224cf8637f4838ed966021857	true
tests/cgen/var_decl_as_ref.sn	0	7caa37907e744444362c08c684ab8ca7564f2c9ee0aa36e4e8d306c6ac03bc9d	0	8899a264c7b34e9bd616317f9905c824dae49ae7d1d810323844ee6d4acb5ed7	true
tests/cgen/var_decl_as_val.sn	0	fdffed710dedfe1ea435594fb824784caba88ade176ce6f10cdb003bb5b8757f	0	28e3035948dbc219ddd30f37316b54072a89668dbcd3ab71ee4bb17220ce26cf	true
tests/cgen/var_decl_escape.sn	0	c276119e2400eeee391ff570ab98a759fd3c7c70db027142785041fdae3c7d4a	0	9f262d4f245686c473dfdb787b57bb4586ddf34b0df3f3b0b4e8953b038f9f44	true
tests/cgen/var_decl_string.sn	0	a4db5b9df2363851c1578904862938c4440353c1252682e0177494b9f01ed75f	0	1fd7a73591db694b77a0b12685ca94b2a6ff7cd090069fb844c68a6e44a3c13c	true
tests/cgen/variables_and_arithmetic.sn	0	72e7cf18f201db128878eec2f45dc1973800be9aa85eccd8ff9cdc16887ee6d9	0	4e2bf53f5ded91423e8646e8176ec66bfd947dc1d915da7c9210ecaeb9f3e3d4	true
tests/exploratory/debug_arena_lookup.sn	1	e3b0c44298fc1c149afbf4c8996fb92427ae41e4649b934ca495991b7852b855	1	e3b0c44298fc1c149afbf4c8996fb92427ae41e4649b934ca495991b7852b855	true
tests/exploratory/debug_compare_in_loop.sn	1	e3b0c44298fc1c149afbf4c8996fb92427ae41e4649b934ca495991b7852b855	1	e3b0c44298fc1c149afbf4c8996fb92427ae41e4649b934ca495991b7852b855	true
tests/exploratory/debug_constraint_in_loop.sn	1	e3b0c44298fc1c149afbf4c8996fb92427ae41e4649b934ca495991b7852b855	1	e3b0c44298fc1c149afbf4c8996fb92427ae41e4649b934ca495991b7852b855	true
tests/exploratory/debug_version_all.sn	1	e3b0c44298fc1c149afbf4c8996fb92427ae41e4649b934ca495991b7852b855	1	e3b0c44298fc1c149afbf4c8996fb92427ae41e4649b934ca495991b7852b855	true
tests/exploratory/debug_version_all3.sn	1	e3b0c44298fc1c149afbf4c8996fb92427ae41e4649b934ca495991b7852b855	1	e3b0c44298fc1c149afbf4c8996fb92427ae41e4649b934ca495991b7852b855	true
tests/exploratory/debug_version_all4.sn	1	e3b0c44298fc1c149afbf4c8996fb92427ae41e4649b934ca495991b7852b855	1	e3b0c44298fc1c149afbf4c8996fb92427ae41e4649b934ca495991b7852b855	true
tests/exploratory/debug_version_all5.sn	1	e3b0c44298fc1c149afbf4c8996fb92427ae41e4649b934ca495991b7852b855	1	e3b0c44298fc1c149afbf4c8996fb92427ae41e4649b934ca495991b7852b855	true
tests/exploratory/debug_version_all6.sn	1	e3b0c44298fc1c149afbf4c8996fb92427ae41e4649b934ca495991b7852b855	1	e3b0c44298fc1c149afbf4c8996fb92427ae41e4649b934ca495991b7852b855	true
tests/exploratory/debug_version_all7.sn	1	e3b0c44298fc1c149afbf4c8996fb92427ae41e4649b934ca495991b7852b855	1	e3b0c44298fc1c149afbf4c8996fb92427ae41e4649b934ca495991b7852b855	true
tests/exploratory/debug_version_all8.sn	1	e3b0c44298fc1c149afbf4c8996fb92427ae41e4649b934ca495991b7852b855	1	e3b0c44298fc1c149afbf4c8996fb92427ae41e4649b934ca495991b7852b855	true
tests/exploratory/debug_version_all9.sn	1	e3b0c44298fc1c149afbf4c8996fb92427ae41e4649b934ca495991b7852b855	1	e3b0c44298fc1c149afbf4c8996fb92427ae41e4649b934ca495991b7852b855	true
tests/exploratory/debug_version_allA.sn	1	e3b0c44298fc1c149afbf4c8996fb92427ae41e4649b934ca495991b7852b855	1	e3b0c44298fc1c149afbf4c8996fb92427ae41e4649b934ca495991b7852b855	true
tests/exploratory/debug_version_satisfies_all.sn	1	e3b0c44298fc1c149afbf4c8996fb92427ae41e4649b934ca495991b7852b855	1	e3b0c44298fc1c149afbf4c8996fb92427ae41e4649b934ca495991b7852b855	true
tests/exploratory/errors/test_instance_method_on_type.sn	1	e3b0c44298fc1c149afbf4c8996fb92427ae41e4649b934ca495991b7852b855	1	e3b0c44298fc1c149afbf4c8996fb92427ae41e4649b934ca495991b7852b855	true
tests/exploratory/errors/test_native_lambda_capture.sn	1	e3b0c44298fc1c149afbf4c8996fb92427ae41e4649b934ca495991b7852b855	1	e3b0c44298fc1c149afbf4c8996fb92427ae41e4649b934ca495991b7852b855	true
tests/exploratory/errors/test_nil_nonpointer.sn	1	e3b0c44298fc1c149afbf4c8996fb92427ae41e4649b934ca495991b7852b855	1	e3b0c44298fc1c149afbf4c8996fb92427ae41e4649b934ca495991b7852b855	true
tests/exploratory/errors/test_opaque_dereference.sn	1	e3b0c44298fc1c149afbf4c8996fb92427ae41e4649b934ca495991b7852b855	1	e3b0c44298fc1c149afbf4c8996fb92427ae41e4649b934ca495991b7852b855	true
tests/exploratory/errors/test_pointer_arithmetic.sn	1	e3b0c44298fc1c149afbf4c8996fb92427ae41e4649b934ca495991b7852b855	1	e3b0c44298fc1c149afbf4c8996fb92427ae41e4649b934ca495991b7852b855	true
tests/exploratory/errors/test_pointer_in_regular_func.sn	1	e3b0c44298fc1c149afbf4c8996fb92427ae41e4649b934ca495991b7852b855	1	e3b0c44298fc1c149afbf4c8996fb92427ae41e4649b934ca495991b7852b855	true
tests/exploratory/errors/test_pointer_slice_step.sn	1	e3b0c44298fc1c149afbf4c8996fb92427ae41e4649b934ca495991b7852b855	1	e3b0c44298fc1c149afbf4c8996fb92427ae41e4649b934ca495991b7852b855	true
tests/exploratory/errors/test_static_method_on_instance.sn	1	e3b0c44298fc1c149afbf4c8996fb92427ae41e4649b934ca495991b7852b855	1	e3b0c44298fc1c149afbf4c8996fb92427ae41e4649b934ca495991b7852b855	true
tests/exploratory/errors/test_struct_method_not_found.sn	1	e3b0c44298fc1c149afbf4c8996fb92427ae41e4649b934ca495991b7852b855	1	e3b0c44298fc1c149afbf4c8996fb92427ae41e4649b934ca495991b7852b855	true
tests/exploratory/errors/test_struct_method_wrong_args.sn	1	e3b0c44298fc1c149afbf4c8996fb92427ae41e4649b934ca495991b7852b855	1	e3b0c44298fc1c149afbf4c8996fb92427ae41e4649b934ca495991b7852b855	true
tests/exploratory/errors/test_variadic_array.sn	1	e3b0c44298fc1c149afbf4c8996fb92427ae41e4649b934ca495991b7852b855	1	e3b0c44298fc1c149afbf4c8996fb92427ae41e4649b934ca495991b7852b855	true
tests/exploratory/import_tests/circular_a.sn	1	e3b0c44298fc1c149afbf4c8996fb92427ae41e4649b934ca495991b7852b855	1	e3b0c44298fc1c149afbf4c8996fb92427ae41e4649b934ca495991b7852b855	true
tests/exploratory/import_tests/circular_b.sn	1	e3b0c44298fc1c149afbf4c8996fb92427ae41e4649b934ca495991b7852b855	1	e3b0c44298fc1c149afbf4c8996fb92427ae41e4649b934ca495991b7852b855	true
tests/exploratory/import_tests/math_utils.sn	0	6796fb1ba9dc0584a2093ac0983e39113e3e54fec217700d55d3c8ce5369258b	0	c323a8e2e0dd7066a33135e9a435dd5cdd11a992dcaa0b551de168044830a748	true
tests/exploratory/import_tests/private_module.sn	0	0a4697989e45951c8b7e4973668efea8402a8b588181adf53d36746443a66a4f	0	e0916d36e26374fcd900854ce865d78183653bb6d9b4895445829d5b13aa0fc9	true
tests/exploratory/import_tests/string_utils.sn	0	8ae08a82ea429f3447b14f3adec07c510ed72fa2634d7ca44b6f0a75054cb6af	0	0e35db2e362e10b73696e72772ff81b3456a06466a43c5a1ac3dd4edb80b3a4a	true
tests/exploratory/namespace_demo/math.sn	0	aa32a7cc1aa59b66aa11c0ea870f348b9f0f245bd48c9281e8bfef339c0e0487	0	537a4cac03efca4e036406e5f7e7afeea5c990438fbb4b7de1d6d66317624da9	true
tests/exploratory/namespace_demo/strings.sn	0	66806603f19a9b5566f1b5e64162f251438a4039153c5c473e86f48b85d34512	0	6421ccda0df9331a3b18eb56c541bba74713f918b7b0263d64513176cab1727e	true
tests/exploratory/test_always_false_loop.sn	0	1da3c32d57f24be962361bec977f4e1079d26fbbc5a313d86784d18d9083f3db	0	9d69baa1a62742b74dc65ae88fd4eb6da89a4f1d39d41440c3d21148071fb132	true
tests/exploratory/test_arithmetic.sn	0	bcf14faab9247b95d7d8c7157d7bdfe49072a2ae3d9a333a9303f534c75247fd	0	4dd4e0dcf45d6e43610ccfd01e92196ec118224265e08d5091899a707caf9c92	true
tests/exploratory/test_arithmetic_ops.sn	0	af2506b20e4c98c00a32afad3041c4ca768d4a70dcd42fb84875ed3923b119d8	0	91c7a6e3579adffd5ce392e22e9cec23523d06146f346196a69e8da0aa9daf3e	true
tests/exploratory/test_array_basic.sn	0	952bfcfeeb5a20ebc820e2242bfdf95f9031fd87752f45b16b9bb4edd88e6706	0	d9b7b6267451d950ef41c71de4c857600c3546b794bdcc8292ea2e9fd6ed640f	true
tests/exploratory/test_array_basic_comprehensive.sn	0	91e76f666da9ab4c5cd6f18582f8b6e8b3ebc7a088dfa2eeaaa938d4568834e1	0	c7cf1ef24abdc6a6690e3b48adac5e86177db9711c62986cf3362c1a89f923ab	true
tests/exploratory/test_array_bounds.sn	0	f494c796c3761738da0747c512834c54644e678a75f30a4774c5b91811f24e62	0	b27cc3948ef18e497c94d2ef1f05e2e19e05039ea2fd126d202c6eed0e0c5a6f	true
tests/exploratory/test_array_empty.sn	0	9576688996c8907abeec6f6f14f7b11c3009c5dfe855ad4a2527a1da1965d294	0	826c3efbd04b441fcc6e75f8efd605dc4f935655b2925d75153d9346e9cb0dee	true
tests/exploratory/test_array_equality.sn	0	20438c87b0cb992f1505fe1dbd438294af744ba404d3f38c4311277c16da860e	0	c159321ca9f450063740a3d7c5a3e68f1694dc81f10234c223293346830c320f	true
tests/exploratory/test_array_in_loop.sn	0	1137f3c5e00b7827eded469d751418fe2e2f144a44c515de77e2314a2ce90969	0	32299f764f740df5d8b47acd4dbdbd0cbb0433eda2c4d326de7469b64c376167	true
tests/exploratory/test_array_interpolation.sn	0	8187b0d7bec251b70a13fa30df7d2284c0e458acce02ffddf8ea8bc3f1928bde	0	48157d925edfc3766179b89b2c3c6af3da8f94e64c61177309ce8966136eec8c	true
tests/exploratory/test_array_methods.sn	0	6dd7c6d88dabc3d14b5b1cfcd4e933036dc080e439b642dc68ba77fd0b74de23	0	a675d11beb66763e22ec24a726668a09d884c968c199397a1ba60975e02bbebd	true
tests/exploratory/test_array_mutation_lambda.sn	0	f6c22abc8e119ea486c28867f2631e1de11176c72a0a19cb503f20209476e7ea	0	fc69e8a3d219ebade8c0036be9d5cedf9e15a626fc3af7d99db04bc950b8fa5f	true
tests/exploratory/test_array_negative_idx.sn	0	a617b3e4e71b0597c2ebcaccb39706adae23f573279e2710ed4585ac2cd00a08	0	3c29f3de7101b2492c6d16a86614219d2ad98438e4513af5180c86fda5d75338	true
tests/exploratory/test_array_of_lambdas.sn	0	0f97c433e5d893a14d2317aaa859f3a70a9551be07dc785d2c72ee23c3043dea	0	54e9c687f4fbeb484bc74ef7f7b601340eed59190ebd90d6f15d7236c8b52e9e	true
tests/exploratory/test_array_push_pop.sn	0	4a873cb5a7ac6d2f884fac620f58b19a71b0a4e088b996c88265c419eec72872	0	4f417d6a2d063a1b1a198ee05d2943772845f3b5a81bdcb472f65fe9275abc4d	true
tests/exploratory/test_array_range.sn	0	efaf98d840e576c24ff886e201f2b686b8b6249a4f4db50acbe0f7cacaed91cc	0	39429a3177595951a35978fb3ed24c288caab983e647b099b70c1ecc93739088	true
tests/exploratory/test_array_range_comprehensive.sn	0	620dcfda2e9cabf4f03ad84f799d2f5f89ba5809e9597feaeac32dc3b1b7cf06	0	d582b42c21c0d1e97171031a6db8346967970c6f038cc518a26ef2c45b11b784	true
tests/exploratory/test_array_slice.sn	0	b2c9b7266ac3ee2ec0be755153199db019559c5baeaafc57a0d65cfebb6c7581	0	42a9a84c458070d220ff94aea231de3d4fb7b4bd9c6a11dc99dbe3fb039de9b8	true
tests/exploratory/test_array_slicing.sn	0	1a7f43131b6c69ea82e4a2d48763efabc3c148df7cce7193cbb4c2f9e173b7e0	0	68673bdf3cc9cd613d8a97150c73d23ca462d9bae6b405f8d44319d2d11b0a1e	true
tests/exploratory/test_array_spread.sn	0	7c57f7b01ebd32ee8af41de458c0ead173cd61596c32d723079db22aa30eeb33	0	b63990369b9323cc2f7119c05511b69b1a698dc5f8bc3102ab8b1e229360bc08	true
tests/exploratory/test_array_spread_comprehensive.sn	0	8a70342a2db131dacdd98afa9561690912484e9dc87e4b5cef906bef8e695608	0	cd37335a8e9ef35778038ae90239ea19fcfd6e474444db82f94c76e23238848d	true
tests/exploratory/test_array_types.sn	0	e3c416e5dddc34be424cb1f41e4c60392e03b3b486d2f2ac1b5445955d846ad0	0	230bf73cd17e4816cf2aa957f8d48d7e9cc19560ad124000b620f0df5fd7b281	true
tests/exploratory/test_array_with_expressions.sn	0	792f2be2b01d52eb1d88556d616b45b8a96ab6ec9328482db351f9b9d9c88a67	0	c1a693e7ff96452073b0cfb0c0bdd22c279ab4d2d37f21dccad1e8f943f88889	true
tests/exploratory/test_arrays_basic.sn	0	99e4dc6bdd276a942e4272c7ea99cf814ba07bd082aad9f1580f3371de9546f1	0	df7a700deec37a4deed59fcddf32540d3b33f7995d6896fda06e718529cb4a74	true
tests/exploratory/test_arrays_methods.sn	0	e0ff929ed9ad2cb2a255093a22f9a54631c400ba8a080cac3356223e37ce1b87	0	3b494d41a1abe60d5eedc727c868d9946574aed4d2de7507915c6db3023272be	true
tests/exploratory/test_arrays_range_spread.sn	0	33af81fe114a31cde1859758fbd965b19f235cc4184ab24828850d6fc0b4e254	0	e04d8eae5e91a386bffda5c5d3f5efd5f17ee776414ffe3afb10f84edc319c4d	true
tests/exploratory/test_arrays_slicing.sn	0	3ac011b59094fc6fc828bb426f1a14dbf24b109dfee25d3ef48835070b6d9ac5	0	f41b00da3662a359b16deb9379bf11dd92c62000bb1dffc54ca4ecb1fcea6221	true
tests/exploratory/test_as_ref.sn	0	aa0f0c057f6fcfe194c9b3c689458a3879854463f8f0b744a28bd6987aff85d8	0	c11a10672a09a06f248d06ce5d743bad8e8b42bad29612e90f38bf815398041b	true
tests/exploratory/test_as_ref_scope_visibility.sn	0	5bfa04303b64f7d4c294e84fd828badbfbca0b59977897a208318fad8cc276b6	0	049c1a47278d50e12b1c8bcabb4609a87fc8cc4c6b22f217c4da84683663ccc7	true
tests/exploratory/test_as_val_array_copy.sn	0	a56143a88e9ecc76930f675ff07894035c9976425c57bbb6b84bff79df882a05	0	6c1b37c39b754ca22fd1b06d4baf727f2df58b65b66f7bd903447d3cbf2c2ffd	true
tests/exploratory/test_basic_import.sn	0	c796b6f47935be4e192588ca0b6b39032a6bba90c6052ca1b6affc972ffab247	0	8d223bc70e43c90ca5b94147eff4ccc3432a2df3535acef3c04a24fc08bd90fb	true
tests/exploratory/test_basic_vars.sn	0	f67abd63a0c6703fc19e139c6daf1ba82301802b0b99008a53d00fd8afddbd33	0	fcc886c88d64cc2f83bb3c891ff4baaab676c1d254e2c5c0d53e9f7361bf82fb	true
tests/exploratory/test_bool_literals.sn	0	8157a698c01f51ca75f4a5caa97a6155e38a1049e9b816478dc8d429922d3c40	0	69ab7af00511999b372880e601b7d445ddbd5022c3b778dca4acaf71e6b8954b	true
tests/exploratory/test_boolean_complex.sn	0	3f5820272f135b829c9c45f73983c4f5a125038c2598ca1092211b04d0e71aa2	0	b0a565becd49593529b4373c8a560ec1157cfd4d8238f0ac0b83564878ec8865	true
tests/exploratory/test_boundary_slices.sn	0	3a3cd0bd376a4528e5751e9dcadf04d1b8c24528374dbc2428c276f87570ae8c	0	ff290548861c42da8d1a9d23b9dcdfbc709d8a47f45d04fa19bf2debd74b56ff	true
tests/exploratory/test_boundary_values.sn	0	b06a20e6c51530036c65aceb744f65d9bba31f08c1b099368f1de544db5d3aa3	0	6f4fbad8f90c65ab543edd0b91dac11e981feec3373e80aa2aee1c7a50ce7ae2	true
tests/exploratory/test_break.sn	0	a3524095c2c5b7ff1551549dbb0d53d389a24dec9ab78a1fc807b0c1f30759a4	0	8ed78b02bdbcdd527b384a13ca316096a4b161cccab90e7eb2b6633157d634a6	true
tests/exploratory/test_byte_array.sn	0	8ea415944c84826e87c992fdc447640faf4f63921164c304844c7b29f8af9f01	0	4d0d5ea4e7831aa448778fb9905c7cb96dcd5ec80a508286318fa4f22384a17d	true
tests/exploratory/test_byte_primitives.sn	0	2bffe5293850f9e01d2c0ea7c9f89f46537856fb2ed51d82238fb1f0cc1ca197	0	756b1b8e6b1bc86b1ae55b9e455357692486f4ec69d42f1c13b913c229af5633	true
tests/exploratory/test_chained_method_calls.sn	0	be9cf52230a27e6d4122a4d97d2a472b07a0afa917b07c06f44af778bdd6afec	0	136e8b4fee7ced88dfd668579e2d6beadf850c301d2cf2c36d4dd4772f419141	true
tests/exploratory/test_char_literals.sn	0	b77c44878b3f4f20a87ac03b872cbc3fbf1f21bb8d59b4a9a4e359b19ad3de57	0	250e4428b62792adf82f693790e56e58260b385ff846907c1d84e2c8a8724e12	true
tests/exploratory/test_circular_import.sn	0	4af7d2f59a5aef6f62e4095e6af14b949d4a5ff932e6c681a4a6afe6d27e26a2	0	08baafd32a10499d38c91c1eda51f6865c3dff0018f441e417192d9c883228a7	true
tests/exploratory/test_closure_capture_modify.sn	0	2179c5cb2115de046a1f778df444399f4168d84713c9caa6ae586e35ae38cd71	0	82f3188cd6e7ecc7256094e8660d0e15c4754b9fb7d18738f4c5272e4b50c0a9	true
tests/exploratory/test_closure_capture_multiloop.sn	0	fbe196a0de113a0defe02c888b9b028c0d226e2d0acfe28a1993bdb3d2d1b95b	0	7cf32f970293107986fb1f7b9d834d5f4aa438ec297b13f9e36a098a3a107247	true
tests/exploratory/test_closure_in_loop.sn	0	db8b9bdb5a07ce8b9d122ef17d1f4f3e68ebd898c1b748223aacd9bef6c462c0	0	f87f9e6d3c9b737304d903c2edf8c5ece7cfceaf800d8b6e97202ec9bf89a49c	true
tests/exploratory/test_closure_multiple_vars.sn	0	a4de488b060078aed195111514b02f471b0d1eda7673eb047dd13502fd6f0838	0	38b9df77e2fb570da50341361d193701114ea128ae181bba92895bf696bcc705	true
tests/exploratory/test_closure_mutation.sn	0	0daa6247d3d55dd0555eeb48210c1c9fa2a0e8b4316abb9002e13b500a2d2a51	0	15b9efc9e20b35eda54573ee77cece4844a7adeec3ca4bee40d93d1d4c5d0baf	true
tests/exploratory/test_closure_simple.sn	0	606f8c21180975df95d17d6d5ed9c7462720ad00505a92b73fea2dc10e428a6d	0	a81165ab753a60b39bd53c820e0f79f5af741c19127c44442a7e85e186c9e228	true
tests/exploratory/test_closures.sn	0	eafc8625cdd2fbff9f32a1bc5cce07629a64639b9169ccbc1d5aea7230331287	0	3d3b5f5dd189172a40c470bb6b59723c217da21328536410e040078e9729ff03	true
tests/exploratory/test_comparison_ops.sn	0	85a4d0d7137b54a35096ea486ef40090eacfe45760692996e77ac83cf5cbbaf7	0	02728e4dc1001b074e20546e0578e24b254e16c76c818668658b386e6f876671	true
tests/exploratory/test_complex_expression.sn	0	0e0d07a8ac860dbe9cb8d8627fb20f5d981d1725dcb12daae133779ec09e258a	0	180068dddf43a0ac44a1b9d63e4cbaccc5b9d775547f305c979487b5e8119440	true
tests/exploratory/test_complex_expressions.sn	0	d3b8f1a52fb6603f398716657eb790d52e8d8c620271a84e774813e25bd650a8	0	30de316f238159d41dd4a56443564d6e8b3c150d37f82781f0b5e885937a8962	true
tests/exploratory/test_complex_interpolation.sn	0	bd92906e7bcea972737a37bf05571645c783388ef106bfb9a97a4b93190b64ab	0	878922b9956f6fabf4e52e4d6bc6446928132f6312fbb38751bc114ef57c4c8c	true
tests/exploratory/test_complex_slicing.sn	0	dc1eb9a5bb02e3eef3dece261da07ddc4e56c674f294cb6adaf30a8e1278608b	0	29b494c15dce9ca4df11db724cecf632635c4208434189ad4808da2517086259	true
tests/exploratory/test_conditionals.sn	0	e76e1811a5fbd4e969cd97067d3607ec702a95a9d5530020279fcdd5770fec4a	0	2fb40bb0e2208542a2c7f176ec1b6fde9f07d0ecba511662e9e8dfa5aee4c4f3	true
tests/exploratory/test_continue.sn	0	d90ea0d5d4934781608a96e516ccc178f90aadfde1a9dea70ec58c0dd2b9450d	0	a984230bdfc56720a79019f1c6f6ed60e7f58f63f8170ed46a579933217f3104	true
tests/exploratory/test_deep_break.sn	0	2872c4ffc9d2fda66b84ada514fd967a4edc36d2ddc650ce75b63ffe12b1c8cc	0	3a7d652acdf318a42f19549d2ef2526a2b022d9a74447e1922f32534abdcac32	true
tests/exploratory/test_deep_nesting.sn	0	db12f41f2579a2cab1e54fd728cff3c9906b653e18da4cabd5b904545264f698	0	7806eca450bb4fd0903fa4ea7c4f77c9d907d6d5db6f0c282442619212c4b5f2	true
tests/exploratory/test_deep_recursion.sn	0	84b6a1c1d8c2351c29a5bc21edbde8cec4c875ac9db1da62ac9429b434af6f3c	0	56a70ddde9ae84c73d0fdf80657e1608a0ca8de4bef3e744a34da97c3425808c	true
tests/exploratory/test_deeply_nested_loops.sn	0	78815c656dd4e4411726b33dbc571d59e200d01a95a7e2adea11bcd2417574c7	0	9eacbd7a40dbbe7455891093b76e6fb98d287d0520aec38336bbff17a3c72f0a	true
tests/exploratory/test_divide_by_zero.sn	0	8984461d5f4ec53e843695f6f1b37fa780776659ce9dfd1ab9d82c27fa761283	0	d468dd8713534751033bd9b04b196078d375ee1514895420a9cf298cd42c29bd	true
tests/exploratory/test_double_literals.sn	0	6cd57c07cbe2a20b17e2a64a890b93ff008bf5cf5e3a3bf199acbdc3df7cc274	0	f96e9ff4eccf6ec5d23821c2472ad6fd2416ffa4f033fcddeb7eb0afe976e39b	true
tests/exploratory/test_early_return.sn	0	f0bcd820a42b8eb44c7d4aed14a97d30fd2f84401b14b71165ef04d5ef511afb	0	cda7f0b7edadaa68f93533d94200aacf4f9195fd298386d302fa501da2a106b0	true
tests/exploratory/test_edge_cases.sn	0	338d47294d8a8ea37588098337289e4b0f29bbaa73a1282e8be0472fd009b15f	0	da3a954ba0701a809a860bc46ab26fb385bea0de97ac6024e87d6e2f91fbaf91	true
tests/exploratory/test_else_if_syntax.sn	0	f1a66e4bb55473951f9988b68c911c6df2d7f5d52b94ebca625c6f8f92982ccc	0	49a314b1e2b1ea69d9549d4cda2b999049cb9e3d36d949766a23df76bdc426f8	true
tests/exploratory/test_empty_arrays.sn	0	c1576dd83f445112558a4022677ac72dfb37d19279e47457e36dfaab958ca087	0	f7a654be4b0529f2a3052abe2064ffae1b9c5291e317e76b94038a53145feb07	true
tests/exploratory/test_empty_function.sn	0	bedcd18580a177a136e2b11e86b5742ab27b969edc86bdc990f788b11a711059	0	57d3a823aa5d91c274999647f62b9c29aea26ce11d35bbe3bfb98fb2377d5bf0	true
tests/exploratory/test_empty_loop_body.sn	0	fc0d4cacdda493bd159296e68455a41a9022da9622c224bc1a0f525481f0cfde	0	081d2bbfd322b55d832902baaf1627c0fe0f4c57f3b75cbd7bfab6659bf17b5a	true
tests/exploratory/test_empty_strings.sn	0	f8e38a57b8c9bfb8b640104ed48f264e13abc5d4a7c50a81d2d2e1d757706c35	0	0a909fbfb7240ecc86b8fc3d0aa61d47cd560d7bca751d4aba090d50d1c50859	true
tests/exploratory/test_for_custom_step.sn	0	706cdca2e347548e22e6678d629be14beaae797182a23f8c5831090613149b15	0	da61549104f042e16181c527c4eeb2bcebf4aac3ddcd9f3778f6cbf511e3d3cb	true
tests/exploratory/test_for_decrement.sn	0	7570269f793190168f80d6299c9432ade4baa7f5f6bce98c0b72496d3cb73117	0	146828e1e5e95c3856622385b53538ec23a45265247f63f4c523709feb030b69	true
tests/exploratory/test_for_loop.sn	0	fa57a5af0212603c546ba79ace7f60c2b5895bbd9815aa0cf311684d19ea653a	0	a16097feb3d62dbccf95d14308810c281c384aef6541d1b1c1a2b7a69bf08b0e	true
tests/exploratory/test_for_loops.sn	0	4ae9e6df62188e1391e96470608627d98c6c8c79e977ba817b859a6cef36a26b	0	cb1fc6ba2dd23316c7eef0c5fdffd796a35a2d103f6ba8ed42fa9350164ea454	true
tests/exploratory/test_foreach.sn	0	57a11f8df8132d530e0ebd22d2f831830e483bab1e12ce6398786b778228ac6d	0	ce632b903c3ae00e13f35c8bd07cba763637892cc74170c932c3407fcdeea597	true
tests/exploratory/test_foreach_loops.sn	0	8920aafd1d6630901d66ffd2db49dfeda3f1f3507b49d1b33d30a60dee9ddd85	0	101b2992905250b3971a1ebcd01a2e89ddf7a5ef0aa37bbf5c3e040a6a553f2e	true
tests/exploratory/test_forward_decl.sn	0	7800a90a6c40fa756002a47976ac05c66c4bf00d684289d191d5db7f8dbd550c	0	92e52ad7ea0ea89c0877b91b3d2fd49b93a6f8ecb4c4a1040a70f08befa34eb9	true
tests/exploratory/test_function_params.sn	0	e6cf8ef074235fe8e52d73f86f187006a3298f184e162f156ed3e4e06837aa37	0	d8f281f702b11268da6e1db1bc559c594bd5abf55e7555716f9512b36c705c96	true
tests/exploratory/test_functions.sn	0	310b4360958adc1a1c4271907d5217c379bc5418d1113d685967c27053993cc1	0	0f60141f4fb553756b47a014054b60013bb7e918f3e3ca8a259b52420d9696dd	true
tests/exploratory/test_gcc_edge_arrays.sn	0	343522e062de1fcfc88a08b61c80175256d39cb49065b5b217427983724027f1	0	18419d64eaf443a28f7c658d75f914adaf35bea5623ea5ba2358b76874e80a66	true
tests/exploratory/test_gcc_edge_control.sn	0	aa38d1e2832484a62be4b3654efef2fdcf475c127903165347607c9159b4a3fc	0	86e2a98ad048f74937242a611e0491c93f376b31edd4a7a24cab618bb326c5dc	true
tests/exploratory/test_gcc_edge_functions.sn	0	15c2aa54350a1467c10ec45b7afdd039690306f967d3dec18ee23a4868d7a796	0	a2b0226004ca855fa8cf63ae6f57e200d9d4eef8e3d04850c8977c3b2130653f	true
tests/exploratory/test_gcc_edge_identifiers.sn	0	2630fb40e4b20dd20f6efd5d31f163737a4feae04e858f1c1e032fe7eaac0d49	0	2150a2620bd7760611b75785ee207b36cdae23552427f88c66cc321e5434217d	true
tests/exploratory/test_gcc_edge_interop.sn	0	911f4ab59bbf2fd290dd2539190dc436be89b33d39410950f4d85043a23502da	0	8dc6d1f864a9684ed033255b025fecd27b0de58443e0fccd2946337cc1f73866	true
tests/exploratory/test_gcc_edge_lambdas.sn	0	cd5e7c81abd659f8e9e28f1603d44420bc8128f9a6b9eb7b24091f14fb403e7c	0	9e5a5791f53ca8e3cd759fc64958e8601caf6dc0b557f6f3dfc69d655b288624	true
tests/exploratory/test_gcc_edge_mangling.sn	0	d52590b22f90b2ea41d1b511b00d3115fc5aa3ffb4d61eddfbb26d323c3bd96d	0	67dd6556412ea9d23f4fd8f947576bf8c6e1c6ee421bf76368d4174282a10cbc	true
tests/exploratory/test_gcc_edge_strings.sn	0	ae78857646fa0c20774f95fcd1f99e12fcb52810a0b6316cb66c6f721b31dc5a	0	2a5d6acc2c330efa31e65d485e6ca610afebd36e9036aba6222d59e66542d99f	true
tests/exploratory/test_gcc_edge_structs.sn	0	3ca813dca074faf402db29ce7424ef34c765e89d7e4eed886de7e6ac21aaebaf	0	310991e9fcdbfad3af7b96e88c6bdf88f32d9031f02ff99052c66c692d5cb80b	true
tests/exploratory/test_if_else.sn	0	5dcafe1c72d9e8d5ebd7e67918d95ec371a1b22e71bebddd9204be8144e940b6	0	f9795e696f6a67eaeb04849fee81b5b64a9464d44f3b5263f2a4cfc5b05860a2	true
tests/exploratory/test_if_without_else.sn	0	9639a1b3945c7dc7b56b85125909e2419a3588ca89285c7a3a2190d620f3a584	0	25936e2bc7d85440d1ff54ce0bb02f43ab5ee3a9fee5a67570bee15e79a50f3f	true
tests/exploratory/test_implicit_return.sn	0	c7dc8a4d25da8105306ab18730f917dbd1170028333b04a741b217027cf91634	0	704462eee75e2f4f15eac8efd86a71e0f2a7b6b006527f884fa278a26af22f58	true
tests/exploratory/test_import_visibility.sn	0	76f5b31e7bd91a64c4cb38a66197ff62f7d047a8b37574ac3a3e4d736a9a16a8	0	6084f398ecbba80f2b5e42b4852a1a02599668d4fe18758db2c047751ab99e4e	true
tests/exploratory/test_inc_dec_ops.sn	0	ee4f90234bca39982ba5e5a3e5a87bf744f687cbefffc940386079cd3dfe36fd	0	edf0fdd34d13e1d0c40212228e48f8b9c0496cee22db168bd6b01e2a0849b7c9	true
tests/exploratory/test_int_literals.sn	0	71372e0fd35744afe657897bd9d5257f06a96fd69bc6ecca00c8408dfeedbd3d	0	54d594032fafa0ff7057a820c395e7d6bb444f8bc4a6a84d3b76a92cd7c921ed	true
tests/exploratory/test_integer_overflow.sn	0	55d48b9edd62eb64ae54f3aa8ebde199aa4a12050df4c0a8a7cc20ca14571dd7	0	189241646618d16a5754cbcfed2ad48819098938ad3ef057d39808db384a19f8	true
tests/exploratory/test_interp_escaped_quotes.sn	0	2871cb97572725c0bb4b33095697579730d53d0e37159bb432213a665a9493b7	0	55e7ab8ace02b5edfcecf309130bc047f5c6cc10222cbf616a7b4a02ea832155	true
tests/exploratory/test_lambda_basic.sn	0	aba60d77e2b41944c8f2f451cbf71526b4f247f894b88bab742866e972e27a35	0	434ac22b323fb287b0bd3f7b20b6b7f9e4e15d711493c8da423f95d7042fb659	true
tests/exploratory/test_lambda_capture.sn	0	e426bf89d37df409033798432ea126d9aa61ae02d9eac6a09e816424c9443d00	0	995240dc62d3fadaa78177cf0584e8f46ecf17341ef244a19ee22b1369e29e94	true
tests/exploratory/test_lambda_higher_order.sn	0	7642b1dc8a52ad3b3e15e916fa9471b24bdb4fcdea2ed097861b983829cc23ec	0	6abe7af194c766010131dee9c3fe0324dea955bb0b2c84f22e350e88bc5eb7ee	true
tests/exploratory/test_lambda_in_loop.sn	0	6f3b301057af643199b253ae6c103168b969805064224a3cb77529454811e528	0	1a8e02d14c3e278c28519f5df152c8402a15ba5d637a7db58bb9cb5a50f86bf8	true
tests/exploratory/test_lambda_infer.sn	0	939c8113772dde982a93671b72cda9c43275da8eff656b48b7b50884934dec42	0	849c46e6d4e8373580730fa82b8ba01834e7e2af9b7fd755a3fdd1cbd5e1bc52	true
tests/exploratory/test_lambda_inferred.sn	0	371ae1f2fdc58ae4701864000f2ad987e0556978d52a479a455db79689a975fc	0	ab53a1af0a17fb99e1dac249a45fabf78f1f4ec689276d6a75f95004f0b6906d	true
tests/exploratory/test_lambda_loop_capture.sn	0	07bc1a9eacd10e1f26bbafda217547889fa47821db15562af1654a52d9ade02e	0	65376ade3a9711f4c7ac7fd9df2ccf7d09ea77db0bc667a3cec55fba19ffd5cd	true
tests/exploratory/test_lambda_modifiers.sn	0	354a3f37f2a5711a2fbca7371291c4efca5ec5d50799e5da02b0515ef0f176ea	0	5d4c8149cfe9f6b5b739fe14c93a2109faf4e81066f91fe764bbd58c64d275e7	true
tests/exploratory/test_lambda_multiple.sn	0	8ef6aeb3697e9a5216e9bc326aded7aeea4eb23dca2d31895732044ac7cd9281	0	d09645de6aca908f89e458499a406973bd2b0ab59754211f8858b7673a4e2c8a	true
tests/exploratory/test_lambda_no_capture.sn	0	5f43697f2cc51445c8a2020a9550db4038d54b2349b2d57b2649e6960cc0ba9f	0	03adf6b076cd76efead7e37f3a79e9e4d6b4bf63080af0e371770e8364655be4	true
tests/exploratory/test_lambda_return_lambda.sn	0	7b8861301a2d306128472a9233a31d5306bbced53f84baa66473f0aa6719997f	0	12469a135b09da12e1dc7c88f4faa66c289a0739e2d4a68022c2f00c2854ff46	true
tests/exploratory/test_lambda_returning_array.sn	0	d7dd439302b7d461c77ce47abfce52ef1a343b095796d758ddc88b79ce6de428	0	58dfab79a8cd01c808130bfac6c8f8abec7fbedb4e7e5b8e811327bcec0c422b	true
tests/exploratory/test_lambda_returning_lambda.sn	0	ebe478434b08996e8209a367aa5afa87d7c76165242fe6d53b0beecb30402840	0	f619d7affe0296ad97e7a03dd7a61c302cad1ae8aa8b224abd028452b42b409f	true
tests/exploratory/test_lambda_shared.sn	0	ce3f6ed413ab9dc12610df4dc4c3d6672dcdb3ca99be77d84b3cc8c8e9e1b537	0	ca2407858dcfdc2e5ef389455df81622a06c065adb1843e9f0a2cfef7da6d86f	true
tests/exploratory/test_lambda_type_inference.sn	0	ee69a9a654e153b5b8a4ce689468444b31950479277b0b134b8388bb9b688a71	0	fd70990bc547869ecc725ca88f8249f7282710c8bb2684a5feaec43c1f131e4f	true
tests/exploratory/test_lambda_variables.sn	0	b3710acf417696786fb15ec47e29c2700540c736f0461e2c09f9151ff391a5b5	0	d07fec04944a540e19ad182204df2b27fe51e85e736890c94be1bed30e0715e4	true
tests/exploratory/test_lambdas.sn	0	a81482906589a15787005e3590a0737813ac0685f709a563c9da5fd8ffe7b889	0	7631f438be8389835cf08ea29e04dcc9991be91a210460ea9d12434f0a410b78	true
tests/exploratory/test_large_arrays.sn	0	1a52bfcca063632dc6e12a83fb38e169864609870a17d3f38f35b7bf9c0b1598	0	156fc30b8a42ec0d647a9c3d1dc66679067b4e3439d5bd07144978188a4e4223	true
tests/exploratory/test_large_numbers.sn	0	2cd75379d0a3e3a847ec87c6f6f1681da38c6e6c23f8aace12c0edf3060c2768	0	0ef33f1e36e13c64810a83171950f25223d1c16ac3f33785dc24f316a13a8639	true
tests/exploratory/test_limitation_closure_array.sn	0	6e504ca8dafaf5776039bf770f1c4c7c011770b71df91e855c64043b768ce411	0	3473260a933356c68a2e68e9b20093a8b25b50203a8352cb879735c551800cf0	true
tests/exploratory/test_limitation_closure_capture.sn	0	d4bc3e7e5ee934dddd0bd5e909e2cf76ce6c48380e557274ee00621b8265099e	0	1e8ad2b7bbd8412904a21a53a826fa2abebeb6d820705d6ce270e6cb87e9b789	true
tests/exploratory/test_limitation_closure_mutable.sn	0	40d34f25b3ecf2c050dd0573470ed91f3d8b0da0af9d6c62b1ea16e874f310b8	0	20440cbcf4c66e913c64d37cde75038e14efd6db348e1bcfce2d8050e96b68e3	true
tests/exploratory/test_limitation_fn_param.sn	0	cc9430d5518219e6b80f8468f6ab378abc80add228fbb7b2ab6d88b7361282b8	0	9dbb93f68ccffc777467bfb5a36b30b04b47f6a1d5dd21be0ce82ff7d71c363e	true
tests/exploratory/test_limitation_lambda_param.sn	0	f63755d1c5319120450a3cd57f2ee69071080fe3bfa5fa457d5b457a3ae7d808	0	7e05bd5ffc1bf85f80ccaf42e5d4e7304550db6da3f62dc91324769a8128183c	true
tests/exploratory/test_limitation_nested_spawn.sn	0	2f92b6898cc74af03b9b2001fa9081dc8d228d9d4f57734046db048c16606b3d	0	c59b9602881d38890319cd7cd4776ec0b16054662c2e243450a08abb9c6287ea	true
tests/exploratory/test_limitation_nested_spawn_complex.sn	0	fa14927ddaab72672e284c2ff1b02b0871fee729737c3ac28e85f003a0c0424d	0	077de735a780f88df5b19f98f9df95b6bc29e434b47dda4af9b3fb3b4ed4656b	true
tests/exploratory/test_limitation_nested_spawn_shared.sn	0	7b5e2b82b6ee633955ac7cac8e7a08426887a1da5e4598a048668320a922a804	0	8b024902e67ddcd11b69fcd4ff9089b8275c426b95c4f14ee1b4b0d4696f7151	true
tests/exploratory/test_logical_ops.sn	0	413d904d370bf490caf0bafaa9b2b9e622665c2755a9aa8a1466b781a7e4a13b	0	0af9b5f26c1fcdea38d59a2db67ed7b42efd01d31151bc6c16dd1dcfca2a8db8	true
tests/exploratory/test_long_chains.sn	0	c40c8ceccfadb09e76539d62a574aad442b1eb385cbe98cbaf2953a19315e21a	0	047f7eb4b8a8a653bf205db4a754da9d83985c611aa0f94e4d7a42a7c247ae52	true
tests/exploratory/test_long_literals.sn	0	d40165375c490f9e98507202338ec240f73f75d9f501bf85bce3321e1bdaf9c1	0	790c8344c599410c3600c9b1d48f5b54bc2ed358973cb47462d7c104f39247a1	true
tests/exploratory/test_long_overflow.sn	0	87de8a3a11687b9d128cd71d673457ce565ecbfdd6f6bf6a12c4c2cf931d8c00	0	257e72419ebee1af5b1e2a2f8bad77bdc8f64d2366ffb09abc2d73c4f49c1f40	true
tests/exploratory/test_loop_with_function_call.sn	0	f1131591736f857592abeda24a92fec61a20d0148ded3b97957a56d66935fe46	0	3791d38af346b0f9c05b4eb4a9dd6df2d5d60063aeaf8525d1aa04fe1f6510c3	true
tests/exploratory/test_loops_break_continue.sn	0	8a71deee1b0ac9404ec9db26303ef2cef8c6e2ba405f7aeb15ced1a48941507e	0	6f2d57bed4b8bac898997ff2f3a62aee500f574f8437cccbb91999e3081eb5f8	true
tests/exploratory/test_loops_for.sn	0	9d71b15609375623a28177c11396624479e964bd5b9a6884fd0d0f30a39c3e9a	0	a3ca6258c619ddb175838e5a05ff6dc07a77a0cf2ac41b5b651834905ac05ed5	true
tests/exploratory/test_loops_foreach.sn	0	e2e7276a9986dc496b6d166f9b4a7e0996692afb76774c98cf32100a0f30d18f	0	c3b92b4917dc2f595ac365a8006190f82f53dba39018031db07282adbf000d61	true
tests/exploratory/test_loops_while.sn	0	270a4bfa0458196075793394443a745a890aa180ba26544bdb5496dfef0ee416	0	de33e81c6b2d1f9769dc95d43585b5f18744a103edac1f44b7970c59c449859c	true
tests/exploratory/test_make_counter.sn	0	614887905a94a05c1dff5da1eccde2eef1dea0d258feba3258623ce7a3a99b27	0	60997816f5fcf9b6473ab5ebf3cb707925f127c89c005ab4543d63d2a9678a06	true
tests/exploratory/test_many_else_if.sn	0	3ed6ca921606dec33e77f1f4535c401f2ff79f63fcb3b289b9a81f38e52dbe7b	0	af81fe17345e85e773903ce4396d973d10bc038a34f2f6e93cdd973fbca771f2	true
tests/exploratory/test_many_parameters.sn	0	f7a64be6eacccf796af8f1faa616d9c056e116f95bb1452190e91b6c6764613f	0	70a674bb21898306183918080048584797e96dd1715d6c52413dea3017eebe96	true
tests/exploratory/test_many_params.sn	0	fe49980ac60191888584adfd3415d3ebcf8098b422d7f6169d78599bfc08ca65	0	5e46d95878444c2384f33c33960d48b9f528416604eb3098b31ec5afc18d8532	true
tests/exploratory/test_match_as_val_ref.sn	0	5cab7362c4f7f648d0b949eaf475dfce917f57689e1ac989fba35d6c828109d5	0	d7ded3ca924f41df843734bda24545eb738e5822a589ba771b0cd8544836816e	true
tests/exploratory/test_match_memory.sn	0	308c85c9f37661ec054694ebf69219f6f99cdcc0fb6e1a77d9fb4cf1d2b1bc60	0	a3baa5ee424a6dcc71f3cfd63100cfe0b06e80c58c452aa59209117b4e42b906	true
tests/exploratory/test_match_native.sn	0	28885b6a790ed4d0daddafc9427f24151989e66228ec888e25d25a218b84672e	0	b8703eb2823cf64bfb2da46f8f4d93a50ebcdee2de64d47133b807ce1324fae9	true
tests/exploratory/test_match_primitives.sn	0	792892fc498fad10baf3dbc9759536e72d468c3bf49787f9a59a332e1b93506e	0	e0531d41fd0b917ad4d04f3aa53b57c90fe9ed190431ea714d741721d493c0f9	true
tests/exploratory/test_match_struct.sn	0	4df1c3471c8c080735493d6fdebd0882d60d1b40dc4a8164106ec544017fc569	0	3045b03f5393c678ef5f9a0807682e18b9d6c5c307a05cccda6f73be03a3d62a	true
tests/exploratory/test_method_chaining.sn	0	e73dd41ae0166b7d45f64f227ea72621301e6a9fc0e8660053b47ad0c09b0130	0	9d02cffed8d31574d0fb8ed99aaa3e3fba371fe3275bc241d02217d0a96ce072	true
tests/exploratory/test_mixed_numeric_types.sn	0	d21066ab75b79aa1d0dc3eccb58e07c9bcd75e0aaa2fea516defde80bec7606a	0	78bba2a0560ccbcedad04678020dfcba79d132dcf0f9261b333b1830f0f79c45	true
tests/exploratory/test_mixed_types.sn	0	f22d268cefc12550ee9fbf1f73cd4785307f1c67a42987fbfdf9fc1e25426867	0	a3e4f4c0d0d3172322819c640168d9c61cfb7f7a47e76cbef289974318407b87	true
tests/exploratory/test_multidim_arrays.sn	0	3cd9653f75b059428c3f6525fe77b2a81688950ab5e063b7a3d1acd2c74fe1a0	0	a42c148fc9120cc9643681763d34a67b5c5358edacaba14a4194a77e551bc469	true
tests/exploratory/test_multiple_functions.sn	0	6844c84c3eef1da72a8e4baa55f00e4304f0e43d98b3ac842b7e714d00cbd75e	0	b2730ec971ebda28fbe39865b5a98e0a5729263c35a6ca33147ce3154cf2e2f5	true
tests/exploratory/test_multiple_imports.sn	0	77c04581148658c59aad2e1ab756b5155c5a9b57d5e10b28506b5357e2225c72	0	4eae7944f9bf6da4ae07ad9ad8dd444909e9c3bc66d65eed6993ddb5ad45673c	true
tests/exploratory/test_mutual_recursion.sn	0	f40e453829bd743f2106364b00680ef73a529e60593738731f1eebf2754fb5c0	0	78221bb9e1f0b82d518a34ce0e8c5af7ebc79d69d04338981ccd3ead9fbc16e4	true
tests/exploratory/test_mutual_recursion_comprehensive.sn	0	7b22aae0d0754229e84d0c7b2aa1295aace68f9e111521e143a8a4e7b499c068	0	7de1d8e2923f1423454ee2646c2dd3a3fdfecb16a7c26bce512653e31242e142	true
tests/exploratory/test_namespace_best_practices.sn	0	ffcdece137ad24284c9a45b89490bdf339f3e42fd132a5b3c3472df1c6f253d6	0	a97fd674f9e4ba02ed57e556174f1b3c45f1973551b727cf65ca5507b1f3a502	true
tests/exploratory/test_namespace_complete_example.sn	0	56cd03bb33f0d0ed37b29b8e00149a700d5df99efafcc50b9db25e3803ec9a6f	0	cb88e7a311b260d99633e6366c0eed1069cd6a93413814e6846e715b23983ef7	true
tests/exploratory/test_namespace_dual_import.sn	0	13be173f30cbc6ebb4a76f05fda30d63f2fc99fdc176a7c97794efe5d9ff59ed	0	6f23a75a23eb7198eb21aedc8fa012f7bcfd87c796411ef63c0e71c95b9ca585	true
tests/exploratory/test_namespace_import.sn	0	fba36ea0b00d7dda57860e0ae01104354077bd80cdf84fb9ee710a8b53d5d6f9	0	19f09ff368c5ff5173392dec94bbcdf1f98e4357dc6b84108b6eb7f35aaa3b52	true
tests/exploratory/test_namespace_naming_conventions.sn	0	967c513bac18abfacea0502bda548d22ed0265e04bc30b24f792d1a8d8e9e44a	0	d030fffcb11c90b2f0026ff5e80bf159a9f2ac4e0a729f65cbbee37719aa8e36	true
tests/exploratory/test_nested_arrays.sn	0	7072936eb2a0b7b2be8b2dc2b86c42126dd61711c7195cd2d436d6de679760cd	0	fd02c1c3fdc060941a1624a9c34252ac653917758c0a133aa9558469235722b7	true
tests/exploratory/test_nested_continue.sn	0	e00df7a3a422230221ceaf947de1d9f38f21fcbd3f82eaee18bbd363ee5315da	0	011b9ede0399fb48468e0181214407a4dea0b7bd0e13208d360118fbc18cccdf	true
tests/exploratory/test_nested_for.sn	0	9308511775bda0189c6a3e73d8dd74eee24eb2b0d899fcbf2957725d0cc38899	0	28fcdb7745d6e28e44e6b487cafa14de22629a5ce108f1b61ea45e546dee2d8f	true
tests/exploratory/test_nested_if.sn	0	593585a9cfc58d07ebaf1f922946e49d06c03146ca9191b7c6eed619db1e3c38	0	fa7b79beef02e0c96c326721551520e574ec1959e03c697114cd6aff844c5a1b	true
tests/exploratory/test_nested_lambda.sn	0	5417d17f21033612de607e6ca96312a35e0450699ea6c9f8c58b1c07cfe6dcec	0	af4bae10b2b152603f1070fb7701bdde434bffa233838c5e7056116cfbe33b87	true
tests/exploratory/test_nested_lambda_capture.sn	0	fde20fe97c15de741b78c6ea07deb43a7bd3ef4fdd8480323184763e1e9f4e6a	0	29f87b88e95954ae486645b7829f20a142d4da4ea6f75b27c0d3e54a788a10d2	true
tests/exploratory/test_nested_loops.sn	0	6a21f78d602ece0509ea6626032196d5484eefa2af5904026a39e8e341a8012f	0	14a094654666c502eaa59a4d4050389695cbaab408ebc9943b2813d30c1bee06	true
tests/exploratory/test_operator_combos.sn	0	d9eba3fc94a529917b5b7b13c3739fa789803cc578fb21222482747bc373ef0a	0	25dc41c18b7a81d2ec23d13519180b226a2d202d7502a463bc2010811afa7aaa	true
tests/exploratory/test_operator_precedence.sn	0	f1362cc5fbbf50ea21dd4206471a77e15ccb6f8867e963edbdaf8798a6b2239a	0	3a253bc000cfced44a503d1609c1ae9a93432b2564556b7e24f1f5d98af61f62	true
tests/exploratory/test_pointer_slice_bounds.sn	0	333e9d235c3ad9395eec6a26266ce6a4f12fac30a83f4075faca22b84bdde507	0	9bb85268606bc78d3e3e47cfb4531476fcb1277f0eb853f06e05ca85df4ce618	true
tests/exploratory/test_range_literals.sn	0	a1d91a9535b73aa11e3007d39bb7568e51c4f6c2c2ce20804c9a0ad34d66f3ad	0	5506dc928d68fe26798180d08b60de57d4694a1e2defccd86cfcfe9bfcaee294	true
tests/exploratory/test_recursion.sn	0	926af2ed2fc4feb0970f8e1c1f8161194d1247751c62a73d26a1940eadc6003f	0	50ae66758afce347d42dbb524949145894056f7b540cd424864b8ed69be28bed	true
tests/exploratory/test_recursive_function.sn	0	11c2de6dac711ba16567db12c87dde160d416552123d461d58b9ddc289f0fe92	0	835f4469f9fd83e27532c35358b8f46f7d19ace4b72858d83e3190c2ef0b54d2	true
tests/exploratory/test_recursive_lambda.sn	0	fed86adc83d8b7499ef54bf4714b9ebecba460ef50813daead407502a450ce42	0	0756094c1d9a45cd85f57ec16264277b59cc8c232547f54bb99325f39a43f26f	true
tests/exploratory/test_return_in_block.sn	0	3dff3bdb2e669c176fd2d5ade6e8435360b33fcff78d82c142c6dfcc08bd8ce2	0	bd76aed7304e41f5f899b11cbc16ffdf129517588de7c430fdcd51270e5bdee7	true
tests/exploratory/test_return_values.sn	0	48c68085c411e1f9a7c19ee1570b5bf61a5ff94e95de98e0d004f4535c30c97f	0	d580a656882c45be586016c61d4ddd2c2809b728d288ebe71b68325aefb56693	true
tests/exploratory/test_scope_shadowing.sn	0	1f36e076f41066755cc0292d94c3f931b71b7817eb387a7bb89d6a07bc106532	0	e3df11ea61483ba444f6f3e787c1815fc8b62546261ef1393acb2fc7ff14c7ba	true
tests/exploratory/test_simple_function.sn	0	4dcde3f5b2f08a9f34cfaad835f70abb2ef06386b56a6cc3eee3b26203deb268	0	e260ca4a07ab42de2026aaf714b7209051e4d2a034dafd4591e17d7576e19cc6	true
tests/exploratory/test_simple_lambda.sn	0	0366a3cb40fafd6b906b3e867366659e92ec8e3eb6eb9e7f3d6c32ed2f70ef9d	0	a9d8b5d8d2c090e6751163981e7f1a39b245ee3f8b017027cbbceb62c1c63369	true
tests/exploratory/test_single_element.sn	0	ea173fe7789432da01909442e40112d7830fabb820d82cf392cb4ab930b317d2	0	d761a0e1b834682908ad51f59d2054e28bbe1eec46e8141a84d451f795bcd46a	true
tests/exploratory/test_single_line_if_else.sn	0	752b566394fc1d8bc84edfc7a00d8767b7a4c497414b6efb81aa05052cd4a6ec	0	ab4d903cd6883c0c2b14c6f2af740be38f21cd23fa7e80c69bbb60935ac6aa78	true
tests/exploratory/test_spread_operator.sn	0	1fc8014f748be6b445665724a5811f50b27a0ad9fad0bc8a109f836d6e06069d	0	e5ed1db7abbb973cc81f2c7984586f42895b8f4a01d47c5d9d4bbe15d1a958b2	true
tests/exploratory/test_str_comprehensive.sn	0	2eb166019b42f4376fb5cb392b2a05072df93e6f4e3a5f6b76837e8d32498346	0	5d7893f2f3bbf6d0da64192eb98279efc580f5fa59228daee8c2f7dcc97da808	true
tests/exploratory/test_str_literals.sn	0	acc8236f084a36c807ed39dc346a47723f106b55c6a1a533904e2d818b01715a	0	2d4f7c60c760a91f26532d234108fab3693aab7a83cab429d167b5e9927b1cdf	true
tests/exploratory/test_string_array_ops.sn	0	342c9734054f41a3db4cc54516492583492d976122ce9af1d1e6c27ba1f34a7a	0	d7c8beefdb7118efebad1de8f59e4114b0092d6c28835dcb5cfa62ec848f5b02	true
tests/exploratory/test_string_basic.sn	0	577d8b318cd7c6a9a35456acb26b3db70cf704ff325476937a5a03e154446bb3	0	4b6018473c45341d42544eca31e97f081592eb862877db7b03fab40f1dac7cc9	true
tests/exploratory/test_string_comparison.sn	0	11b74fadfe75872fec97ffa242a796d9c2ec6289402c0fa3ef09f1876cd24a47	0	4eb0e2972b0ee2fa27b4c7d56314154c766b6a29fb94308c28e16c051e0e9b95	true
tests/exploratory/test_string_concat.sn	0	af1a0e8a9172775e1007f9c47e3593afd881a2be0fd48d5e0731f96a9903b1b7	0	7bae25af10cc331b54f54eaf6ab81e840269755ab92d72a3dd8225be7e6dec51	true
tests/exploratory/test_string_edge_cases_basic.sn	0	af225c9c886f3a359b354aeb60643715352b4a6cfe15ed1afb01218f883d5392	0	be798920b865f6fa40621534adab8a19a262140b6c59d7811c3792f2ebd9f091	true
tests/exploratory/test_string_edge_cases_comprehensive.sn	0	731d4759b98f090a0a8e8cbe7d531d95447067701dd48e122d435c5132be33ba	0	345c9468e09aeb73c036cd46036772a5b02a6b12728193801549edec0eb6c9de	true
tests/exploratory/test_string_escape.sn	0	0b73af1eaa843a244865f1a774ac0205bdea96d5fc8f64660e8534912182fb34	0	e3041180be319f6467837e28cfbb6b4bf82ba1a9a90c6b1be1e5cd64e485db3f	true
tests/exploratory/test_string_interp.sn	0	0634a0eaba760f4f2b08413aabf8c22bb5e733975bc14b75ad462a30bc3f2250	0	9717b59b2e317594f41670585557bee2f37f4f07275418c36930f7c2810d1796	true
tests/exploratory/test_string_interpol.sn	0	3c8633b8697e81a2ef6dce2818898157f252af05502b8d99e679c48ae25ff5f2	0	22d0f85d2e8127db6c4992954d5331cd9d8cfc7e289ed7f86a9459bb5d57bd79	true
tests/exploratory/test_string_interpolation_escape.sn	0	6f8ced0b24532d23130d0409683463ae00898b9e0e70db715f4edd2aeddb74e2	0	c4445f4974ed291cb7e0cd8b0c1ff46cbebc242b8a35b9272f7bdbc576d793b4	true
tests/exploratory/test_string_isblank.sn	0	bd7e0c0e922ca05ed601807fe033f89ff62b02f83c6ca322dd3db26c532570c1	0	0156e981d95b60abefb811801c760bb6606894c529a69553165cb5b2e03e2ac2	true
tests/exploratory/test_string_lines.sn	0	8afa1f8006f20d1f31ecb6078290e91a4fc37d710dd3007067334018ec734904	0	6a5e4fa0c8b508aa8865e9639636e7af4614fd8560c25c05a193e50dc73d624b	true
tests/exploratory/test_string_literals.sn	0	61743ea76d0fde670d5bad8e55e1a22f70bdbaf5c3075b2284c38644750acb47	0	c80801606c8107bc50d8a12d50def2d86cc9c691ff8a8ff95105f7bdd5f052af	true
tests/exploratory/test_string_methods.sn	0	89edeb9063196dee6262ec3efabc7ba5d8bb8179f72e8da537a91a2aaa5655ad	0	ca21db4d2da1fefc3b9df500e9f99cef1cff29bec42d6e07b42db5a45fde19ef	true
tests/exploratory/test_string_methods_comprehensive.sn	0	a2f1cf5f3cecbd09805ecb9df99da03973411a6ae7e6354a285a78eff992f7e7	0	8d568c15d9f893ae386b2d2349c9997c737ee948e8edcecaa17cdf2b8206d7d1	true
tests/exploratory/test_string_methods_demo.sn	0	2fa5edf79fbf552c3e4c6268c5c051a1530d129b875c710f7ecf44eed769770b	0	44c15e6035767cef4f0d9580a7aea3cebbe7b205e7d69739d8410e046c4b57aa	true
tests/exploratory/test_string_split.sn	0	6b060a2cf7f72f622766d0ac3b6cdaaf58a2d508a93e097a3019da9e4ca0aad4	0	ec3085220e50a7c539aa9f0aea2e2d394ef10683bb4bdd6c06b5701eb9ff1822	true
tests/exploratory/test_string_split_whitespace.sn	0	c438516bc5c1031ae5034ea46db903c0c8c25121d4f42e3d6b8b9f6332e5e06c	0	51d4424df80261a7a972bb6da66de4a9fb2151c27ab674cd1c863c13a67389c1	true
tests/exploratory/test_struct_config.sn	0	6408d4f61160ea9bdb38457ff58f9d48cc897d11528d6bc058de09845f5daf17	0	dec504b1dbfff161d18ac8bc014224c825cc5929149398dd0fecc6ce0d0235ac	true
tests/exploratory/test_struct_push.sn	0	d7f3ce90c758780aed714442248a63791170ae9a6482df8a03a2d64e520ce504	0	ef1dd84c632c91907371627dac9f3b5048aef9bf47ed15b77c64d62162b20138	true
tests/exploratory/test_struct_self_method_call.sn	0	89086ca1b6516ee58a0e0f31b97cc787a6d5de08aa75aafa14042b8790bfd26d	0	21da6bf477c04268d8ed2262b88fd1d7391cf6bdcec0cb132292d7e42d5e0a8b	true
tests/exploratory/test_struct_zlib_style.sn	0	7fc02e4ea4346a33b2be877c5e71d4caa72b775d2ba802e8fe72b8e4371f7e23	0	2c8140e237fcec65d7addd3305e5f4640fab46cea7041acbdd08525a7c8f4b9c	true
tests/exploratory/test_sync_byte_threading.sn	0	9d1f961d6ef0cab61e6c35ad8c8d8175e630500095e65090c792282b3a12e0d4	0	8a49b2f31189aa9a6c799c1553c081a83ad256f05af976c36f7d454444245577	true
tests/exploratory/test_sync_compound_threading.sn	0	22926cba39acab0bb9f5d95abe364fd3bd902af902aba8d64115033b014a1362	0	ca96b0d7690c8de9a8474113cec106fba13b10a5e4afaea170a454dbb59b1081	true
tests/exploratory/test_sync_proxy_multi_thread.sn	0	d122c61d4be86c5713613516924330b4ed9e25ef8e1a37916f18d09c036f964d	0	7c72097c69bbc4e5f53b69c7cd343f4a9c32b0db5b7043bbd3ec26f4886291f8	true
tests/exploratory/test_sync_proxy_two_requests.sn	0	0fe983e2a791e1cf91d8dd0603a7adf9f9574a2a270f751d700406dbf0861b34	0	1d79cdcf6e84d492edb5fc4b847203ff5a161361ad0c45279f00d85d6e722f89	true
tests/exploratory/test_sync_proxy_two_requests_sleep.sn	0	fc7c9330d286cfe38c5b5572d275f72c414850826893f0f041ba89640ec25fa5	0	dbdd7d9b9911bc1a865e40e0745c366faa48c707c4d54151e84c4456f7e581c0	true
tests/exploratory/test_sync_thread_counter.sn	0	83de07b025dc0c2ace695f0d2e61d8afcf842c71231be440cc79275316da3f15	0	97e1d1100f5b5f6869383a42a25eecf389764b25cc83cadd4242b76d7da16033	true
tests/exploratory/test_thread_array_sync.sn	0	6cbb5af77c0f7bdbca9fc0fe00a05e2a1e85b2d7553aa9474190c5c25305e7e4	0	797efae12b08e5f71932bdf4c8172c87e132c0112eff03e83eecd1bd4a6ad334	true
tests/exploratory/test_thread_complex_data.sn	0	d0fea732f208644bbdfb37fe158a1b61294394b759bb850307ea55ae23ef120d	0	b52b99f640dea975cecbb22ec795369cf34dedff9497ce8ba18e3fed41e0abc2	true
tests/exploratory/test_thread_many_concurrent.sn	0	31148d9059bbe531a1ade6ef3d9dbc39bad7fca138f1efd45e89ba64ddf57bb8	0	bbad56d8928012e681c1f851f1849fc8609e72fa8666bf3d6f90b5a4a097fe02	true
tests/exploratory/test_thread_multiple_spawns.sn	0	65e979cf913ad2219d19bbf612a7a1c5fe3138d23b375623031e5b430d1e5f52	0	d4713f51d004dfcbb7a4f4c235a013d65f81e7607c2f982f01ab3bcf72074424	true
tests/exploratory/test_thread_nested_spawn.sn	0	89fb20db97637169058d3fc69f0185f7558ca6f7cef3082e63a815951377d4df	0	c3f8385abecdc5a81b66efc133b876b38d9dc3f4867b25a3d0494d88a910a80a	true
tests/exploratory/test_thread_private_mode.sn	0	d6503303ad76e173e0d4f435d0d2177f0a27b6e60845d037800f49a406478391	0	d484bfc7c8b2d85935796a3f01b371c8b692f960bbeda58b3a2c0ded82a0ea93	true
tests/exploratory/test_thread_race_conditions.sn	0	78e968719ca7731716ca20906ab8beb3bd2854d224ab0df85b4a3291a2a841a6	0	6879990e5db330f8ed6e78b01dabd77bcf6b28d04e922578fa0b36a953390f0f	true
tests/exploratory/test_thread_recursion.sn	0	7b85504f1e0f0725b92100efec09ff684cc555fc84459af11f8d3fedf2774f11	0	3392c647c2b41adae1818ab0f66018fce9b3b0aa3fde11fc7236fe2f63b97deb	true
tests/exploratory/test_thread_shared_mode.sn	0	c2e8cbbff25583f25015363829751e8083d87cd0de32d373b8faeed73cc1e194	0	c677ab7726cddc4fe7836a9e6f7c2757d2a7c322da5a6d78a2acbe3ca5722614	true
tests/exploratory/test_thread_spawn_simple.sn	0	5c7103388e607655f245ef621b7b41b020e58fce89a1c2ca99e5e151ef369614	0	c5c158cbd46f72794b712d013442a9d09af0dd7fca5214dd6ea5e04458a4e1b8	true
tests/exploratory/test_thread_string_return.sn	0	9ddfe8e6d7cbdc1740da3711e230e4d65194b9baca3df453a87f42a26c09e0d5	0	fe2215e6b0e4d813c93f86b50073ac8bb9800da6b2b32b6b4e8b3adace33a250	true
tests/exploratory/test_thread_sync_inline.sn	0	e806c97bfea6b4266893c1ee438a63b1c0c26c0a1cd394ae9e414bb407e4460d	0	f6f2a3f09b0fa2179494afcb598f70d76256e6a405a0dd4292fd82e1bfd5bacf	true
tests/exploratory/test_thread_void_spawn.sn	0	389a500714af182ff087a079c65fcf0bf70141efd4929f6b5742460ea2152fc5	0	91ece2aa97f3fb8c8635fa69870a09803bc396e133ebea059d1c27e82ea93813	true
tests/exploratory/test_thread_with_args.sn	0	f2ef0a0bd41ef6735e7e2732ac8f400f901501708d0493c349509d6ce9eecc6a	0	5b98b5b7f2b18a0b07b1be4b16cefb3e6daa70ac019cfe3ae9e1262de77f809f	true
tests/exploratory/test_thread_with_lambda.sn	0	07c32246c3531fb2792a6a99f8223be59d22ae477f818d0927ec9cd7342cf094	0	a4ad40f2aea1bc614c0a2a4fb59981f771bcaf51f94e29cd86bb1e18be944e03	true
tests/exploratory/test_void_functions.sn	0	e03350e0e2c5ce23587178df533aff3460f2eaa2ae7b74ac82bd83884a2e189e	0	a954c6de6a849e0ae13d360abeb81644928289e51eb449e3534ab5c2bd440f3a	true
tests/exploratory/test_while_loops.sn	0	031c17484e9817240c12bfa3bdc1b4e95f7af890ac04d36228444ed72addb067	0	67b4ce446705000e31740336383e6221ec0d63b571a999859ca0935ff5efe194	true
tests/exploratory/test_while_true_nested_if_loop.sn	0	7b9c3da5480ee29062f1ce1373c702060d8a0a8615acc292ffad9221bcee6f72	0	d53b3317d5da94273085a21b487b508391d713db4c6271a027702e13d21e3f61	true
tests/exploratory/test_zero_iterations.sn	0	b1c42d3071acc7deaf76682dc0691915d59618819148002766d10f7af5c5e075	0	7d9c17b4b6601356f530ffe4491a5eae461797f56d36e033b88668219b1c6dd6	true
tests/integration/errors/struct_collision/pkg_a.sn	0	6a6e30ef91d26cb690ecdc7f874b4bf206889b9957e4df144292a2fa878b172e	0	c299534e8b511a40835eb7d6ea52dcfe7d82032eb3a7ad5a4fbbdf4fac9d9fd1	true
tests/integration/errors/struct_collision/pkg_b.sn	0	bd348570f90c10b8c1d5ecdf3041b03cb174ef2270da8be5ab9335ade723042b	0	3074e94dd77e4958b616f3901c4cce1dede391f72730b19e8b9ea4f770692b73	true
tests/integration/errors/test_address_of_non_native.sn	1	e3b0c44298fc1c149afbf4c8996fb92427ae41e4649b934ca495991b7852b855	1	e3b0c44298fc1c149afbf4c8996fb92427ae41e4649b934ca495991b7852b855	true
tests/integration/errors/test_constrained_generic_missing_method.sn	1	e3b0c44298fc1c149afbf4c8996fb92427ae41e4649b934ca495991b7852b855	1	e3b0c44298fc1c149afbf4c8996fb92427ae41e4649b934ca495991b7852b855	true
tests/integration/errors/test_constrained_generic_not_interface.sn	1	e3b0c44298fc1c149afbf4c8996fb92427ae41e4649b934ca495991b7852b855	1	e3b0c44298fc1c149afbf4c8996fb92427ae41e4649b934ca495991b7852b855	true
tests/integration/errors/test_copy_of_non_struct.sn	1	e3b0c44298fc1c149afbf4c8996fb92427ae41e4649b934ca495991b7852b855	1	e3b0c44298fc1c149afbf4c8996fb92427ae41e4649b934ca495991b7852b855	true
tests/integration/errors/test_escape_brace_hint.sn	1	e3b0c44298fc1c149afbf4c8996fb92427ae41e4649b934ca495991b7852b855	1	e3b0c44298fc1c149afbf4c8996fb92427ae41e4649b934ca495991b7852b855	true
tests/integration/errors/test_generic_not_a_template.sn	1	e3b0c44298fc1c149afbf4c8996fb92427ae41e4649b934ca495991b7852b855	1	e3b0c44298fc1c149afbf4c8996fb92427ae41e4649b934ca495991b7852b855	true
tests/integration/errors/test_generic_wrong_type_arg_count.sn	1	e3b0c44298fc1c149afbf4c8996fb92427ae41e4649b934ca495991b7852b855	1	e3b0c44298fc1c149afbf4c8996fb92427ae41e4649b934ca495991b7852b855	true
tests/integration/errors/test_import_transitive_leak_error.sn	1	e3b0c44298fc1c149afbf4c8996fb92427ae41e4649b934ca495991b7852b855	1	e3b0c44298fc1c149afbf4c8996fb92427ae41e4649b934ca495991b7852b855	true
tests/integration/errors/test_interface_body_in_declaration.sn	1	e3b0c44298fc1c149afbf4c8996fb92427ae41e4649b934ca495991b7852b855	1	e3b0c44298fc1c149afbf4c8996fb92427ae41e4649b934ca495991b7852b855	true
tests/integration/errors/test_interface_duplicate_method.sn	1	e3b0c44298fc1c149afbf4c8996fb92427ae41e4649b934ca495991b7852b855	1	e3b0c44298fc1c149afbf4c8996fb92427ae41e4649b934ca495991b7852b855	true
tests/integration/errors/test_interface_missing_method.sn	1	e3b0c44298fc1c149afbf4c8996fb92427ae41e4649b934ca495991b7852b855	1	e3b0c44298fc1c149afbf4c8996fb92427ae41e4649b934ca495991b7852b855	true
tests/integration/errors/test_interface_wrong_return_type.sn	1	e3b0c44298fc1c149afbf4c8996fb92427ae41e4649b934ca495991b7852b855	1	e3b0c44298fc1c149afbf4c8996fb92427ae41e4649b934ca495991b7852b855	true
tests/integration/errors/test_iterator_missing_hasNext.sn	1	e3b0c44298fc1c149afbf4c8996fb92427ae41e4649b934ca495991b7852b855	1	e3b0c44298fc1c149afbf4c8996fb92427ae41e4649b934ca495991b7852b855	true
tests/integration/errors/test_iterator_missing_iter.sn	1	e3b0c44298fc1c149afbf4c8996fb92427ae41e4649b934ca495991b7852b855	1	e3b0c44298fc1c149afbf4c8996fb92427ae41e4649b934ca495991b7852b855	true
tests/integration/errors/test_iterator_missing_next.sn	1	e3b0c44298fc1c149afbf4c8996fb92427ae41e4649b934ca495991b7852b855	1	e3b0c44298fc1c149afbf4c8996fb92427ae41e4649b934ca495991b7852b855	true
tests/integration/errors/test_main_args_multiple.sn	1	e3b0c44298fc1c149afbf4c8996fb92427ae41e4649b934ca495991b7852b855	1	e3b0c44298fc1c149afbf4c8996fb92427ae41e4649b934ca495991b7852b855	true
tests/integration/errors/test_main_args_wrong_type.sn	1	e3b0c44298fc1c149afbf4c8996fb92427ae41e4649b934ca495991b7852b855	1	e3b0c44298fc1c149afbf4c8996fb92427ae41e4649b934ca495991b7852b855	true
tests/integration/errors/test_match_else_unit_recovery.sn	1	e3b0c44298fc1c149afbf4c8996fb92427ae41e4649b934ca495991b7852b855	1	e3b0c44298fc1c149afbf4c8996fb92427ae41e4649b934ca495991b7852b855	true
tests/integration/errors/test_modifier_misplaced_static_method.sn	1	e3b0c44298fc1c149afbf4c8996fb92427ae41e4649b934ca495991b7852b855	1	e3b0c44298fc1c149afbf4c8996fb92427ae41e4649b934ca495991b7852b855	true
tests/integration/errors/test_modifier_static_toplevel.sn	1	e3b0c44298fc1c149afbf4c8996fb92427ae41e4649b934ca495991b7852b855	1	e3b0c44298fc1c149afbf4c8996fb92427ae41e4649b934ca495991b7852b855	true
tests/integration/errors/test_namespace_ambiguous.sn	1	e3b0c44298fc1c149afbf4c8996fb92427ae41e4649b934ca495991b7852b855	1	e3b0c44298fc1c149afbf4c8996fb92427ae41e4649b934ca495991b7852b855	true
tests/integration/errors/test_namespace_collision_error.sn	1	e3b0c44298fc1c149afbf4c8996fb92427ae41e4649b934ca495991b7852b855	1	e3b0c44298fc1c149afbf4c8996fb92427ae41e4649b934ca495991b7852b855	true
tests/integration/errors/test_namespace_digit_start.sn	1	e3b0c44298fc1c149afbf4c8996fb92427ae41e4649b934ca495991b7852b855	1	e3b0c44298fc1c149afbf4c8996fb92427ae41e4649b934ca495991b7852b855	true
tests/integration/errors/test_namespace_hyphen.sn	1	e3b0c44298fc1c149afbf4c8996fb92427ae41e4649b934ca495991b7852b855	1	e3b0c44298fc1c149afbf4c8996fb92427ae41e4649b934ca495991b7852b855	true
tests/integration/errors/test_namespace_reserved_keyword.sn	1	e3b0c44298fc1c149afbf4c8996fb92427ae41e4649b934ca495991b7852b855	1	e3b0c44298fc1c149afbf4c8996fb92427ae41e4649b934ca495991b7852b855	true
tests/integration/errors/test_namespace_undefined.sn	1	e3b0c44298fc1c149afbf4c8996fb92427ae41e4649b934ca495991b7852b855	1	e3b0c44298fc1c149afbf4c8996fb92427ae41e4649b934ca495991b7852b855	true
tests/integration/errors/test_namespace_undefined_symbol.sn	1	e3b0c44298fc1c149afbf4c8996fb92427ae41e4649b934ca495991b7852b855	1	e3b0c44298fc1c149afbf4c8996fb92427ae41e4649b934ca495991b7852b855	true
tests/integration/errors/test_operator_cross_type.sn	1	e3b0c44298fc1c149afbf4c8996fb92427ae41e4649b934ca495991b7852b855	1	e3b0c44298fc1c149afbf4c8996fb92427ae41e4649b934ca495991b7852b855	true
tests/integration/errors/test_operator_static.sn	1	e3b0c44298fc1c149afbf4c8996fb92427ae41e4649b934ca495991b7852b855	1	e3b0c44298fc1c149afbf4c8996fb92427ae41e4649b934ca495991b7852b855	true
tests/integration/errors/test_operator_undefined_ne_no_eq.sn	1	e3b0c44298fc1c149afbf4c8996fb92427ae41e4649b934ca495991b7852b855	1	e3b0c44298fc1c149afbf4c8996fb92427ae41e4649b934ca495991b7852b855	true
tests/integration/errors/test_operator_undefined_on_struct.sn	1	e3b0c44298fc1c149afbf4c8996fb92427ae41e4649b934ca495991b7852b855	1	e3b0c44298fc1c149afbf4c8996fb92427ae41e4649b934ca495991b7852b855	true
tests/integration/errors/test_operator_wrong_param_count.sn	1	e3b0c44298fc1c149afbf4c8996fb92427ae41e4649b934ca495991b7852b855	1	e3b0c44298fc1c149afbf4c8996fb92427ae41e4649b934ca495991b7852b855	true
tests/integration/errors/test_operator_wrong_param_type.sn	1	e3b0c44298fc1c149afbf4c8996fb92427ae41e4649b934ca495991b7852b855	1	e3b0c44298fc1c149afbf4c8996fb92427ae41e4649b934ca495991b7852b855	true
tests/integration/errors/test_operator_wrong_return_type.sn	1	e3b0c44298fc1c149afbf4c8996fb92427ae41e4649b934ca495991b7852b855	1	e3b0c44298fc1c149afbf4c8996fb92427ae41e4649b934ca495991b7852b855	true
tests/integration/errors/test_pointer_param_requires_native.sn	1	e3b0c44298fc1c149afbf4c8996fb92427ae41e4649b934ca495991b7852b855	1	e3b0c44298fc1c149afbf4c8996fb92427ae41e4649b934ca495991b7852b855	true
tests/integration/errors/test_pointer_return_requires_native.sn	1	e3b0c44298fc1c149afbf4c8996fb92427ae41e4649b934ca495991b7852b855	1	e3b0c44298fc1c149afbf4c8996fb92427ae41e4649b934ca495991b7852b855	true
tests/integration/errors/test_ptr_struct_access_in_regular_fn.sn	1	e3b0c44298fc1c149afbf4c8996fb92427ae41e4649b934ca495991b7852b855	1	e3b0c44298fc1c149afbf4c8996fb92427ae41e4649b934ca495991b7852b855	true
tests/integration/errors/test_struct_circular_array.sn	1	e3b0c44298fc1c149afbf4c8996fb92427ae41e4649b934ca495991b7852b855	1	e3b0c44298fc1c149afbf4c8996fb92427ae41e4649b934ca495991b7852b855	true
tests/integration/errors/test_struct_circular_chain.sn	1	e3b0c44298fc1c149afbf4c8996fb92427ae41e4649b934ca495991b7852b855	1	e3b0c44298fc1c149afbf4c8996fb92427ae41e4649b934ca495991b7852b855	true
tests/integration/errors/test_struct_circular_indirect.sn	1	e3b0c44298fc1c149afbf4c8996fb92427ae41e4649b934ca495991b7852b855	1	e3b0c44298fc1c149afbf4c8996fb92427ae41e4649b934ca495991b7852b855	true
tests/integration/errors/test_struct_circular_self_ref.sn	1	e3b0c44298fc1c149afbf4c8996fb92427ae41e4649b934ca495991b7852b855	1	e3b0c44298fc1c149afbf4c8996fb92427ae41e4649b934ca495991b7852b855	true
tests/integration/errors/test_struct_duplicate_field.sn	1	e3b0c44298fc1c149afbf4c8996fb92427ae41e4649b934ca495991b7852b855	1	e3b0c44298fc1c149afbf4c8996fb92427ae41e4649b934ca495991b7852b855	true
tests/integration/errors/test_struct_field_type_mismatch.sn	1	e3b0c44298fc1c149afbf4c8996fb92427ae41e4649b934ca495991b7852b855	1	e3b0c44298fc1c149afbf4c8996fb92427ae41e4649b934ca495991b7852b855	true
tests/integration/errors/test_struct_missing_arrow.sn	1	e3b0c44298fc1c149afbf4c8996fb92427ae41e4649b934ca495991b7852b855	1	e3b0c44298fc1c149afbf4c8996fb92427ae41e4649b934ca495991b7852b855	true
tests/integration/errors/test_struct_missing_one_required.sn	1	e3b0c44298fc1c149afbf4c8996fb92427ae41e4649b934ca495991b7852b855	1	e3b0c44298fc1c149afbf4c8996fb92427ae41e4649b934ca495991b7852b855	true
tests/integration/errors/test_struct_missing_required.sn	1	e3b0c44298fc1c149afbf4c8996fb92427ae41e4649b934ca495991b7852b855	1	e3b0c44298fc1c149afbf4c8996fb92427ae41e4649b934ca495991b7852b855	true
tests/integration/errors/test_struct_name_collision_cross_file.sn	1	e3b0c44298fc1c149afbf4c8996fb92427ae41e4649b934ca495991b7852b855	1	e3b0c44298fc1c149afbf4c8996fb92427ae41e4649b934ca495991b7852b855	true
tests/integration/errors/test_struct_native_in_regular_fn.sn	1	e3b0c44298fc1c149afbf4c8996fb92427ae41e4649b934ca495991b7852b855	1	e3b0c44298fc1c149afbf4c8996fb92427ae41e4649b934ca495991b7852b855	true
tests/integration/errors/test_struct_nested_missing_required.sn	1	e3b0c44298fc1c149afbf4c8996fb92427ae41e4649b934ca495991b7852b855	1	e3b0c44298fc1c149afbf4c8996fb92427ae41e4649b934ca495991b7852b855	true
tests/integration/errors/test_struct_pointer_in_non_native.sn	1	e3b0c44298fc1c149afbf4c8996fb92427ae41e4649b934ca495991b7852b855	1	e3b0c44298fc1c149afbf4c8996fb92427ae41e4649b934ca495991b7852b855	true
tests/integration/errors/test_struct_undefined_field_type.sn	1	e3b0c44298fc1c149afbf4c8996fb92427ae41e4649b934ca495991b7852b855	1	e3b0c44298fc1c149afbf4c8996fb92427ae41e4649b934ca495991b7852b855	true
tests/integration/errors/test_struct_unknown_field.sn	1	e3b0c44298fc1c149afbf4c8996fb92427ae41e4649b934ca495991b7852b855	1	e3b0c44298fc1c149afbf4c8996fb92427ae41e4649b934ca495991b7852b855	true
tests/integration/errors/test_thread_error_detach_non_pending.sn	1	e3b0c44298fc1c149afbf4c8996fb92427ae41e4649b934ca495991b7852b855	1	e3b0c44298fc1c149afbf4c8996fb92427ae41e4649b934ca495991b7852b855	true
tests/integration/errors/test_thread_error_pending_access.sn	1	e3b0c44298fc1c149afbf4c8996fb92427ae41e4649b934ca495991b7852b855	1	e3b0c44298fc1c149afbf4c8996fb92427ae41e4649b934ca495991b7852b855	true
tests/integration/errors/test_thread_error_pending_reassign.sn	1	e3b0c44298fc1c149afbf4c8996fb92427ae41e4649b934ca495991b7852b855	1	e3b0c44298fc1c149afbf4c8996fb92427ae41e4649b934ca495991b7852b855	true
tests/integration/errors/test_thread_error_sync_detached.sn	1	e3b0c44298fc1c149afbf4c8996fb92427ae41e4649b934ca495991b7852b855	1	e3b0c44298fc1c149afbf4c8996fb92427ae41e4649b934ca495991b7852b855	true
tests/integration/errors/test_thread_spawn_as_ref_composite.sn	1	e3b0c44298fc1c149afbf4c8996fb92427ae41e4649b934ca495991b7852b855	1	e3b0c44298fc1c149afbf4c8996fb92427ae41e4649b934ca495991b7852b855	true
tests/integration/errors/test_using_no_dispose.sn	1	e3b0c44298fc1c149afbf4c8996fb92427ae41e4649b934ca495991b7852b855	1	e3b0c44298fc1c149afbf4c8996fb92427ae41e4649b934ca495991b7852b855	true
tests/integration/imports/collision_a/worker.sn	0	c3dcf76320354a823c9d3826a16e5463208f50e2e7fa26680c2db55fa55110aa	0	d5d3a11d60a554d76e8af8c08a92b3d4e9ce4d4bb16ac934fef02720b719354a	true
tests/integration/imports/collision_b/worker.sn	0	52a38198986f17d5c6829ec5c6c5dcc0658f9e568ec7eca99d5a9176bffb8d3b	0	c766888322c1cde9181145e30d0d67abed6a5110b12cf5518785eb1fb2c8e424	true
tests/integration/imports/collision_b/worker/impl.sn	0	5d833fb36a236bd41af71f0eecb47c274ed79279b16195de110d8872d72da0e2	0	72c169b0f4a512f58b064d870c367520e8599392d6df67f8a5aff440efc46c32	true
tests/integration/imports/deep_chain/level_01.sn	1	e3b0c44298fc1c149afbf4c8996fb92427ae41e4649b934ca495991b7852b855	1	e3b0c44298fc1c149afbf4c8996fb92427ae41e4649b934ca495991b7852b855	true
tests/integration/imports/deep_chain/level_02.sn	1	e3b0c44298fc1c149afbf4c8996fb92427ae41e4649b934ca495991b7852b855	1	e3b0c44298fc1c149afbf4c8996fb92427ae41e4649b934ca495991b7852b855	true
tests/integration/imports/deep_chain/level_03.sn	1	e3b0c44298fc1c149afbf4c8996fb92427ae41e4649b934ca495991b7852b855	1	e3b0c44298fc1c149afbf4c8996fb92427ae41e4649b934ca495991b7852b855	true
tests/integration/imports/deep_chain/level_04.sn	1	e3b0c44298fc1c149afbf4c8996fb92427ae41e4649b934ca495991b7852b855	1	e3b0c44298fc1c149afbf4c8996fb92427ae41e4649b934ca495991b7852b855	true
tests/integration/imports/deep_chain/level_05.sn	1	e3b0c44298fc1c149afbf4c8996fb92427ae41e4649b934ca495991b7852b855	1	e3b0c44298fc1c149afbf4c8996fb92427ae41e4649b934ca495991b7852b855	true
tests/integration/imports/deep_chain/level_06.sn	1	e3b0c44298fc1c149afbf4c8996fb92427ae41e4649b934ca495991b7852b855	1	e3b0c44298fc1c149afbf4c8996fb92427ae41e4649b934ca495991b7852b855	true
tests/integration/imports/deep_chain/level_07.sn	1	e3b0c44298fc1c149afbf4c8996fb92427ae41e4649b934ca495991b7852b855	1	e3b0c44298fc1c149afbf4c8996fb92427ae41e4649b934ca495991b7852b855	true
tests/integration/imports/deep_chain/level_08.sn	1	e3b0c44298fc1c149afbf4c8996fb92427ae41e4649b934ca495991b7852b855	1	e3b0c44298fc1c149afbf4c8996fb92427ae41e4649b934ca495991b7852b855	true
tests/integration/imports/deep_chain/level_09.sn	1	e3b0c44298fc1c149afbf4c8996fb92427ae41e4649b934ca495991b7852b855	1	e3b0c44298fc1c149afbf4c8996fb92427ae41e4649b934ca495991b7852b855	true
tests/integration/imports/deep_chain/level_10.sn	1	e3b0c44298fc1c149afbf4c8996fb92427ae41e4649b934ca495991b7852b855	1	e3b0c44298fc1c149afbf4c8996fb92427ae41e4649b934ca495991b7852b855	true
tests/integration/imports/deep_chain/level_11.sn	1	e3b0c44298fc1c149afbf4c8996fb92427ae41e4649b934ca495991b7852b855	1	e3b0c44298fc1c149afbf4c8996fb92427ae41e4649b934ca495991b7852b855	true
tests/integration/imports/deep_chain/level_12.sn	1	e3b0c44298fc1c149afbf4c8996fb92427ae41e4649b934ca495991b7852b855	1	e3b0c44298fc1c149afbf4c8996fb92427ae41e4649b934ca495991b7852b855	true
tests/integration/imports/deep_chain/level_13.sn	1	e3b0c44298fc1c149afbf4c8996fb92427ae41e4649b934ca495991b7852b855	1	e3b0c44298fc1c149afbf4c8996fb92427ae41e4649b934ca495991b7852b855	true
tests/integration/imports/deep_chain/level_14.sn	1	e3b0c44298fc1c149afbf4c8996fb92427ae41e4649b934ca495991b7852b855	1	e3b0c44298fc1c149afbf4c8996fb92427ae41e4649b934ca495991b7852b855	true
tests/integration/imports/deep_chain/level_15.sn	0	bf3280b1428f3b602a3dec264692d3a2909b3d8b181b5f7e766433a4f9223581	0	6f1ba7de02ff65fab3720e1c592c64474bc4477a34221de28a67797885d1bb58	true
tests/integration/imports/deep_chain/test_simple_a.sn	0	6ee586583fecbd382235d870d204b7fbe785f5b7996d4672aab5da78e281a28a	0	44f9af27e1313fe8bb97270a76e9884f530efcae24125b9130b9156ca10b64d9	true
tests/integration/imports/dotdot_test/common/util.sn	0	993897e46c75400120228a010700c488314e531b663fdc9b1925a2095ba5314d	0	760a791afb0d6dbfd21deffc528634e5337c0908fc3206a4ebf7ff48ccf06a6b	true
tests/integration/imports/simple_static.sn	0	654bd8366a9b878622e92538ae327caabe8da75f3300e02b4ac61d4318b703e8	0	c7f592769ff3d0ef8e2adbd4835a828844e2811be57a2c1289fb0e00ec79529b	true
tests/integration/lib/calc_v1.sn	0	751dc8cac131cfe26413de22601dcf35d9a6fa383eca786dcf626d640b9b4da6	0	ee2cef0224427c5b9e1cd6dbaccf2efbaee458af5639452f34279f6b43d07218	true
tests/integration/lib/calc_v2.sn	0	aaba6cb8c8fae7f29a27e5c1f93272186a564269631e55a50ffda0d156774a8d	0	c69f0c62f92a5b13685af8bd7b41a4c99901806669dc8d96c9b3915e43e64dc9	true
tests/integration/lib/calculator.sn	0	27c33a7d376d5cda81bdc8478fa59853d9510fec249378e827ab210370d57f45	0	912c3f7b165f0af878f92ad6de06ccb6e5ee978734a755062895ff421e2944bb	true
tests/integration/lib/diamond_base.sn	0	e29005c3cb0d297912f94f896a9ea5910ff10b26fd969e20addf0a4ea6e829ec	0	74b845ffefeace19fe22dc7ab9d1a241c64ffb4e4f35b2ddac0be9b7e5f454c6	true
tests/integration/lib/diamond_mid_a.sn	0	92b4201ed6655326377f9d905288c234a6988072f55ad2597eb4bea494671620	0	b306337a106c05cccf730defd2e1f7216d913bd5e6305069b16fb7bfbf1ab402	true
tests/integration/lib/diamond_mid_b.sn	0	611466ef526f3a26461cb53cc6fbbb98cafc64182d604622445524ee38aaa8c3	0	106e2f3866efc269a97f6dea2026a2de1a4668fe150026516d1c63af236115c7	true
tests/integration/lib/handler.sn	0	a06ac265d7ccedeb1bfa191f3abe8b303a1d1b82ce0223b1aed0b901e2a361a2	0	483b5ddf9e03aee21aebe836f50129398a9104c79e832f873aeb9767a8041f60	true
tests/integration/lib/helper_a.sn	0	47c834592986c6a37978163f30aa3576a49066da406c6a2231fac0a65573c766	0	f5a8ea7567635a9c371f564e1d56efcae365dfa910907f87a0b75faf2651c152	true
tests/integration/lib/helper_b_leak.sn	1	e3b0c44298fc1c149afbf4c8996fb92427ae41e4649b934ca495991b7852b855	1	e3b0c44298fc1c149afbf4c8996fb92427ae41e4649b934ca495991b7852b855	true
tests/integration/lib/higher_order.sn	0	4d6176d73aa135841237cf6374c8a3fe62c1834635704397e90fe9b67b413147	0	baba66f94441c133ea2f1d410f3a1416906209136c873114cc49705569906063	true
tests/integration/lib/lambda_capture.sn	0	ece00a2f2028a4e84bca63cffe1d7b2258aac888168b20116539c1400f7022f6	0	80f123767c4493c4352458942e73d4de42bec16899beea15f0d4715080cd7562	true
tests/integration/lib/lambda_no_capture.sn	0	917d0e907f9d7feeb5b0d757dc198704074407fedea8084189f385c4c000e232	0	085feb8f80e48f10ca0805b1a83d3145b827810438e8d1c5b3d694d347ca1ffd	true
tests/integration/lib/lambda_validator.sn	0	051cbbdb70d63c40a01299e6487fc3831d893ab3f634c31129a7561b97af93d1	0	bbbf5f7f6aa3e581f42d9aaa9c945caf642ac9317802463b43e66cbcc260e00f	true
tests/integration/lib/math_advanced.sn	0	bc92e9a262ccc156dfc6596804dcc56a292bcb892415c5de3360846e078cfba2	0	206429d86b7f3b3b45e98e4e840f558b58605c1dff4db3d5d9874791d781e223	true
tests/integration/lib/math_basic.sn	0	b54106209fa9eadcd1da2086e6fd4c0a9d4ceb3901e700104428e79effe52b28	0	0071f83e7a8fa06e51cf151dd1fb18545b3af001dafd339df3d34bc740c8bae1	true
tests/integration/lib/math_ext.sn	0	e4bec984b0c7b82dd83f3e3b63d54316d51ce19f59f3f2e692d035ba33f3018b	0	3a8cee62248e169c6f6b9c06b8ca753e22c01466fbf2091cdce46759369cf07f	true
tests/integration/lib/math_ops.sn	0	10fa2513f35bebd5de546f56a093dbf6032dec03e9890e905c3e4ed05fc64563	0	4daeab48ba37ebb24d353c0f824adb8024a6c4925348c65aea8a62a87f76d94e	true
tests/integration/lib/physics.sn	0	ef27d59dffbdd34ee6a47cfa5ddec4e1a294d655619c68761b9791ed81c42584	0	0578fe723cf4ee010bf95bd21809d5d15de3d3b75193e2a31ca65bf3de47c953	true
tests/integration/lib/point.sn	0	9bf9ee82999644caf33ca448b181462b78eb77b55fde6a06c212e5a83535c1d1	0	aad64104665cdb6af13f27ba05d458c42aa72dffe692f44e2fb8ea14768529d3	true
tests/integration/lib/request_type.sn	0	9c1fca1bcf42034445c066b1448f4731f6b03bedfb57ccf3b26d602fd23819b3	0	94559c31511a5d5d5f248898bb158d762c20bae8306985cd7b736b435a5baac5	true
tests/integration/lib/response_type.sn	0	fbbb4723e67745d2ea05d88558f8cdaddf884e2e4d1e1afe7012e35e73979ad5	0	b6f0673df7844e8019b0ee57e46187dbb805fc594cd46d5fe9aff96f8fb8d0c1	true
tests/integration/lib/router_type.sn	0	616fc1b6dcda9ffdc408724325b9f770170033180a5056b26c5bbaabd5a7260e	0	1bb7d02e8109d94a3b93620d547b9d07091727349d14cd747de16023eb37e4ab	true
tests/integration/lib/shapes.sn	0	842ac6bcc976c33de6a27b7155fb475f82d3675d3ba5924d251a918970ce192b	0	3e0a284bd12a541053e30641df5171acd5d8b6ef15476bd4c0c69e94910fefc5	true
tests/integration/lib/stats.sn	0	db23334f6badcf8d616ab0f6f927cc11c5f3cc69b8f5531bc4057eadbb8acaad	0	1ffa66f9ba078974f94b1d2da04d359adef8ecda26acdf9aea07b322af5d91c1	true
tests/integration/lib/stats_leak.sn	0	b3612d791f31a5b2640ae2a0781037f5681a1f7705c2dfd970dfee493f9e9a2d	0	68f6b2a9c26c732cc787f35514bda5a919e05c3f9b51b3f6ef3218137e53ecce	true
tests/integration/lib/string_ops.sn	0	1589b29a12fa8bd837e8ce2f9c30cce2c36c5115cbda8de452ac087b7de935e9	0	b41e078eaf5ac0ee3ec34fcc8f5780c631dd69d9df90afe4b641cf2ce9152165	true
tests/integration/lib/utils/formatting.sn	0	d707a3c9e279225a9aa449a7ced3823ce8f701ad7067cff03a4248b7d87393c2	0	3d6979da76f05846855edc0f5bb0589271f1fcce97a21d22ebfa64e1e6bc6f93	true
tests/integration/lib/vector2d.sn	0	9715e10c0f2f3a109da171197bf5757fea936704c9314d8997cf7a93e9620124	0	efeab10a3a6a507066618aa6ac39521cb486cf7f29ae6e649bc4d75f99e9add1	true
tests/integration/string_lit_method_call_arg.sn	0	7bb86c3ecb13451202f0d3601be7cd8e4202e3e07be622b2e3d7619aab61980d	0	5cd29e09bd548f165a32514ac5cda7fcaab020a347cc14034c3f89e7d8e61a61	true
tests/integration/test_address_of.sn	0	d02474074722750de3188af8f9ffafd8fdaaa6a57b865c72307311f29f7bfb8f	0	6d049fdc82aa7f786fb218b88d4ec72a499b155f56cd3046f2f7f2bfac4cc792	true
tests/integration/test_arena_escape_nested_loops.sn	0	e681e87812eea66ec7e80d28d3fc51b1738b930733ac4b8d94cd031c55311147	0	f4459d0a8b865c0e5ce4090d8fc54502006f6c44b17b6392673ba925eef3f1bf	true
tests/integration/test_arr_2d_diagonal.sn	0	d38eeba547d09f14e09ed355a38a47c9d3d784325856bdf21448874b1c77ff6b	0	130542e0a2913817018f4b7f2dd16567878c4e3e3acbc704fc331611c04c0889	true
tests/integration/test_arr_2d_sum.sn	0	fa305ec8cd1cf88c59e3b015fd6f1e857a347e8adfc02140c86830aad6f4c158	0	a64cad5266414da151e04aa670e99bf59e1c3f60ef3d12cdcd6fb85055eb8b45	true
tests/integration/test_arr_clear_check.sn	0	02d2acfd7c6f51587239408b9a6ffe16b4afce58520be298140b7f1461218945	0	b6cb94d9e11819cf9a5e368d9022b6f84af3955cd4f8fd8f1fa92fb2601fb161	true
tests/integration/test_arr_clone_modify.sn	0	3b94c3fee8d4e1babafe6a878d630b06efd5dc2878824093c6e4f9443500a4a0	0	af73e4fc13edf193099dcc08c2cb8552549da374ada8da2a259d2df7c422eeb5	true
tests/integration/test_arr_concat_two.sn	0	ca17ae5c537c998872dac67c82adb5cdca0d92f67b3118c5715eef881192f24b	0	b09f93bd3dfa0077ccae1d778e403bf87722b3db8babbbcce60c0c1f291f77e4	true
tests/integration/test_arr_contains_check.sn	0	808c14daba69a761adffafad244b3257576f81b4ca221598b6542858c64862c6	0	bb78d37568a88248c6e147363ddd4f60933e685d0339ede64733d2d464c83136	true
tests/integration/test_arr_copy_reverse.sn	0	2ca883f069d08273677054af1da5bf85189a035d2fcece5862b36ff457edb888	0	15888366831562ed76929cc9da2953e3b630ddc147e77ac03b9b6bc39b6b81a9	true
tests/integration/test_arr_count_freq.sn	0	b3e701e88114f290ed34301196f8173e7f9c3640d86f778cf94f0d54be69ede3	0	6076b4a9935c5ab36da01f202f264ceaa0a90c752b1d3219a81574acbdf873d3	true
tests/integration/test_arr_count_matches.sn	0	f208119e071f10e769196f50cbe5cc7adf2d378327414200664da8d98031b615	0	052267310bbc943dbfbd8192cf5a25273d2bb605cc5ea399375b0a41d84a77a3	true
tests/integration/test_arr_cubes_4.sn	0	07f4d94f9b1911c53edd23c62f15e650084685526ba492b07cc0c37f7e1c5490	0	bbf20a6a91a7be4bb86dd2836eb79045f6aa05703dff76336fceb22a03a47540	true
tests/integration/test_arr_cumulative_product.sn	0	6285eee1d775bf593e0934c53f6ec84eb6fbdfeeb589403321a7edd601aa0ccb	0	dfb5258b13f5a14db594925be8a4253e17026e9dc6f41f847d2b0510ba518ff9	true
tests/integration/test_arr_diff.sn	0	aab6ab336243615699642ea22f21e296a27f61b8bcd5d0b70ea42bd0b2344f5b	0	9708b4917dfcbe40300506d52a34bca329f6779dbc1dc641b121bc7b871e8519	true
tests/integration/test_arr_double_each.sn	0	6babed7db83d926560ada6ed2e8e3f43cd041832fe8233978fd12678344dda3e	0	1232176dbb36d9623e54d682e66fa1438e32d9431604cf25cc5b9312255e0fea	true
tests/integration/test_arr_double_ops.sn	0	35ad1ff25b805d1726f2cbf4583fe77033cdbebcf70ed46249140ad595b522d5	0	5797a590169d61b946a14fccc86aafad0a66aff93ebcabcd19460f5cb01750a8	true
tests/integration/test_arr_dynamic_build.sn	0	94f3c634e3e005ba3112d78c133a6135c3083b32e0e0aa8e5178654b5fb3bffe	0	631fb7d9de24df88d4c9718bc09e32d155b302d6ad49e5ead35ee3e37cd0f6d4	true
tests/integration/test_arr_fibonacci_seq.sn	0	4b15fc4e84ec52e63f12bc92c87f159d3c40be6e44abd06588fc6ce8c2e8dc61	0	2da532d35e21b04d4fae236958647b38fc75173228c4827a10d12dc978469476	true
tests/integration/test_arr_fill_pattern.sn	0	e2fc20db74df4917d6a655d954306495fbd70dfb32454212f20caa55cf0a9395	0	51df557568e82f408cb8fb54d7e48fa21bb5b4ed00275a17dd09d6bebc8cb34e	true
tests/integration/test_arr_filter_manual.sn	0	124b5d77a2b079bb10866c291cdfc4166e09e47ff5fbab033820888b3e1e3faf	0	810d5a45ef1d3fa5106530fe4751e0a903d70426874feb89b095ee83fd0c088b	true
tests/integration/test_arr_indexof_found2.sn	0	c35106f6afc8f1754e45a0855f4880414922d722d6e69ab18ad0cb88847b4365	0	3ca34a7ab1d33171d65c335e7fd912b84abe0644eabe5cf1722e77871be0098b	true
tests/integration/test_arr_insert_middle.sn	0	160a32574aa5bc6a78c177d2a69810b80ded1349fe44dfe01315b536497453cf	0	839530c829ee621a1274fcc42f3e0994b692158a133b7be44052b61766001f71	true
tests/integration/test_arr_interleave.sn	0	c92052ea1a69cc613c81db2af2c6656f4e0ce604cba96518e4e3e691d188c682	0	7155c31d6045b9f1a8f656df975ec43d36d5aeea06b29b1cd0987ce65e50a3e8	true
tests/integration/test_arr_join_comma.sn	0	83aa5d71db3512d479dca79856f4278bd940ac33494c16d2139549fb43b2a994	0	99b87be9dc89587f7521989966f98edc7b706aaf391f575076e9e2e5f170144f	true
tests/integration/test_arr_join_dash.sn	0	077e65215dd73b6e24529daade69025093cfe499f72e03cf1379741c6e4d8f78	0	b1110f86fe919593124e340d365914d10fa46e7b5e6247a6fea12422ff533199	true
tests/integration/test_arr_literal_in_if_block.sn	0	b2e920b1b7e085bf51fad028aa718ddb68326438309d0749f71a229a749fabe9	0	4045aaabad30dc34db4e612f3940644abc0e9ec1ad20e688cf40b4a572786240	true
tests/integration/test_arr_map_manual.sn	0	3e2eede1801fc36d2afef663ae8eda4d506d4e26acea19b556f4cfd8cdd0b708	0	8df5813b35594b9af825b6772920468b08f8e97d5bc33c3b59497a0988ed552f	true
tests/integration/test_arr_max_loop.sn	0	42ebf89a8841bf25d60478ba877cdff1ac25742eb6244253e92c0d2bd8db35c2	0	96c893ae5a70135ccd45a4448002337594e529e08fc90ce1e46b12330e362b69	true
tests/integration/test_arr_min_loop.sn	0	dafdfd11b7c266a4317a4cac4c15fcd56d40530323d8da6ed99bec36d89f4698	0	e3048f727d6d5841b39461d4d0b04aba38f3cac2bd876dae42e8477c96a080b2	true
tests/integration/test_arr_partition.sn	0	4126de5eed1608b8d4c332f1a684164c36f0ab9f7ebd0aaca91ef605913c941e	0	a97cf6ebd109af704aa6bc666bb13619bbb7576273c95e5cebd0c838e5d5a2b1	true
tests/integration/test_arr_pop_all.sn	0	90739a5348e494ac245cf12cafd8ca2d08df01cd963cd3ce1c06068ba0e136b1	0	0dfa73dcdcd4123c8c078eba1b864b271e4c5fdcdb6f3a783495297a38e45f0c	true
tests/integration/test_arr_prefix_sum.sn	0	b27f68c1f08e0294966f485b40c6f6ee99aa62822fd1040c039d832fc497891c	0	bbfaa3e9faefbb5d68b716d1838f8bfc8eeb619e270d849d69731d42af59e83f	true
tests/integration/test_arr_product_all.sn	0	489e593154778f829d40d6b88d549f367755a8684510c0ee5ca84c62cabf3bb1	0	0fe95b7065418174d9168f226a629ad6f053ba96711ad9b72295c996dd53387a	true
tests/integration/test_arr_push_many.sn	0	80c0a47aec9ee6ce5749440a0f78ebe08b06f2f383637a74db76aaaf644a65f0	0	01b9e656cacecd77f25d4d262be7eaee9f1882072423baebe4e092f32556ad45	true
tests/integration/test_arr_range_basic.sn	0	1b734363b7e5347d1fb3ae534d3c0e5291f26b8bb0364edbfc2214652d52bd56	0	a335bf8ce691983b31cc6f37e2b2ac241be2a934c534cc8702e26f38229537cb	true
tests/integration/test_arr_range_sum.sn	0	6adfbe5c7d6ad76e3d46b59747a618665dda01e89e6cdf12aca0686a50c974bf	0	daf7669203e3c69f8356e122bbefdd11edcf48f8c26d273751eea4ca9dc61e60	true
tests/integration/test_arr_remove_evens.sn	0	3cbc290ff6c67a9339f198375899150b5f5b06c2d59bc41b4bfaaeafa290d2e3	0	d1568927f5651a2cca6e0a2b7b6e8054c00cc66a2faaffe3fe78fe0492fb0afe	true
tests/integration/test_arr_remove_first.sn	0	ed7a281f6be74ef1423571c6764acddfe6f94937e7b32d3f8758b9f53b434919	0	8753d4061d734a6843a382268800c1b437933991e4a10aba81f8c00ef843c88e	true
tests/integration/test_arr_remove_last.sn	0	508bfbeea56d1b41c4f7fa461ff73c39b350bd04904c7aff978a82376c69b75d	0	55e9191c2814d9d6d4d1964398f97ff398cd300f3c43d4c822dcbfd187f0bd58	true
tests/integration/test_arr_reverse_check.sn	0	c68109cec4797ce0af4d45078aa6db7420170acd472d663a72d1e0d5eb5cb364	0	bcc5263226e98152a26fdfae0ef08282080a4851e28fffe4d2aa3a40dc726cd1	true
tests/integration/test_arr_rotate_left.sn	0	8f8246db65fedbc34b5e0c9b26016e3f042c0e1b9362aae875cb53bbad85f4e8	0	23a858325b4b0224752458b77eca9c3370ab16010ca6f16e92a33c75e9233f6c	true
tests/integration/test_arr_running_max.sn	0	65b6dab8ce1436e423979f63f2820b0c1bedbe043799e27881996987f8760ff9	0	5fe8bc217ef8a0afd7c8c59cb40a782e7ef2a519c2ae7203e6ea37e6e8b58b3f	true
tests/integration/test_arr_second_largest.sn	0	74af2d2e4ddba731772638422b1f4aeb28fe73c292f64fdd94be77698ddf5982	0	51fe82c65f0ea897cdaeaed0ea6f8a7303d51d2ca5b53cb46cf50a223776c8bf	true
tests/integration/test_arr_slice_basic.sn	0	0f2ce91e7cfc0f0f5880e8d312a69d1d5f225038df85c815703d4f34af1d39e5	0	94d3b7aaf59d8825c80fdeabefa21f1631c3bd677b316b2fed3cc2e8a3600753	true
tests/integration/test_arr_squares_5.sn	0	e2d0866be7fc050e05a81dcdb3b654a6d61f1fd797502e9c2cc22e3d3460e3fb	0	36cae4b231c49f3647d4d014b793cfa5fd7c05e70c271cdb407afcc270a0f8e1	true
tests/integration/test_arr_str_join.sn	0	08806af89c765ba5616142654d80f3add64042c2d22d865aa76e23f9285f89be	0	24f4525656c72b8d4815e1fbabcf45c5f28ea0cdaffeead8aa70080ea27477a0	true
tests/integration/test_arr_sum_loop.sn	0	e799f15f9943f26b2b734c1e028e008795072001de4beff7cea0a30148bcd8ac	0	a25d7e9fef2bade296e0c106dad963a5a8c282c1cc7d9939e14a2041157a9142	true
tests/integration/test_arr_sum_pairs.sn	0	6699226f1f53ba3049e3b401e62d9531cc310bb72671812155ff9cf4be1568ad	0	2b3e37bdcc91dea9c488142dcb517ef7a5a2a4919b4c1cb337da58a1ce2d114c	true
tests/integration/test_arr_swap_elements.sn	0	d97f02d66dc34310df42799debea80ec39e455a65e96503fb35e224939648c16	0	5d86559a1b829706415754a6f83f57ce7d1764a34ce7260f91437b6913916412	true
tests/integration/test_arr_unique_simple.sn	0	f71c7353316fe5cc608f2381c43f9cf3d9d9979af6dbd421948a6864d14989b0	0	741168e400f4036031caa4acdfc3020d775ae827d3c894c67b3039da071525f4	true
tests/integration/test_arr_zip_sum.sn	0	58de84c509040df27e82378eaaeb1242e5c22a24ee0a90819836fb26c9b086fb	0	a1de13b042eca36b16b70c31298f37094dc8088d0714fcce9087d2d21734b3e6	true
tests/integration/test_array_2d_access.sn	0	4643dda8e477941d42208372660dfbe2dbfbfe9c280e37cd3222ee8537596c3e	0	85aee5161af93172c7a086f655a0093289779ef77f3d813b36306a83fbc010c8	true
tests/integration/test_array_2d_basic.sn	0	15839a1e5e86973c49df8c60288c4ec33356f3b5c39cecfef04a58fbf6fec181	0	5b92532b9fd325bacb91f75b419d47f6d1710796edd4199da8912cb7db28eb92	true
tests/integration/test_array_2d_lengths.sn	0	672a7103745ec80b7b44a23cb46f88caddd491beee8ffebcc1d9b0b2eb829a0d	0	63ef2eaf7207f0e1b24365ef49eadbc99e45755249c7d6030d955cf7d42a933d	true
tests/integration/test_array_2d_push.sn	0	250de6c3e37116dba578081e88ed8c4cb7b5dd6c3b676e5c7c40337643eff22e	0	7d56c42d6ff471cf7fa1a548e796012cb3d8110b29ed49f5df106c4f0552bb85	true
tests/integration/test_array_2d_reassign_int_refcount.sn	0	03caacd6eadfcaa2c0ae42522d14800a69ed113ad285bc6bad8f9a12cde37351	0	4dfd3138fb786f0275818ceb94993e0763419aef94d10f15eb980da4375f4927	true
tests/integration/test_array_2d_reassign_literal.sn	0	8085f40eebb2647352c25dcf1454c7fbd1b942f4999c5c3da2fc57f5f6715def	0	e5e24c351b7b843bb9bf0f727ad17866c23a100799d7c425f0d243e88949df90	true
tests/integration/test_array_2d_reassign_refcount.sn	0	e79ae4951a75f71f3ab44e9938ee9fb3170ace5777af0102a68730752ed29e56	0	60524527c60b484b57bbcf3ef364c4178836cd2ce911fafca913c2987f9529be	true
tests/integration/test_array_clear.sn	0	02d2acfd7c6f51587239408b9a6ffe16b4afce58520be298140b7f1461218945	0	576716c406de926cf085402fd1544dfd891018e6e50f46697480baff0c5bbbe7	true
tests/integration/test_array_clear_length.sn	0	1d5f34a970e861ddcdff673ac90a1055e1e947f432b38e67d3d0b563c51d5b9f	0	b3e201ec45993abcdb19b2ac0d1166eceb9c2ecdd64c86bb7912023a853ef035	true
tests/integration/test_array_clear_repush.sn	0	a937d746c323696864c56593def266b01763a6f240d3e17368ae3f344af6a24f	0	d42802867adeb6f708cdd4e836ca1778f2d34b2d0f8aaacc8a8939461f133aa9	true
tests/integration/test_array_clone_double.sn	0	492657113d1613172bc530eb89714fa5ef7323a483e4fdfb42304bf27037125c	0	b39bc2b9f7952b27e7ea2cd9565aa8f797ae968fe7b2e1174828be6007a93235	true
tests/integration/test_array_clone_int.sn	0	266888b7dc8c563177463aab0cbdb5ff9756231d85a49b05d76fba69bda8a79b	0	15f59ad66bcd2704e68e99e739a8c7cc001405e62f3c7346b54b3ba2a976c75f	true
tests/integration/test_array_clone_modify.sn	0	4fe6712404e04ba09480d413065382c177f2647bd237b726d3a092b2e9541a4d	0	aa142dd2082e965551fc045507bbb4c40eafe5a8caebf3b1cad3f215faa14343	true
tests/integration/test_array_clone_push.sn	0	689c80ce5e539585f0836d3d790cee85aaa26656b3941c18c782c8c254b055c8	0	c1816acb60f02524b821956a14ccd81fd9fddbbd40ffee1ba3d1f9e07174c4a3	true
tests/integration/test_array_clone_str.sn	0	226100cac618fd491d9db4f091a3b802f1cd30b90ff61e6af1f11c42902afcdc	0	e33a15a258bd718a1447f537a4e9b1cca8df6b9f5a972327cb13613f79bd67e0	true
tests/integration/test_array_concat_bool.sn	0	a0586defddc9f2fe452b0ed5b16e389c640bb30acbafe0e8d50fd11cf9949918	0	18fdeaad8ec5731e947bccd0e291b428b01005f5fe5ca4729b47d170544bbc2c	true
tests/integration/test_array_concat_empty.sn	0	193c49a2fe13ccee841d1e3350670d423800320bf7bf326a65076095c7878ce6	0	9ab8d10a9da3a32fcd1f245866c50964ca77193b6a9e0e5758dde5b1752b7ca4	true
tests/integration/test_array_concat_int.sn	0	f8ba83563bf7a88ae67e7491410454677a4cc1a7a30cbb65a17ad64e27dbe214	0	7b226a98b32155c32fbf6131ffb76c3e872f973db7234b168832b20d27aad509	true
tests/integration/test_array_concat_large.sn	0	905df2dd429ba452eeac2b4d8bcdc129dd77356f9c14681804920eb9c9b75b9b	0	79088a3c8c0ebf5d3a29feb135e685a348695a7ac2f833490d206d03dfe53f7c	true
tests/integration/test_array_concat_self.sn	0	c103e9c283f5dcbedafb4629dcebc87278711dd6bf66386e505bddb07e420e0a	0	c366d39474b046e761d3c333867108a0249841b1f7e8385d2221150ee583d7da	true
tests/integration/test_array_concat_str.sn	0	ff6bed24ada1561f3c4db095462320eb78e0eda39e61bbc81b664813495d8b5b	0	1d4432a123cd0ce515ddbe497bcaca227b73f004d7a3ef65e7bf8457fb40b016	true
tests/integration/test_array_contains_bool.sn	0	34d7b3bef8a483ce884ac3fab0505e3f7e68ed0539650ba7ddfef40af3b4ea6b	0	0e41ea5a5bad918d5ddb9b23a4c792ed196de47c075e5db1035a922c84a60ff4	true
tests/integration/test_array_contains_double.sn	0	7654fd6870e0f26eeed53be555f4b30c55109c53ab0d7e87da5f17b3d27ffe93	0	762260ffa9fb28a7a6b3f4bf6cd5da6ca0911a19d096fa56ac88131ada82a38d	true
tests/integration/test_array_contains_empty.sn	0	da3782d9bb6bca6975e363fdfbd0d19e09072f77d59285f0bd0b5cf4f4af9d44	0	84c6f491bb651b7036c7f29a3515362a35293fc31144e6eaba5532b7513dc3ae	true
tests/integration/test_array_contains_int.sn	0	65b4832e32f6e3fc481c147705095f125094601de6638584a7a356862089ca78	0	7f6e1e66bf42923db8b41d865bfed6c3e13d2e616095aa7905327ab6533253d2	true
tests/integration/test_array_contains_str.sn	0	8f920e4b08a19996082a4674240565048c28bc8554561cbea5d5c7e815270878	0	1eb822bdee2951ee4d1358e9b22abff33b892d474d7ee346702fa9c8d538d78b	true
tests/integration/test_array_empty_bool.sn	0	8687f1845d62bcf926a1c9da014fc14eab733ad814e0671c490b308de8f00dea	0	52ce6430fa83a20407589a98334fb9d6aa577badc3d54e4c364ff40b252e5d27	true
tests/integration/test_array_empty_char.sn	0	061a9db67bef73eb0255f9e9f907a53c26b69ef9fdbb28ec3247a6450352552c	0	ace658dd25e8e718d57fc53b36c2f56bd4569d2b5fae2dda4f93e01fee87e9e7	true
tests/integration/test_array_empty_double.sn	0	9bbe2c2ab4df1b63bd29bb05d4f54b92d067ad47660410259bd433536b1665d8	0	17ddd2d279525f96a47c54926af89bfdef8c31c1b50d08ee378ca7cf08be3cb3	true
tests/integration/test_array_empty_int.sn	0	59b0b7a8031dfa4236216ecd0a76796bf887f31407fab0f193dae0819970329e	0	df158f9fb642a9d6821c11e913ae095f507cb44785584673c3fadd4fbf7312f8	true
tests/integration/test_array_empty_str.sn	0	365d01f270700ea102575637af87801d3276c445198fce674e2d4ef582d3c528	0	82c692b1cf2173a0b07b4ede7488c22ed31a654db9b8cde23a3f6ffa88165f6e	true
tests/integration/test_array_foreach_break.sn	0	e4b241d1e662078eb8309de557c3e85b3cb2dff50aade98aabac8d935105016f	0	c695229cf72b54ba9bd969f8d7b80897e884b1d367c6a80dfe6bc03243659960	true
tests/integration/test_array_foreach_continue.sn	0	070b219ec24e8a344af70bced78d2d33268069ddc7a63b8b9d6e564333b76a45	0	788d8a7d279a24199fa3e6afc845eb66ee705f67c99b3f6275dcb28e407d75f7	true
tests/integration/test_array_foreach_count.sn	0	f9a61eb7661258dbabdcd6fc426d4328ae6ce43245e67b948874e761fc5cd75c	0	c2e6fd1d3fda02045173b1d149becfc2ee5b43b9301c6c7f2dcc23b040a57ecc	true
tests/integration/test_array_foreach_filter.sn	0	9bfd5c537dcfad15d656a95bd41039f3e5bfde4a3fbb8b4418fda18064ca5ee9	0	33b55108b6e9b52c15c3e3aefc51649eba385c806075d43746e09de9e6033aa1	true
tests/integration/test_array_foreach_index.sn	0	2aa8a91023053d84a63a2c903246b7fdab0b8c506889f6c4a88f07c5f226808f	0	ba315e778ba058631ee5b7438cf0db2f03af275dd0179354f3c126649eb8cb04	true
tests/integration/test_array_foreach_int.sn	0	ce5bcee68423bc9ff1ac6ef202e974e85d799754ab27b04130e28550c8498ef7	0	0b680636e7966b170ae113d2614b9066f1ad417bb83a076b473422f75df77b4a	true
tests/integration/test_array_foreach_modify.sn	0	6377e7bc96b3c8f1886d05a895cacf0811793be722a9df697b6adb742ad5c1e2	0	f8eb95b15e3698df4ce9388304b34e83430f0fc31c21272955367818b4b791cb	true
tests/integration/test_array_foreach_str.sn	0	390299e2fd4a4becaaa91a797ce972ec97c1d88137d3a07a88f051057f3a94c7	0	84f8b6e6beff9266b8edef28b772502a11d56f7545d97eb1beaf8a7e203ef69c	true
tests/integration/test_array_foreach_sum.sn	0	db4e01f277c698b78267cd52a5e125a03ca691f9c01113b2ca2c35482dbf83ec	0	46436496951b3b3e760a87afdb4dfdd35e167f6a7975af14c587cfaabf782fb1	true
tests/integration/test_array_in_condition.sn	0	a5eecc4cc2f2fc570ee654bc41d18d3f1a4212d37dec42302a155468609e7f0a	0	14acc29010a4f7b9492aa44696528bc4133e66ac7b5a8b2adea369120972e0fc	true
tests/integration/test_array_index_assign.sn	0	3bd9bd6e83efe2f67a482bb98306d02175b453f8b3b17bf01cfb5140c908052c	0	3138c9c0cb90b8724408407bacad295a5a2f465b73ddcaddacfba4e61811a7ce	true
tests/integration/test_array_index_assign_self_ref.sn	0	762768fdb7720e2a4cae87ffede9399f371a4c29587daad4a5699890307fbd1f	0	2c66d1c1a384326810d9f7721592cec85cc5bd4090eb69aeb726ead55d73e049	true
tests/integration/test_array_index_expr.sn	0	ba6f2c01cd83e76194bb5d7c79c904a877ae479063d104779e6907eaee4e877e	0	619cf1549f2958c628bf336d66d67a9c02dec38f0b533c88300ccf13e3a32c74	true
tests/integration/test_array_index_negative.sn	0	48a262da1cbf5e1a86e1c4b373b2dab534f9496301d6e775b8b82b9eb0aa4192	0	b410f595b9bf8168af5c3c6bd1ebf7949359213dd67376ede6c410b04c2566f1	true
tests/integration/test_array_index_negative_assign.sn	0	bdb417bd9353774e1cf167eb7c599a13a8867967b2e25bc8213b64479fd4f4cf	0	968976ffae5bbba4377e1a49d0e9baab3320e31f52e7ae3585aefa548083d7f8	true
tests/integration/test_array_index_positive.sn	0	a931cfe861cf6b1f8511a7b52b751d919d26f93158026c1e024054fc0588f83c	0	53b23c3e06313c3d3a07c17a5d9c2a43a31d76954a552ca6da49f88db1c2d2fe	true
tests/integration/test_array_indexof_char.sn	0	9d00a2814b2341e7b3766643ee21851e7b6032c541c908df5e5faf86a878b30b	0	6c70caaf1b0108f9039914f245ea7d4f5bccbf6b412c59f189dc8e33fb6258ca	true
tests/integration/test_array_indexof_double.sn	0	963851a3e98ff402a12e102504fb31a229a3e1eca5cd9fabe66a153d968bafdf	0	9c38a688134d71d801adb28e03dfb98f45c0a682f469c18c9096ecca6464902f	true
tests/integration/test_array_indexof_first.sn	0	26746d405101530680b04701359d79003f46e786db264982a58754d49627cc5b	0	e3275ba73546ef855a366edeac5fc421c779c4a7e59aa44423951b2edddcf746	true
tests/integration/test_array_indexof_int.sn	0	c35106f6afc8f1754e45a0855f4880414922d722d6e69ab18ad0cb88847b4365	0	c37a1f22ba8e50bcaf7cddb67915ca711409cb0a71916f6092cd147d60eab97a	true
tests/integration/test_array_indexof_notfound.sn	0	153a021f91d32238593fdf4d369324c43f66ab7d11dffc2d7bacfe0542b030f9	0	1cf4d7d86891dcb24070a52caffa44fa572fba223f56cb2434ea544e14a6042f	true
tests/integration/test_array_indexof_str.sn	0	d0ce88e0c4259f095c65e9ef251fe9a94db9798436b31ad6a79252eca86163fe	0	0a9b57ca864d839eef8c2b93a1b5ad834b0098fb9506ca9c403e8e50d644d018	true
tests/integration/test_array_init_bool.sn	0	5cd76f36bc4e0e16e36d9aeb502afdab3612f7801c70ac712e051cc6f1af8cea	0	ca192a13a1c3f298c4c802aec45b7793b920e081c25637e9b52200edb74c8b23	true
tests/integration/test_array_init_byte.sn	0	ea7d498e10738382be86b51544dfa05af0ceb145d4ae946c7ddbe126aade889e	0	36fc3c898871aac8b8be6eea6fd00cf45f1bf8d23dae173bdfec0a44fd9a3beb	true
tests/integration/test_array_init_char.sn	0	ad1b3053de80a09efe25aa0245901d457f7f6792a0e218902c2cad2de201c64e	0	549a862d639de01a1e369f8ddaea5caddd676a30a121cbbc2ae28471dfda906a	true
tests/integration/test_array_init_double.sn	0	66372fd3fdc4440f3617b38efdc5493ac240e0439a364549cb0ffb72d9737115	0	46f2a8ec2adcdc4d4540cc0da77b4358d5b36ffa177881ce9b7518d5f44fe910	true
tests/integration/test_array_init_int.sn	0	6a21b93ca233aa4ff1b5f8e3c724c2e8dfea3274b129376e4c1baeeeccb3208f	0	243426ac5703da2f878ab45f7fd82a96023c39063852d128b7f08c6ebaacbe4f	true
tests/integration/test_array_init_large.sn	0	b827a2f22ff3b9d598ea8b9cfc36841d3370cea1066b8ce95c19ebe950dc2534	0	11d48ee3d05e95b546c15aa19dd2e2cf946dfc6d062d523104d1542f493002a2	true
tests/integration/test_array_init_str.sn	0	802f563cc7b4e1d6f58b593a99d9e75aedb28808b2b9fb5fdad46e18f4d47b3c	0	31f13bb289118f70ccb7c90ba3ea8cf0950f6a8bd1564c8104758c644d23ffee	true
tests/integration/test_array_insert_double.sn	0	e14a60557474ca9943e8f641c19b24065b4b0df2359cba072675ddf5c953fb0d	0	babd53568af5356ebad7f69f6d6cf55b8b05138010bf94946f7d273d76e20940	true
tests/integration/test_array_insert_end.sn	0	9d386bb190684ab2e68d43324c929daff2723295adf1ccefb4915daae3ec5b54	0	747b56be935c779572cf89423593667b270ffbe93a6b5040fc22964847785733	true
tests/integration/test_array_insert_grow.sn	0	b8aa114484d0a9d2fc0cd6cbad22398b53e4207c78cdd203f6267a7f89af3f43	0	3e71699eae98d6dc792f98bdf75a81895f59bb1a2266b562414ce0aaeeb6fade	true
tests/integration/test_array_insert_int.sn	0	9f79555402ba178d374fa89c09db652d5aec3214728d7ba54c0ad603dd121cb6	0	3f1fd51d823fbf445ab6d4b1ec33a88efb2e3f93e34478ab60fc0302cf295e8b	true
tests/integration/test_array_insert_multiple.sn	0	58d88aec911af70a3de6b766ca5978c1e8df06fc16033ab630f784a045126f69	0	94926b8e318da13f372c3097acf705198b9d9c159436e79b58fd127a3e20dd7a	true
tests/integration/test_array_insert_start.sn	0	e9271e48594c760d42592bcfbeb45cea63315c59d209ac44a22a0b6ddcd4f008	0	47c35deca752cff9a7423163de7ee943ee42ebe919b98c32f28a82b822043928	true
tests/integration/test_array_insert_str.sn	0	f871f431107d73890bbfa58bbcad5c176e156cc0d168128cf16b47fe4429b7e1	0	3237f53e5960fcf56862fe3b4569a5ea0e25268cad6eb5143453c0567badb2f2	true
tests/integration/test_array_join_bool.sn	0	397aeae4d90b193d21829ea62c8b95f56715405d26422d9751bd415015cf7364	0	19164d087214d77c6a4d7656993cbfc1a39d382ee6c951e352bd95f7c831dbfa	true
tests/integration/test_array_join_chars.sn	0	7b342352977ed7a262b793085e4d944b601cf2749687bf128ebb2dd64847d617	0	2e414919a1ca3a818e0f2208afb68f31a38da2b75fcb49cb9ea7c9fe62f36c18	true
tests/integration/test_array_join_double.sn	0	57fc3a3e1c395828c8f910a793e9da64405a09c1df3fcd7e14e8d9b79d92a2f2	0	11fead864258ba9623ac91016baead4d3cf5f30c7a24ace30dea8faa78e6c207	true
tests/integration/test_array_join_empty.sn	0	240f43925ff4ba231abb8e180fe793a79c519d4d8fb58dcc91eb4097c56415a8	0	3ac2f570fe93283d92ca3709573a5af7db365daa1f5d4bf70b0659727e3e3bfd	true
tests/integration/test_array_join_int.sn	0	4ea019afe9ef49bc2f50f42f2f9ac7a12fee5d0ba3f0e7a8395c80613f6079ff	0	a4fe7748b87b8ab983e873d9b56dc06274ec3c8b37ee6ca7444588077a0aa28b	true
tests/integration/test_array_join_single.sn	0	78627aafc58e31d33b07454f9c141f3c8a32e29edfcf8106055d382ff8bdcf90	0	0161bcdd73acff87086f05edbba478f39282f4fd8ebb84943c2965f048ec88d0	true
tests/integration/test_array_join_str.sn	0	0b35aa0dbf234c514e5e5502701f5182e64c907f14fe441397f513d6b92c2a7a	0	5169efda524a1efe79a1c4bd2987e8f9cd1b7dc9700a540b795d8794ea7ce73e	true
tests/integration/test_array_length_after_ops.sn	0	e0837cd13d18e8fa86e1e5ed2eff9c0d37d2786a37a0a361611a6c864dd4715c	0	6dc02c90a9627b20eb45a4cc6950fc95a9441c2eef86c99be72a67a57081d280	true
tests/integration/test_array_literal_arg_leak.sn	0	13828ad1ced5549f57bcfc0c188c902f23fcc8d4b0784c5191d66312bb2b1031	0	750aef33d5a335960f7a22e6e3e50750701c432134ed30cbfdfdc797666c2e4d	true
tests/integration/test_array_literal_func_call.sn	0	c6c66e4701b81841787b7ac467714f8bc95ae2c64484af9bafd9d20adf395596	0	1779b35b0bd85ae08e5a852e9b512d6d4014496ff673e27bdb3a3f8bddcfce59	true
tests/integration/test_array_modify_in_loop.sn	0	7edca194d144db1a04293b38bf36e34ee714c29be57487069bcb88f28f902853	0	88217d654101a5f556207e61c4dcf7831911c011b74bc4a67813228c43da09d4	true
tests/integration/test_array_pop_double.sn	0	419bb5b7492b4d836309ba120ea2f0183705a9cab7d76428d2e3c02921ed775a	0	88593afd95c2a03aef7c00863f8a34b139a1c397a5de815a84842cb8d7b3a8dc	true
tests/integration/test_array_pop_int.sn	0	02ca7397219d7f81f0501f84f541a1ff7803f306623893535c39d322d3e04ddc	0	57ae48d7846c3766e6feedcce6eceb39261aace856cb474bd97211be096ade20	true
tests/integration/test_array_pop_multiple.sn	0	781dd75a155c44988e019b22c1327157408878d5fc142bc7cbb5577521bab535	0	c17f1e0d787d736a0cb0c551bf54ac28c2863cdd5fc0a8131a1f8c12fda5da8e	true
tests/integration/test_array_pop_str.sn	0	ff1260c552a38c5267e6192548c3b12b2ae54e92e51b17a184f37ed801a672f5	0	8903dfdaf54a28627c15525f2e7d675074f40344559338a9d0262e84543b2a96	true
tests/integration/test_array_pop_until_empty.sn	0	b6c189a14350ad7b33165d3ae242245b601cfd9b42c43620a9304c9942300851	0	2ea022c906b5547829f998b919f3839006e35f4a4ac562dd66f52e506c26f89a	true
tests/integration/test_array_push_bool.sn	0	6654f06030ccc0d5830c6738fcd8c793f13439dcf80f528ba28bcdb015a73a9f	0	049c0e1acda4ab34383b8f3cfa4c31f77f54038c73d0e5987ea9b57e6bae4118	true
tests/integration/test_array_push_char.sn	0	94fbc6cb26a7d65c1cf77714c205d8336788da1cadecaefa4f7f16e816b00f41	0	44827b3ec885ab86f552d6dc47f66686546a1838bbc13678ffffa144ec36cb0f	true
tests/integration/test_array_push_double.sn	0	ef443ce68bb8c65a5167748ade4b7b0a91c83f5dd39caa73e5461858ff63e6f7	0	4588fd58f20fe0a1314f1d62a30acdfb2f1096e3df901962b27277f3d9636e4f	true
tests/integration/test_array_push_expr.sn	0	6cef54f999b130de65213db7abfae653a454c9dfeea49c2acac505b2d7481cba	0	a113a1e9432227ccfe4fbc970ca1a74f8f9d1bd560f2d3f4a6d7fdebdeb48090	true
tests/integration/test_array_push_in_loop.sn	0	10a3c6fa445139e4e215789223796a1a94d85cc15138bc80521e3404f2ca623d	0	f46433ddb46762e0b3017b84998fd4d32d9ebc0c16c4a9a499ce5a576df14cb0	true
tests/integration/test_array_push_int.sn	0	90e69fa0ace3c6f21266892106b2134b7ee3d21b1ffb2d7e9634d7f3456891e4	0	3a594aa0686f5e6854273798d4ba529cdf257f15b59e2ee6f672f57ef04c3338	true
tests/integration/test_array_push_long.sn	0	99ea71361dda2872e156f2fd2fe1e8b3725beba59cf7dd401da06bcf73195da2	0	24ac67c803d23e2fe07fd4ec5169b9d1080c1cd149e66edc646165e8275e681c	true
tests/integration/test_array_push_multiple.sn	0	c752ad6f23ed7c006cf554572288a5c5c746ed7f1de79c7a5197d2003ca62b32	0	92e86b8ad9707f69a32fc742137653d30c83bb7f68e5a86ce71d90aaade0fc34	true
tests/integration/test_array_push_pop_cycle.sn	0	71291f5c83ec9b544c85a9f0f95b06444a8ca8b9bba5598486030459739fe5f4	0	37343d7e58c020455c0c900dc382ee013a41124a6096254d5d1d3b541257d2db	true
tests/integration/test_array_push_pop_empty.sn	0	98169ee4b9e82c7e85bd68738aa4aebc10929f753bff4e19675462511a52afbf	0	c6923c50dd0b7435969f2ec1c550551d003d94ff324af6817d4bcbfada359287	true
tests/integration/test_array_push_str.sn	0	93c95387da45c5a7a8398d5cab7f611b9305be2fd48f693489a42a361e498c8a	0	3e931b6be3559f1e81ba35fde6e9aa30ce127a4db8756891eecec83003659f8a	true
tests/integration/test_array_range_basic.sn	0	cf067691899fd660a724f9cf9a9308f8f229b59edf5060dc90e716bd03fa3393	0	8295be410bdc0df4568a5f52c3404adcbd9d3c48380a80bae1f22b810a9018d4	true
tests/integration/test_array_range_contains.sn	0	5724c188ea6daa72fc6c2da4a1337db4ed8dddbab8fe0ec26d5a1502ee33f1f1	0	5ce2455223f8996580b07a4385e39a52a0b4cb569d9fd3e89a8b63260b227b70	true
tests/integration/test_array_range_foreach.sn	0	05a6c2aaf2706614b93c526e04d697e29b4d7c90a399883994194f227351502d	0	ef4ecc3b54c639e881c3a69af6f816b7a41d6b2ca6da266a2fbb9f605391259b	true
tests/integration/test_array_range_in_array.sn	0	1bbbfbda40e80e898677598df96a51d74696fda22d79e79254a507206534e5a4	0	414e40c476766238888c8e31809325202ea5c9850eecbb959d08d5e8cce41bdf	true
tests/integration/test_array_range_large.sn	0	66befdd5d97d9e0542ed0adf6bd6297aa1b7be39d0a7f66c236e1360b5e5d59d	0	29ec7415fa5375b392b944ac3c8ec21b3f16fb3a275849c58311f9b17e244433	true
tests/integration/test_array_range_sum.sn	0	9c1b1a151cc93da866cca9ea2e1f6596d7a221c4b78148cbc18e84005509e43c	0	33c7f1b88944015b635e522207dd2d58ccbc93b2d245da200802134596880922	true
tests/integration/test_array_range_zero.sn	0	26446a57c74ea19f25d4fa72e2b21fd14035d1d7688c319e194737161134d736	0	2dd7d75e086be150bba12ad21d0478ef184244672cbf2f76514373fff5b4833f	true
tests/integration/test_array_remove_double.sn	0	3582619764a19150a31adb0ede02b147e05620d9aee03854fd8d41aa5f6de7f7	0	df0962a5372fc7340272710d33fbf7236944ba88e24846c0f61625b11226605d	true
tests/integration/test_array_remove_first.sn	0	41257983afba2aa65a4a2381d62e4aa363e2c8438a8cd5e4ca25469a2fb25b46	0	1983f6ae0fe10cfadbf95091a6870d5d4a05fdf6a9d26ebb6aa23c25eece8c8d	true
tests/integration/test_array_remove_int.sn	0	b51f909fe4432d09fcd518eca7cf2a838fb890ac45ab1abf73712e19d3b3e874	0	c59737f4108a6b3bf379cb6fd696f63cf0134446ef20f573cbdb8400038100bd	true
tests/integration/test_array_remove_last.sn	0	bc7a694b68b6e1a91082dcbf1024e088f85166df2464c2bd387b62688f8f5318	0	6892def27abd0031e40f10d4b99591fdd2fd960bfdd411f67638f5bce4689ab2	true
tests/integration/test_array_remove_multiple.sn	0	6009f50fdfc6b01403ba471881e161026c75967d7b155bddb2787c3700d1604d	0	42b6b8b49145b784c42347d47a7b12539e2286c6eb8eb31ffa5059e62d3ac6dc	true
tests/integration/test_array_remove_str.sn	0	4fa9ca864e1044e7ef759cb7fe297aed509dbde634d1e4e9c5aed251b76202b3	0	c331d81daeadff1842a50fb7df373d6c4d2032f7b19132117ce7143e14ffbbb7	true
tests/integration/test_array_reverse_bool.sn	0	4d56854fd46dc4853dcf10192f791ffc070f03c9971d6ccf99622fafcdea8945	0	02887cfb0f85d0ee6fc03a332b764ad886ae3dce0b8c700954f50b5b01f83ee4	true
tests/integration/test_array_reverse_concat.sn	0	1ebc641e14060b026ee8e6fdd4d0398c2936ac81e809452824ad5c2dc750b799	0	575acacba759ae81d565745a4fcdefe909fc7abffba9b0be711bb284af4df375	true
tests/integration/test_array_reverse_double.sn	0	5bf466776998beafeb888666675deaa1205509972c043cba0ff219f162b29bdd	0	3e3fe0c23ddb260a2195d8eae57e4d124d710bec5aa6348146eab952173948a7	true
tests/integration/test_array_reverse_empty.sn	0	512969245fb5114d2c48a97a688d46bfa285141ada247232b63ee4878dc1f565	0	9c05836b3911eb3b35c6db95cac7520614584535da9e62a2e981ceee0fc8855b	true
tests/integration/test_array_reverse_even.sn	0	6c88f9ba7e913453067073135d3d637fbbb7025f1507bfbb073a999e1532aaf9	0	1ec3f2eda2e840aeaa21cacda20454ba2b883eae644d3397b16dd3c13a984899	true
tests/integration/test_array_reverse_int.sn	0	4717a29bc2dbab2bf6bfbbf76072dd72afee2e86fbb8cc6ec2b07a9538a18997	0	eb021c81976a62c4d7276339f06252d0c66ac090cacbb3eff9537ebf606aa44d	true
tests/integration/test_array_reverse_single.sn	0	133c77e6657f4f4c2c6f867a0c4db1655e801fe958ddbf06524eb21b956e7677	0	e6275d109f27f92dd620ce4aba4d6c543f1f4b041157e4d22f680b736172d43a	true
tests/integration/test_array_reverse_str.sn	0	3d53eeca9ebf71c8c50316f3ee3802402334cb5957bd8ceb25ba72eee7df73ef	0	6da941a1b4fe61a9bb63d747ca8043c6b0078d48321911f36fb63d2fc70369d9	true
tests/integration/test_array_single_element.sn	0	2fcc17972509fbab57a7f062adc4c698745e4d488d27c5c0229dbcfd1e2949fa	0	2988c779fba48a69e0bda40204126f84464ca9fbcc267fd16658ddea50fcd79f	true
tests/integration/test_array_slice_basic.sn	0	7ab8bd9c2a255235cad98daa739383033f58a51fc143585036baacb549b379f8	0	0f1fe71a0ad0da306db98e1f7748fd182ceef8dd0a229dbc252ae25128fa7c84	true
tests/integration/test_array_slice_end.sn	0	294079bc191ed1bf8a426a1dcfa6b3ede7a7f35d8d02495e368a63c0fb058f24	0	714749e41c582c06374af66138b0ef1fb457a8be777c9705a09c0ae74b556eee	true
tests/integration/test_array_slice_full.sn	0	0c41dcdff88ebbc618fcd3c4659d06bbe9969e17ecdc6b0a86c9512297516425	0	7c48e241ee9376ccea3f5c3e9d65428c0fa87ec99cab58a9392b522f6089c78f	true
tests/integration/test_array_slice_single.sn	0	fb364aa7a0fa4e2cf8703d6f09438a19abff197ad8e3ba8edfb8aab4b5e5d17f	0	55e394776f8e0c24762f09af575ba6174e617e5a35874928eb6fc895cbd1aa57	true
tests/integration/test_array_slice_start.sn	0	1bb17da1655b21b2b655fe99bf640ac9f82f695bb9a3fe37a079b237e3d0bcbf	0	45d41f8f9466a0a7978f65c0844f49a28a47bfad71a01c47f00239010317f805	true
tests/integration/test_array_slice_to_str.sn	0	544cad7531ace22f69ca84f22a904475ebb433aed68df9e4ab5a5bc5f70f9b44	0	ca6821ae5c00bf136ba0b95778966f12fdb741f051f2d604af47eadb982d0fde	true
tests/integration/test_array_spread_basic.sn	0	012d27d95e615ad2c16c37ef138c7a853c42e92ccbf392afddd98d58a982f023	0	a04cc16cf749a9ce8b6d022bafd7b54fc09772b173bdb166ec0d356d3a5286b6	true
tests/integration/test_array_spread_empty.sn	0	a452b5727ca9632d607393cbba66c2f190825187dcd9b28312632702bb74fe18	0	3552b67d3cb94f1c825017a9216e010cef40bc0a9af28fda3519892c8f46bf09	true
tests/integration/test_array_spread_multiple.sn	0	f339d09f34bffb9202e3a54b35947ceb985e2a75917ff2fe5f9bc32b464fc874	0	f10611607d79b5c16adec8a1131189aafa803a0477a74678b9cd493e687c48e0	true
tests/integration/test_array_spread_str.sn	0	b4886171f854959d0ddc8771c2dfb5def463b838d1e34f0ce04c68fd5d55dd61	0	1a41228b6202d0ef7bb51aeafcb74c869f80615a17cd6fb0bda7d2c7b386f3ff	true
tests/integration/test_as_ref.sn	0	7454ffd92458bd9c71773da4346d1293b6bb1c73b9c713184f68ed43af7cc669	0	5809f5ad91fd612306bf50a4d23f835af37af1de28007cf5fb1b7fef793a4e37	true
tests/integration/test_as_ref_array_return.sn	0	bc04305bc3f00c067befb98b3e7d1617024e97c114c64960b6a3aeca605dbc5e	0	1aae1d92e65fbc81183c41496d768bd05d854463b4e8bfc161cb573a5b38d395	true
tests/integration/test_as_ref_for_in_self_return.sn	0	1dcaf64cdd58daff52124f0d8b04925e90c66448446ca98995a089512b6cf9b3	0	fcfb05475fc17ac39c353f04f52dcc13e089031de849fc3dcae1469b862b20f5	true
tests/integration/test_as_ref_on_ref_struct_param.sn	0	0ceb843207a937bcaa2458133030d2cad876d62088332348dcaeaec042b412b5	0	536dca3fbc71b67eb46344e6d400bb503c17fa82e5073afad089efac1a4073cf	true
tests/integration/test_as_ref_out_params.sn	0	8a5eef3c0c1d9c18534bbf051ea0552477c96b374d60b266ca08d66ec2df3ba7	0	06aeb117440fcbb5d06e4beefbc2e857b135ae1168606b81000a7ad0fbc9bfff	true
tests/integration/test_as_ref_params.sn	0	5036ebb161622c508339d5f3dc4de0e72837859d5562269304d52a13fe095532	0	d10a81f58222fbf9d1da97e525a031cc016adfcb0ac35461710a8dc9047e67ae	true
tests/integration/test_as_ref_queue_drain.sn	0	43299e8a9ba1f3de37087ec524c82b95622fb67c2eee4cf7991181914854cee7	0	a0fd9c1cb57b224fcce2e113f5cbdf33bbb5b9c52f0dfea41d43f4a019702006	true
tests/integration/test_as_ref_return_passthrough.sn	0	d43c2bae3eb38d45dcf9dd33a98cb141597b2c0d4098ba57c8648846d568654b	0	82420adaf868afc088a6ea8e5f3b08e39125b9459c00e694eb0d45c449fa1300	true
tests/integration/test_as_ref_struct_lit_owned_field.sn	0	3544474eb385b3203bc874dc8a57f4d3b63cae5b07f37f3da2c21c90892bd164	0	fd69b5af97726fdbea38cd518336dd9ddf262bc3436c7bb67c60a9f5c3606927	true
tests/integration/test_as_ref_struct_param.sn	0	0542a81110fb3337494f81b9d24d877297e392a2bfd2deb9a31d0dae07f82e04	0	719dbb752e4c5d105a2dbe6d04489b67379c2dd42d09b3bc7fdfa5d95a875d95	true
tests/integration/test_as_val.sn	0	32dcfc9e9ab7c8e45ca5bb447d3610b7d62480aebd7e760e8b39776876b62ffa	0	62dc6ddbce3dee68b3bf6a5076fcbef57a65259f772b8f5c8ff47afc3bd603df	true
tests/integration/test_assert.sn	0	5fbcccbd1522ffacc4fc0f1167e80dca838c3096a6f6d155cb79efcb9add1bcd	0	f92fb741c12a6193fe41581648c6fb2ecbd0c552e977ad3cc26c4a8e77a47968	true
tests/integration/test_binary_literal.sn	0	63485a44a26ad7f5ea5398b4473eeb3ba2f48a626d996149d161dc626ec250d7	0	e402a3fc9b7f153a235e58b05ab7364b18e305eda9263afae468cfbab9ee1c50	true
tests/integration/test_bitwise_and.sn	0	230fbc9d94bdc45c54c62ca929fd331a0f0573de17932e59f98fa2264895d192	0	e2966f96d4a368ea0dd1654b28e65a55bc0b59cca89feba08e1929b6dd1208b3	true
tests/integration/test_bitwise_compound.sn	0	8150c810374ee9e13bab242a0e06be616c0c61ba8097e14f9f241968944c84f6	0	adc6e7e8c83254eda9d38d385ea587c90819aa03812c435446ac3177ffcda1e5	true
tests/integration/test_bitwise_not.sn	0	87763ea15757e42894983b9d70764f625e1c70813f59f73baba398336c471dba	0	0ee8e39ce804b522b5a7dfb17949e599465c45d230a119227bfc79514e0f9c89	true
tests/integration/test_bitwise_or.sn	0	0053b26a5e60d80491967ac3cf8be056b8dc340ecb6bd5c4fd58cb1c61c2bfd0	0	2b10116d0fa3daa4c24efcbbae3ed5c1d4c211544d3c6c64ca51a82c48a99b08	true
tests/integration/test_bitwise_precedence.sn	0	9c4989396f472a591f2ea3eaa96a899a91eb0f6b205d9565a58185f8b5d73217	0	17e9f44812e4da371670f1fb671b2838d6b44dd6fbdd35febb7548b94dd9d793	true
tests/integration/test_bitwise_shift.sn	0	8945c64e5fce6088ff6920903defa0a6113912286f78a4f578c3da61353f4e51	0	485642a7fcaf581e560c379e8abcc541ea10189ec64b20ed87e56f78c2a046d0	true
tests/integration/test_bitwise_xor.sn	0	8f82254052a353d72f87350fd6a774191a08e8fb1408a1b0822e7df6e16fd5d4	0	802f57531e4104f228f01ae54a1bff396f223b9dbab702a26460e82d4b38f990	true
tests/integration/test_bool_and_or.sn	0	f2d09ab5d6d38965ae5f0cdd3994eb9a63122ed80e90488a0a6b8f6fa2788ae6	0	96a8597f9dd8310ec10c39661ad7fed212d9576633ede5f9183d367910fe9e55	true
tests/integration/test_bool_from_compare.sn	0	216bfa3124d63de25fdabe87b98dfbaed2ce33a378b6a48f30a840cf1918474e	0	95e21743b8895b7855033ccce306ca0b2f1f9e300cba10c2b9c0fac89cb9b26e	true
tests/integration/test_bool_in_array.sn	0	c8a25e978df9f62a82a88710f96e2d8b5bd7e2b92b4e380cfa8471bf564ffc3b	0	523477633623d8a58519f08dc7e83160cc03b0061abdd131b3e29a540c295794	true
tests/integration/test_bool_not.sn	0	463e79ae18a562819eba5a4a9bb93a52aa61f0002557bcc9244948bac547c8a1	0	79585c5b313ce7aed295a16428cb3c0c5eddee1a6d981a5f7a7fb34cd229544b	true
tests/integration/test_bool_true_false.sn	0	0a46b207ea06e0e306d3e88fae46ea90670e9113d88351386976253681b2f26c	0	35244f3fac31782d04fcbff4b124b72024422db3bd31a07cc0f0b85864145dc6	true
tests/integration/test_boolean_ops.sn	0	fba78cbb79944eca0f9e713604d1d23ef298b9dda0e5b1e5554cafb6911c96ba	0	33abd6809e08ea77af5c693ad441355f6fe12668c9da855603fc1625a74b3c37	true
tests/integration/test_break_continue.sn	0	d67512f650c20302f59b73b27b1e741cb6ccbace6761efcfc2d27507f4f35334	0	6293ffa02afeae161dca6352d89670373786807ab6cb65384ff0899c109538ff	true
tests/integration/test_buffer_unwrap.sn	0	cdc58852483683cb7796333a6c499362bb47c20f50c06c332fed4e4821f8839c	0	b323f9358ca3c96d6c35014e2f9d4c83aa74eee63b296a2152aa98b3e311b831	true
tests/integration/test_builtin_interfaces.sn	0	bd0a7fd5d48a0da43b6fcad5b1e8614d3316ecd3b23a6c67f9b7906e4dea4b55	0	344ccfa8ea741ee2316ad3d9875a38b7887d235e76ce778d4575b35bc623c5de	true
tests/integration/test_byte_arithmetic.sn	0	bff7f83994f7509394caee6eb6d6f6662b156d99bab7ad0ed9044216b4c24960	0	3743f50ff073c668c1a459144a2e17a5a9745bc93f5e87c66bdeee12f45773cb	true
tests/integration/test_byte_arr_clear.sn	0	2a4491a3382eb952494d96125cb8144d06bb9a917b8e5f5d885aae57a819e4b3	0	edb84c34feea861cd334052227a0e665935dffe3fcd43cd3f5627e56a9dc1d37	true
tests/integration/test_byte_arr_clone.sn	0	50991e348171d07a5a5b63750ee337fa0859f7f69e22d1fb4b1e2d5b15fe4dbd	0	17e9bac23889fd2cbd3dcbe961c2f37b47f7150a1f13fc0fe5730fa686831f32	true
tests/integration/test_byte_arr_concat.sn	0	de2ac18e1890ce0893f4046cc106c3ce52aedaec03be4543f5ba073b6100d2a8	0	cd876994858244c60a2922ca99283f2cc921fcdde71aad750cb7d69e03ad601a	true
tests/integration/test_byte_arr_contains.sn	0	3aef83d12280a4eb12ac06aebf6c1f99886275aa3f3832a0602dd2d9f2a62dfb	0	08b78cb29aec2603ff5df0ad33036025d8da6a7b3f8f9ad9f82e51fa42d05e8c	true
tests/integration/test_byte_arr_create.sn	0	0308f9d5eba423e34429ada711b6e024db4ec0185359b25de365e479bac08295	0	41d11b0a68664b47cecbc1246a6448ca1c92bbb7f07ecec0706c16b7ec2f54ab	true
tests/integration/test_byte_arr_indexOf.sn	0	f60649392a4c91c3405228b5d9dfd1b333c542f448cd8b84d6854f3a67a1c390	0	2584de6db4fa043065185ce74ec26609ca6f3864c1b282095b512b4516da483d	true
tests/integration/test_byte_arr_insert.sn	0	1d686468aabf56baa0789ff82e9b577e168028232883b2bf0fa7cdd71bdf9858	0	386a7141da083b854d6e9a4d9f9fa841bc0935867e36eb3f5905395d625ee77a	true
tests/integration/test_byte_arr_join.sn	0	6b667466eca84b5db38fe678ae1a820508a5eed93d2434d11c0cb3959b77f191	0	ba31e611229c521e784a9df99e79550e4ffbbb34e366571fe8ffd8bc0b366154	true
tests/integration/test_byte_arr_push_pop.sn	0	ad812ffbb2bcedc0db3a9672ff9a48617583dde410b10a696f08dbdb96c0d071	0	e0fd7830c076407e4a0a31bbc00b0a9c13f7de6ba04741943b84b42c1a7fba8e	true
tests/integration/test_byte_arr_remove.sn	0	d76020d04b644ab43a2588a066f618523752b5646c24dc58d63396294dd73b32	0	b9a08caa2d976abe9aaded66fcf25c39aee12feccd2fea91389aea0220fcc1a5	true
tests/integration/test_byte_arr_reverse.sn	0	8e2fc720bcc1ae03800d48de69f3a95650ca065a895854dae097e914bc8050b0	0	ea3394ecc1a1e518a5d20e832a764c1c2064c98e141960b0e74b7de9e492c14f	true
tests/integration/test_byte_arr_toString.sn	0	e8963507f4ae8f6d92f1d9c0983054bda617daa063a5de1288077c2b669c84b5	0	9f39d12238b50178773b5ba6e92142ecab67736bc089c98b35170a17557c4890	true
tests/integration/test_byte_array.sn	0	cff0c1bb58b19d0768232ff5fbaa306d7e1c423396fd679a05e1e2d1837ee4fb	0	01898b1cafd05f65f293bdd3bf4dd7da4613cfcd1519cdb1fb6179ad7224f9ea	true
tests/integration/test_byte_array_init.sn	0	2b7d56d1d5136e86668a9b49bb74e65af9a261b66a8d08ed866aac412f0f39da	0	b90dc22bbc453289aaf5ebc1547d27c4f33b6221fe619bc6fcd8c77699de7133	true
tests/integration/test_byte_basic.sn	0	2438b250bd18a63d394a3056c430b9218a9a723bcfd279432bdc1b86ea3addb6	0	77c36b08d5e4537c3e6654db29dff969b56b3a8f2d161f979d69267f195f6d2c	true
tests/integration/test_byte_encoding.sn	0	c7556d5ea5be839754dd470cac630ec72b4f5ca6142927c026d8024d8daa0800	0	15c5e507c1ad7a94a94fb9e1d9f401c7424ba5a5f2a9bc23ee5c3307facb695f	true
tests/integration/test_byte_literal_suffix.sn	0	789020757576dd4a5f1db3ec3f744b8be3a7594f802ae7c6af09c8b108198d7b	0	577f080568fe1a6d405458d7442f23b2b1d69cadc8ef69d68db88ea7220b3e14	true
tests/integration/test_byte_overflow.sn	0	d9159941c815e7dac60247fc7ab41131852284d8278209a5c8c1a1f32bfec1bc	0	38074209ff5b7b5e5f49cca3808abbf400e53566bd6d937d894fe97be8342629	true
tests/integration/test_cf_break_basic.sn	0	4f7e5928c3e397f6bbec7192718fae1a0dc0a3d5010cfd3071e32ca43f60a35e	0	6001c918b3a9257740cf2efae22b37df47a4ce5126e4aaf71c4ba4b66c8952f8	true
tests/integration/test_cf_break_while.sn	0	39b6e07de0fd1a7bf7b19c34acc022d8de6eeacbdcd0871c4995f47af927c448	0	7edcc672e78ee7ec110df52bae3f2dc05f8e4b99f2a6f0e943152255399410b2	true
tests/integration/test_cf_continue_basic.sn	0	ff6233eb1830d58bc80572bc764b10efe66f20a940cbdacec2f0451952509fc7	0	516ae35c86e577e41144af2854389463218abfe780054c43cfdea3b7d5f2b1ff	true
tests/integration/test_cf_continue_while.sn	0	a76994be7f2650cc874d40edc82f6a2c4cc56aa681a5fd12b0fbc01282fcb8ad	0	47f9e965edcb477f3c76b7973a54f48b42d420bb4edb18e4d4e8e0436f423edf	true
tests/integration/test_cf_early_return.sn	0	31672cc75f690c56ddef5a8d03de8ef59e2643d4d06b3a0dc2064fcb2feeadb4	0	47ce61ca75a71ddc0d8f77cae3f0f9ff07af90203b36ca7440e71746426287a6	true
tests/integration/test_cf_fizzbuzz_small.sn	0	0ebcdbf5e96f055f9b499e90be1bba1f0dbeb4b3ccb1c035d3533a9721170693	0	5239bddf4862ff7e385195d2806564d6d093739600554d14551ac467630aea60	true
tests/integration/test_cf_for_decrement.sn	0	0470b6a1da2092430865db6f1e8fa95277b09bf55195fc4594fd2bcb66004928	0	22d738784843b8d0b0b3f2cd7b0f311aa5e1f6ea326105b7b0eade9ab55a2cf5	true
tests/integration/test_cf_for_empty.sn	0	1847df57119874f209403b92d54f8d31b8984f5cc49fc8db307186e0afbe6081	0	bed2a7eef701b7dee9cad212f88eb60dc31a19f0ae2f291a532ff841e25c064c	true
tests/integration/test_cf_for_multiple_update.sn	0	86132d38c90fbdfe92c31ac7ef3f61ef9b0f98ed6bd10d67c10f41b5ce706f2d	0	d5d11e3f39b47bc39cf957233d0ef4296ffb2711f23e087f9df31747dcaed7ad	true
tests/integration/test_cf_for_step2.sn	0	879b3d3cf8905cb675510f2d63b3727a102acac678b4524d5aad7bf8ef31d8aa	0	fa2d90f36420c4956864b3778e6478aee77fd9113fdf860b1f9325d75017fff2	true
tests/integration/test_cf_for_step3.sn	0	aed5b02866bb411813dd63fac80e43c63d09772db1a836ca3f4d3c44601852fd	0	8f3fe6b2c1ecb2bd4e8af48eaae86f55e87ec30b379e4d34e02a150a57cbc9d1	true
tests/integration/test_cf_for_sum_evens.sn	0	83afd8427ef76fcc4950f8fe9bd3f49ec3575e330b22e718e75a5f7891443dad	0	c1cbb43045a2c5ab7de32ee4d7aaebdb3af308089c92a0bfbfbddbf76ef8b8f1	true
tests/integration/test_cf_for_triangular.sn	0	387d1e58f7a3164c4ece70d25da552d7b8e763c151428aeb384115715506e65a	0	731869dcd25e0ba7fdfa0d3ecd8cc0fa3c99a4c805d0014484f85c1f2f01a881	true
tests/integration/test_cf_if_chain.sn	0	ac4d258e9b1b9d9ca1e14620b638edfee291b9b68ba6a67c873c212a7e2c707b	0	431252b90bdfc222c738b0677b64366dc4ff9cb70a383f8486f664183defa7fb	true
tests/integration/test_cf_loop_find_first.sn	0	55e4bc18ebcbf799b6ce8e81aa9ca1fac551af26989a9fa2d0523c589a7263b6	0	7323f9ead260f1a61d0680d1b06312a6de0e2e98b7960e1a4b893c949294b7f0	true
tests/integration/test_cf_loop_product.sn	0	4006826a6c0146b468dd5751e8f2f20a425d09f000b607fbee94f69871df5210	0	44cf698adb1319a01ca83704db0c6422b9318e6d11c22f855d16fac0431a2179	true
tests/integration/test_cf_match_bool.sn	0	2e1bc79d724e5195c1f42e330c511e59274cdadaa0eb8cf366d8fa1dc1056ad5	0	196050e0a11afb3bdd1530e78c7df006ac552533790c246569ea3d67ee1e14ce	true
tests/integration/test_cf_match_default.sn	0	87920af262b0f36f3c0233e9e2e2703286fd189157c3fedce837808e6b8ab68b	0	7cec115930b321891c1e7f8934de5824b54688270a7a06647b0b58d1dcec2863	true
tests/integration/test_cf_match_int_vals.sn	0	c3d78236bec9430dd16e0ea6fc9a6e9570396a857fbdd8891bd2d0ebbe549301	0	60fe95dbbe27f61dc7317a82a8173c17bf83167353ccbb90700dd498d0fc8ba6	true
tests/integration/test_cf_match_range_sim.sn	0	bffe3be13f08231926fa648ddc3ac282addd789584fd8833fb4f5cbdb089f8ce	0	5e4e37ea447863099f207668fc52609e7d654ebc29d38742682d452434ffd663	true
tests/integration/test_cf_match_string.sn	0	a93f91b2d4a6b27ef899a4f87f1a4aa7769c3f19632951e33e7300209455fea4	0	76b0dce61317939cb47265080fc018f176da5888bbe42acdec1a9c75e9aea8ec	true
tests/integration/test_cf_nested_break.sn	0	5e93aada6681b16beb799733d93c9fdd096fc1dc72babe346312ebb75ed02351	0	a97243659346f7f374db581ca0caf89d89b13ff3463fc469d9a2aa037af47cc3	true
tests/integration/test_cf_nested_continue.sn	0	ad483cf0cf81331aac90dfdff6b4851099e54549630a85269f5a5fdfcbf57529	0	c16828beb9dfe44221f6127a1120482d37ba7efb3e7023d17cb33b12fd7550a9	true
tests/integration/test_cf_nested_if_else.sn	0	12d9f84a70c77076a57560b7c76b41242d005e23437042a6edb6f2ca0bc15b4d	0	06cb17ed042106d64004dc3c4b98c4cec9543d54b7cc62e6943eb473b163fb1d	true
tests/integration/test_cf_while_basic.sn	0	a014d8956b6dc64ce46eaf3b2039b6d2ac972cce02b9facb892ce31fdced57e8	0	6f10dc86796f0b1a0c3e2c47e9013cc7c0b67f90a8cec055e29b14241190790d	true
tests/integration/test_cf_while_countdown.sn	0	bb44ea48d02f2e35d172eaa572152adbb8e6e5056c63263923c45e9aa3d0bbc0	0	46ef5901e27c2fca573c2bba8875b5d780f3057201b0a83ecdade5d1037ec2e2	true
tests/integration/test_cf_while_do_nothing.sn	0	d0e6fc7694a916e1cb32744c681f7005a3727736e20dc9c3f54ff5d71356f37d	0	431b7d02088224051e785046660b68d6555c7d9bc1d6f0c0cffb50e0a437181f	true
tests/integration/test_cf_while_false.sn	0	0bbf8976ecc003ea898f946d0b3fea2eefc191e02de21f4faa4fe813a62ec8a5	0	c0f28f5dc879eef8639b89b7dbddc6c3fff04a72cb7276e4936a0f21fc963a08	true
tests/integration/test_cf_while_power_of_two.sn	0	4695f306bb022574c34c9d90958ca1af8d35ae1f4d6332aa8e7003afe2513707	0	f5e62439344066587bf6d7968e91d923146f10a0134c66e2fa85d770b48ddbdc	true
tests/integration/test_cf_while_sum.sn	0	afe7d9740c719d9059a25a0cf1a15cfa69a59c15984856b1fac3b92e143f4028	0	fe8d02f7b63a7bcf98e1ae611aef65736cf1fd0fe79d0ff2bd7920d442c12865	true
tests/integration/test_char_basic.sn	0	8505abdf4df8a9197e16139d0f5df64a611e15060fc44b8369cfab2b12bac6d3	0	1c0e4fcd6cfa94b1d1c20c61f7197ec99fc504486c36a2ffb3a010806f8e9c43	true
tests/integration/test_char_compare.sn	0	6207ec4fb2a154f7a1a6b61a7e17fd518023579d980c049c415bcfedd93f74ae	0	bb4a6e2f24cd72640502ab73cf222f756d9716c43513c2ff9e434beaeaa41b10	true
tests/integration/test_char_methods.sn	0	1b03e78b4deef015b31f78ca65d10a22dd20ecf510492c870f46192d0596003c	0	f80b6563b7875b12cc66c8f8b7956b77fbd42393263a6a4b5428158a86c20808	true
tests/integration/test_composite_borrow_mutation.sn	0	eb5ae8904ac5bb6c402b93b2f1a8459742b966ea4dd2ea4c1144ed2df419e455	0	21fb9e1a928a7b424f4afbac1a3b06122ea6cdc3c7e0c09027032ef0c581d9eb	true
tests/integration/test_composite_temp_arg.sn	0	b9392062ce111494d2f6a5d9eb93c247222d70eed6fcbce723c8806296ab4138	0	47d5b4d7000cee3d15e7d76702e7024fe9fc8c8a94911c0e576b6326fd406953	true
tests/integration/test_compound_assignment.sn	0	9481f8ba28882b99ec4832882a7a68fd1d7b5f65872f79b337ec8bb857aeeece	0	3a0d63e6b734c90fbf3a814d7c4e72d4036392905226d38a280e3b122ac4259e	true
tests/integration/test_conditionals.sn	0	e19f544f7c3bcca4005c65a15e352c058cc1659229cd0f3e8ee159c390067c4f	0	feba8cc229ed944160dab0627ae121654613ba750a86c20f49b471e5f5dbd6ea	true
tests/integration/test_const_fold.sn	0	e3fc45ee9b5d34906c66e9d80914186f1a9d398cd01690dbf54bd7494745fe13	0	ed278d86f319648687982a93b25eaee6bc63b4316172c3dd99e8df8480566120	true
tests/integration/test_constrained_generics.sn	0	a4709239786b1b7f9fe72ee9f2640d6e33c32595674c9f0999033dbb8b97e58f	0	237009b77a347e43a851df3331d24bf68ddd05dad3d9268980b5bc790c81c40e	true
tests/integration/test_copy_of_string_arrays.sn	0	123ff75094df618ccc3ce28603a16530ee39564546eae2ae75f0cb75f980a568	0	943cf72aeeb272aec841f761971e944a6cbb3dc375ff3a9be7133847bc1479cb	true
tests/integration/test_dead_code.sn	0	1a2bc6bf889ec2d10bff7e3c416d51c56a982d65252816e4e53c5a0603dc2ea9	0	2ccb55df4d73b357cfba994b3fce9e6974d9ea1d1f77b93a8cf409585af01f32	true
tests/integration/test_deep_module_chain.sn	0	b8a23ce9ca42e2a58c6ec773143c7f28e51fd915dd0c6df9ca413bce42df3ec2	0	58c73aee11067596dff6b9c59f6198b1f51b7e762c123bc69c34ad3b375dbd47	true
tests/integration/test_double_add.sn	0	9a13c3964831d6b19a55168c99c559d713fbaac778b51c0483ca1db936d446f3	0	d7ab6012234153b99b259c02654188f4290fabfbf6f197535cdce9300200f56c	true
tests/integration/test_double_avg.sn	0	1b5713cfc8f6f85ddc8e6e8f33f0d85c001422a3981f8b8c4bbd5561d5f905d1	0	a11696cc48114235c96e4e49195353d4d99f07871682e55d9ff36deec00820a4	true
tests/integration/test_double_compare.sn	0	5892182cc9193a6b9b336dcec04b99461dde27bfbe3bccd7bc786dcefe69207e	0	ddfa238c7774b643a8819032b1b6b74003dde3bcb43ae9e15dd463e455cac02f	true
tests/integration/test_double_comparison.sn	0	c174da698b8fd83c1762ca1e2ef5f27b711cc8274e08993a87d7d7a14f99ab46	0	2616af88dd4d751bca074f2a9d03754bf665a4adf5c42fc18a203727a5a08281	true
tests/integration/test_double_compound_add.sn	0	a6cd1bfa8a9174280b35550eb955188c4f27d70c22688ab493d7f779f9a87f04	0	1e3671f4232fb57db7a59cefaedb2c258e5ac94db7c05da9f8c5074e4e97acad	true
tests/integration/test_double_compound_mul.sn	0	f5c9f7a64f76d2757574aaedc064216affefa5b9d919ba448cd76c0413a46169	0	6f1ca2842e69616df4bf65bc73e009a6be4521ac2a9df0189ec1ed913b8cbf89	true
tests/integration/test_double_div.sn	0	962fac89e9f5fb916cce60df2125fd48faba231581f8983d26ca59258789d1e2	0	c01ee650c06d523d26d6d0b2ca18e168dc73d44e403902bbe728d8f94dccfed6	true
tests/integration/test_double_divide_precision.sn	0	7fd8f93d8a92dcafe2e7250f41448c23b53712150b3d84c2794288f978660a89	0	011b90307dc83b7b0d5306b66715656cccf6239dfc39be9d111246ba78abcfe5	true
tests/integration/test_double_equality.sn	0	5ee48f2be010533db9522863a5a9d6594b1cf741350465c40b372b0c74188fca	0	f0938d142530f0bf9736cf9cf873730976b622b4c056cd27a9956b1adb468b77	true
tests/integration/test_double_format.sn	0	aca357099fd3fe3a8da068bb2bd8651a40fdd737b2b3415b9e2f8eabc2a9ff15	0	5e6cab771a17ae08b6d5b7b2fe82e7fbff12687d7347e61eb739a6955cf98da6	true
tests/integration/test_double_increment.sn	0	0480fc895cf95d36abbbe50f220f2ffbc82d75af30a48e3ce33f80c84886721e	0	147eef57be7a6ca6486ef4d2dcd3d8ad6ae8fc31a2ad002f0e93ff9c3c0be913	true
tests/integration/test_double_large.sn	0	2ad47920dc723da4f7dfaf6b15c1f29396dcf83210f88efa7c13498257cc3146	0	fd599c54acec532d0afe0cfefd4b6bb2a7bf4d860e80fab439c506f5cb9210c7	true
tests/integration/test_double_mul.sn	0	a738d5d659db1393312934958692c19d18b7dba5610570ac331f090d0bdcff69	0	8052c11d2070f1adba768231acb6070a1725eb6c03fb107a8599d07f0c05315a	true
tests/integration/test_double_multiply_add.sn	0	30c46664f7360f90f6ef748756bd39aca32062555281504a1d49023312f68f8e	0	659e6b360d189dee766b1996694715c4b86317a787d797393882ce265e08f902	true
tests/integration/test_double_negative.sn	0	4ee5e92fe65e7f43b3af0c94dcf207455df8b64fc88b98ad7f243375e165bf3b	0	4bdbd7980047dc6b9e65c48e7a773c2c7f51c129a2715f5c155d448493d18f5c	true
tests/integration/test_double_precision.sn	0	e29e918d26363cc52ffcb21c5843af442ab2faec438ba2c14069de99566fbe97	0	40a99ec5686ac90b86a4606003be3f7d0d02223ecb260d27f58607a6a372aee7	true
tests/integration/test_double_small.sn	0	4aa20a80b4bc1eb80c910e3fe253145ef4281046c72040413a1f7dc33b107735	0	67472880324475d5006036ee22cc7b8af103de791b4d12cfc02b3b23e0a6f898	true
tests/integration/test_double_sub.sn	0	3438dddb4db238915a793aa66f155b97fcd3d8852e475fc282f7809bce7a92ec	0	91e45b4266d4b48b5c5806953328c4629eb25dc94602a33901728b3d4360ddc7	true
tests/integration/test_double_zero.sn	0	ed78a66e72837dbf3403740eca8429c5b9a694ee810d8a3a624fc4c41f086b9e	0	415fbe7eb7322712504c22d977bc8af15b3f6eb77d9cf958e93ec9af26eaa1b5	true
tests/integration/test_edge_cases.sn	0	ed0efe01df328f1b4780fa20e1ba437c6841adb14326bfae13a3f0ed7471144d	0	fd460187783762b8b93e5a1105998151ec5bf023f247bf784ad30c1374d34f8d	true
tests/integration/test_equality_all_types.sn	0	f43e6d6b556fd34aa8faa507c741d2f85f8c9a69ea42f0a68ce37870763eb0ee	0	273fb22704bfcf982dd57b048aacf24b893d1ef213294c8b4dba3b9b217e58c0	true
tests/integration/test_exit.sn	0	e322881d41f229c941c032c1381c1a09232835e87248706261223b98c1b6cd33	0	c9a94424353138b236a822a459945cad24b128cacb286a20815c2359e879cedd	true
tests/integration/test_expr_body_void.sn	0	d92218d560ed111dd675d548607ce7891e642af086f8fce0144f7bf942012338	0	806e438d753d72a4d1a4b65817ad68027d94518899641e486a49effaf04c3cf7	true
tests/integration/test_expression_bodied.sn	0	e2af1e2f814bc6ed0d74f3e6f19816d28792efaa3282a78c5e71ab8e73e90b62	0	728dda1157718e91d087d818599a1fe9065e70232641744fdc824c1e78e67276	true
tests/integration/test_factorial.sn	0	fe59bac34e655c74f938b947dbfb9ea94e75030ba3b5a18772e38265a6eef39f	0	e86d6fd3818c77a273cfb88dcc0415e5b7cce5be7db3a2f0c7722b61fe76d371	true
tests/integration/test_float_arithmetic.sn	0	e81ad04f168f1d50240e3df70f6e53fb713946cf07197c29984aa2c67b6dcdb0	0	26e13f35655ec060d5f79a2fa300356ee88419f29a112a11854129f9ea0c7bb2	true
tests/integration/test_float_basic.sn	0	ec64c1f2a25175a8bc71f15ee69fa9751028bca43b1d5a1bc45dc671b81e291b	0	1b9c8ffafbac5e8cfabaf7206bc84d818aec82013919ab990eaca4887bbb4a8a	true
tests/integration/test_float_compare.sn	0	6a9267432ac0db0c032f4c384b411c139b970c33c76f24c30f7c4d2442985398	0	dd74f0804a17ec7ce7c40d07acd52a7904ca4e06f19209e5ba2330f3825325f6	true
tests/integration/test_float_suffix_variants.sn	0	0e3533c83b5190ad93efb2b760d952f4c7b3f826b3fec318252f80be178213fd	0	eb2ce88a182ad656097d93ae5a2ae58fe6c157723abeb8e2821d3637e2dfd68b	true
tests/integration/test_fn_abs.sn	0	f721747c7edbeaa488a1e0ebe2a06d137c8f9b1e02a6fd04c928d967c5d1e3a0	0	574e2df8b5631951dd25700c7e05539707184cceb20eb21680ab356bf35d97bb	true
tests/integration/test_fn_abs_int.sn	0	cb21fbdb83e59235f549b87b5e8ec7c7db21d56fa8589857d994de59bdb72082	0	4a2e6927869afd8831dc1708aa62bf973163f357495aafe08bfdffa1a917dd20	true
tests/integration/test_fn_all_match.sn	0	474a8001fbbc062834864b3b9fc4c40a22881727ec44219181509964aa808ab8	0	3ff040fff53c23b5a9b0c16a4c417ff25d2c5a539c542555b90e868bbc3255d0	true
tests/integration/test_fn_apply_twice.sn	0	6af7d20ac2ccfa078bc0cf99b6b16b7bd43fd4ba4310fad5ab22a375e5e475ba	0	7a7074b7437531876ab6f309f3848bfe2999d5c35cb4533ac584ab26f3daa485	true
tests/integration/test_fn_arr_reverse.sn	0	a8f5d3749f17dff3dd69e7e13c50ce0298fb54910d9cf07efb7db52290ff67eb	0	5c90aa0debe6386dd181b14807a49704eb47271ab8896d2e851c97ae7416bd71	true
tests/integration/test_fn_arr_stats.sn	0	1cd7f4a216f8cd766709bc023416079c0386db0bb363ed3551568513510e16ce	0	6960518434baab0686f1aea3ac731cc7b0280bb35d500a83a7d24f69381836cc	true
tests/integration/test_fn_array_contains.sn	0	da8c31ae88e73e3f5049acb1a113af09ce5fbf6b4319a2fb1cca864f2b5b4d3f	0	a6257d73626a8d4340e6f78cf6873df13902fe39cee1cc5765363c12548b20a6	true
tests/integration/test_fn_array_count.sn	0	78d2e5cb040a1cd25673ce271a4689eb5ec6c2d0e862e48e4a023b1cade2fa5a	0	bea4831a014d4b675a5a4de7dd443cca457ce1ec88f158be825eb26f103ba397	true
tests/integration/test_fn_array_max.sn	0	c36f35eaa09dd02248edba761211a419338e8010a56d5ca1b02acebef4631130	0	4bdf2290e0bc1a396a4a3200d5259badb6a2977e2e22b6e9ee19280600003afb	true
tests/integration/test_fn_array_param.sn	0	15bb5ac1346261e34ebfbdce73bc2955a08777acbfdd2875e3301d05b0929f69	0	008b228c67313b28b7f9724928b2b6e7d99a506cef66c02bb0e861ae9c5b2dd1	true
tests/integration/test_fn_array_return.sn	0	857cc099e5bd5a1fcac07b5b27b6bdaebb171aa02ce72180dbd34f36921d6145	0	06792806faa5dbf72cf1c6e54e16fbe87aa4f64cc129a4921fd5727015793150	true
tests/integration/test_fn_array_slice_fn.sn	0	43c5b590b94b1f4fec34ea8b4ffb4e0ae3edef127db16875f2d895e70cd5bcdb	0	4d7ef22dff4c1c45982163d2624d7fcde9b28b99520a40fe61be80e7834e5aae	true
tests/integration/test_fn_arrow_multiline.sn	0	45c476c5314f885b5f0ff5aefc2ea088776bf1be44e744c2f636d24d8611ba26	0	aa29f0ebea59ecd6a291036ba56c9e5679c5370af10f06052ee302e21d304ae6	true
tests/integration/test_fn_as_param.sn	0	6c743d50081fde0e0b96cb6f86abe03b44c42b2b090abbcc21976c3e58e99f31	0	7787f0be18500acb6a01b6a4db32ddd95d55742ad0096b6882d030032d341c98	true
tests/integration/test_fn_basic_void.sn	0	e115d23068bdd9e1b7348e4ad9ea4a820eac0b4c37a51b5fb58ea7e619000b25	0	f4a6d9fed1aa063f751bd7941eb11887fd7b5a01b974a7e47e79d6c051c68714	true
tests/integration/test_fn_binary_search.sn	0	efe89351311f4b1cc2d72fb6f4d1c6cc8edc0635ecb65f58b31dbcee37eacdab	0	9e3e0a7e8fb75c21a9b311dffab28cbdcbffe1e1447a01a8e39eea81808889fc	true
tests/integration/test_fn_binary_to_decimal.sn	0	cd431dcc7050a2e586db6e370b8cde7254876bffa1f65478ea270833310e85da	0	73ea68078784a33e1a9976500f461d34739d86c1b97fc6c5e30f64ef0f6f6800	true
tests/integration/test_fn_bool_param.sn	0	ad26307c1757fb0d791f72c1b32e9b820ba3f4c6b5c4ccbfc390c97d717ef0c8	0	287ab68eb70b2bf366331fa6294d20fe92018067e20088a2a3dc6babefacd8e3	true
tests/integration/test_fn_call_in_expr.sn	0	a8accbc9c80b69383e621e1c7be0619c00247df21717afc10fbc8ec74aa0a92c	0	a4aee0c89b93fbad25127108b9b1b66fe21b54b31ec034f9fd45bf1fd4d35ffa	true
tests/integration/test_fn_callback.sn	0	989664d922d8ea5dad75af53d1d012b399fab283d732e4d59c0d668f8a49dbe9	0	5d06f9413b498a3bc243ed6bce2152c5ac777335d24e81e628896709befacbaa	true
tests/integration/test_fn_callback_pattern.sn	0	511be57afb76ed89d0aa3d3ac06ff53b2d298adfe43b995d5dcd224d9d594256	0	48f3e4ddb9bb78d22d38c9db9fffcefcba8249c9b3221d4c41d06e26fa8bc18e	true
tests/integration/test_fn_chain.sn	0	c7095ddd5a2416a2952418f96d8190b2de5ddccccc52fa2133de04efa0950ebe	0	3b15157ff87fe7727a25ad5f7ab30a24ea54a22273a8975e9701b3de37b11649	true
tests/integration/test_fn_clamp_val.sn	0	cc8f9f64db0fb6dbea2a150f8668821d069b1e0a625f7b9c5150b303a8395b20	0	6656f17b81764b2973f6b537a96acdbda3ae4ba3459659318cf56f89cd631ccb	true
tests/integration/test_fn_collatz_seq.sn	0	4bfab45e63cdf76f9a026176a1f12999e1ed70c5ad868e9af399520ae16c5f40	0	0c803c564bccae4f386b9d8ffc7352afa924dff2df2566378708081023db6ccb	true
tests/integration/test_fn_collatz_steps.sn	0	d5b29254d53726d10f47d51ee782db0608051553e756b376be8877a34d9a59ea	0	a6bda6864bf5be9d6e9a78c519d8ed99fcfb6119853ac1ca82d6718c3321fe36	true
tests/integration/test_fn_compose.sn	0	0504d0fea476b8382282512e8a090d3192db2c07c1dfbe15917fdcd0d68436da	0	763b9cc711cce52a9edef3564f251a725ed89073c76e545c1b6c1befed3bf1f3	true
tests/integration/test_fn_count_digits.sn	0	d6bb8e7802b0cd4224388fcd7953419b49f43409551b62dcfca65d2c4a5a1cc4	0	d45bff01e8bbb389388e537ce122c4c5afb9e1eb544fb0c0c78bd7c548663497	true
tests/integration/test_fn_count_divisors.sn	0	13d390a868609ec95e18f10220b527ebbdd328d534a7adf2ae3af590457a1d62	0	b3926bda9ba1abee0b99033befc510c0b23e597078a14a5aad3e8675ca734656	true
tests/integration/test_fn_count_if.sn	0	9016e80ec2a101317d5741715daa4714f569ed5bf0bff26247bc56821db95a84	0	01f3eb7164ad47574020eb0b62cf450a590e9c881b36f2f9337c3b1da71c6129	true
tests/integration/test_fn_digital_root.sn	0	884b2eefda031e294f70d57a913394fd1283450d8b87d0675f61b529e1c2f360	0	79881cdae68f75eeaf8b3bb6924c3f944a0ca43dd57ca36c94d1071f3b671658	true
tests/integration/test_fn_double_array_ops.sn	0	077171b6f95cc0ca62494639e3f112fc6990f0c970cda2cc39149e2fe0a066f2	0	d84959e385b9d5100860731bc440aa5f2f8a97dd34e51683fc65bdb9ce4232c3	true
tests/integration/test_fn_double_param.sn	0	968572c3f0fa92f11901685a487bdc1b233583cc11dfe7d62aec41cfa191d072	0	d1a261a5c591f723be280b25970bb8eb1205fc507301990c1b90546d1ef040b9	true
tests/integration/test_fn_drop.sn	0	4fee69eab72d8006bafceaca75296ea4d53f183a5e862c448296e06e23343666	0	1407c770ef2eb6b122525e78788beb477034f1683579aebc2c2407cebfe890db	true
tests/integration/test_fn_early_return.sn	0	94832669a19089f0e07a146ec77d6bfe0f0ee08d90bd7bc328344a21678b8219	0	d28c21d867e64026a741d810e7c208115f6f84aaea99ac994a663261a0cea645	true
tests/integration/test_fn_expr_body.sn	0	e7490b0c0a71ccf0edab99e7b3ce1fc600368d26f2afd08f36782b0fed4b9b26	0	5be83585c0bb0f3c9be32b573d939ce02727e4a2fe56669375fa6f2b85fb1ca1	true
tests/integration/test_fn_factorial_iter.sn	0	4c9bd17fe66b642fa6db9801e6856e6dce75f911b096070d052f670713f102fc	0	7d31698c690d2493aee63cc3b16e4302fc9a51a6ae293c13821887f69e057351	true
tests/integration/test_fn_fibonacci_list.sn	0	e99a8a86a456d85511e3d5a5f8e31c37febd1f3e9a50f52aa9fefeade99a770e	0	854060a088a539fbe39e73c229ab6b2bace07b458bd3d9da55dbbf30f7c2c29a	true
tests/integration/test_fn_fibonacci_loop.sn	0	fae7889219c75fd78d2f2ef1c2961d88d598ece3049a2b934d20ddf059438273	0	0bed137e80d3f9d162f947a7b77a40b3d8f5f295c5603903e2482422be65a9de	true
tests/integration/test_fn_fibonacci_n.sn	0	0eac28c62ad8dde0f493a7d9b17685bf9c0ea1dd01e2307d96d31a1fe4e8e7b0	0	1a600c536c785761f0b33bb0b354483d2b3871a325d164a2fede487f818457d0	true
tests/integration/test_fn_field_call.sn	0	5a6313c35bb8a501687083643a98705a07b32e7532652f6c54439175a24c0ebb	0	f1f464aeb25fd5614d653b06b67e5ff24369816cd2a607e4c9be735b3e1b4678	true
tests/integration/test_fn_field_struct_param.sn	0	fe71f8b6a4cd00d95fbb37775059191ad6d9b7f2027fc9c9874b030e43ef8f0f	0	69bead82c06df038230ada652dee8b2776801dcc8889d9357174a02a2a83afec	true
tests/integration/test_fn_filter_array.sn	0	1b9a069163ff5848da5d3b6ee3473454bbc51aa96517d9aa7129f9be42f98b90	0	9fe942b627255d22fe149c54657f33f64b89feade68cc860ec7dddff8bbe6149	true
tests/integration/test_fn_find_first.sn	0	1a619022529659532b6714c23d461b6f42ab19438c92ebfa2a245d1beb679abb	0	a13c474975f0cbc6a6e2fcfbb9949271af0821a81dea14edb43e140c866097f9	true
tests/integration/test_fn_flatten.sn	0	50b1180611ef2fdeb59880a8cd55b4fb2f3b1380065b1fa0d4d85b27eae14019	0	1eec4a1ed66882ca9e25755e0ea52705ae5f30694928ff639de8ef3b2cd186e5	true
tests/integration/test_fn_gcd.sn	0	a78ba6d741ef9655300d5bac634f7c3eb33b51fe609273f68ce6792f96981884	0	f63dc90ab2ecbd0e35b7cc78725a56fc58458e2595f6ca1f32eb22f37373b0a0	true
tests/integration/test_fn_harmonic_approx.sn	0	a23980f793dba8ef488fa16f52035595e2f331ee881137558be1b2e69f53ba00	0	60d38ce86823043554f826ab5b631ceedd4b4306ee36f0584f5810036a078b40	true
tests/integration/test_fn_higher_order_apply.sn	0	53a0e577d53814b3c63a12ac1399e288080d3825364a9d892ecb256ed4189cbe	0	942415258042f92449bb40c6fe596e429a5ebd7c2b3deecc89c5402ec079bbfd	true
tests/integration/test_fn_insertion_sort.sn	0	8505e3df8503f76a792ffe006ce65f9d78f32f6e0b6856090f692091422fa936	0	63849006f38a9b3e6e691de11b143a08e1f5277ee36d8875723b701b35a9e025	true
tests/integration/test_fn_is_armstrong.sn	0	a85f2243c54dd34ddf19323aa2e0f422547df92956ee86b5702fe434a3e76dea	0	e62dc2371ae8b1b80bd9d9a14b73378226a778e7b456eaf0cdd0d241201d9109	true
tests/integration/test_fn_is_even.sn	0	849ee31994370fa75bff8b881f7e3e7d7843b8b33d560005403cd680fd970803	0	4ca03e69ba4e015ee2d6dca0a9672cf1ec74a82d004d559a281472e3eeaae41d	true
tests/integration/test_fn_is_palindrome_num.sn	0	0302defb8af2a5dad6d884a52cb97de22a55498f5ab22169fc42c483d4c2c181	0	4acad4e699700bf4d066a4c6b2869cc22cb4111cbd78ae6f7993e18fff1a4392	true
tests/integration/test_fn_is_perfect.sn	0	8728783836a991b923196a72ea19aa6d375d9e9ff684238c8adca401d08432d1	0	face685c3df859e221cead44eb2986066beceaf4330fc0cd8147e98333e7b9c4	true
tests/integration/test_fn_is_sorted.sn	0	96baa00f092f281e976b50a132ec51f2e710b75cfc607406e0194ecb55a4b41b	0	a9a4bcbe590ac88583a778a6fddd94f7772c77bec5e31a3b5293d93e30cfec8b	true
tests/integration/test_fn_lcm.sn	0	6919cfc9d2aa9fa20cf481c8732c8984b462e6bccd9055ba7b91b5553ac7a28d	0	ce3cbe347a21cdddd40a0ec2883aadf9e45450af86b1fd3ca4e59dbccac74b5c	true
tests/integration/test_fn_map_arr.sn	0	c57e21302ef984a9438bcc6f45f176cb698dcec90145f0a65cb83d0949d6663f	0	814191c638bca7fbab8d569c95e8f85d47e174b98869b2f05c1aebe56ab7f5f8	true
tests/integration/test_fn_map_array.sn	0	bc4e80907b8255eb623a5d350b79b6120a53b96b81a6e9616a30f975f0dfb03b	0	15769f4b5782cdc6d91a794e0989448b481691849109d5c580a6db753feb699a	true
tests/integration/test_fn_matrix_mult_elem.sn	0	5d7dcdeb2d0c04e9fe0c409601c324aa0d6c6715c4a48b2f99829b7d2dcc9049	0	55f2169d21b1c0610c72e3318078e71143c638f488772e04ee7c8af99bc1c821	true
tests/integration/test_fn_max.sn	0	d70ab9271339af075d1af2228f5b69d3a76b3c58377fe6b33ba1417b793f5dd5	0	25f5049c43974c3fa0f70712aabe4e4151330c5a87096296ff1277a8ad4e86a6	true
tests/integration/test_fn_max3.sn	0	81b6e9182a373f3e49ed5f302c8f4557450bacb5ca23e9b76caa4f41bf32ef95	0	4dd78f386b603817721f8830017285d1c8956913c94bb43cdbd9cb3d5e894165	true
tests/integration/test_fn_max_subarray_sum.sn	0	2a108b495184d0106e869c0791778ab8db0fe90035391d56f478b5af5c5c2f8b	0	8cf816922124bad7484d1a17e363e90664a91b253b154377b4c8c09e6e287765	true
tests/integration/test_fn_max_two.sn	0	4f49048e6b2a0be3509fd8f7446b282fd3d601f49f68a76e0f9ee7f6bf8eb632	0	ba528975494a4a4db1f140ed621f9ed249028b0687f3c2756a18f46cfe6a01d5	true
tests/integration/test_fn_merge_sorted.sn	0	8181dd5534c8379bcc2f9d7057376fa0504817207f0628aa851c5ad878aaebfb	0	9bc8ac717ca911947ebafa51b84992968722e62a9f10529440d5ed1ac7e54978	true
tests/integration/test_fn_min.sn	0	68fd71249672b973b2549d344f7cf033759f58f13f2a12035b53bb85b27bd510	0	cb4cebf1f3e20bfb98fad973989903077d64e26f24448151c413f7ba483321f7	true
tests/integration/test_fn_min_two.sn	0	3f06300237fc92442a4752af7e87539c92d5fe68249f64223acc44a13ff0b8d1	0	4c4d915d155281f9c3a589ba711c884730ba195b5d20455d909beed6ad723b5f	true
tests/integration/test_fn_moving_avg.sn	0	8be8ba616c5a72d0107cf7e6247b0bf52f97c0b70a66a23b1931d04f33ebbc51	0	724012ae78a07f31f667d621c58729540550a00a4766aef9fadabb49f6ac5ca5	true
tests/integration/test_fn_multiple_calls.sn	0	f5e28e7f4b1a695d1051cfdf33d99c150bb674a8e3fda9cdd9f0e33976243f73	0	53c69f9ee931b4f4a37cee1e3378edc632e7f5d8adf8225bc802c5637357b62d	true
tests/integration/test_fn_multiple_params.sn	0	69a47fc7549ae6a6e903976f15a26b10297ff8d8a0539e38a8202fafd9682532	0	1ebf911e5251c340a3c66881ed08632ad721a5a28a93597e5f5df2d0efc0526b	true
tests/integration/test_fn_multiple_return_paths.sn	0	85b19a2a80dd935412c6b6e00fd4d146e3f81e8a7d69f7e22e8ed60416e56f98	0	2641d55e6a2ea173339a90864654dd60b52d4e62174cf762b0cb2661ab607184	true
tests/integration/test_fn_mutual.sn	0	d02f5311093654cc8f53fad7fcc77b7a50cddc14437cd4bf5099a073a039b464	0	8d9ccc06a4249c69d2bbb5a2cbc2b66b08c5ccc8203098567ce3813705a35806	true
tests/integration/test_fn_nested_calls.sn	0	452fb41c7c21955f057a29e381e026a3814ea288c2716cdf8d187e8c2d1571a4	0	37ebc1194d5fce5bce52a3f8e92556d9bdc73551cabbc97304d69e90e99393e8	true
tests/integration/test_fn_no_params.sn	0	ebe552998854376f70330931febb0e390ab3ec411569a60c413c3d3264b2a943	0	e2231ad3cd6863fced144250d1787044f46ab61ce249e59b28e963b344afb178	true
tests/integration/test_fn_pascal_row.sn	0	4c5f0464f91d2c4d7cdcd10d601f548d24a41e3eb6d7ebc521aa2c8a1624efb1	0	3eda22de8e38d4cfb307d45641f4f2057852de3ebe6527229cd4daba943f8564	true
tests/integration/test_fn_popcount.sn	0	4083467b4d6d281898332c5f7d156d5fbc5589ecbb20366bfa062e99a701ae01	0	458c9284a3aa2ef989acc3dee4ca548eac0c7c5e3bce0939bd3384c7863c4d15	true
tests/integration/test_fn_power_int.sn	0	9be456c879b76cfaf6326cd15896ea852990a0a9f208e07f9bda5c17cb2754ca	0	e57cd76ae865a45880d12557c20078617b6a274040423cb828812a9e8f79555f	true
tests/integration/test_fn_power_iterative.sn	0	0183947e44785b84aa4b1b621ca7f4b40698ee82598acfa28e5b7f570a15d8a1	0	c067d9f72e841bc3beba3d6622c6791b0af78447cbf9c6fb6c458d09622350f7	true
tests/integration/test_fn_powers_of_two.sn	0	7520a1c6b7ba3b6aa3725763370eb74cd7d5d54c3f03d3dba5276f665b0d436b	0	9e0b62cefe894d6afd2380002cb9f79bfbc5ba89fc5845ad4ade748d276995b1	true
tests/integration/test_fn_predicate.sn	0	fec75d219cf9cc4f7901dd55474797c6598f47a0448555a0457ccaa42119e73d	0	1d6262997300e4547f3a5d6641332f4d22416447f6b31cd93be6c7ad1a5f4603	true
tests/integration/test_fn_predicate_filter.sn	0	594af789baa37a2dbcb362af1f883ea4e171397ab6b7ecfc4af023aea97d4c16	0	4bf9e1090875f5135babf912d21995038c21129c7df7ee133bc82b453e76419d	true
tests/integration/test_fn_primes_sieve.sn	0	124bf2318b43a7d059079be46dfe836fc26f19b80318b00511b0ca60574d1237	0	9d1a0744ed1916325900d2e6781edfc1ee992de5d1693937ec01abc4db62b531	true
tests/integration/test_fn_recurse_countdown.sn	0	5cbb7b93d53a49801d5626f95a0489399fd32119bce79005c0ee3749532bb297	0	8841bd7d56e9bd74b97d5b6d592db66698d8b7d0cf17ce4b81332c503906caeb	true
tests/integration/test_fn_recurse_factorial.sn	0	8184537a6b490ff5046a4e205d903901777aabf5c265d2919f0871d46ed8386d	0	fd6b1e3fc396862554be07f9c293e6560073b0bbe3a0e31b998d46aee2dd2a22	true
tests/integration/test_fn_recurse_fibonacci.sn	0	b437cd2f80dd93e679ae1fd5c248efb0a6d44135b20e2509a382e18632731c08	0	66b66635cecd2b1ca83dd86faa34cf3a017466735acbca5aa292708db3c68479	true
tests/integration/test_fn_recurse_power.sn	0	1a40112f7e02c6e5191df4146c182aa31ec3bc602554f8f194e53cd0638dbe64	0	91e510fe96009ccbd4c3030fed301c822826ed8ee8e28992d8e115cf80aafa3c	true
tests/integration/test_fn_recurse_sum.sn	0	69a3ce4789fbc0a8217e63088343617c41a3701d60904cb037fa18ef96148c31	0	f5c7604d23f8bf0b196300a4779302114d4edb41ae1c80d5a57e0a71440e570c	true
tests/integration/test_fn_recursive_gcd.sn	0	3f6527c8f70774ccd7ddbdc6609acb711403c1229e180fa5bc45cc459fa694c5	0	feafabf240c0c5e280f3a872fdf7912fe6d9176121896ad3c8709eb6ca7d9beb	true
tests/integration/test_fn_reduce_product.sn	0	3d02c3bfb3f882211e4c75a8ff32b114d848ee8c700ce095d284207199bdc60e	0	22297bd243ab181eed0dc5935cb05bf384c44abbe5978e1f69614a5dc07e16cd	true
tests/integration/test_fn_reduce_sum.sn	0	50756a9d61469eeddc75c59906375268a46fa43e9aaab0065768ef5588ca9bfb	0	c14350d5121055fde17b3126b4ea2b913d222bbe99afb940f70ea1426262a0b2	true
tests/integration/test_fn_ref_static_method_arg.sn	0	6ca517215d7023f79e9197d3c2d1a8ce34fa0cf27ae6ffabf18399c487a93b3a	0	356385f9bcdc61c128fc538926353330942677f2fd1a4021d5bf73735d25c109	true
tests/integration/test_fn_repeat_char.sn	0	47c806b56b51c2dde9e30fd0a667b319165aa362b0468b8ec359809f9a833041	0	f860d1ec9c3cb1fc70048e1411f2c8aef68328a76e98fc23974b4b15c5796601	true
tests/integration/test_fn_return_array.sn	0	2e410fc545400d7e6f6bc659aa073c4534339580834386b16fafc01677727c9e	0	d968c7c24579581c03c7ba6c31cd57c24649f330dcc25a6a5ea690aa5b9edca3	true
tests/integration/test_fn_return_bool.sn	0	69c3c017d5d28b4189504f353b257945901fc7fcaa28dfc984a0852116290866	0	a36927705830540fc0ed1eb0120d3416fa6a2694133bb3618e89bf92f0d22fd5	true
tests/integration/test_fn_return_double.sn	0	bd89873f1cd2469817c4c821243e0913d86c1fc8dac81b75d0ab2febeba75a9d	0	058dc6ac15f050c3be08b62743fbff701199991982d8033ccf2b271204d2e822	true
tests/integration/test_fn_return_int.sn	0	8dbb7bd32e25f4ff2835eabf0d244ab6d676eb5d1b96c1bbc90d47c1dfab7301	0	84205bf710638fd45a7c8323c67735ffe0dae3787ddb11cc41f3e247db70a93e	true
tests/integration/test_fn_return_str.sn	0	f4a956a97851c7624ff88d338b71cc45e85863e5be8a1195d0dfbfb838cc88f5	0	3f82403fcb084dd60db1c0e9d4ea189a9a90b38d77bc53c100e1c08843ecf934	true
tests/integration/test_fn_reverse_array.sn	0	a8f5d3749f17dff3dd69e7e13c50ce0298fb54910d9cf07efb7db52290ff67eb	0	80ef5f646c1a9d5e074f6e93579afa444799eac53f81ba6a12ce8fc7a9e8b90c	true
tests/integration/test_fn_reverse_int.sn	0	abc5e23b38ccea40cf0052c55ce62e4afd689f953ee2b31fe924ada5e16fc85c	0	14f2d4b6936ebbb481af7257b0de132c6f3a28296f058595c748868e0534f455	true
tests/integration/test_fn_safe_div.sn	0	40497d9585e7793173cb1e5c35c68048c47c251547ec6f290de1741a2f49a48c	0	9599dc287c752c7fc6a7ae5ed3b95fe103d58ce802ddaad86f5cba5b5f875215	true
tests/integration/test_fn_scope_local.sn	0	4edb32c759786a0f6353e3bddae9900b15aefa8736736bb77fab8afaac5f8ee2	0	f1a66ae8dcef103c1a17f50e77e2821328dd80b9c89ff2f98d53226ee670bd1a	true
tests/integration/test_fn_selection_sort.sn	0	e0cd221b49eeeae75c2b0348b12e4a66ef00dc085e45bfaf4ed78b18335dfddf	0	cb5c7cee2a4c925eea99e29bcaa18368999a197f5bd3887f2900090efb663683	true
tests/integration/test_fn_square_root_approx.sn	0	9d9e9bead3e29a4e77c4b089c4d4330fcfdceee0d9c78191ba7a4517c46e841f	0	d515e500bf3574b75cf12a5e2552b8ce0a990fc47352ea7c81eecdf24db3b045	true
tests/integration/test_fn_str_operations.sn	0	c3dbd7c21877395effa5bbc9c2fba4c253e648f9cf847ebba8ecacf5e8eac467	0	4197d7bd5a17af69d963b10f6e27be3f7686cea28cc8d68f2cfed32fa7fa02db	true
tests/integration/test_fn_string_builder.sn	0	54296139965cd352295fd51809e34c2dab0c61c2656bacaf3d0b63c123f59884	0	3d023c80d0d6f8a5ae3ae19c8fca59a4babf400ef558cd7823aaf37d0688345d	true
tests/integration/test_fn_sum_digits.sn	0	9da256b4e72e9d1d0499c2e1f41b58170f637e9291490ff41a082dd933fd1048	0	2cff28bdc4af468e1a9b748f1b13237f6ff2de7064f58d0e425f5c56546a3d99	true
tests/integration/test_fn_sum_even.sn	0	b50d6f1bbe3306eec24c8b55ed838a9aaa0b9e968913db0861059abb57ef127e	0	83438a148fe3070afc9a3a332c0496b393532d401eb35138247ed5113e499cc6	true
tests/integration/test_fn_sum_odd.sn	0	6a863f722faaccbcba4d4dbb255aa12c48a481fa2be3116d7df07c3ca21df224	0	067816c8acca90d1f9e3c4ce7c0040152da21595e2d91516556b39f5dc0e5fa9	true
tests/integration/test_fn_sum_of_squares.sn	0	34a5a9917c0d9677735948ac66f1fcf8ce1b7ab0afdd3596b08a7e257cd8cd5a	0	75180473fa73a34fa4e9c925b8a9ce556bfe53ef4488ec51095b02a1f51d1ceb	true
tests/integration/test_fn_sum_range.sn	0	c865026bedd66f036e3731efbbd399debee4e10fa48c55b02e405f8b88331fa5	0	454bff7b78471100e686b290cdd033bba85b32327d607902cd02259277fae669	true
tests/integration/test_fn_swap_values.sn	0	785c87d4ce2a0c9fbf94257359884c0bde5259740439972bb9f63fc3445bc491	0	24c5fbf0412a3b0ad1ae572f38c090001976a9aa160636574c8667fb8e948416	true
tests/integration/test_fn_transform.sn	0	72591021dcb642be2b843d3ced1fc36bed21b20ab8a33cefb99d0cfd037656af	0	76cec7db19e2827f39daff92a59d368f4e4bc740e430502f6ab66b9c2e802fd5	true
tests/integration/test_fn_triangle_num.sn	0	23502c7c8d919d746f659e6bf129c4d614a306272ff6da4c87f5d9ca2e276239	0	e34a014ec7aa2eed94ecb57c4557037656269490c3fef406de498e05e4611654	true
tests/integration/test_fn_two_sum.sn	0	23cd9eaf08d457ac1937d40239d6ff96214820fa66bab9e2bc4c8d82f3bf522c	0	ed70cfc89928b12712171f9e58712baa083239416f08d6b6bf35a010b9d43d70	true
tests/integration/test_fn_void_side_effect.sn	0	ceef3a3768ed107f39fb0354b8cce926939ed39ddabeb4ae5836dd5e2f61cbda	0	6ebf801059d67ecca3280ac14cbbabf033eea5cc3c133855fcc53b805f3a9c57	true
tests/integration/test_fn_with_match.sn	0	29a0bd54228d502544d74acba2fba3d653cf82ed58c20aae3ccc01b0902b6198	0	e631deb8bb1ddadf69af49c17a212e3e21bd6ca1ee8660fcb270c9ad662e8d12	true
tests/integration/test_fn_zip_arrays.sn	0	01982664cb92c48bfe09bc27b4b369b10abe7420c9b8d8a5042eea58ecaa96e3	0	e46af7697c5d21a0eb6e9b1599a4b9daefc718e32375be91ebc501f9ad9f5281	true
tests/integration/test_for_accumulate.sn	0	73d295c22d2ddf7c3daeedfa0d610323d7aecc24ab15eb997b3811328eb56932	0	2ca5d3fcfdfab053c9d7aabdbd95e857877b1bdae1557d528874eec92a24cabd	true
tests/integration/test_for_array_build.sn	0	80390e0f41c4d71c424830988ced3da5dd97af9be3debd1563b4b9031628fabc	0	c0f847da9fff8db5edd35f719dfcff21bb06df152579f04205cc6a59f70e6d27	true
tests/integration/test_for_array_min.sn	0	c0baafcc1d4216d4754d1bde4ca59002531cd74a9c58a5c60fae44359b8fee88	0	ce355c128226ae12d61f6222d57ccd569cea918d584461632768c28dd1f68b29	true
tests/integration/test_for_array_search.sn	0	0f0cbffdfef79152927aabc18633cd315ce83a96fb8559509d9dda3ec15d71a7	0	d77dc23bebb4f1d55370036c9b0448fe238528079b33e5187c892d6b0d7b3806	true
tests/integration/test_for_backwards.sn	0	e023351e3f497f334021dc6fed9d07dabcebb716277400fb75d8d9e179e88d2a	0	c9a115444d3be1f0b75e1b20f263946df8d2971614ecac5ae1d29a14a9c88b8f	true
tests/integration/test_for_basic.sn	0	aa87025e1540fe9a3f45e4dc50f8cd6fa72cf237b3d605b16ecbc67315b9067a	0	5f99da70f84b585a8149130878bfa82ae0dddd1ee84c2e77d38fe802add815c2	true
tests/integration/test_for_break.sn	0	7f0529cb78f25d2580278df60d433a4ea93d0ecaa4e07e4797a44333aa5335e2	0	24f37533970bd45a0a8bc80875a194a282fd9688ae7ca6cab97c8a4fadb4fc47	true
tests/integration/test_for_break_nested.sn	0	46a5315e5ec5a3cb680a90b82e15e976b936b30778269a781c9499745756f14f	0	a9342c457347d7376cd25d79ae83e002a69f66132b03a22e6a9c52bf23cf7064	true
tests/integration/test_for_collatz.sn	0	e1b08432910e51feee0e864d57ed5a47c44bf73e0f5950ae99ad7e3d3e25f89b	0	9c887719d2f2c62c278a1ad56c8f6e805ef9daef53a01d6d4e8d52eca8ae6cd2	true
tests/integration/test_for_conditional_sum.sn	0	8021a2c4114bd6a7c9d0ae743c843a2ef748073edc36091557416862090b9b79	0	6638a350457ccf89ae9831fb0902acffe2a88aaac06bd94794b907476a5812f6	true
tests/integration/test_for_continue.sn	0	97c99453ed7d796e4da720b94c71e86d4d451fc496edd70dc1bb97f078c91b27	0	fa23b57bf0578bb9858473468a9f123b0c00a0ca6d08c59dd5c54bc166d085c3	true
tests/integration/test_for_continue_skip.sn	0	bc993bd756c65d0de23505b985652b1f5545a0c1c19fb8be54a85200bdbe5c85	0	b7cf7d14cc154b408dba77feef2a0279ec2edb269b54ed0c515ea164b863d8c3	true
tests/integration/test_for_countdown.sn	0	0470b6a1da2092430865db6f1e8fa95277b09bf55195fc4594fd2bcb66004928	0	460202400a063336cfbfb896e76726b33bdc8d9cabfbcf0e42f53215e15f97da	true
tests/integration/test_for_empty_body.sn	0	aff046283506ad071f0952c68e21626427962f988e3e5128d9d277e10d1d50ba	0	4e5b9ce8f430315dc3320bcd352e425613270291fb566444357ef83af3d9b69b	true
tests/integration/test_for_multiply_step.sn	0	3cae8dca2874be0ccd1909d4fada7146ef5d2b72196c4742d477055151757040	0	dfa9112393d575e087f315a54545ddca82de7c6285b6017c184d6d77afe41061	true
tests/integration/test_for_nested.sn	0	89c6a021b444155ef2f53981e38cd2665852544f0f6b9cd8ea73919ccbec1f00	0	e22b69b0794dd75a25f309198c25619d0a4c6b81ba8586096257febfd6f96168	true
tests/integration/test_for_nested_break.sn	0	b24a732c0e2e975a116be0545e579666857dd55f35377c65134fba8ace4c786e	0	a4f8a6c10e918d99ca408d5b4f1b431ad0ecf2861e0aadc51f54749dc0ec5519	true
tests/integration/test_for_prime_check.sn	0	8b685350c74dc2e4823869a7dcc23abaa864a7e85bf787816980dc327cc26db8	0	54f77e5bd9c03e0fcdafc35636d2f93485f54a83321a87e98f4bae71020dd52f	true
tests/integration/test_for_selection_sort.sn	0	ce1f28ffeb912b5e06c11b56696907bb9bee1daef8a12aa27bc6c8dcee0b0bbb	0	43ba698ce5fb33c419a53b0f2071b7c118bbadb3593957caadf2ae4f83620f3a	true
tests/integration/test_for_step2.sn	0	879b3d3cf8905cb675510f2d63b3727a102acac678b4524d5aad7bf8ef31d8aa	0	f246a0cad7599609d71fb613c09b552934f46a2a63dd92ec51586b8370b840b7	true
tests/integration/test_for_sum.sn	0	2d79165018825db3eab700540a7a15949867ec01c0353d9f7db043c94691865c	0	02ea8f2c1897bcb724ce6ea4c59cc9b2d6003a64774f884367781600e7a8de6b	true
tests/integration/test_for_triangle.sn	0	e998dc01fa33e6055a7d5e2fb2ea97487a9c7188c745547b1993c7ebaedba05f	0	d4b9b56d52399e1eb2d63201c4748775c4e31a7e569259aa4f8a11978bdfdc25	true
tests/integration/test_for_with_if_else.sn	0	18912b59aefd9b22943eac67a913cc2bd0f620c02a65d11b8e3f8836925dc5f7	0	c1b35e8c28e364b594afa7558983e2105913b822937adb44dfcb438103bcaef3	true
tests/integration/test_for_zero_iterations.sn	0	9984e5f70270285652709d21d5f99ecfcfce291777ba25dda65df0327c7fef00	0	a0858523a0c1f11cf77214294901dce98662ccd8ab1269702f816ed6ca7b92bc	true
tests/integration/test_foreach_break.sn	0	699aa16685e827fcade26d989875256d1ac9918d795a835aac133251846962d0	0	5448d050baf98dbd831264f7d4d9ac70e762b81c79a938fbf7c10297323e601c	true
tests/integration/test_foreach_count_evens.sn	0	c13fe20ec7226f8a9627f896818be966cce62e590c08f58de00de2634c5ec836	0	1243aedb656c5a4ad5686bd154c92857c2ce11acad997acb8338da1be4d897c8	true
tests/integration/test_foreach_range.sn	0	51e5386d76a022488ff9c03a7601c97c00a94aabc4b05eafabb2d141c9d1a81f	0	323c10567e123a4c8e5b2fa9bb681f747d348758ea61dc2b2ece9e458ad33e6e	true
tests/integration/test_foreach_string_array.sn	0	fdc3284473da5d6ecafe7145fb4e7999bf28524cf9c4bddcdb6d92415bc1c139	0	bf6caeb94b0936b1b268d0341a8ca519b7ad8f8ad7baf167f964d506e8566e1f	true
tests/integration/test_format_specifiers.sn	0	d6107d53b2f85aeea26866ac025996614127fe5def8be4e99e1ab52150e908bc	0	a878cefd7fed4f7f4ae6f5e7cf17b4149dc17ddd330b84dcd71eb25158d34e66	true
tests/integration/test_forward_decl.sn	0	77019a522aa726f0e4886fcd8fd43535dd4fff67735d0b5f41f5d110f3db6a81	0	b8e0161f65cf47fe82cf267bd16525d0bcad53d70e5d1e22cc7f6fbed540f620	true
tests/integration/test_function_pointer_params.sn	0	79cc2bdabfc666683e36efc7ce3cbfc257207d6d348ca87b4fb9d918c2738888	0	f6620adaf1d1f8bfa61c5657777d348bbe3f69460634c90c6e757e674ce1db59	true
tests/integration/test_gc_early_return_uninit.sn	0	8f81c05780ca2dadde81d7ac72c40a23998dd1fc7f4ddd1d10e65511c40a8b40	0	f4201f7fa9d5a1650983d2a8f170db17896adf095c91d3d25a79046895ee713c	true
tests/integration/test_generic_multi_param_iter.sn	0	f693f76f69aeed061f0707a78242e58abbf040f6cdb986b9f81b476f70b8d022	0	bcc280a463fdc83d375f87b3bc1628b3fbcf7d652a6b56805f07143a03cec809	true
tests/integration/test_generic_nested_return.sn	0	77577308db452daa9046b2352f2c4dcf63b82806e5baa3e1528cef8be196d181	0	95284526cb7917965504f159c0978789985fb777efd21e4e1ab8047671d59af5	true
tests/integration/test_generic_static_call.sn	0	03ab04558e54c65d3d829e9fd3b86bf1c173481868a18ab2af77804424bea761	0	ef88c1b396cc6e51f7cc8bf3aaed0ba74a9f9dd069ba64d6d4ac7984766dc41c	true
tests/integration/test_generic_var_T.sn	0	fb635c843275e7e83208a2ad81aa3a67c683a0c99c33821bc265821a57833c87	0	d4d1b1b4071e4a01700b502daaa91a1c84cc13ec3256eae0d38b68e81d601f85	true
tests/integration/test_generic_wrapper_value_semantics.sn	0	afbc34afb134b7b132d179d4d7d8d10f482427bcd069e507269496d57704c967	0	5a4338d08f97c9e124f57d58ae001336c37c069b467f57f59f172eeab5e926be	true
tests/integration/test_generics_functions.sn	0	502df79850bfebcab93c081593cbc60f7bdd0a09664070bc90548477bf178c40	0	d009d72e9d04a463938607d6a9d1b238cd23031fe93f38d4a303e99017a41c12	true
tests/integration/test_generics_nested_inference.sn	0	86081cdbc11e96c0f15c5be2e7787130090537041a301f968a9dcaa991eb0d73	0	bddfdddd3a2d89c860ab6558a19da10e4df8ebeaa2b822e297b95c9f2549a6a6	true
tests/integration/test_generics_struct.sn	0	590601ee9009087c9b96898c568003edb412c2be262188554f9410b78688400f	0	a0ff3fd31788f99f757ce55cf1613fe3d61b6b16ca977b5956b8aa885603651a	true
tests/integration/test_hello_world.sn	0	2a7c8cd9d3007bb788b23873908e858a247b41d1aa2d18861159a6126697edfb	0	18036e2c0bc1bcf46f9834f4486f66dd63d08fee668e0c4cbb751df09d72cf20	true
tests/integration/test_hex_literal.sn	0	9bb218912a120d61e0de7cd56b41f95625693261d546f678df7deaee2482d553	0	f2f03fe8c5368d1d476742c2667ff27950123f186be4a536c18b17e8bdd4c359	true
tests/integration/test_if_and.sn	0	a16304fe69279d64988c7fb08a73e865ef03cd81ec975be17c9b5bf8be8d8826	0	527a9d5cade659065a408ba1a8c314dc25c40cf6d27bc275c21c5750dfb2f544	true
tests/integration/test_if_assign_result.sn	0	cbeeade40142ed42ee14cba14c01c5185982b5fd3bc906f86d46767346e305e6	0	e0c17a3dd8c89835fc01336f7d8ad9bd8c049e7dbba68352e00150282bc0a48e	true
tests/integration/test_if_bool_var.sn	0	1cac92a0c9172008e764a16f01adb3dc09e6fea037568d13d561309669862ef6	0	ba5ea18fda6374ad5a2c2ee5021abd98a33a89688cfe902d7e9fa98cb1dab438	true
tests/integration/test_if_chain.sn	0	cd4ff6486e08c09a00069797292f69d30acb29e15c9452f975fa8629e9f561d6	0	09a7c7fd2997878d83de158e7d0d2bc4ac57a7dbcdfbdcc343b1a736a2eb1bf0	true
tests/integration/test_if_chain_long.sn	0	de23945ff3e0e49d512d2c2495b0708484d2c4f9911ea67286f963b01725433d	0	f384d5885708c16f21fb92cf0c5fe80adac83ed26003e4c529e8b540fe2a8642	true
tests/integration/test_if_comparison.sn	0	904d897838b3070e43b4a3124a07849adfdaab828ab1f1cafff478a5be7a5b91	0	dfdc836297066dd722c8f79eed8571b99fd70638d3fb8b0684a8500bd54ca22f	true
tests/integration/test_if_complex_or.sn	0	1847946c44ce3b1cd326476d78156ce37d81e8faa1f4194284bf9efb2560ece0	0	9d995627069361b85c515fe95b973c6517023d6d6c8f5c0bec9ac74a78ce121e	true
tests/integration/test_if_else_false.sn	0	53afce19f4ef554cb03e6d66f6b5018802640d337cbedb6697f237740dc72761	0	28bd2dfe1d08ad8d9987391233292b2a8cc9a1fa8fd94db7d41b78d75ac5fabf	true
tests/integration/test_if_else_true.sn	0	8c87fa46c410e08076acd9b2cde0e2df080ec67518193b351843b6fcebba0a8e	0	4996a0ddcd4862cfdfa596319da74c006cd99e0e6def58999d2f46dc1e1532fc	true
tests/integration/test_if_equality.sn	0	395e581823ce310b7a32c7004d0a3f437d77a1b1d675a915f539643ed3a34242	0	0f9c765920c065b5efafc9a2e14bc238d781092396baca291bc95c0f6695fab1	true
tests/integration/test_if_false.sn	0	ae92eab38381422a80204c7dd643e4cbbe5e4403a0bb0ca53cf81b4a9edc6020	0	84a62164e1826b23827b08201abf8fd0cdea156ce7bdd6833bb74994fb7075b1	true
tests/integration/test_if_multiple_conditions.sn	0	50145ea76bf297aba76b14b8620fdab30ac1ed42dcd37f72263b5b00ebf638b0	0	1f581366b2f8f06051f5d483062788ad4df26b3afe8469803e7a631a1418434d	true
tests/integration/test_if_nested.sn	0	12d9f84a70c77076a57560b7c76b41242d005e23437042a6edb6f2ca0bc15b4d	0	031f28091d7cda78bbc27e09003aebf48e97c854d7e1d45aa5819106ce7e4cf7	true
tests/integration/test_if_nested_deep.sn	0	898c65a785d63a216af9dc58112c984fac87228e8b9243d152a51d34456f2f0c	0	06e50b09088911018b673200baabf087a9f4ffb3be04f83deab9b2a834925840	true
tests/integration/test_if_not.sn	0	fcf0bd14008fc41bb322ceefbc421779042fedbd3aec9192b2d3ad259162c596	0	472847574b4453cf7cce89f9c520d4644b8020d96b79d9a74b862ffc745f882c	true
tests/integration/test_if_or.sn	0	6e01b6b89756383bbaeb8cf4325008f42a78fd0c73179016d2f7d3355ae66794	0	c249b825285f33b08f648e0c099b9715b3b8fa244a58836be37fa1327c104d89	true
tests/integration/test_if_return_pattern.sn	0	386a58828ec5570fd29a9bf6ffa62b38c4a6b8cc528414d3acfaf4acd54310fc	0	546eed0a3e6fc4a8a51cab4cb18805fb4fcd9f661ddba7e903cc8e80900f9f5c	true
tests/integration/test_if_string_compare.sn	0	0fb0051364badd7718e6da97340517bba97d38e3d7044eb2793544dcfa8aadc8	0	5a275acd8286bbdaf533d26426379575a5371a4f5d6ad28c8a6bc71c1ed6223c	true
tests/integration/test_if_ternary_style.sn	0	010b92263d22b7a3c893edc0ff0480bbfe619843f70fca421b95051b40a1118a	0	a111c5a374e2984c1a321d138d7c897c1e534ba197717bf51954d1271093d466	true
tests/integration/test_if_true.sn	0	d693691678da763bf290f0c8a352b453467bb7787e78aae4dc6e23542e98aa01	0	051dd3450b6b8772381a2b0f90af4f1239b231af3040447f2372f234b48a8534	true
tests/integration/test_if_var_scope.sn	0	78129972256b8e1c96a6e3dc2d03764beccc0784cc1893e1dcee18b347d76846	0	0d04f52d51680e8189b0518edb5ccb28b1bb7d93321db703af6bf820b2e787d1	true
tests/integration/test_import_chained.sn	0	5f3c79bb8a5e924f32baa58574768690512bd8899ad8e3ec5174fcad6618df86	0	151b8fa7627caf564ab44405a1e94a4713a0b8701aab7aa170e73da52038a0e3	true
tests/integration/test_import_diamond.sn	0	deeade657228bc6d1e2694851f98b318accbc842c46d33268e2a90b30f1f3c35	0	1696cd07eeaa08250fd4b86ee18580b089ec44c183f10f1a2c6e4ee82903f0b8	true
tests/integration/test_import_dotdot.sn	0	047ac33e8bf69a4b6f6963821d34ffd6eb45997a16acde059d6506e39e6d9361	0	63e0e3a6256119a12fabf1c81ac63382ac012cc8a1f8d8e422132e23fa027a35	true
tests/integration/test_import_fn_field.sn	0	eac7eb6ffc3c7756f9a87c9df73be816acf60f152c761ac89b70766895b964f7	0	76cb6152bf0fa730a9db3999bbf2d5a88a9940bae0e00ac5f2b416c7dc896cae	true
tests/integration/test_import_fn_field_chained.sn	0	dfec4e183227197cc746246ef0a664c452e1b66e40642ca2ed50073c1c026c6f	0	190835ba65d1ca52c3ab020767f1c96a4457947a35f4167f2a52bf8e421d8f01	true
tests/integration/test_import_lambda_capture.sn	0	e77c8eaab17428a43795b801807ea7a4de1eec06a023fe9ce4d9195c85b29ca5	0	99061fb063844f5da50675af9593dd19237f7ecc362bdf529909a205e80603f5	true
tests/integration/test_import_lambda_no_capture.sn	0	a172e0e98176f33b70e65026e5a8c5569fc5d06bda85fcf4d16bc4b95e323a88	0	a91b83c45b517ff25bae27cf2a8836adc4922cef43454c22e26bf76d46613ab2	true
tests/integration/test_import_lambda_validator.sn	0	98cbcc97c2ffbb4a94f38957437988b1ae3e722e57dcaa39e8462ed7867f3b4d	0	a9adb73385fd93b0b7c759a5673552eb8e8e06da38020f30608055c145439753	true
tests/integration/test_import_module_collision.sn	0	3974cc61d4c548ebbfffe342d4299df37b7dce8da824c94a5f8f22c9726ed371	0	ca02a33325b88da8c2f49f72789e0780fc8b2e3e5d299721d74f64e6f20b6506	true
tests/integration/test_import_multi_struct.sn	0	513a5f963586b3ac09c1e3a6b89530843e1ca4333e28636ea8bdafe3537cc78c	0	74c3875e87965b3d152441006bc3d0947e31bfd3e039fad06c00c66cd82090b6	true
tests/integration/test_import_struct.sn	0	6714035b59826f27dbcc8933b518272df2a1586bfb7157c6e464ab3d3ac50bbe	0	7f4ba899b880ae513806c89edf08711b2605b137cdb9fbf3287232b354129626	true
tests/integration/test_import_transitive_leak.sn	0	bdba5dc697d6b229d98cb03ec3421ded9bcb17615a619ba9c33160bbd808abf1	0	2c6c8268f941e0b6e394b29fb709b140944cb90bade9d0daf8e9822d889518e7	true
tests/integration/test_inline_pointer_passing.sn	0	abfe98652f064d69d4425c04e587256cae27bd901cdc7e59ded9f61f09414add	0	6d9d1e0e3dd02b1c158c9c6e93963df860c7b3fc715cc7171786b063b2421623	true
tests/integration/test_int32_arithmetic.sn	0	88d5ce06c871dc84f0cecc3c6af6f440761ba0b6b0cc618c78e8480959f3d033	0	00434dbffd864696966b28093bd00d7dc13d5ebbd60d80feaa8e901d31c45f9c	true
tests/integration/test_int32_basic.sn	0	687bbd019991b7f398e2b48196cc663ed6277a3145c5f88212367c3888cd316b	0	da4d32cb92bf4a3e9ae28cd468795455619b5e2a3bdab86c321192ce7a742663	true
tests/integration/test_int32_negative.sn	0	92b520aaf9b038d733f8d3c708fd75ce290c14cbd549d5cb054785fd8c1b8d57	0	f41ff7d5ef2d00541267261e843b5ff63b4cb41d5be7ea81b3464e2241955671	true
tests/integration/test_int_abs_value.sn	0	b346f5586d47b41c6a9bfcc02ba5d8a9af09a6f43b4ad11ad2e8a76441a6108b	0	a434658ba318728ad8c513a90d01f4cdeeca88f76e462d1770de49c6e3692cff	true
tests/integration/test_int_add.sn	0	cce23a702baed5abb7b43c5328dbc3857c9e40fbafa303e352d27e6a6aa3523e	0	fe551f7186561586b8d86b88b3d393cccc7b1fb783fb76879e459dc05a74b843	true
tests/integration/test_int_assign_chain.sn	0	fa8706090dc820bcb7da0b5819eddd6f8c56654445cdd56195a597a08a9274af	0	7bdfea061323e62f9c1f6e0f471f49860a6369565726d6dce4452404bca761dd	true
tests/integration/test_int_chained_comparison.sn	0	6d7181f7f5a580df91db4bda78e2af3ab679412e2f310f8a54bdbf9b1c59374e	0	ac0a0c63f53bf68526df7df66687bd9d6cb00f3c030655c585b1dd7258c46272	true
tests/integration/test_int_comparison_chain.sn	0	c736d36186ab2108c496966eb3d45b8354954399103950ef16c9c57b36310626	0	d34a40cebc87d1742cb117101529c1303bd5fb2b8408baaac69f52adbdaf4ec2	true
tests/integration/test_int_complex_expr.sn	0	cdf03b4906663e5c8e6a823587ae1ca5c6153348fdc95c330fe7bbd8bddb406f	0	0a56b9ddf073b890a39d0e96870be37c4efcbb580558965120530b83d47e1e08	true
tests/integration/test_int_compound_add.sn	0	a76020bac1256df00b384f09ed334918247d1ee7df9cbe6f06420b1c4d425f6d	0	ca74443c1ddf473719bb2cd01f1feb80ad645985895ac00760303e6e5a1dbd98	true
tests/integration/test_int_compound_div.sn	0	44faf08685584f8aa78bca134aa47af84b36240d3197a797d1a970eb631468e2	0	60839023a35a9d9a5611fbfd37b5086eeaa4a3641fce2b9e9d1d469a37ab5e9a	true
tests/integration/test_int_compound_mod.sn	0	00646fb3a4281bbbfd770d0b3c17e2fa7a6e5687991b9a5ced34763f19a28906	0	549a5986e2922ac44acc7c8721847f433fb6900ea495f63997bce820587803c1	true
tests/integration/test_int_compound_mul.sn	0	01a78a34495386ad054a0eead28cf2d35ccb121885e52dc3a40ca7ec4d64c26f	0	2fd76207ba9589f533f5f9e58f9d911ac5b34f7852d562efc25074ed39a7ff5c	true
tests/integration/test_int_compound_sub.sn	0	63cc6e15f3c286093589bfcc2aaeba1d0639e0019617f49071c85218e3ce7c1f	0	89401d733a0e6f7ef0bc511bc4a8c33382d8ebfbc2e319b6e5a532f3ea7635fd	true
tests/integration/test_int_decrement.sn	0	aa08ad0a9867fb90694c9ead7bb75ccfc26d82ffae61734980b7d6b8ef6b48c7	0	1829b51272cc3e80fd8f1a00d7adbb528b7ee6d208de0961b8a78e1230b53605	true
tests/integration/test_int_div.sn	0	308c953de55cbccf2799a82add7ab4288e9d307c70293cd9def030c75f1ea54e	0	97a74077cda26f8592d52e9f98e6f494a93a1abc8190d00689edce79c29a7608	true
tests/integration/test_int_div_truncate.sn	0	f5187f92d9e280ba051f717c70187b9111d9cdb004c4b4b63bdad95e5bbd9a04	0	7f956057f14cb3a220e0d74ef32a6850254a1510502cc27178030163dfea1e75	true
tests/integration/test_int_division_zero_guard.sn	0	2a4ce1765bfb3e80f975fd4ab9f7b4bc5be58f403e83744e32f0d2c5b7563f92	0	bfa2121c1c7c86598be2b443de1096ba571aa80fd208a2634d23e6a1b30e60fa	true
tests/integration/test_int_even_odd.sn	0	b3093dea105076c2dd86aea716fbb1a52e4f207739bf83758333f7e2d10e8edd	0	35ad3983b8fdebc814104411167e3b10d80463e5304e72ca99eec5523466dd9c	true
tests/integration/test_int_factorial.sn	0	2a07050f3b038b62ab1efc2526728d9963a1e522095a2ca0074d65a1f569a1fd	0	4c62a63a2e905666b6010e653d235f24fcd6daeb949cbed6f045acd58c72e65e	true
tests/integration/test_int_incr_in_expr.sn	0	b0b06227b2e533f68590b5194b372afe27e7b7cd78df08dd7b536825dbfb8647	0	d485314a47bda6fb8db7222323875fcdf520b258a9056027b93d5ec91a3a5163	true
tests/integration/test_int_increment.sn	0	225f208e432c07c53e7aab312fb08800fd8c334811b4825cf03878d837ad51ec	0	498cf0a44dab8fded60e99609096c85555f2b9b16d5efbfbee3d14f15f1d9654	true
tests/integration/test_int_long_compat.sn	0	9b950e51f2257b007dc8df74d8ce102e195c6f70029ee161b67e797cafe70e66	0	837f0736cfe03f0d91424564961f20b00c2d6e9e6df2f083741a3f6d0f8d6b5c	true
tests/integration/test_int_max.sn	0	f545ae7f8544d3db0562278a4ec6234a5517beac42d66e8f2e11e222eb141f1e	0	1800514ec52d83ae9836cb583e2954dbb0356f983df1dd59f75ab7cf449ec7d8	true
tests/integration/test_int_min.sn	0	e6e38642aaec19ac75a919611857f7d4317e7a31ac6950c87a005b4796721917	0	73ad6a04313dbcf796d568f6c874e11ffc876407e11d630d86d3fad75cfb0bf1	true
tests/integration/test_int_mixed_ops.sn	0	8cb07bf3e850e8b5ef71dde0edb1d3a779e741b1276cfc97b562de1f6673eb68	0	fc67ed2c2657090c8b7965a406faf5aa56be42d974d5616ec5899fb2ba3e32be	true
tests/integration/test_int_mod.sn	0	d274a39cffc6b2efb9ff6e6ff434c385e9d976f8be13b3f9da9ba799206e61e3	0	384adb73b227486faf9d5df4e2314e692b2d2c8d884bf7a00c63a128bc8f009b	true
tests/integration/test_int_mul.sn	0	43716c8df19ba4fe1bffdf623a266b3d5b8ac9bb55e25513042c0235f8ea0c1b	0	c111d8a2a13a2db5fc6ddfb5c7843fcadbf5cd21979eadd0b72fc74d9d377064	true
tests/integration/test_int_multiple_assign.sn	0	7b422f5d3d2b347d1f72147b63b2b133a7e477b17262126e8be37a53038d2ff0	0	65fe293df068eea2039526263242c85f18250179461bedef7fe6fde4bdc3cdd8	true
tests/integration/test_int_multiple_incr.sn	0	f8d5173b8e2c141cc79fc90b8ac3df1d8f85492d0d8e1dd643adc4d574496c04	0	fe720039c99dbf33861231fbc6de4b9c0d238961bc64eb214f1cde52a533edba	true
tests/integration/test_int_negative.sn	0	5fead533abd7f13c7785ca8644ec748b0e4e695ad97bfee17000c44a9b890f70	0	37d126427fcb38c3cc30e6d1c5208a2efa30c25fe6eff43c6aab2ff9f2c92104	true
tests/integration/test_int_nested_expr.sn	0	3b32d9daa1f664a5a12e98cd1b3f39ab3722399b3cf75b9cf0e0ac0b2e638d5f	0	4eef89215e40145354b620275529d91900dbdf776e2c3f146cad9aa055bc4d0c	true
tests/integration/test_int_power_manual.sn	0	bd10ec29b1ef2cb2a1c9c6f059c1ec083d1265219b8e390919fe28fd09579454	0	588bb6a961ac67eb27ae6c10c0c1352347d7e568b133b0ee13c1b4846f26246d	true
tests/integration/test_int_precedence.sn	0	497dda8a88fe15315c621864a3d2ebe00633a14d52f56509e7089e11afd80159	0	17b130162b801a0187dd76848c90d343bc232b8ec6875142d29afdcf31cda232	true
tests/integration/test_int_sub.sn	0	ad84d9bcd528ca91004e5b308325f319b354209f47cafeb177cf3f752e0c36e4	0	f602002e8e111e265b7da00c0780a0eefb6585d827b2d3f5a148c5c2f0593c9f	true
tests/integration/test_int_sum_formula.sn	0	3de18970cd1f1a137555d47a0ae59b928071d0b7c3665e30487b0cb9c9875504	0	c144085da58cbc0f32fb77a1256ab04101c7ed74d95d0c1e80b2dfd70f612a61	true
tests/integration/test_int_swap.sn	0	5404853310245989d000994d028d7b4d8138562b2afcb326e150d71040ca09c0	0	ae502bd81f9ffeee64731050fd01fc7d7bca394d5f709e31cb6aa7e75c0d71c5	true
tests/integration/test_int_unary_minus.sn	0	1822400ffe110785749a0b11d1313d1f5289f64d03f59fc2a5e496453ba43dd0	0	37c8f4d5bf31f6d5966a465730b8236473cd3b2059f11398453736feaa9bad6b	true
tests/integration/test_int_wrap_negative.sn	0	d3910eeca7a5f38fa687a5eacd5a77333bc7ce4b7a859d04dce058fcbcd8defb	0	710429bf2e1188bd2baeebecbbd94522d372d8a641f3a3b0a237e3c14bf4394d	true
tests/integration/test_int_zero.sn	0	6d431c18c17e1d53f6f6541876b7bca13ab466661d4a430ac74dba0e4670c1da	0	2f1cd56768c3a034d64ab83a87b8df5a0b1d30fdadd7d8f39eed6ae15e0b95ee	true
tests/integration/test_interfaces.sn	0	4ede842b21ce1377851b96dd9b8a66b0bb101fc18d6d740a049be412bd6131b7	0	6384ef91e23a9695bef23e44fe491b663e10d99480724c1f6ba496bca4882e16	true
tests/integration/test_interop_callback.sn	0	c819b2d0beec9e6821003577fdcd40c745c545015c10be849f1982f8bc6dcdcf	0	4d2e2fd7a39b3035fa8a2b173623d91056d802fc2d626dc0103104182f06f39c	true
tests/integration/test_interop_comprehensive.sn	0	45d61d3d975cb7e87978374bd1d92647984983a03f624963c1c971f817af1e55	0	a4b33d38ad7d393210f65f748b26c079ed21cee122f934ab4824a20a402c92df	true
tests/integration/test_interop_edge_cases.sn	0	1757c1f0ca65ba1f586fe05daa842b1090ffab93844fabdf0381239b9151aa36	0	1562d3894023ac5c5e058644a89da8aa4bbf0877fb62b0afddb2d344ddae7192	true
tests/integration/test_interop_math.sn	0	100745ddb5af089df21e82a81e03d5f31b4e107fa88c3791f8710fa3afa83b0d	0	9c3c691db988fbb9bd58f63cd5798260667c1a0b4c2d9b6ce68d1c009260c1e4	true
tests/integration/test_interop_opaque.sn	0	78a7030f1814e7f23b41c220da60a2a4e2623bf3feadee03069e5b01f4090a19	0	7e9fcabcc11676f104adfff7709a4398a7927160435fe4eba1e83fe318bc454d	true
tests/integration/test_interop_pointers.sn	0	2ff42ea564c76ad9d30f9be87f6d064955fbe838971a652dc998db80a23d903b	0	8871676cf83add3223b4fe75a70a07713c213c65d4875680e0a18b6eaffd9ad2	true
tests/integration/test_interop_types.sn	0	50f291750f39a2f47392c9f71905788219fb897f8e7363e4dcc3735bd924d7fa	0	0bd382d010f16d16d342f718c650a2aed356cb654eda4b656a6dc3dd0af66dea	true
tests/integration/test_interp_escaped_quote.sn	0	19f96b44c0d403d754a8dee7b0b59851fed3a0e3c6f84f74924fe173375ec6f9	0	0d18218a2b458fec6cc31b3f18341ea390bd045c4cd89cfd9826d54e4d1dfd91	true
tests/integration/test_io_interp_arithmetic.sn	0	b172610797497e27efabe1182fb09ee41bf95583b79086bb04718c3ef662d2c1	0	f7bc764794f51f55abbc214d0ab6375ad69d3d7eb9a7bbd924e1241ada684f32	true
tests/integration/test_io_interp_array_len.sn	0	87a69cd32edb3fa7e7294f79737809674add5337e44d345becd703aae749b954	0	e5dac14bf2a61215ef026a6642245ad16be3e1385476444af8d52848321b5c31	true
tests/integration/test_io_interp_bool_false.sn	0	46299f6fadc9e66ce6c321b585a0abbe0a033f57e46a311b72c4189a54b2bb44	0	9b114dad7529f0a4b653aef292f86b3ec7f85c7bdd35fb8809f8a803d5bf9fb8	true
tests/integration/test_io_interp_bool_true.sn	0	4eab19bb62bdf573d0a062d4b89e66c3f9e371a09051ae82d319c235345c9ad9	0	4c10e4fd62c0dfeb6e2bf08e212d2159375bf9a49b641db7b8d761ccda62538c	true
tests/integration/test_io_interp_byte.sn	0	8b5934aab01f47369126f8bf8f978ec54af16cacc2ef4f1487fd6f0e9c35572c	0	7a0bb3916d758be54f573f3f82c2253c4974bf11f23a872a1acec80d86b8be7d	true
tests/integration/test_io_interp_char.sn	0	64643b653c0bfe0d8939df7c06aed85687d9ecefa2e7e049037a94f3c5fcb41f	0	541970fa3640bde1d807c78df21f14ad4f3f091a1a10553cfbdff437a907ccc7	true
tests/integration/test_io_interp_comparison.sn	0	2d15095162d6b9b202fb467a0a8b96f8222a8cf9f6602322d0a1357a4b7276b2	0	398abe69dbe0ad3247c0c00b2f727ef1894cba81d115122943b1a78e954f69ca	true
tests/integration/test_io_interp_double.sn	0	9f4c0d9ebcbe4ab6ff506d73a19878a30fcf8a1772a09297296e34d399ed59be	0	7ebf41f6f0df345d8cd9d052bb3b45f7c8dda72b83bf0e70cf951ae5ea0557b6	true
tests/integration/test_io_interp_expr.sn	0	e40bd743db2afeb8cc6a273b6c651f7d6c545a42f01c17f081327474be87e030	0	c54dd3b7f1b875100190342a0aa58bd5ddb062c9137515130aa1cb54d24b36c1	true
tests/integration/test_io_interp_fn_result.sn	0	209290f82c5e75fe2e814f7e83ffaa675d991a45ed34ecdb660a1ac02615f446	0	e66c686f2d83abfa460f82c9e62bcb5bb43de02bd6bc61c0970c8bdeba2da5f9	true
tests/integration/test_io_interp_int.sn	0	c3b021d3c7ee485f23c65e4982cbc603ea0e832f516976be15c2f7a083523d4d	0	8d38f1ba9fa1ea2a22c84d58fbec835d5acea68c30c640fdf631516e8a78abe2	true
tests/integration/test_io_interp_long.sn	0	533b75a903655510497a960750c40f4518efcf66e0503c1898d4a715812148e3	0	c09f06eeb6f1dc111eadee402b26981289b027c104a6bca29a3c4bb831ae437d	true
tests/integration/test_io_interp_modulo.sn	0	7bd39d611a759081e64646108945154305635c6b5a723fd58ce8e7a1c8fd500c	0	a2de2e3c48b3109ecca3aedfcf5e061242fe562358af1901a76f56d780cce3c3	true
tests/integration/test_io_interp_multi.sn	0	186232e89b877581fb5fd971e0664a4fafd45cd360cb65b42dc6a4b448a9c4d6	0	f52497a0a67dc1aeb5301d31e2dbc5c146f1311c855be7ae4adcb780dac7dab6	true
tests/integration/test_io_interp_negative.sn	0	4d9dca2f3740f53e88dbe85d991249093026a397a243989848a1cb8beda0cda3	0	73cd84d4fc10262061edd673560f24de8bc5052ed3ad3ee5a895c98b447b8585	true
tests/integration/test_io_interp_nested_expr.sn	0	f60003521ae7505644fd79f35b6f882413daca035458972e2e4f1d1e01ef3520	0	097ec67eecaf2102ad880d31f1ab4af6e9dedeb88606c10408cfee1fcd56ca35	true
tests/integration/test_io_interp_string.sn	0	e2e9e916235abb7cc0f0984bc76bedd29cff5628a2d0757f538718bf848b62d7	0	8a4de75a3aa525d03d6fef74bb7a69bcd702f00d23d6aa1806c37783c32b2842	true
tests/integration/test_io_interp_string_method.sn	0	ad9c6f3f2b5a9cf2da3ad72efd355294f21be04bf2a3463d8c4de3b70c193a38	0	c614e01f2e7c1f06efc9422bc706dfbd800c9875979b869d9d303dcca0abea7d	true
tests/integration/test_io_interp_zero.sn	0	5165268ca182db2099357d29fde04bf25a7381433b2043250c6885c1c2962d33	0	8083842fc2a3d22cac906dc4874fcbeb74e51abd1d4439c72ce0d0af0976af65	true
tests/integration/test_io_mixed_print.sn	0	5e7b3e3745d50a738b9a4353495ea1a4eaf69181eac33d4c0a241c3771846e87	0	271bd7d80ad3bb51a9236f0189bd80593d4656cf7a0bf04b0466236cecb60a82	true
tests/integration/test_io_print_countdown.sn	0	90de13cb10dccbbe75f09c424154145bed1c06307dd512a27485efd92df7ad25	0	becdacaba6b9487c1439475a4c7e42d11e22491d5bd04606e8bfd5199ca30ac4	true
tests/integration/test_io_print_empty.sn	0	66bdd38123f2ed238b6f56dc268bf6a7864be7c98c410d3a24fedf30ffda13e0	0	addbb45de024ad877b116ab65f5619bf4804b0ae69004b341d2a8f5a5825aad8	true
tests/integration/test_io_print_int.sn	0	172f2d1e91fb6cb8571b00cf52c3cff0f197be893715038d6727a38fc0be69eb	0	87f769a63a532023e85b37a5499a93122a76367bb28c33998e40281b58fd7092	true
tests/integration/test_io_print_loop_nums.sn	0	6ee17ce8caf7d5debb2032b82ffa8b64ae741671b5df988c1c58687bfa335805	0	edcff022859e2bac1914424780f55c146511c29f8afceb741c66844a84a88644	true
tests/integration/test_io_print_multi_line.sn	0	2f7b16955d66b970042fa155f30978118d12919301a8860d253d4f7af1dbbc9f	0	980f78bc99c33ff7e748870cb65d05f7e036ea7b3099ac714cd41a9fc238da02	true
tests/integration/test_io_print_spaces.sn	0	7dcf67964522904789b182548a748796c30d393e225f452f2f696b05d47ff958	0	c2ddd6cb376089a1eeb464a0fa19128557aaf99be800884db24fdb042ca9f35d	true
tests/integration/test_io_print_special_chars.sn	0	ab627cb285fa6eb7d45c766eafdeea6c17c2425dfa248e8e53117db5f50c58ae	0	3876c702b38a1586535fe3ff1779f1ec53c73b1498a495ecb24d3b0cc280cb61	true
tests/integration/test_io_print_tab.sn	0	c3f5736c40f64a62e0e79d29d598e779837092210fb300c89241c4d6db2cb618	0	a3701337042bf1bf779dbce44d1a335f3eeaa9615481d3bcb982b159d319f9f8	true
tests/integration/test_io_println_basic.sn	0	d31f3128ae9638a300617b09296b0e755acb9122b7e893a61a4727ffc624fad0	0	f6c63f741091aeff0fdc2965a1d8529128d758f6e83826ba8c2541607543d4b3	true
tests/integration/test_io_println_interp.sn	0	afb451eb3f20d01094fadd438631287ca6e4436826d6354c0ac3fefdf3241c98	0	0ea9bedde85ded6bade3b3dc538d7935c7f7b2e2b46c97a99a6b8569f4d5a451	true
tests/integration/test_iterator_protocol.sn	0	c706e0ba7aca06eaa7f006f78925c8bc59ba46a5d60caa78baa7e8d012725dfb	0	eea5bcf88c38950e147d9255f34ebeebb57f189e56878be5961fba7640e11d88	true
tests/integration/test_lambda_add_fn.sn	0	a911ec1f1d3f31d335e9421bf6863789d68f772f9977b2576e8fa4de819deb24	0	7ac1dad2dfd8f886938dab1536cc08527e07da422b2fecea512e62c388c7fa21	true
tests/integration/test_lambda_arr_transform.sn	0	bee8a2377b735db1d8593c290ee8f50dafe03a9dafb76c7fcdfe84a9cc74b9b0	0	0510080cc6ae9aa34057fd99fd8eae697a50adc565f9263ced6ba65c8df23655	true
tests/integration/test_lambda_array_apply.sn	0	0b30bd71849e9472d7f627bcf6c6d26918b01e175039a6ef1529280d08ace64e	0	04253091d415793a02977c61bcf10fe169350c82bbf0ff580021fe95603abb79	true
tests/integration/test_lambda_as_param.sn	0	1bbd2f6278b4eedd2ef3315f550ef2b0c244bfbc355835e5a2475d3ef8b36e31	0	477294143ef7e18666db7b7a396e756748b038ab5a7150898a31b0ecc6e8dbdf	true
tests/integration/test_lambda_assigned.sn	0	844ddcf3220bbc2d62021eeb97bd1d4713152319e34b0a9a338af730b2dcb4bc	0	23e423ba36f4e13b164bf64248097dd3a48dbaf03a55f909b543912980d41d89	true
tests/integration/test_lambda_basic.sn	0	564e4a503a3fb3f7536c924255f04920e4ee672aac1b428095126837cef39f89	0	d89efd61fd6f1162a11b13ced18f818245231167bfae0ee88c701b79ba387631	true
tests/integration/test_lambda_bool_fn.sn	0	0311354096645697f36488ff53dccd90721e4764c06811bd818e028490b4aeaf	0	e1be8cb60861bb31013ea36e11e15cc0f0c621d56ef652acc281325c8a90291f	true
tests/integration/test_lambda_bool_return.sn	0	4e1e119d61e9851ddf67295e7a9a067e1236d5ed1cb94a6ac4472e172dac5f24	0	827665f0cfc8e3be68fb2ca71f244b93449c9fb9f8fd20f29d438337b8895cee	true
tests/integration/test_lambda_capture.sn	0	e59ce8a92853943ec62828adf04d911985dc89d10b94f27b58cbcb21beef57ad	0	02eaa47463d3faeced3b02ac89235fb3c431f101866efeab59eed6517f42f0ee	true
tests/integration/test_lambda_capture_fn_param.sn	0	7ddc4fc446dc4b02372c70921b6a3eddc69453abf1b1e0d605c7a2c41fd4ce43	0	ea7c87e747e3ed9a3233d2a673ee6b85dc38a136eccdf0801a2558fc7d234b5f	true
tests/integration/test_lambda_capture_fn_with_captures.sn	0	4c218552fc0652e7ae3e6833a51aad73ee0b1188935fcfed28da94095e963cd3	0	73c2920d18bc89450667e0c9e0402602a823050159c4ca832a166e61ebfed680	true
tests/integration/test_lambda_capture_multi.sn	0	b2f94648f5404246c482eaf7d0ffaf2731255e1822be76a549d25c6b2a93542a	0	18abbb718af3f4ef6e6563115ed58c136ca9d58e1f2f749808176b5dbd4ce26b	true
tests/integration/test_lambda_capture_outlives_scope.sn	0	61f553a8f36b47652827c9e375428a733e9a34acdf5fe85e102cef9bb7260aa0	0	39c84fb1a50d342c01c34acf1f949658e8bb202a1d502785fddc5261444b5a3e	true
tests/integration/test_lambda_capture_struct.sn	0	306db14f744e5b91904c418d78839831b2e55e6d31e42b60fce750aa5a1f1644	0	3f1a8cc2f9e8f62708b34941695583c311fe40b366a2198a5a8bb62f53e6e400	true
tests/integration/test_lambda_choose.sn	0	ef1595af1137917c4d161942c9b8f53efbe3f7a116793bfee71ec70957d3670c	0	d3c358598ef42c44df336fa9c57bee9e9a26b0c7b7de4f854a70d4a7d65252d4	true
tests/integration/test_lambda_closure.sn	0	ce354b229c3fb67f84b5c822533778466359b669dd1c4206dfc8cfca24d92ee4	0	bf5ec80d92c8b1d4261f5c7e87982ec3234f4a4b8f19e54cd39641a8b240ba33	true
tests/integration/test_lambda_closure_accum.sn	0	5d367566a107a9ebcf8e71f0005fa65871097ff711fc8b3f732e2c05bf3e88b1	0	421d7d7a2d5b7e04b976fa22879ca6a0a6349f336e448a77c41b66778b275c26	true
tests/integration/test_lambda_closure_add.sn	0	162df444eca72c9ccb905c7e3ca21996c4f429864e85ae38fe5e296de2fe3de4	0	a019c6833d8ce40ea07319e70d6b03838e574bdccf9f6dc265588fa86e066b55	true
tests/integration/test_lambda_closure_mul.sn	0	983184af25cdd92677e9cddb4eed6940e146cbe03304e271230770b543990c1a	0	ea8527048fdeb609d51df3cf61faf0c609a7bb9aadf7fd300b0cec2ea8e87ad6	true
tests/integration/test_lambda_closure_thread_spawn.sn	0	653ef994e8e08053f905a2da7664b3df43d9340e6c1d771b8a689dcfe32016ba	0	a204de289cd49689ff85aa61d623e4c5cbb7d8d28b1305526564c883d76d7967	true
tests/integration/test_lambda_compose.sn	0	09cf21a6d978c4b976d573d02d1f489d56fb38286933a12462852fa37ad606b7	0	469f20e8e4332d2bf104426f3a16c55c9511319a7becbb3985fbb843f19df75e	true
tests/integration/test_lambda_compose_manual.sn	0	f82cb9e55f87fda27d998d5836b94e4ad3a4dd882919c418597b78b8b78643cd	0	8d62b40088db8d4af6409d70037fe1af957987a14fb1136b597ae2fe8004ff0e	true
tests/integration/test_lambda_const_fn.sn	0	760e53aa040fd5a28942c4467ceb7c6b7e6d1abae42f618128df45074edc2868	0	b6c9b16b36f0a36bdc477114e463007dc53a815d3851ecf005e3581ef8c5756a	true
tests/integration/test_lambda_counter_closure.sn	0	15cb1a7f9dc17c3de64c50465496b618c482a72ccab42fa48f42636b2a94aec0	0	b2dc1b95944fa1e13cf99cc2f79bf07b5d382ea8c3538490eada8e4586a61727	true
tests/integration/test_lambda_double_apply.sn	0	b2d01143f7609cb1158c895102db8784eece672cf6572cb7d9a50e62aca65c29	0	721c6e62ca93bffc2c6b27cce0b2ad79ff82516f0097e4559c059a7e8b14550d	true
tests/integration/test_lambda_higher_order.sn	0	cb24fe0dade336905c20c842c7210b5bfc9d45a35436480ade768ae88d58d1fa	0	a739fd1eaaef22c43c624e11eadb9bdc1b279619fea14790d8912946cb98a6e4	true
tests/integration/test_lambda_identity.sn	0	9d72bb64b5b12aefc7a68e17f033801fe5137e9095755f532003206d876cfddc	0	75b000f4e9eb00025bf6cd318c37dd120c437ef6fd4c2dffa2186343ee770b5e	true
tests/integration/test_lambda_infer.sn	0	01a307ab55da1d8d3279a64beeeed20f85b4df548dc3d54ac5701822f7f65287	0	efc82f25d9d40e40e98ab8415d03f04fbf415a7eda0783fadac230585fed6047	true
tests/integration/test_lambda_inferred.sn	0	52527daa1dcab0ba015b73b7a3bb2791d85240f0658c0e63c66b18738d2cba7f	0	1dc763bf468dda65434d739bad4d18deb71a42f0e0e3a91d2dcb926f23231e10	true
tests/integration/test_lambda_max_fn.sn	0	ba11c25ec151ffd46e3f0a0becba245d20d0c086523eff213d736219af8de341	0	90d68f961f288bcdb25bb9a05a6b761663cf4c72ffc7fa1bdc8d23c90ad82dcf	true
tests/integration/test_lambda_mul_fn.sn	0	f99bdeaaf563e68d36c142e74cd058e989e8533ac69999933fc8a1919405d979	0	2751e6d5f31439735be46d00dfc8a3d56665c9b28a553d9a4beadb6b4764a000	true
tests/integration/test_lambda_multi_param.sn	0	aea1ac27712d72c31ff5f069cf98f0765977488aef81e292019f13b9a01355a2	0	1f3a5ef0e9a6f13119d2733c681a207a5f0930ae041c79921e5521c02e422e67	true
tests/integration/test_lambda_multiline_arg.sn	0	c6d85b6ab5f1bd94c993594007875d5b19ef84963791683421506c5857ad22ab	0	db2d4df9abf8ca51a0e9d49e8e62c133e6b68f374a4241883c1fe8b8c3e23bae	true
tests/integration/test_lambda_negate.sn	0	18d67080dc8c4f6f82e71cbcb14732b8192d013fa908bc08977ae93803a8c68b	0	c4d974d55e26203811729527b40c9945583c7ec93281e69684913b06bddf026f	true
tests/integration/test_lambda_no_params.sn	0	64a0ecfab5ba2559def9274a6b959b2a5b0f0d5d9d83779282ecf10888fbb65c	0	9081ccf74adeac6f34ec00f0e66c29ba31184c54630482e28acfa73c29c2ef39	true
tests/integration/test_lambda_predicate.sn	0	89d516c26b56f2496bebfb061ac87e1922086b24ba7fb8c680716bfcf22ab106	0	1eca5bdf3709ca12794c82cc4e56fe898de108fc2bbc9a65ec8d94c74d0096e7	true
tests/integration/test_lambda_private.sn	0	84b4313959dc80018eddf758e904a0a8a73e4b654ab0784cb4c1f9f424fb0e92	0	98bb9c0dc99f305242a02799e668262e3447dffb1508bf042df32aea44c1f741	true
tests/integration/test_lambda_recursive.sn	0	7f254223bed245f673d102a2630f0f274947772fb63a80f0566c2dcca584291b	0	16c4979a23953ae3b472fa953e0fdfa1e25223f6484c86e7b7cd9ac314ba3bd8	true
tests/integration/test_lambda_reduce_sum.sn	0	e5730412fe81521a2c612bfb0cbebf6fc9a14d68fd9fe6fe2415f0d5241956f4	0	b01adaafbc05084c8c8d61d5ec2e826ada5b888e1446e530615b7e2cb47175e8	true
tests/integration/test_lambda_return_val.sn	0	27d2a5965394253089fbea3043ed1e7afaeef2ee1d2580d413311fb437184a9f	0	c2fb66ac0f09947421215c7587dc9db0d8936493c582ef7814f2b6cabde1accc	true
tests/integration/test_lambda_shared.sn	0	c3d5435b85f55405b11c7604d74d50debf6af0115b74dececeab6fbf62f499bb	0	ccbc310f1ce6cb4b614bd7254b2f7e68d1b1585793caddd70232ba1ca86e84e6	true
tests/integration/test_lambda_square.sn	0	a59fda70250d0054479e5f4b5e07b6e404403da1c1dc8c07268c7c0de4b52b71	0	2a0a3f10579a7a51be791a62eac69e44f430673041c6fa8f7ed145fb187eb883	true
tests/integration/test_lambda_str_return.sn	0	faf3a5a5d0fff7de07dbd3b0cf2abc0bebb59d36f0da2213c195de7061043954	0	d97f8812172afb786f0b498795bf734ced9f40bf215d6d855383a32960a3dad7	true
tests/integration/test_lambda_swap_ops.sn	0	85ea8e2357041911734e7c85554ab561af29aaecc3beabcd77cb4720343143a2	0	c2687b0348369e275ddafb5b787300e39a13dd759bf128e51c4e7228ca014a3f	true
tests/integration/test_lambda_val_struct_str_field.sn	0	4a651b4f55bda7243929a303ebcc40b4eb23a500848ee7722bbecc79edc92a32	0	19d4c71013cbac862a3fb81479acbdfd251bea6ff635f3f05c67c22e6a0ae6d0	true
tests/integration/test_lambda_val_struct_str_interp.sn	0	2d3a97a16baa575b07ba9aa552ba3db485aeb8ccdb9d9058a1c1b0e12aeddd71	0	db6a494b414d5943bb8873d84ad8bd235e6bc08f3428333b3e8f04332e875b9c	true
tests/integration/test_lambda_void_fn.sn	0	6fa96d5d9ed648cd3bf582880201278020884c712a21d4c1075c5635fbbcd741	0	8e2e95b2f5231cc40fb239cd1ef13096b4026106caee310be46485bea8958967	true
tests/integration/test_literal_suffixes.sn	0	0ccb67c7913a54b20b1b1ef41eb961b0e4e187e5529658baf5518d5e86a7bfe5	0	b333245fb13b7ffd2cb3ea6a860bd7a5756aac3320f69ffe4c9c7fb826c57f9b	true
tests/integration/test_lock_block.sn	0	a3b887dd63747c7c1b85d72ee2a529aa519b1f7014bfb10aec0955bda2c40cab	0	6f86aa9d0ddc54a59604d856ab2a9903b71731e574d110dcc3e23fc64feaf2ac	true
tests/integration/test_lock_return.sn	0	fa28205059b66817d770d9afdbc5520c57f6033847ce9858574c3bceb18099d9	0	0b67e656d81bc0a4f83c359c6b23782b4d6fd5f3b2e7dbb84f1866c784a53bb6	true
tests/integration/test_long_add.sn	0	99e350f616217558d656a52ee144753598a0a66a6d564d05fc8c0c057da586c7	0	e9f00c71d48f9ed9ef222ba97d9e90b39e513adc11d3acb0afff7fedc220878c	true
tests/integration/test_long_compound.sn	0	b7d0400b99e1c49743d20625e17661a370178a81ab90fa5bcd5ba5120fca35a8	0	46d100f8a73d3533c618da1816a2916135294ae501eccdcfbaf7eb84f52ff847	true
tests/integration/test_long_div.sn	0	ea82f2c46d3803ef86e1364e1b1a05ba1a74cfc014f480f39001d8d7df0557dc	0	d45f38d9a73544775b0c12d4278355eea18da442825b965ada0ef50020b63f44	true
tests/integration/test_long_increment.sn	0	f704e7ecb442fcf8010aaeff995a29b6637857a413ff0570fa6b0420ffedbae9	0	5958e337d8ded9db6d7080331d2419b0b34f3a8e298741d0cb6498cc9e78697d	true
tests/integration/test_long_large.sn	0	fab75ab81fe92faf99eb2db24371552d3bdd3ee43c2e7aa2b5b1a169e1a0c08d	0	ea77a746fc741471d902778c23de1dfab8b34ca9f07d0fe95d04e94c804afff1	true
tests/integration/test_long_mod.sn	0	7adf17e4898d24c5c60d8451c94fca792d9c1a00d5e060d1c916b12a9c8ede33	0	4ff188e8f3ec18a920c279b05f1d11782d79b8125576105666e0953b58311cf1	true
tests/integration/test_long_mul.sn	0	d10ff394ec82b80d5e68ae2a4d48371a74e10a88410f5674a360f0d9f334a2db	0	85c7a54460ac73917c4f6bf330b8699a66ef76088861d2ae20782ff696432009	true
tests/integration/test_long_sub.sn	0	5b82ff9e9051cc57c88b7a4b6b26e00e824b713b7b3fe0fdd2c95fe8a0dde3d6	0	b3dc6b03cb390acc4547376c6751770bcb0601440651bef44e8639d1d0d52e8a	true
tests/integration/test_long_suffix_variants.sn	0	80b62608a93d3582903571f9d288348919b8a6875618544c0fe1ea3a608f59a0	0	f22756e7682478f864d613bd80874f4ddba6d329e8ef6693a9c7a4e1c05fb5f1	true
tests/integration/test_loop_arr_reassign.sn	0	1c95a79a4b8553b3e6a764bc8bc37347595995f209ada85f62e75eb90a3fe9a6	0	fd159be045a691e872c708fc6408b922ce93b15ed16c0415d13da9fa04b938c5	true
tests/integration/test_loop_counter_opt.sn	0	69adb47b610f2c303a4539ec88a5b0cc7559bb2d0e628019ca87c59a9da5dbb8	0	07515797769734b94d302ff1447f3ca8e8ecc929d539ce1b0848c76d22c06ab6	true
tests/integration/test_loop_str_reassign.sn	0	668990d8e8088108ce8d147e53ab1dcc4879121050a3909896f53e741a8cf2f0	0	fc99bee9f1bfad2ece1ce7ddb5576a1bedfaeb145270a03bc459b6d01668a24c	true
tests/integration/test_loops.sn	0	0b1d3bac823a77c80e7018a33eae42d258194a903f65c28019cb927b9dc4ce5e	0	d4e9c63f5d9bbb5158d838cefe17b43779a6ccea383bfe05176a39f7eb8d9001	true
tests/integration/test_main_args.sn	0	ad22e2da59b0c497757f047b4abd609f3d50a06e2040f6f01828fbec5962440b	0	40c8698df1c821ba08bd650b02c3a9f1d0358b07897d53ed1ee49f34af2d1cdc	true
tests/integration/test_main_args_early_return_leak.sn	0	55dc257a5bae6316cc20e083a7d780513d564f8c8a0c0f7a3fa9e6062871f51d	0	f9359dc1ba9ac3834b50da05f51dfa5937e013aa03dee8e73051fc1bc15ea848	true
tests/integration/test_match_basic.sn	0	73e0fff64acb4d5c89ff8dfc61dec690c0ce383c3d7f628eefee2b8633f7f7d0	0	33cc63251f11ef3dd2e4ccda3e79d4643491e9e22b36691e6843528a2ca15be7	true
tests/integration/test_match_bool.sn	0	3e4acbb5c14cad38ac13a57ccd709409c17440d33f4ed7be1b3cc9c6fe6bede3	0	45379418f9f33542de39334ab09014d754bfdbabdc1d838d3ea9adf1f216b34f	true
tests/integration/test_match_char.sn	0	d7e85bfb079d49b4c0b2c1b81b88bc6ad33f4b768317611a1666b0b3e9e5e336	0	bbe2164d065f141a08a2f3895afe4e4c270b9ebbc34b5c5b5c6e0a18de3cb6b4	true
tests/integration/test_match_else.sn	0	54aef29c9289ab21783440013b48014d0df664ff17c7493007cd05945e76b932	0	086e14be070923cd815d17b492f1660ecdb5bd48cda7a2140664bdd9ae4a620f	true
tests/integration/test_match_expression.sn	0	753ff66b0d826f22c0c866ed93596283a253832c25145b916eb4d32142f16cb7	0	518acb698515edad016ae57ef32b48c3e7a4832a30dbbfb50663215b630f29c2	true
tests/integration/test_match_int.sn	0	01c4f792a4575adf784cf87304f5f48d0a3b80faec1fe002c43ca5a0e2e7bbdf	0	2f49f6fd3f01170bba894879bdf27d99abe83b0f13240223fbae12bb92a36479	true
tests/integration/test_match_int_else.sn	0	87920af262b0f36f3c0233e9e2e2703286fd189157c3fedce837808e6b8ab68b	0	99a89ced042d7dc2a9f3ba21fd55cfefea0161a2a8eab386e1981cb85f28113c	true
tests/integration/test_match_int_range.sn	0	f4cda15fe435261c226321b26d1350ae85fcd89c29ff3d0eaf032839fb1d52f5	0	3e6d33a3fd4e2ac9bb9d71e5d21746c5e9fb9068432e581473b7ac2d0729235b	true
tests/integration/test_match_multiline.sn	0	11391420d1fecf918a3989fbb10fa25518ef1cb28f78b296ef36262c5997a317	0	34ea11001eff6249ca18f533d2fdda4c37f0fcd26981bd415881a7054abb97e1	true
tests/integration/test_match_multiple_stmts.sn	0	ec4f005ee7a76d6fbdf4a4871b9bf98916d0fa9d8499ec60f2b6583c728aaf59	0	0d5666d6311761a451a026f1964140f82abebbe63ed59f02bf906591cd650cdf	true
tests/integration/test_match_multiple_vals.sn	0	16f526686393e2de1c75594fb2c13620b2d33f93d35c8c31611abf5ff0bde160	0	4804ecc11d662168f493e0745ac10e1c6ab700d6a75e61eabfdac5ce83264cfe	true
tests/integration/test_match_multivalue.sn	0	ae3f6fc288930eec1bcda2b690ed1508303d0eaead1eb593c4a39cbd37fd23d7	0	2b37019d95816c4b5387724eec09411ddf5382889a6f9b9ac94ded5b61b2b9aa	true
tests/integration/test_match_nested_if.sn	0	54d09bdd577a6cefef8e5ecc78b634d30d413840405b474b2627071222759e6f	0	4b22753752ce32734f68832bdcfbccf5ab7395172c276a881f876f616dddb3fa	true
tests/integration/test_match_return.sn	0	3c69f1b98c96a6a57c25d7cf593e20044918310f3c69a5259fa00761740dc94f	0	dc0351910fab25ef609ad93f5d51051af48f0d146557bd6ffb7e205f092b1b95	true
tests/integration/test_match_return_arms.sn	0	82ba83dcfde321a873ce30aeb4af2398868bf5548958a0d7ddafe7529f175e16	0	d3fe76b0ed0f48e4cb4eb4c09180ab66b68fbd17344d0195b503d18dcc9e7cbf	true
tests/integration/test_match_return_expr.sn	0	e82d0dcf6e9f9a074174df0e380f5ff71dd1ccadc5ed5140440d13f51c5c09bf	0	2853ea4c9819ff1105ad40b58f0293787f720e9f5e7436ab32e99350e6be4536	true
tests/integration/test_match_str.sn	0	09e1a8f36572712c04b9eb8027a5ffdbdf6c17a5809a6ee314eee8dd5cb7e42f	0	5827142d485d8ed9b43281dbefe1404c35b8bdcd7aa1f78e5e79bd88875cacec	true
tests/integration/test_match_string.sn	0	97f1f564f7c1a1c58c6605376a945012ce21fe69636c0ac470dde909fc6cab30	0	07441b819af7c108d8cb396373921884de6f5f107d2fa923c8d2f0d92e2981a9	true
tests/integration/test_match_with_block.sn	0	8459fb90e1150402ab45b85c5d0b033c73039d7377d60e951241372e7ecd2539	0	197171bc241c6032568587e157a201854faed2e833b462a69168fbd79ae79f50	true
tests/integration/test_method_chain_multiline.sn	0	776bb3b1c0c008b9b830885c0d8b6fad292d7bbba836ae31a8b147fb135f4a74	0	eaea4e74afa35bcc16bc306e23121ac4ff05378d7f217b6dbc019ccdb6c099db	true
tests/integration/test_method_request_lifecycle.sn	0	0fcfab6e672b890695dd5cceb7590aafac3b39ddce56987fce91188aa786908f	0	5ddf236ce757a7b1b7aefeeefefa279768aa4c451274ef05a9a6444378bc9a67	true
tests/integration/test_minimal_chain.sn	0	b383d7d161486dae093d82a4b770200b84459b42a851a957a175cb5af6a33005	0	d329e2d6321dadbc9ce574e9df86e77dd9805c9e03d23bced0ce98435f7870fe	true
tests/integration/test_misc_arr_of_bools.sn	0	e7435fb6350b9eca6d7dbfdb055505ec9d003ca1c5805bed6b3115b30adef116	0	d5890d425b702038c2a78b894a90298fa3ca372dc41331c8846454c4126545c4	true
tests/integration/test_misc_arr_push_pop_cycle.sn	0	cec35a36215b0eacae134d81a96122c2a116b67faa06fd75fff04cd4d708a674	0	adce77671a48838ec5539bbd31a6095b3ab66c56439b51f5027ce2219845dd3c	true
tests/integration/test_misc_array_of_strings.sn	0	aec1bddce80c47ce3df8459b816eebbba25e6be00967afb1809814cdbf31aee4	0	a1ed0e465a2a726b7a2dd4f43e85cb83c59dc0e778da4c606b61443f9e6d6945	true
tests/integration/test_misc_bool_and.sn	0	d13d339a572af60e572022b06e09e8167433f58473ab70c7cc5b9e12156ec27f	0	2080673856009c31439e234b696a9648207820437374a5d3d6b7776a6dac3c1e	true
tests/integration/test_misc_bool_not.sn	0	0d651a2588b9ea3a6ab7483437786655825f5e1936e0d9622740c7ac4d8326d8	0	7bf0d7062dfc746f0f59fe1e4b3bd761d9edadec35a19653497593ca6e1a89c3	true
tests/integration/test_misc_bool_or.sn	0	58c8c63a604782858c7d2626d3ec5273446c5b974692b92b88bfca53ede69c5a	0	2695198df1719df1f92844fc85b5abeebf51243c426bd5a61670f0b1713ae337	true
tests/integration/test_misc_chained_calls.sn	0	2d1e07f8619e7fe58a6d54cd8bd0188665f76553182ba24217ff6d9ea3d380f8	0	54026c67c7391609cd3e99a9effcf7f7823f8d28ae275b87403f0543c3158675	true
tests/integration/test_misc_comparison_chain.sn	0	1fb5e58422663531751c69d2c03b6de10eed182a7e3b2eec2657994c1e246b39	0	916a5b09c12d9023db20a7d2fa03b654bfe2cdbd821281f42fabe88781c33e56	true
tests/integration/test_misc_complex_condition.sn	0	4c6f3da08fb2fa95140cbf803b5fe7b84178bdb7fac5e7f95c44b151e6daaf50	0	8e8b12d39cc3f065c1a5aa7988cbcca1b7df8ec5129c2ccf353fc442e167cb91	true
tests/integration/test_misc_deep_nesting.sn	0	662a04d5463c907f145b2446037b840b8a152a1d7ea18466a4cbb4647cfe998c	0	9f10749df89a167fd6310af62fe3692c21106b2f03743c60f7df0170397e3f36	true
tests/integration/test_misc_double_to_int.sn	0	c55f071368b468a425b6fc10a52a00c11309173a752f161a6369e631335a9007	0	5c56b11aeac806442d4bf9afe0f3acb9e586373c26ebe3f66e6b2aa6ac48b46b	true
tests/integration/test_misc_expr_stmt.sn	0	bd5b433af2e3380e0960e4a6c061925894da475e7871821f3b7d016eec3f119a	0	372eb035af3468ef8b99e6616343bf9f27463e1844946d6d70f0e93031f950cc	true
tests/integration/test_misc_fn_default_path.sn	0	40497d9585e7793173cb1e5c35c68048c47c251547ec6f290de1741a2f49a48c	0	dffb50d83685a0ea134b822ec29c6b6fd73333cbc3778f52fbd2025aa5299130	true
tests/integration/test_misc_int_equality.sn	0	ae2442cd7979446bde64bdcde045daae28c8be7f8d890a0eff77a39417a79cc3	0	d511fab426366e667ced662b851201b551cd940b3999c96be0fcd282ae6817d1	true
tests/integration/test_misc_int_to_double.sn	0	34b493d5efa3c5c4617049176fc1dd0dcc9e1f2b4202936b0d0f5dc8bfe7b6e6	0	f93557f2297088df00b1708595efab0fbcbc2801152940aad8583e211a4dc39c	true
tests/integration/test_misc_loop_with_fn.sn	0	2c3fecd70b1d461e07d6019546263f2b7f38eaad9fe02bb623f177dfb0d32f73	0	9e652ccebed723ddc079000ebe6b2ff189b1a70f9fbaa6d2a6a4af7aaf3b7f6a	true
tests/integration/test_misc_many_params.sn	0	0867159057586796174b8dbaf2763a5a811017adc2f98d2a784f1126adae65db	0	8faab7ae764824d5821c49aa441c08696632d5abaa1ef3b39736a238224b5752	true
tests/integration/test_misc_multi_arrays.sn	0	e84fb63a34599d42862da3dc9f933e0c677237e2d22a6fdd378e91bcf1425ddd	0	9fa830af0a382887ec7cbd51ad5f674fd11eeacfb15a3172666361b6957e0b95	true
tests/integration/test_misc_multi_return.sn	0	6e7821ec5523d51e9c79c1ea6e3aca5a898d9dd24cbbc0e4618a71d411e2528e	0	d83354cf23bb61c571406282b54cc898295fb23e475fe66b58128a9cd0e58ab4	true
tests/integration/test_misc_nested_expr.sn	0	da32f87512c7bd7cc14389ef8b491e778f7defcd75d29a5d3ccec45e9b0c415d	0	1b6cd2463241d9f6aa1f7385fbda04474353522a396f5c5b6f0d7bafa130f1d0	true
tests/integration/test_misc_nested_match.sn	0	67ccc2112781d3f0b881d85dcc5007eceb06ea63bb2ffa104f700e046ecad88c	0	e8a2c65661e26ac420fb03e71ab2a5a7b1b0034e4f8039ceed36c5299e21947a	true
tests/integration/test_misc_recursive_fib.sn	0	ad5b129bee73793d727307a0fe89d469ed7211ecf37220e3b89d3f13d56ca72d	0	a1268f7e5cad8c0d8670065067ab2ec6eeea6e17c6095662d9432d0b1e48951b	true
tests/integration/test_misc_recursive_power.sn	0	c519780c2f2b53e98f460f1150ea12a253bb54882613174f8f4f1d5302bb149f	0	2c892ffbe065146c29e5944a069aa212657d46de24d0b233297daabbee40e97d	true
tests/integration/test_misc_recursive_sum.sn	0	eea530412501f9e542d98f69acb554091fcd92da5f8a061470d617c784c8f7f9	0	787f6cd80e17bba46522a662e4a831e249b981151ef0719fc473eb4d8432e0ec	true
tests/integration/test_misc_short_circuit_and.sn	0	5e2634a4a4df3a30a36f24af7dc201ea629481974f359eea52ece684bd886929	0	0e6e50a541c15e4794b62315b5b4a1104763633f6e14dc85aa53ea2b1d23fe3d	true
tests/integration/test_misc_short_circuit_or.sn	0	da2b7294c01040a83c7ff7284683d3d4a8438b82fb48b5199a9fa68a90a88b61	0	61c382688d18f4aaf08145ab8477714963f169e63e28314d7eaf247db536df77	true
tests/integration/test_misc_string_builder.sn	0	e2fc56778cbcc05bc140b2bbbfd52277b1f6a9f9537a55794ce1943e02674327	0	ec29e53dfc4a701415e63425c3f5c9b4a04f2dede91939b90d5d60a8e242da05	true
tests/integration/test_misc_string_equality.sn	0	a076f6e2565293e1c10f57e0375ef271de74ea85d99ad232cb4c13b78497f4ba	0	9799b85d07c6b1e5338cbe601c06faeff5b594dcf4a0c7acebde8534bd748771	true
tests/integration/test_misc_void_fn_effect.sn	0	660de67f9b2115f679d9e513018470e360bda2cb49d155d0b16c306a67f0bc88	0	12662d389fc2089122e7776d8b78a57e20c5944c5b9b660c1d9c70df9f8a4fbf	true
tests/integration/test_module_array_swap_leak.sn	0	edf5b0205ddbb25375aa16b01a18b04654a79a65847c055e85bc027533840db7	0	7004376b2a5ab4a90080e70ed7628d51dc83a87a47613a579954094f9df3c86d	true
tests/integration/test_multiline_array.sn	0	ea2fba53ebd211c9428c8c5eeac4eeb6cd1e1f08849d149390822ec194d0f090	0	eea87c362e6d652f94637cec07dace521f40d8e45913bbc3315370e07973f68d	true
tests/integration/test_multiline_call.sn	0	bec16bb6161a2ec1cd9e18c4a6f85c6e99c0a513532f0b4919cf91e91055a3dd	0	d623a10760e50cef762ab16aa0900d1ea3d7d7030cbb92c1dd1e1042bdf5082e	true
tests/integration/test_multiline_interp.sn	0	a860681283d564eb9ef6e6ccc666aa4f954a37f179809ad9fa3b5302f07805fa	0	0c823511e0755349e5eaeb60189687f2887d8418ddf3a31f3f8fe1994b361aa8	true
tests/integration/test_multiline_literals.sn	0	cc17139a05f2556a5f5ba973fd1c318711265fef345c52687bdaee4a6bd2328e	0	ad42ddcb55ddb006d3c96a90790ca0cd21c941c185a126872e02bb2806b0dcdc	true
tests/integration/test_multiline_nested.sn	0	a22adc9154607be4e653824d7ecd5ac2a5fe8ca4c44f8d6dd23266d694337315	0	6c42e73917853c63c1a472ea0e1712a88604dd6b840202a69b321c8bba9ec5fb	true
tests/integration/test_multiline_return.sn	0	ef7a300251078130659c74b190f0858c918cf2072915553115aea3406ad060f9	0	9c5f4fbaa7159edcc0b1ec3b36fd73f2f9b16acf04db0a494355f425f30b792d	true
tests/integration/test_multiline_struct.sn	0	2bf1dd2a07090d679f67f77557a5f573736d78c2f3383851407d5d2d7dd13b50	0	0c77f045c7fdccf0996a6c1729884e85ff23215d4bc34645b9ae474f1333a7d9	true
tests/integration/test_namespace_basic.sn	0	52b751b4e01d1712c3e3e48ee4ff1729892b50fdd5e1dd3bf3babcf35add2099	0	cc97edef194a0aecd687a05282bd6e3bee9dd3609c4ca201adc38de1a68a278b	true
tests/integration/test_namespace_collision.sn	0	6cdbeb85c855acbc14a59b494a78bd8bd658e854673a530c67906ad23969e9f4	0	dd30ee292019103c34abb4c4c256420bb5ca64f85b203c7b100682baae9c84bf	true
tests/integration/test_namespace_disambiguate.sn	0	45b2f1e075eaeb3e0744910ef98620d3644c4d3bc19d2f79c23ebe7c4a07ec01	0	924175fdd51e3e612a3e1d1557b868d280696a5e58ebc78acb782e82e45233c0	true
tests/integration/test_namespace_dual_access.sn	0	426000eb7d2f145a4c79c389ab909fee09f28c20fd67f5fb55aff02c1b698089	0	052892795969224babab240673df8b8998278ef740315e9aa517a0d395195cb1	true
tests/integration/test_namespace_hybrid.sn	0	17b11e0f3bce82b27015267a2e0ee67709cbc43df82384793e9edded00dd67be	0	6cd0c390f5345537cd7200a74fcaee0d719e498c2399f71ae21e986a171bcee4	true
tests/integration/test_namespace_mixed.sn	0	bc2f9b4a7fb11ed104c067829dd8d006153227df9d9898df9073758dff452f3c	0	c569fe5b5f2c2c07c46281c09987d85fe7cdb4d03712fd5e05a9f59afa7005e7	true
tests/integration/test_namespace_multiple.sn	0	437353a147d067392487c25db37fc9e4bb1d9a60b56b8731b9554b2e5573dc0a	0	c4e836862df405ec6fc9474ec28758642275432552c5983024881ceda826cedb	true
tests/integration/test_namespace_nested_path.sn	0	c02fe461c9dc6fcd608b4d362ba21a0279ebca7a4212f54699ad67e53b50faf1	0	49cfea3cd9d7c9847e155be0bb66aa1510c6f1206c363e8cd891132459c31e8e	true
tests/integration/test_native_callback_typedef.sn	0	dbb12b3722d2c7be105f4652d25c9aebb40471f41a3e9aeb5cea6233812d4678	0	2aee041313d1c9034200ebb2cc1563fce9e5a5af30609e2c298e1e21378121c2	true
tests/integration/test_native_math.sn	0	b01ab4d859ae064be3b62414964226409e84935cd5a45f8bbb5ef69466a1220c	0	8bb794558c55bc9b72f12bc68fc3b0a766d8c748e8d2703e9ca4aefc491a6dc1	true
tests/integration/test_native_ops.sn	0	e77f9e51282f7e8acc57eaef9d1cd40086193bce35c235b16d3672175ae7a674	0	29ee5219ef7bc07c13706d4df4565aa79041afd847f47acef456373071fe028e	true
tests/integration/test_native_ref_field_pass_chain.sn	0	50cbbd33144d7eaf87e0d2ebb12f025df77c852a54cca8d5ab0565f8f4507718	0	f8ec9a481ae25a83fc75004088e301d222f064448705d016f1fc2d622ffea36a	true
tests/integration/test_native_ref_field_return.sn	0	27d53567d3fa56648b9f0ba0d0d228854bb1bb6b2aebce43afa6cf53d518fd99	0	09f7cc6ced8a5d55adb4341f62d35c7f14b3bec71a39ebee70f3b97e15543d5f	true
tests/integration/test_native_ref_method_forward_twice.sn	0	425aa48e88e39d3ee293e4527044fea2272f07f6a9469a6ef15a6a55a463d14b	0	d200bfdc81e6bbff41efcf50ac2fabf0fc5374867ae01ee2a076d20948732afd	true
tests/integration/test_native_ref_self_assign.sn	0	117f1744dd680e8c08a54cd199acbe0f35550ef89ba66a897e40c08c239c63fe	0	8748d3d39714b28e9a927f8d01e10708b3dcf0d54a30fc528187b0f92b5a2cfb	true
tests/integration/test_native_resource_lifecycle.sn	0	8dfa5b1b65b7f66e86268f704f8e31d4cb4dbe10e07893340337343e1cd9b468	0	f6dc22ae00ae4a6e2a101656248a6691dc2e8a618d1cb25e89d076199f907ec2	true
tests/integration/test_native_struct_ref_array_pass.sn	0	2f7d0a92b92a46dbf6026360892afaa7a795dd3457de56a7698ab356194defdb	0	239eba3f71ba447e258baa4ed74538153a0593b5cbe2f7517725b7aeebc55565	true
tests/integration/test_native_struct_ref_loop_cleanup.sn	0	8989d957e6d17cb2a635230f5bc5133818b1401705c1bb497fc81cccd9844ff4	0	9df2ab126ade37cc6b0f1adaf18dafc310fd5e6f2bb75fdf4d0d99ddb25426ac	true
tests/integration/test_native_with_body.sn	0	99790c72c7ad6378219974baf628009a1303b80467eec5d455a883ed83f924d6	0	31ff26730c4b2eb0847407640de22a5346706284d5b004c7bf4b7c2021b546bc	true
tests/integration/test_nested_array_copy.sn	0	268acb8c542885ccebdb2d620ea73bb57f8c041a4442126e1e1de7ee9fbcd9b0	0	dbcf3bba17f4a0773c37decd4cec677cfeaaaa27b2875e461ba0a57e2d7cc285	true
tests/integration/test_nested_array_interpol.sn	0	a7dd76848572bdc3d84983898fa5cc2b84245063ec96e2dfa49dcfb665cef294	0	80e04692b1b67f769d8e92e96db5009dc4591bc47d45eb355c4a1349db61694f	true
tests/integration/test_nested_array_struct_field.sn	0	7a9464f4396283995bbe8e115695128737dd7666e3a74d978fe50115edd39435	0	01c7871e1a4768013a54c11014f8b95130b8d53b44b2b4d8adf3562d044849fa	true
tests/integration/test_nested_blocks.sn	0	8784174f4ef63980f14be42ce734e1f6088a4faa6f493b11b3c4c1b46b2c34bc	0	ec0b4b10956bee06a22389670d5104c1318a64089cca02b9d2e6cbc0d55ee71a	true
tests/integration/test_nested_if_for.sn	0	0965e22a3917dc393a2dd1e1810bb368be880d86b5e699d76041020f8b3e22dc	0	ade9b76f357b0718302f09e26d94245c4f3fa29f493b24d899d1538c648d47af	true
tests/integration/test_nested_interp.sn	0	91de9d33276ef96cdbc88afba24808472a8b5eaf621f3a2a8a00bead57b4b69c	0	33eeece029673310bfe7f972e340d7e74787b9411c4c97a740162e41ec351710	true
tests/integration/test_nested_struct_array_1d.sn	0	8d3a42889bf98f10a307977b58c7e9bc7f88e05c5d148a4b32bd3be075d9f652	0	5b5b5bd6b79030f7b4bcb1df81189ded9f1a6a22f9d1ec41db797a9d70f79c2f	true
tests/integration/test_nested_struct_array_2d.sn	0	3ce7dd12ab712e86703d0c6778a9e83e132b1cf4c61e4c3d09d730fd7dd93122	0	2966f2ee4d2c5ff8a2aeeddb0472d427ba4c27f15d54a10185406b3db0d571ee	true
tests/integration/test_nil_array.sn	0	d770164b385e25373f63595d1a2d4fc01c7eadf8166e2a46fc90b1c8797637d8	0	4580c97b5b955ec141d59fdf1ea1dc320e3a4aced14d95da83e716ea7b670a13	true
tests/integration/test_nil_compare_struct.sn	0	b910589c91232c7aa08cb47282e1cbeb955fcdbceedd53e513beb6f6c29fb635	0	9880bc715f1e1c70386bcc7a8c983d8e34e4ab8b63caac16a33e395f7b60117b	true
tests/integration/test_nil_pointer_slice.sn	0	ed25fa56cd9c4d5223e8f833183d53a14e47761002295fccfc8fe3bc52d26b0a	0	ad567f1a013ff7fdb60ac37819dafaae9d23fa89300e76ed38d5c2c294ce5a95	true
tests/integration/test_nil_string.sn	0	56005f3bb61454cfa00106d9bf83da74a9b08d4dbc668fd0d09cf7411d5697dd	0	ad89111fa2b4071c4dbb2e46081c8398ad47ab4ef210bca25a23914e2eb0f329	true
tests/integration/test_num_byte_arithmetic.sn	0	bff7f83994f7509394caee6eb6d6f6662b156d99bab7ad0ed9044216b4c24960	0	2b36fde6f65610787af73b8733a47467db00529086ba3568b89ede8c14d8a90f	true
tests/integration/test_num_byte_range.sn	0	accbbeb1446f53613ae6945960deca5a9bc3e8f31710d2cac0c795b5634aaf1c	0	6ed7521566ddefd3d7465fecaa2707ef7cd00d22fac8ab8b62f262e68f41ee3e	true
tests/integration/test_num_cast_int_double.sn	0	30cd616a7eb5fafa99c3cff586fb63e18ca37347b17df666b22d2593716cae37	0	6a93edd9aaf065c3e5db8680f74f77eefd84a0d38327dec446ee2e08ab15c19c	true
tests/integration/test_num_double_add.sn	0	723580926d2e88840ad38363bc4dec6f7cd14d5068c9abcd035af6be38e22f3a	0	7355da88bfb8eca111d922ffdb6832c58e83b2634e6df2d609ff48ef36562709	true
tests/integration/test_num_double_compare.sn	0	6f1dd33c254e57b8f526bada5da2ad63df57ad2399e525c6b445b312a4935ea1	0	5242046d5c35b3b6a0da8eef105f043f130ea679e904cbd34474848e13965696	true
tests/integration/test_num_double_compound.sn	0	d2226c09f5e8118737274ac26106068077191c0d5b3d0c0bf67cd4355d366f15	0	0ff2bf4d16d6857de241db906ba11c59c98b15f5ce9aa75d1c7c41010184b11f	true
tests/integration/test_num_double_div.sn	0	2848d9bc244a6201f7a4dc8e87987cc3f8c38909bf37f645532744b740472dce	0	fbef9fb1526a20218b4af5e87912870dc44c7bce2c546cc0c36a92aaf66bc00c	true
tests/integration/test_num_double_floor_div.sn	0	75215680296d2e17af9d1fec3456251d2ead3450758d62dfa905b4ce9af936ec	0	839c33eccc5b34bbc2d715149c82f6c58481a89b01e61126ec18811f5feb4479	true
tests/integration/test_num_double_mul.sn	0	c06c4939c34c0631d135b6c073b741093188859e36cb1211bb64472c4535c557	0	57210a7d19f5010038c6dbcc8749f981d5bd6b443a5f53338b3710a47d66fe04	true
tests/integration/test_num_double_precision.sn	0	5371542f9f130a05e722fcd41f0604b7e3dc184e50113fff77cdc86c2ac975a5	0	9da2576dee6ce9443413e4b3848cb5a9128de20a68508aae54736209435ca982	true
tests/integration/test_num_double_small.sn	0	4aa20a80b4bc1eb80c910e3fe253145ef4281046c72040413a1f7dc33b107735	0	d2147a99ddc8b49cc81cc5b72468a4ed67aa5e60e70d603aede6e364793bd290	true
tests/integration/test_num_double_sub.sn	0	8b765ac35383e6c7a0239ca42d8ff3022e906ab34de649412064535be0c1350a	0	65445ca18e7566d40612e4a2a4f84c885991c5b3814e02d9347fa39868ffa655	true
tests/integration/test_num_expr_complex.sn	0	38afee8538081352e91307997d6c21fe8ac817b5383d7610e71ba93f7935f11e	0	61126cc45e8cb813a2518435c15886f901a4848a07e6f0ac9172df5416340867	true
tests/integration/test_num_incr_decr.sn	0	fe9ecdae02922c0ca61d92b7ce9155d9cc9af13cffd599aed2d969db07303f8c	0	41aac897039a7b545bb6dc61d595cd15e1938da6dc3541b65bb11ffa0efc04ef	true
tests/integration/test_num_int_abs_expr.sn	0	32b441de37bb65096c62d1f6a61f5d61f7b5508cc88e61bbd985d9adbc908692	0	202553ee1cd2b8467e574c86694fe9edff48bde99e8900ab5e4cbe8389aaffa4	true
tests/integration/test_num_int_chain_ops.sn	0	2edc093d7e7a8133f586637db37c6b9236a7c27520e0336ea341e3d5b136cb16	0	72fe110b58d87928ff96c453419c03ea7e313132119ba63c43cebb709679723a	true
tests/integration/test_num_int_compound.sn	0	9beb4e71db5ca404ef182ef7b085e06f9c5133e145b2689dd258392b9ccc49d5	0	14702427df550b0de19ef9f1fcbe71aefbf8caec284c078d93012e9b02190d39	true
tests/integration/test_num_int_division.sn	0	e5c6fa7e5a2580a020743aa7e390ace090e9dd6da85375dc73863f86bc5490c2	0	794e2f099d56e4001f423f8dc330fb172639fb581ae817202db9a8b9896d8e53	true
tests/integration/test_num_int_max_ops.sn	0	e719f5f9ff34574498dbe6e19c6c8022d1fcb4acf81cdb9ee29760356d099fbd	0	85ed01c7b46ef5d42906c34da1f32a8afd3b6f45c7a19c2dd3eaae1ef2e0a297	true
tests/integration/test_num_int_min_ops.sn	0	6a51666ed5a2723f94d6b1e46698803b915fcfe9905b9d9b3b0d030fc7842038	0	be569935b0a9a1bd27ff523b23ef264e019ab9534f742a65c4c6e3cde5a5e728	true
tests/integration/test_num_int_modulo.sn	0	fc848819bc099920242002727b3101dfe067a82fdae8b27882090f2bd10b3d82	0	03851e39a4da9d72cd5b85d0c0135b7c27ab76cf4efec09ed3f871c43ad8a6c5	true
tests/integration/test_num_int_negate.sn	0	fd5bbfce68e52ef0e4f47d8c5bfbf15da3589fa682ff5ebd24d3fac850b240d4	0	5669f5d6bd3955fe8873ac645b60830cab412498a4c2e464b3358ff884db2c57	true
tests/integration/test_num_long_add.sn	0	9314ececad65dc08e30ee23b5482e76b72d7cea14c37ccadfd2134224f56de33	0	98b67ab2ca32a33d9c1d0be80493fabc084ecf0939d0d209c261c0d19f50e0ef	true
tests/integration/test_num_long_divide.sn	0	79862e8d7ab7a43dd944cb944662e84fe20ece45b6c168640b7bcbe68d6749cf	0	b5fdd975d7821c6b646d562b359f7cdee50f3a922b0434a9ceeda848fb69293e	true
tests/integration/test_num_long_modulo.sn	0	37fdef99cf81cab17758afd38bffde90af48541298f17bc08b331cc90524b258	0	e3107744fbec64e7ef9289514ffcec7b6ce9768c194569afbfb5f0705c6e6247	true
tests/integration/test_num_long_multiply.sn	0	e9e2585d3ae309ba5003b6b4c58b1350ca343b30bd44cc029937332fc5bfc60d	0	7b242399e6140683b4e6ba7fe758424fa5d66b975fd71eaf015ba8f1790534ff	true
tests/integration/test_num_negative_modulo.sn	0	ce85085a9ce36ab2ba2b5986008df863107e3d7ebdf23925df5ed1e3785e13cb	0	f3026aea58d608d6c8b99eaede0e2ff48cac54acfd37e1e8d22454ee2fe91ba4	true
tests/integration/test_num_overflow_check.sn	0	9e89a492b8845c9a76ab4ebafc5d7953493a5dd971afb3e58e23b8c64fe975b7	0	0775d58d9422f8792422f0b77b5f1b8f8b2ee9557d1168560f9fc6f48f257a19	true
tests/integration/test_num_precedence_basic.sn	0	4a04863a1b3d9aeca45bc0106f573e7e804783ba5e37ef86a1e82da713383c6a	0	bb30f68ac94809e49c0c1861e5fe0f83676606480bd461cc16edd4a5688bb579	true
tests/integration/test_num_precedence_mixed.sn	0	a68b21f36838edcf702829c79677bb4be827bab02f963d131ecc23daf1cba0f9	0	ca71ac0208bb8975f7e223f85cfe5e755beec08f28970163d752e10a524528ee	true
tests/integration/test_octal_literal.sn	0	26e643f4641b226a07e1022b0cf6c1fdc06d2c3f281142416fad296465799af0	0	394f99b9a58528f339d6c851e72bd20bcc3a293ee1bfffef2a4d71e5ba65538d	true
tests/integration/test_op_and_basic.sn	0	2e54cf60e6e2e1a6d667d069b0a928640a30b833c96bec80847bee177b688780	0	f39350ea4f6a26c5f279e6dd1d1cd119bdc25f15830af59915d287e4bb103a18	true
tests/integration/test_op_and_shortcircuit.sn	0	d7095d2855a31a243448762ab22cfdd0ee4a293af4c440d892ed13eef676dfed	0	f5c635dcb11d55af69bc2e6051168b56d29fce6f49a9556bb357f655699e6915	true
tests/integration/test_op_arith_overflow_safe.sn	0	9e89a492b8845c9a76ab4ebafc5d7953493a5dd971afb3e58e23b8c64fe975b7	0	46fc0b72b11f518f755b97586f6a11db6fd62f83273ddafba334cad1740ce8e4	true
tests/integration/test_op_assign_expr.sn	0	32f3804933305b35875b95e24c67a5b5294d2e95ac02a5378e53d274687b0863	0	a56eec673ed0fc9689aa366a1eeefa79991226864433df93d44dd470842c66eb	true
tests/integration/test_op_bool_assign.sn	0	e8f8c4883d796aaf82db2e725bed1b32b78b8d9e700332cbcfa2ed268fafd7e1	0	71d1c382a85bdbf0200e27de3b04b7080c3a7ccc26fc24dd7041f2227e2637ff	true
tests/integration/test_op_bool_chain.sn	0	08a029d5c4208f1a2ff1512c56f6804ac5d5e0ff68b50698bc6ef6281f250609	0	7728ae9665b98f804dc7c00e4a7888d4ef1e415c8f862547fa693f3e2a23856b	true
tests/integration/test_op_bool_not_in_if.sn	0	f3ad341a6d0159f8dd1f955b81ad57af6bfb37353c4b5db5935ab35b7b61683b	0	301c0e2ac212ab5e67ef07e3ea31276df3f1cf6839d163215fbdac7e69b95432	true
tests/integration/test_op_chained_add.sn	0	a02ac0b8ad8c44ead051936b4aca5b64cb133ab07c8102ac0ec22a74042cd193	0	35c618cf60277dc40782d84d40fc7928aa54887b5fb82cc409c062b2d86056b1	true
tests/integration/test_op_chained_mul.sn	0	6200594f72ec5dbe2557afcb7926c91f09779db460458557fda06a7db562e6c6	0	0bb3394367448580f94df54c51ae3b2f42c2b5f1f56f390d583237c7273e513d	true
tests/integration/test_op_compare_byte.sn	0	5b6c8c40874d64823f0f268410a444b6f921345517a149847844a3172f48f980	0	1719a7a249e123c4aeab34b7d1fc1d5c29f011d1a1f4a7fd5d01466a546abf5a	true
tests/integration/test_op_compare_chain.sn	0	8dc4cd9499c3a3b56b17261a7e11a1e6bfe0a78edab459fc30df2ef2f9443a42	0	5fa959b13d2d8bce0f1f23c8884ef196b9ea58282ff473c74fb4be40096c3310	true
tests/integration/test_op_compare_double.sn	0	fea8f9a3d931c6d36029f1e79db4da26064077645e837ea76c57f8fdd69854a3	0	a0892aa494caca3a2da7c543fbd85c7a6837309798b341728bba644daa546869	true
tests/integration/test_op_compare_equality_str.sn	0	4f257fc2d996d19ad65a2229e1d4453fb499539c3c5b7f0a5ad943e054184115	0	9b20c2efca0d302960e293f2ca87071301787787002e9053b598301501ec963f	true
tests/integration/test_op_compare_long.sn	0	c553a8eb4f3d77b1f2e31d2915b119dfdeb893dcc402ecff701a182a3ef578e8	0	8da0f5636f66a0ae5826e1fcc30c35b3ffcca97e3f007a1f08ecc30404f4c8bb	true
tests/integration/test_op_comparison_eq_types.sn	0	f1fa86980683a3722e38248cea32d5ed9f139134f90b8177dffe925184db9d1c	0	161e961cd72c7b26648a9b20a67ec4e12fefe749e48c1e2d587b420563b3ff64	true
tests/integration/test_op_complex_arith.sn	0	de240acb4070f88eabb26a65110244f73fcccec3f48e8beb95cadbf97ca322aa	0	3cc54dc587b77895df478573a3db100e25e6186d549f895a88545bcb6cf8b88b	true
tests/integration/test_op_complex_bool.sn	0	8b185aab0550ad1aecfada5f11732a2150ef893b34398014aa2cdba3aaddac7d	0	f0b1e001ad534fd126ea1e3b3b963aef27bdf5e398269739ac8dd3ab5fe711f0	true
tests/integration/test_op_complex_parentheses.sn	0	3f27c870b8683c859e038937ec064cd0d70187c794ae7f13e85caf4007c4805d	0	528096485dde039ec200a9c19577e15b275992bd2828c78797d21d182d8e7545	true
tests/integration/test_op_compound_all.sn	0	47f0e5304f336995513d008ca6e364a5582e9687514da32de30e0ba1b7dc1002	0	6cb93d53e7cb8a363ef9474a3e004b8babea9a922f5023672e46a79ddfb86dcf	true
tests/integration/test_op_compound_loop.sn	0	0d71681ccf9db961cd106f286a1872f90a401632ee7569d9f08e8a47c161d713	0	a2f7a6d4d5b720cd8ea4a2de4cab1e9fedfe9999c1725f7f8e4857486c5e1eed	true
tests/integration/test_op_compound_mod.sn	0	fb9b7c9c993462adf10d74a3c6124fe71f6f4bef2fc41e9ea706e9e195a67ab5	0	30f74ef266dd6fb73db0435432620eb2ff8918966c6041ed0411b9645e6bab3f	true
tests/integration/test_op_divide_truncate.sn	0	8cf8102c33986d45daa6b1f89af175df8041a909b4ea854f48ed18bd1ab49126	0	6aa49aa1ff3936d10c678aa91367f67a1389b5724235ef09aef959435be0d09f	true
tests/integration/test_op_double_arith.sn	0	290756d5de15ab81b04c18d6a6d70d26100d3af950b85c126a7ec59295c19d1e	0	7c12a1fd07a768c8505336281488da3895f22ab20b2fb4033202b51fe7317ac0	true
tests/integration/test_op_double_compound.sn	0	b6ba890c96defd0aee5dcdb28c4b32d0ede2076cb82c9ea5d2bdcdadca2cd9e2	0	2340315a1f07f79eaf9af3404054a3b740264eb993d93c57044e8d47973455b4	true
tests/integration/test_op_eq_bool.sn	0	72c945de3afc6f0b746a0638c33621ce3543bb4389a52d5ac29f61b560864927	0	7debf3bdf1a0834c19c7b6ba91aa50aca24d6a2b69c57caac16665d3a30f3dd2	true
tests/integration/test_op_eq_char.sn	0	f77bef6be93873524449313a78355ee4cb9c227a68c5580e80c738f01aa06c25	0	a79f01f2d0741c03aabb22026f7c56952e6e9fe92d6cde666c99e17927a46bfa	true
tests/integration/test_op_eq_int.sn	0	794013519c973ad426e3052415cfd3587bd9a6db251dce78209b9d6b1c982a35	0	6303af2f33f3dce117f4a762acb4fff1327def72a7f567dbe029492c6dd9b567	true
tests/integration/test_op_eq_str.sn	0	a076f6e2565293e1c10f57e0375ef271de74ea85d99ad232cb4c13b78497f4ba	0	d0d13ab39437444e69dc248e8488b8cc0930bd3a808e76ffd9104dab60c0f917	true
tests/integration/test_op_gt.sn	0	624fc0945819a1d20ca9d0f2e118718cb23bf98a7722f7cddf33d6cc70c96a06	0	3813b5f2b21e41b1d059c21f9f40b36fd63e932bfb8d8861cb639f4527e0924a	true
tests/integration/test_op_gte.sn	0	b26cabcb05b3f79fefa9bf2f5753b88e1556619fa65b0d736169f6548be4e90f	0	281fab2d901a3746c6e86e644a282816a701128c8eef2ed8c4e6622f88aceaaa	true
tests/integration/test_op_incr_boundary.sn	0	b5833626a41e326af619384d1f8dc87f366991c16b3ba72b9f3ceea6a624076c	0	41fd2616de52449293a17f400894a9689e8a04065c09fc83f11792dfa2e3972e	true
tests/integration/test_op_incr_decr_expr.sn	0	3d87db780628eedf42ac5d898dc4650d621dedf2391ea8bb6fa1fd9d347cb65e	0	9c94ebe90f870efdfd1bfda8e846234815a206c84c64b491e62e162d7cc8ac3c	true
tests/integration/test_op_logical_complex.sn	0	e2692f554d978f342d9eaed97f9828a9a5cf87e3e900c643bd95b7d14e2f6878	0	ada70b413b13122d37afa6fc67cce66a797150a16f14379e851c6080a80827c3	true
tests/integration/test_op_logical_evaluation.sn	0	ac4ac6c38d9471216690bba330828860d3215db1dd8aff0603e09300f849addb	0	f871f357dd0731b3f636e7a5d3e5f838a83d04c8f29146556dafc1e8a2063733	true
tests/integration/test_op_lt.sn	0	ffe54d55df1d2f33b5c6f5c89e4b34e30fa0a53c06bc9500b5c346f840952f5e	0	3478113511935310c37f74e4bf36a1cefefb382a6cf3e3a8686db90363cd5ce8	true
tests/integration/test_op_lte.sn	0	f2538b907794309436929e35312b6eeb4895b71d89145edd28a79f5e92de5d3f	0	a793b8c1365efd89fadc5fc8c5f29ab78fbfdd7744b19b51d79c2d8da6708782	true
tests/integration/test_op_mixed_compare.sn	0	eba526a3b8dc418ea07d3462714f99f4b9652cf21e3d6b7201a105b2bba4cac7	0	7a525d28879e59fcc562c010bf43e10d14d574590b3a57f59508f814c2f24061	true
tests/integration/test_op_mod_negative.sn	0	ce85085a9ce36ab2ba2b5986008df863107e3d7ebdf23925df5ed1e3785e13cb	0	f8e9d4ee4752637655fa3ca4a9c14a7e7fdffcc7bf98460dd6a7e9924c6a8267	true
tests/integration/test_op_negate_double.sn	0	94d6675043093736df41626d6f6b8af2116dc5b6f4c79e40e6101be2e02f908e	0	ef7d826586ecc9211bf2152faf02802b3dd71393215ea4c4029f8479ea2125da	true
tests/integration/test_op_negate_int.sn	0	e9e1f6064678c8007f8b47b0bdecb599e29783c6f195473c6f37397a9b46dbe9	0	7b817465c742e7dcf32dbbd5a88a0c5df57c942ce817da2f5d68d9b72687b915	true
tests/integration/test_op_neq_int.sn	0	316bb3e6a66b367c15b060af25da7b0a82a860b87262db782ad7ab2845d4f9b3	0	d129b25a4ac28ce5a8fc27ab2f4472a40d8ab9d128b69671746379bae743f777	true
tests/integration/test_op_neq_str.sn	0	7cc64192f03049763eb9083191d848bafb6c165aeaa188cceb85f633d7d2a29b	0	832a45f072a2e5fb09fdde8d612f07bc6016110bc9d9869259ba602cb69c749c	true
tests/integration/test_op_not_basic.sn	0	0d651a2588b9ea3a6ab7483437786655825f5e1936e0d9622740c7ac4d8326d8	0	00ca66bbb1e57566bbcbc48c1998857fe7eecccf71b0c7f0b0dd82acedd1d38e	true
tests/integration/test_op_not_complex.sn	0	17292bef95cbe1e4bd408f947cb9fde6ca98a20ca707be502fec91815cff13d1	0	ec46af4951ac9be0a57b34d85492bbf73469464ec0b72dfc8f0b049384729c88	true
tests/integration/test_op_or_basic.sn	0	c456d453a77162422c42cebd1246c5796ee2d9b592ac1c8f519742a1acc7f7fd	0	a8f6ed4cb5705c74b018060e588ee21c119b697f7e7b30b43297a64d6a7bd011	true
tests/integration/test_op_or_shortcircuit.sn	0	8cc1f2d3e2459bf748de8393d52ad6d17f9ac178d23ea35b57ef2c1847c42ef6	0	b873778a54ee2a28aa9cbbaeda432ad47facd568c453168da453ae8d7c72b5b2	true
tests/integration/test_op_parentheses.sn	0	e74cf7da85dab45a53d27d9a277f7bf2a395f1d95033a18fbb8fd444beedf082	0	bf0d961ca5b66b4d96bc5b05831f948ab5a6377ba89ce4fb6993aa2111478d2d	true
tests/integration/test_op_prec_add_mul.sn	0	4a04863a1b3d9aeca45bc0106f573e7e804783ba5e37ef86a1e82da713383c6a	0	2f34f581a2bdabb431ad14bb468571ac4aab3ab430a8ede424cfcf3f58cea74e	true
tests/integration/test_op_prec_all.sn	0	3c6863956a89c53dd70ccd1eb33766d581fd9df2119890323f4864206e028f85	0	bd8f45f73e3031ee89e671dea58843e127f803ee7202c3332fd70cae1ea55ac4	true
tests/integration/test_op_prec_assign.sn	0	497dda8a88fe15315c621864a3d2ebe00633a14d52f56509e7089e11afd80159	0	52a0b4bd6c2d554cc2e272f9dd53b2901c82f5729a60ccf4a9de4c0e4fc2474f	true
tests/integration/test_op_prec_compare_logic.sn	0	238564006624891fa7516546beb82cde79ab1c20d4cdfb29ea47fa7fc13e041c	0	7183d392c9bc97f7deebf6d259273c65555dd19cbde1e51aec4f5cd757fd4907	true
tests/integration/test_op_prec_mod.sn	0	3e8b271026daef2a351b371a3c2e7d52acac903c2e8ca61739e2f7a040fdaa75	0	1c3f4bad07edb6922ee6b0ec39b3b4888e64e13f4f99b3ac060f5cfe20fe5f53	true
tests/integration/test_op_prec_nested_parens.sn	0	b969952238308c66011ab7cd8daf46b81c16f55a164cfacac7c1f0bcd957da33	0	aa1bdc43f97f5932e485c7d542a85e3b0d9111ca3bbe53f1ef43b66e781e313b	true
tests/integration/test_op_prec_sub_div.sn	0	bac5ce822ecb13f1b7b918ccc11e89b683d3cee917d7a337049dd0a66b0c1693	0	a3bff0ba4adeca4b3232f014b506c7805295ac919d92bf1c84af973ed20484d8	true
tests/integration/test_op_prec_unary.sn	0	4800b40cbcb0626698ffde5308a5c622c8ed7b8539e0d184f78408269497a9ad	0	73cfc31977254edd483c40dff84884becf53f1f2e49d49ba81f5f2ce22776b51	true
tests/integration/test_op_precedence_bool.sn	0	745432c4ab0aaccf7751a9c051a6204d8e7ce7ee110702a5fc23fb01101ea147	0	016c1c9b26adf640a8ce21b2829e3b938c529c8f34df90d8583a255895071e63	true
tests/integration/test_op_str_compare_lt.sn	0	044d2560bbc5a046f085a0c177d9917a080e05eff57e9418e12ea363f3bee4a0	0	5f3d643841f2db59b52c46f3a9b125b6a7959ff5de208108c2b1116187764dc8	true
tests/integration/test_op_str_concat.sn	0	2ebf0a4aca3064d926f7193525be7b6bb78ab27b619ff854193544d30a440b78	0	a96f3e417c4769a33611e31980ace7a7334cca99e17abbb20e53eabbf01a0e7c	true
tests/integration/test_op_str_eq.sn	0	0ff9f487a9c789cb32246274d8c4ef2b5fb2673081ea7636d5fcd6f3a53befeb	0	92b37172231eed788fcccef22d23077def5927fa5d5ffca56868401869a43fb1	true
tests/integration/test_op_str_neq.sn	0	3d0ce0537c9eaba9ce8ab5a9bb7d339d36e56de34799644593d6f8030c4818ab	0	f6e4f6098ccefdcb01bed0046c0bb7671adf5083657aabe91d7d87ddea3f77f0	true
tests/integration/test_opaque_types.sn	0	a7ffbaf359819f8af1f85fd1bd827f3fb4763e9945e78aeb8ac1ac05eecc0af9	0	3d357388feec7c2835d477453b763a211b5e10f5789cb00a1900b79e855b5096	true
tests/integration/test_operator_overloading.sn	0	d25a45b2247b4dba26c03d8694b841b38c8cb53af1837923c64fd0c477fdfd1c	0	74671718b390e9766e1f9e2269ef5f7f18e7a6aceb82e03391ceccd279d55c89	true
tests/integration/test_operator_overloading_advanced.sn	0	1102343e61f925be499a5d762d359d81e2ae21c08b3cbced87fcec6f31f93c87	0	f608b4bbcf59cffc6fb27e9291fdfbfcf385848f82f28fb00144aa24b425b4e6	true
tests/integration/test_pass_self_to_function.sn	0	c068ba96b0385b9696bd603a4c9d3a5e34f49e6589fce6d69ea0e3151144dc2e	0	040ef11d51a8288969a5bf8c707ebef89e744d944e23c8d76b43169598c14817	true
tests/integration/test_pipe_string.sn	0	2e5aa5e0d8829ed674151f9d5e615e0edb0c0e5ab921cc13800886e2397adb04	0	2bf15fbbedf2388aab1aa68cfe32b7bfeb3f2f9626dc6b2e9c66c375ba76eae3	true
tests/integration/test_pointer_types.sn	0	750c2e39b5e23a03ffab1d078b420e799150f6a8ba474c99529830b788ff9ed5	0	249fc3c248da0334e538bcf99e8bc978a2f91508aa103994e99864a7be7c5938	true
tests/integration/test_pointer_unwrap.sn	0	a30765689d688851a4f60a6dd125ef9609708551f3f72c045ae3d938b7c4e049	0	0cfb6f825498114f8021d2390529813a27bf65a1987b086affb026bf203358ae	true
tests/integration/test_pragma_math.sn	0	984f1be21f0045b71f41bcf0f5c26bfbdc28c49b986270f39863fce94f3904de	0	1419fed70e27b33bc85a23a7ae75aa6a0d60cff6d8e7a3ebd4a5e505c36054aa	true
tests/integration/test_print_bool.sn	0	65a3e3f023802fb470588ffff638e36936e7b5756e86cd67e14380577d38ecee	0	f550ad4641e9cd54dad6982049e5e3490125822b3c182310977699fe2ee8ba56	true
tests/integration/test_print_concat_expr.sn	0	b2d55ca24fa5302a739e15ed9de10ca8eae2ab586b6a26c8e7bcb95542d17859	0	42d03297c651fd8e4adbc9afabea50b7796e68cce27ee8f1961b3580841dec02	true
tests/integration/test_print_double.sn	0	7fe63ff17f44bbc6493fb1ad51e8f3f8a512d2bea13689b15fb2f3a067140645	0	839af931d00f6127d20c9fa683157c7a2407fa52733d7f0af6f6eefdfeb435f0	true
tests/integration/test_print_empty.sn	0	f82f3e5d5333ce53237544a026865771be7807f2651e4283705864ee5cd7ae5f	0	242c27398fceb18771c22dc810a5d73e6fec5c54817cf12e541954ef6dc9cff1	true
tests/integration/test_print_int.sn	0	ffd54a552378630e370ce9453c88411ee0dd4e93d07ff52e46eb8f81b302daa0	0	5ab00fcb93b578b4c8bc3371b9a9bc9c917ab24d889b0682c266c70148da8c6a	true
tests/integration/test_print_loop.sn	0	628bd0ee8cef41fe20e2e38b48e681d17e08bcd51b981f280d5b73875cd5854f	0	eb48607df5f1ac1030e1a6ae981be714d452ffb92503848b39b16156d0cdf2cf	true
tests/integration/test_print_mixed.sn	0	60b86a9a9e1f457dd78f90cd3d3df6e7c8f91fb741d720b52ef8f5e784b123ed	0	59793cf36b499ba6441d26a3aa0a570ef8d3dec497fdc9900faa82bc145af1b9	true
tests/integration/test_print_multiline.sn	0	2f7b16955d66b970042fa155f30978118d12919301a8860d253d4f7af1dbbc9f	0	8769c144121071a3cad3c26e8916c5af19dc4d10e3a2e6ec74aa6e8994a17021	true
tests/integration/test_print_str.sn	0	392ddb493945565212109ab014a20b46aed55b0e7c4d92ec4e37ed161f536676	0	1d33ad1d090394103b0a6c5b6cf11dc82ede3524b4ab170c4b16b276a535b3e4	true
tests/integration/test_print_tab.sn	0	6178ff4c63c5bf5163770bc72858ee4bce6c217f9cc2f62eceb971e00e75c60c	0	88e0523ee06cd3704f4c88879c808a66b098148b120020d3524b5e95c2d0d08c	true
tests/integration/test_qsort_callback.sn	0	37704cea0a7df773e86f1d10da463de812f934b309898c7bce593d03873389f6	0	1ed802ff1f9aa7284f0cb7fc25fc5e7f2ba8a95176f774c672946862393acc3b	true
tests/integration/test_range.sn	0	86459f984d05cbaa2d922bacbe1df9efb5b3c3f0d395d1bff60a96416e813371	0	ffdf5b40bdd2305a527286c2efb70d2da983045f160b5f261a6aaf07440b5daf	true
tests/integration/test_refcount_arg_leak.sn	0	df7160acb0036ead54989e91cf4c695aa0c05f0d691ca2eddaa92542cc86b3c2	0	078d78189a879878288eb0ca3f5ebbe4f2bae5e35a4cb77461dba2c54f8b03bf	true
tests/integration/test_refcount_chain_in_struct_literal.sn	0	e628ce472972fbae9f55b617c47402779e499763ccef29449e2cdd2abcfe5cc2	0	84049f743fd41751253c04616170669442cbc3a33707b41e1b64719057e147fd	true
tests/integration/test_return_array_literal.sn	0	dc11d863365423dc63207ff6fd6926c70f755fbb7d295e8a29e1238dc7bf7a09	0	e224598d4a88d94d6ad625476bdec73b9b53d9a15441c44f2a27ccc5fa393ec0	true
tests/integration/test_return_field_of_auto_struct.sn	0	4cf50ce937f8d62d3e833ac54776cd9507ffc9bdd5e5b94b2754775336b6f7ec	0	c521d267a4b7b48edc3256f445aca4e7cdc0c60e0a06a70eac55106f9e896b62	true
tests/integration/test_return_ref_param.sn	0	7fb7fd47c84744c02f40b2754cc0ff314efd54bbcd8eb30da93060e7764ec870	0	541365bf42bd95c48ceea0aee3e2713030bfd568c60e7efa48f9618b619f56dc	true
tests/integration/test_return_self.sn	0	23dac2a90bb8277368692ee6ea26865c7dbdd22663fb92f60d978683e0997dbc	0	3542b12b797a25ecc899a44af4c2980904a05aa94005381e05060f50a4d05fb3	true
tests/integration/test_scope.sn	0	778c3b3b1afa41240b8327dbe1e74a14e6f6f9dc3e183535777885e8b8326c9c	0	69a695754c3164b39a12d9a8ac4b17e52ce7e2925050757c9e7f9446eb474d12	true
tests/integration/test_scope_arr_var.sn	0	d36ca8414b967342cf750751a492ea239b0d1b9002d1a4a474f61331a4b3579e	0	06eb4e83db3020aa8c68d65774c77b546196587673efaf2c96e89034e6452791	true
tests/integration/test_scope_block_basic.sn	0	21a5f589b2a199730fe582efc49a6df5f88687f4e2f375fd16acba51992395ad	0	bad46463c64f83381ccea5b3fc51650d5ed4b7f087cebb2f49a93a7077093daa	true
tests/integration/test_scope_bool_var.sn	0	13299a10cd8c2e74b6b2e1585c3aa7eadfa0672f00b486c2247d99c1bea5e17d	0	70b6657c7d75e9264b0da712a75a3aa3daeb7bd303ba4ce254835ad0dcd68917	true
tests/integration/test_scope_byte_var.sn	0	7691fbd168d7c300dfb6c5cc5d768caa25daf98cba8995811beeeceb2a3bea7e	0	501e7bf882ab350f8bea85106a2aa1ab6fc73b893342ccb82711880ae15a06b3	true
tests/integration/test_scope_char_var.sn	0	e2ad2a9fd5a2e17db6477ac7ca373a661f982e3213ff62c7b88139fad519d505	0	40b1e1ccd38679f25e68d5ae19674bd0160add3c3542e125900b79098eb249ea	true
tests/integration/test_scope_compound_assign.sn	0	8358c587fa4869b49622090a48c5311c3c9094002969380819bf331c239b2779	0	c21f10a04da50c358fa3c422c400825d12750f59c1b35dd5cce9eb1e9c664969	true
tests/integration/test_scope_const_expr.sn	0	15f07ce3fe4964b785badf38df8d7d69552ff27944c7c6aa44d16785b1c3ad37	0	a3267a17613332d0182c96d480ca7b7252c4faebadb838cc9fa2f43e64fcacbc	true
tests/integration/test_scope_countdown.sn	0	9d6734a73a1456b4ccd226efc2d5a2a9fbe4d75a4415a07e0c13199afdd332d0	0	fcf33f5454b5572ab17941308a0356ac31c33dcd8fbbd5e1c73ad79c5f3f9024	true
tests/integration/test_scope_double_var.sn	0	147b677a457149663c562fda2e7fba4476cfba51b1ed2f9763dcd447f78840a1	0	6c24aba9d0c82b7c7a762b04a175b0755ad7100a05d68ec3e01eaee0a50cdc28	true
tests/integration/test_scope_fn_local.sn	0	621a72ee26ef98083a65253fd9b082e23b5a535b9fb6306c778abfd4e6e2d03c	0	5256f37b21c63a35a405bf6169a0a43ede86d9a5744f201d6f92215743351006	true
tests/integration/test_scope_fn_multi_params.sn	0	d8cf10c615dba88bee82bb5e26e3b052b16a45b182786a84351e08eafdb094a8	0	36f656a634bbae578ecf80b3a470fece56c3dd0c246f0d43f9649bd93812ca48	true
tests/integration/test_scope_fn_param.sn	0	ee02f3bb15637eb297db75c3787e5c436d5985e139f8368c0ffde825756775ed	0	7f15948e5458447d73e5e067e97ba5614113a49ca6471af21081bc467792f8ba	true
tests/integration/test_scope_fn_void_local.sn	0	95eb554d0064e1e7c51dcb587c434f4dc476c31ac542fafb488088a32aae10b0	0	adc76b32d06613481e4dec587b63e6a6c205c24f103dafc4a2c8821dae605e33	true
tests/integration/test_scope_for_var.sn	0	2dff5a17cd0afa1e19c4238a7e2500a74f9fefd53660bebbb7c19c36e9d25730	0	a29b335384dd3fd295f76b8143e99bd43cfe17841d28761f93e1c16f09c65824	true
tests/integration/test_scope_if_else_var.sn	0	e37c4807af01a845e1c2f97102b19c320d0b0d395a0835068517dce95e6568bc	0	aa414e9b47ce3aaedb85547be3b79a7fe06ac3f6e927d109cc53f54aef7da227	true
tests/integration/test_scope_if_var.sn	0	8c60a75102caa59401c5369155cecfe7988198896a9a9b60a7997f808b1db4a1	0	9ba62620af384835cf58b50e752eabaaea1b48ae5e17dc087492b96ab1c31751	true
tests/integration/test_scope_long_var.sn	0	9eaf7fa25a16ffe2925507964bc2b371a6b737466698105fa2161f562ac9b6be	0	c8d903c721cf1a192526a8da19256a5a5cef8899435bafccf941e3376a37d32f	true
tests/integration/test_scope_loop_accum.sn	0	37c33ab12bed28353279fa3bd33ec468080beb3fdba55a18635af49773512564	0	e044bab14ddc0100eb732f5ce96f303d4d8cc7ac86ffc3e2933e08aa83ac2734	true
tests/integration/test_scope_loop_break_val.sn	0	89d859c76df1b101800f76276fead795546d1ea447cd9993bdc7d3b0ee73fb2f	0	ead59ab5e7d90c700cba25dcd86e6c5b1a03b2da65340fb14f5868d05040224d	true
tests/integration/test_scope_multi_var.sn	0	f88018d069b9ae3613cc77edad02e5154f33581aa0c148f1bd5217d37564cddb	0	503012b3a21f20f880086a65609e03f05a3e4553f53d541f32305c2a5f8faf34	true
tests/integration/test_scope_nested_blocks.sn	0	fc84c50f14839478068f176cfb33e373cf31e38ccd024ff6b205a7e5f61454e9	0	8ddaef408179cc5062c9c41af5e8b1d71c9e1bdedc9575016f2521a0d853ac6a	true
tests/integration/test_scope_nested_fn_call.sn	0	9a44f2c27fb6ce921fa1f17c3e9f8116fa8cb1cca8df8fe3e4a0e3571fb52f7d	0	a2156fbadb5f68c0b8b43190b05eafe5a44a14b9d1a96358df0f7e1d2bc478be	true
tests/integration/test_scope_nested_if.sn	0	cb62a9e2db6035ba5966c13ff5c37ec79dc2efea382012ec7897b412e1843049	0	65e87d0a512637d72f8ee392fd13f2b6c2d3005833305f064044c76fa93b097c	true
tests/integration/test_scope_nested_loop_idx.sn	0	c839310f95e345b33b905a90951fc2eba3b1e167b3e98e23a7ceed172f170fab	0	1e0b983430145bdc3910044f1d4185f10f0c6a6228456b0c2848000fb7fa431a	true
tests/integration/test_scope_nested_while.sn	0	517db3fc3af850e1d2af0b79e7dbd4adbb09b14bb7f1c491bad1f1eaa04180af	0	8812b8f27d093130063ae4327640bd43b1b39006d37633a5ca8761928abe3b4f	true
tests/integration/test_scope_reassign.sn	0	1e76649f5f375445d29336acc8d7f84d65dd1b37b892e4ab11d6906a634d1828	0	feaa9a4a921b68994e723059da1ad75785108d655ee928ce4394e955639e9ae5	true
tests/integration/test_scope_shadow_in_fn.sn	0	a78eaf0a9d887360b4842546b6925a7fe42ea7ad3055dcfd853c76f2ac7129a5	0	3e1d709dfcd5d21b82e767a60cd9a8c4d1e98d4f44e45b04c3812f7230b12697	true
tests/integration/test_scope_shadow_inner.sn	0	9d5276f46052e5bc432702dd8a48907a032dd7683cb8264b2f766e053bda0679	0	47352642404ec7419c413e8255d8a03082176eca39519e613ee45110a1ce9f7c	true
tests/integration/test_scope_string_var.sn	0	71f282c9eab1fad67e2b575c44660da93f165ad7e2af709ee9c6e91b81d7b84f	0	b1e4732305b80ea367cd23265ff077a0dc62a0e7b1ad44726911e53afbe801d4	true
tests/integration/test_scope_ternary_like.sn	0	fd6b4783b81593c59050b12fd39ab8824c7a82e2407fc1f071ac14ed638b8c3f	0	278d02629a7a728599a61eb70d5ace0e2684a87057e3894d870f9c6ab7f8bab7	true
tests/integration/test_scope_var_in_branches.sn	0	da79f4f30e6bab39fc658851e15e8b3056759b916a30e480d98ab5322e4cc1e4	0	68cfb3d136e2d9e12ef499df6584f47457a43ca0a278968dd79edd2cc75d1273	true
tests/integration/test_scope_var_swap.sn	0	5404853310245989d000994d028d7b4d8138562b2afcb326e150d71040ca09c0	0	1b897f3e33eabf063b08d438b4582b22f75a3ec0c6c783a7a6905037ae40e571	true
tests/integration/test_scope_while_var.sn	0	4e9b253cdb466b7fda81b3568085d47fdfd0fc3e9ac277ff953dd42ec9579239	0	f0146966d072371b6dda0ea1c925b8ba5158c69f2d5a48b03e0431a6e0640458	true
tests/integration/test_self_method_forward_after_train.sn	0	9f007aece1bb70eeddbe391850eedfb3a13657fd14fa6ed72df295126dee2265	0	7223f361b7b4b5ffcfd8f704dccc3cfd33dcfaf330266ff9cd97e62e54034914	true
tests/integration/test_serializable.sn	0	d3813f2eede82d9d6b714b22f14c1a67029a34c8379cc870ef13ef365caee8a3	0	a6e768b0268b1a9d6f943ec2a3e87c9e265db5f51070e30443df4f73cbea3076	true
tests/integration/test_serializable_decode_struct_literal_loop.sn	0	36697da6c1dbce2b74a3e6084c91c710ba6b1dfd7acaad65dc5d003303afb5bf	0	121cf73b4500e15a238347514de9ff16af8f2b16609c045de5f1175ed6da531d	true
tests/integration/test_serializable_double_int_json.sn	0	ff8df3ae501fbefc132e230e6e89be3f3b837298202249aec6025f8b05304348	0	b7283b8107fd786d239953359eedfc9729d8eeca3dd02f16a27488c8d89bc957	true
tests/integration/test_serializable_encoder_cleanup.sn	0	934b7ea4aac2da2e0c5b4a2e3285feb6e4827ae32c0687c3c18c15a8330c6111	0	c3705c1e60168711424667389115584e8ffb82e737a43a7e24a17a255ee0107b	true
tests/integration/test_serializable_long.sn	0	ec0713ae0f5ddfe6e633a6227ddf527a2bcda5d1a72a21321fbb0013c41b541d	0	20536428faf7934da1da32b654f3ac68da65c31d98f09ecb19ea70cc009c9d4d	true
tests/integration/test_serializable_push_ownership.sn	0	8ce544727f6665037c0c69e3e9ad1bfdb85af9b7fa8c4faaa9df7b29292a3010	0	dba399da53de1c7b0ce4baa3517e97599ddda68f13641a0e8bcf1cab113b67b4	true
tests/integration/test_serializable_return_nested_array.sn	0	72a3c75984ed2eca488242b03f325ec31f7e7f080f86a5e5213b652885396a59	0	2c7ef4b554cfd0948274d66b645344c739a54ac4d21cb72a04728bbd3fdef142	true
tests/integration/test_sized_array_syntax.sn	0	b602dba8701cb1bc1f46bdde6ef88e56313f092bc1e627613bf2046aac3230fe	0	b7d43b85d1dcbab4fdc96e5415c161dd4b4b98a38d8450a2ccf39146f67a4cf9	true
tests/integration/test_sizeof.sn	0	fb62c075857c3c61b3b4e47e92b776b01481c0a910f04c5eb0fe0e97aa52543c	0	caa86afc24a2e5d269ce5bdb7e06337738dff55fafb86bebacf0332f5c70376a	true
tests/integration/test_spread.sn	0	584984ed9ac78138beb36e819812eb8ddb6e2cdabb48abb11aa0d8345e785428	0	e1ba78460becf9ec2c12c4780f44dfe5c80d9c3e1818e67230f704e2434ee502	true
tests/integration/test_static_import.sn	0	cdb0a093283631d5c6f27aa13c888a30531b6932a0a6c0d6810d27c5b3ff5ddc	0	066aad6261fb7e921701c9cd4c442c52ac064831af4248d53c143efe3d7208f4	true
tests/integration/test_str_array_return_promotion.sn	0	e3a36491e050937de4f94deabdd7e5b9c21d2ef79143a7049d66106680d05fc3	0	ba2ab7b19cabf42fcb3891a5e2878efbc5b516a5d37d45d0794786c92e3e6296	true
tests/integration/test_str_charat_first.sn	0	0811e7586b107fac6cb55de170da860ee630142e774e13c15c364c509238d4e4	0	7c6000aaa1bcb660519128b00b63be5bb9fe966a39152fb76937d9cc88cb3a73	true
tests/integration/test_str_charat_last.sn	0	bd7ed72c09381689740cb4f1b25c5d0025c2b688183bbd5f1ed784a46f2a1dcb	0	637ab1fee4a37f5905f1824f1da62b15a0b63ba36809b26fe5fa94c35ce2fe32	true
tests/integration/test_str_concat_interp.sn	0	bb8419ca230efb8f9cc29900b0162078e7fb7458a22e7b5475df66743e57d70d	0	5111e373cc38aa2972a17d3a6f1e7110d27ad06933343f85634b1097187e356f	true
tests/integration/test_str_contains_empty.sn	0	100200746a68b2d04e8e7d835a37e884f3e8e6bec0cedba113eba01657359248	0	e75553ee233493686a59c1e0c29b34472fb2684df540f8259935f768328710c5	true
tests/integration/test_str_contains_no.sn	0	22fbe421633b74f8ee3760ba95e4737580b97aac0f9a2e8ecbeacd888193631a	0	ca2b09a79ac81d6b2628c429e38206634585c9a907700b58dbdbbb33e409a400	true
tests/integration/test_str_contains_yes.sn	0	4adf532b5fb8349b0636f8c6ca3c60842987db657f112e77e74d41eaad656f5e	0	ec8476d0e0a30efc30ddfe0af5da7a0804a08dc76537d18e10cdbf229f12e84b	true
tests/integration/test_str_endswith.sn	0	108c2c5de868e7e775f9cbdeeb2daa5c2b1a7252f119ee0c4e0e36c1d2e1d0ef	0	46246a23c62af6386143ac83b2879bb676e857c8958087aca400dfd6f90cd4f0	true
tests/integration/test_str_indexof_found.sn	0	32424b7126973a25d8421aee090cf491f662017771ec048e61c6bb4399b98c49	0	22c89e7fe2fbd39ccc6a7140650b17fcf25c25676f18692805754cf350a82965	true
tests/integration/test_str_indexof_notfound.sn	0	ac6418863ababba77c717a3363bab7dcb84b85f5415636befe03346a2ceea4af	0	172d25241e04dde439490aabafe8338033853cbd9fb45c6f68f7751d0f3ebe35	true
tests/integration/test_str_indexof_start.sn	0	5613bb42dd7c42791b133f0e6da5bcaab8b916e33a6c30e7aabb9ae94985a251	0	ede34cdf5da4da7919b34055ee1b220471d7b2122a06c7516396c748968e3172	true
tests/integration/test_str_interp_bool_expr.sn	0	d84d4be9334879b3c589d8d22354eda9f7dda3e7346d6abaec410fee4839b5db	0	329ee185e4a536a5be65e7c626e9a9838f97a687f5cbdd2115f4d3fdfb267e3c	true
tests/integration/test_str_interp_expr2.sn	0	a4b82fc301552a05c134c2635fbbf1f8cdeb9cde50f850c9050c1c98f86f6f39	0	7d28f2e3b4b4e384e5fb425509dd6baf8420a3a3a8723fa2ed9ff92aeb984d97	true
tests/integration/test_str_isblank_false.sn	0	76cdc25bc9fd1668ee0d96a369455abec509822a2b5b02b574e66ae98fc08dc2	0	4a55dfd61d7325c8f402564a19285ad248e6e6d8efa4c2c03382b5ac34d1324e	true
tests/integration/test_str_isblank_true.sn	0	8511a7d65fb378b4ab10dce0d18980abd1a31b90814b4bef2a3cd7bfad9d4130	0	509782ee7826445fbfe21f04ee4685bca7c79c24d132566e45815f9c5b832f09	true
tests/integration/test_str_length_content.sn	0	ad9c6f3f2b5a9cf2da3ad72efd355294f21be04bf2a3463d8c4de3b70c193a38	0	7938338560396c0bbb962011da75fefc40be4ecccb93fc0f617ec83768f3008d	true
tests/integration/test_str_length_empty.sn	0	122ecccba33d5eb77d10f3349cc00b92d35b23bf5acb1a10703e6dfe721dc2a5	0	fda07300b17bd0852c1c7997e141703adb4d66852ee2f4c22643e538c48cdb9e	true
tests/integration/test_str_replace_empty.sn	0	26c51e7d74684868d45ece717db2e4d05e7baeeb3b3bcca052199788bd4449f4	0	2093209d72e61dc6eec3cdd519d634a06b2c73e226fa64d5a01805544fd9725e	true
tests/integration/test_str_replace_multi.sn	0	297ef232a2c3f104e81c6e935566cb725ac81e848bd29d59e903f9110a85559a	0	010e345c3e61cc4f72af79f6c8da7c2e7d82748950ebf13c3f132505e07f8776	true
tests/integration/test_str_replace_single.sn	0	675f7baf1456edf325bc8072e86ba28be0bcda8286afefe3535ca67cd20ff294	0	d89bbb09049fd4adc5739db1c79fc0cc0b89d39f368d2659b84376050b386908	true
tests/integration/test_str_return_as_arg_leak.sn	0	32ed0fb7d1c500b812a0928fd80a20c0944dea79aadfb2a4a148fea42a42ea72	0	da6dcf4cbae9898e2479632e013b5ae5dbfcfbd4f8e3dd8ff720791e5a29bca6	true
tests/integration/test_str_split_comma.sn	0	859075e1e3336c5b31cdee184166de9e12e474e18e0e72eb8766a28950fedd66	0	cc360cd692b11fe50fce26128a2ebff262bf9a9be8ad02cb2d4e62eabc1b5720	true
tests/integration/test_str_split_single.sn	0	c8b62a12d46639dee6fd44583afbbda5ff1a8f6b5190aaa822510ea5f5ea0a5d	0	f4a3e7adbb1ded930189a83dbf9fc10233b174fea80171b2bfa996ac23198bfb	true
tests/integration/test_str_split_space.sn	0	2de6dd3a508561c7712f8ac41f7b46e7054dcdcfce49c21180d311c2c751bea0	0	a2db3609fbe875c9126d848d7a2cd7c65fe8624fc370fba7bc5934a0908e593a	true
tests/integration/test_str_startswith.sn	0	c17ae7205aa2d76622766007b109ba9f23d450850b058424ebfd246c57265773	0	67aa0824e68ac6bd488802ce9e35a8b5325934f27af6ea833eca3c963b386031	true
tests/integration/test_str_substring_full.sn	0	7850dea3c0f56cbc3b0510408dced6282ec1461d0627eafa410228178ec387b7	0	744126d4cc892f801d2251476a96905959db8a606c1d06131cdff668f51eddbb	true
tests/integration/test_str_substring_mid.sn	0	2b6d03e9d1601901f648da8b2aaa51d0b5fac2ba114801febd1df460f4e457e3	0	3671ce468b6734ba4e65b7fe12dd17dad63aa59d692680f33a3849828cd08f25	true
tests/integration/test_str_substring_start.sn	0	339ea0b14995a9cf12fbc90805eec183203165c67cd85892295979737f3e54bf	0	71a2b0603c04d5cf068d2c2fe2b5ab0c8e7adef5dab9932c3f826afc96218dea	true
tests/integration/test_str_trim_none.sn	0	674331eb73c84272e6ce4218fa79317e388159682afef3eee01e4c0de800becd	0	7278d8e08adf0ed024015904732297a432c125747a912b6a261f570a9668e87d	true
tests/integration/test_str_trim_spaces.sn	0	ee58f3f83d661dafebabb631423f81b9f69efacf0bbe5974fa6176c2baa7d4a5	0	380326d55d701a65680ef4da9d85f535311652747e1b783a38be9164050c15f5	true
tests/integration/test_str_upper_digits.sn	0	07b4fda3c969599b1e7a842941a79e7f645b61bc8586bdea11f24669e344807c	0	b1723b1ec3b760a24db5c5669842f027870b60c098739eec470aad353f084b3a	true
tests/integration/test_str_upper_lower.sn	0	fd32fbf060150e08bf1399c818b74e8a573ee0a8655f7d96ba6a9ea8118195f8	0	fbf7ca6d4e9d45bc607bf032fee19299f43b3412c7f7fe0dd79af2bc77854816	true
tests/integration/test_string_append.sn	0	baa8d17dd7142b67906f269f2be862fc922c100aa861bb328174914e65c11e71	0	ffaac7f1c4683de7c10e232b52cb56459ea6365ece5619fe03301bdf11eae53b	true
tests/integration/test_string_append_empty.sn	0	255c69d96da908a8ac1ee2df474f1c8b7f9e25fb111250c7d31860e9db31bca7	0	29210ae72602bcef2201e5ad48819e59679e1d997880c4957605f9f435a8127c	true
tests/integration/test_string_append_multiple.sn	0	0096ee30e7cc257f3c23a9179c0c75daaec1f9b3922e6593808615125dea5674	0	523d0c5b54da7676908bb8d40513a1b0030b9458b269c3ffdbcb2f78755c01b3	true
tests/integration/test_string_array_chain.sn	0	5f56a78fb01bd0bbb6084b2129c199191efb9ea1d3edc990d850396f54a52a65	0	ef7c40b48fdd77f4204ecd0f2e06d25f7c67be27e2bd847f3b78d5171aa85182	true
tests/integration/test_string_array_join.sn	0	3dd14eaf7f4466d73cc7bb40f357e3c480ed2ef941d28ea5f257473c7c967943	0	6ee37010c6967fdbb927b37213a751496d094dbb9dcbeb8b512fece358d385dc	true
tests/integration/test_string_chained_ops.sn	0	a9fa82a3509fe9a1b2bf05530aeb74faca4ab48ad2efb4043f81b00e0a8767f2	0	619e3c4c8e284390e5a09a51131a53f4821540c7cc9613b1da7f92dd4e10c17e	true
tests/integration/test_string_charAt.sn	0	d08ed876d34fbb9c18dabf225d71f0bae4cdd4e900e90ce04a2ea926d4eeaf7e	0	06fa6041b3ebbbde3cffbc3f64457c72632b69ae8c128d29a7686c7fc6f7ec6d	true
tests/integration/test_string_charAt_first_last.sn	0	ab2e7fb141229139359c4b19dbe448b5f898a28207689546bc7591830fdfc531	0	0403d20e461548ef1d05fb342dc1f44120c53ee3d342858cd96adf66f2644a5e	true
tests/integration/test_string_charAt_loop.sn	0	c1958ff35e56740fc734764295983a5ded3f91b93f2f26cb71f40b171e1febe6	0	142b6da47a70e6d25134188a464f598ccea55ed8848afdc5e9f9584bfe2f5275	true
tests/integration/test_string_charAt_middle.sn	0	ed3640da9b3f5a64b1709ad0a4fe36e4b739d3d5c132cdc2a4ce0f29512280ac	0	1e9fef82348558021e5246d2b26d70038c3f46e8334dbbcd18dfd6b6c30914c4	true
tests/integration/test_string_compare_eq.sn	0	a076f6e2565293e1c10f57e0375ef271de74ea85d99ad232cb4c13b78497f4ba	0	bcedaf9dbc39b625b65a1575418393f1726e231dd00858fe16813bb8a4daa4a7	true
tests/integration/test_string_compare_greater.sn	0	049f8659a502ec8c890ad436930c7c261c5f08f661aa0f2a66ccf9fb6456c418	0	05fd7877cd67a85d58c53770a75e5a094b9ac8c5cf911196cb10888aebbc3128	true
tests/integration/test_string_compare_less.sn	0	044d2560bbc5a046f085a0c177d9917a080e05eff57e9418e12ea363f3bee4a0	0	3058601aee6e571d96e01ebd45731b949a07c985521b8f84913ca31341bd9390	true
tests/integration/test_string_compare_neq.sn	0	7cc64192f03049763eb9083191d848bafb6c165aeaa188cceb85f633d7d2a29b	0	e17b9b18584e94b3e4bf75b7d11184439a05422628dc85747342e258d718fb9b	true
tests/integration/test_string_concat.sn	0	c3515f959ed27e4eaf1f60f611e609789e3c273d8d833bc0f7bd4bcca671db58	0	69818e3c0de045d467024b9ae51e8a875e4107d6b9e4c543449ff09a1453b1ee	true
tests/integration/test_string_concat_chain.sn	0	9cbd2efb7744b9191a665bc2222fd0d27f2a734a451d7b752a9cca09e8e9c7f1	0	d33639e3234e1c379b0ec7033a93ba7e407e8baecd7bc46383730278e82978a6	true
tests/integration/test_string_concat_empty.sn	0	c1ed8474ce5592097c26f9a69df403209e3fe62e35da5bc5ff191a6c9ff1a25a	0	59386a7c6b9835ce48effc7f4ad7c4ebb342de1a678d0663e5bca4803f6d0074	true
tests/integration/test_string_concat_multiple.sn	0	9b1a004580649ae17baf83c12778220482213773b461f6d56045d29ff5df7f3d	0	d9c51125eea962b449541e580b6aa1c759d3a93833ac419c996c1447a101c057	true
tests/integration/test_string_concat_with_int.sn	0	4da2eee885f18878aed852641ea66a4c8891733fc970ccf4ca427e353a72e811	0	cd2917b74bbc672119801970bb3e8de0bbc57107d022db0ddd25c6c5ae897da0	true
tests/integration/test_string_contains.sn	0	9bb4884fda63e5d5ef3d0ec21220e89e1e7629d4f2e387f786d71bb55479716b	0	476ef12a46ab7db6a4251dfa8c361967b27c874e682e018ca9168ccf270579e3	true
tests/integration/test_string_contains_case.sn	0	149ce41d518ae903d729edf21386976eb7436db1abedc81dacad2f719005e34a	0	80059965173fdbd1b19720934972fc83c8b324bf5db34a9f2ea26c8bf8a17f5c	true
tests/integration/test_string_contains_empty.sn	0	4fe8e18b9fdd1402315001e998d6be6ed644996058bb9f8621744cab8825d595	0	33f2f33c02eef684feabf56c7476bd60bfe169fffc5d8513c9792d01bf474a97	true
tests/integration/test_string_contains_self.sn	0	921dd072243188deb3525fb29068c8191e2bd50e489d63c2c3e56b7b968dddec	0	86330e0438e35388b08a5fb5803aef6eb16e674473a99a63282d0df421742bdb	true
tests/integration/test_string_contains_substr.sn	0	9514246868aa6a3fcace46162aee43b158c2feb0dcdb0397319b0f71933b7b42	0	0c49460a97112c567480a95b214170f10113367d2863a8976c44d389dd60f043	true
tests/integration/test_string_empty_ops.sn	0	9744c8aadc8ae1bd8e97394a122317ce77660e1cd300b25b7711b0deea1acc63	0	bb2f25062130af0b45fb94097d8278ccc3eeb0699e118cc72af527af228507a9	true
tests/integration/test_string_endsWith.sn	0	108c2c5de868e7e775f9cbdeeb2daa5c2b1a7252f119ee0c4e0e36c1d2e1d0ef	0	afb1b00931a818f9ffad9928c3d9572c21dcf9f25a9cc9ba89a785b50a0ed3cd	true
tests/integration/test_string_endsWith_full.sn	0	7727b6d2a961577777c94ee451b8b1ef85781fe539226c42e820eb7d0565460d	0	94c09362a34a8685f0f007260c88290aa23abe624782f5c744373a37a73b1ce7	true
tests/integration/test_string_endsWith_multi.sn	0	c5dfa77388c27241497bf38e5335a6dad14235c5667fe7c278f95ee1eeb126a6	0	d54849b963e6d383fb7d36e73f80025ebbe3b4f09e954bc902c616bffb03cdb3	true
tests/integration/test_string_escape_backslash.sn	0	7a434fb37f7670f6b1f7c73f43123628668dd13ba837ebb925af85b741a03cbb	0	b7855e53cc81439ef5e1e5048e162decfd6a1bcf8dc381d35af206ed5e3f3bcc	true
tests/integration/test_string_escape_newline.sn	0	8a6c8637dd044bb89aeac458a7845e1a0bb04c5d78ab8ea5895ed2843e24cb7a	0	2ec236a1b57a7d29d9aee30f8ed42dd0f063fbe9e6f4837ddb8f10b81d289209	true
tests/integration/test_string_escape_quote.sn	0	aa1d0a1de12c8598ec6e1542581314f4923ccf9e9b414499b10b35a3f0c8a51e	0	e8187aa7dc477eba38dbc2f81fa490c8a7f5bec115674ecdb40871a28940e951	true
tests/integration/test_string_escape_tab.sn	0	c3f5736c40f64a62e0e79d29d598e779837092210fb300c89241c4d6db2cb618	0	73d1b3c9c2ba23b941bb5bb5a69a37c358a62066e27c26826a91e4ca1d58c797	true
tests/integration/test_string_in_array.sn	0	d026c790419c9ece15f9877b6162c91b44b0050bdc41cbaa732ee23aaf3b4573	0	dcf87b6c6c900464ae8e9957793c98d0eb2f7c9631e51f4016e7b00e1802788e	true
tests/integration/test_string_indexOf.sn	0	17bb0686acf390cf984e27eebe38c078d83945817d1a22b60540ca54626cbed6	0	71f83d4d60bff48294c697697e8d1d02e8e10137fedf088fff951c36427a29a7	true
tests/integration/test_string_indexOf_char.sn	0	3780336ad329b7aee8c63f2537f5508747ecf9570ec38acd2264a71603348bf6	0	cb39df47856c6036e579819bde94f83376724c6946dc5eaf4e155082c562c568	true
tests/integration/test_string_indexOf_end.sn	0	c2a1ee2e9a561ae2dcaaf6cf2c57002d345f9666a65d10a6fb35ccc87511d2c6	0	245b81660bdee66e6112f8e9a93160ad0155a42398b96e8a00e8e65232dc0471	true
tests/integration/test_string_indexOf_multiple.sn	0	e25b90b4694cc9975ea65db16315243eb7bdcfd69d62c2743551fcf7749508ce	0	8a7e59da74a1868f724f3430101f3245a9017f1311efafb08dfe054fb9e53d67	true
tests/integration/test_string_indexOf_notfound.sn	0	56a4964f6bb2d226810d0c9ab54dfe06a63fa0525c14eae4deeedbaa19a279a4	0	2a5fc55c28efbf237f40fb694e0d74ba0a3c90a9527a07640f0d3351c7a5c646	true
tests/integration/test_string_indexOf_start.sn	0	6d81f1687c44a9fafdfcf020593155cb96c11b0a6b5a6335ecf048b5619575af	0	39cae46a273ac9986f74a1682b7fb81dab89e0aecf01f120263a271de01665e7	true
tests/integration/test_string_interp.sn	0	eb1898d5ad80a86453493905995cfb6509c61f564e280393e216491d58e16190	0	2eef0a6f987c80ff8b78eb0679b66ef1d10a2304461e061c23f098af01dd0a32	true
tests/integration/test_string_interp_escaped.sn	0	046626d4189c8fa1d7aaad0e1e255a230d5a61d92156cee1e7caea650cfb980e	0	c42e78a9859d524ad9b8508298207488ebb14a82e65f3800f65e7b54204e188d	true
tests/integration/test_string_interpol_basic.sn	0	b096e2fe462439c8bc446db18dc9e78030c8f51df3deabe898b570630cc4896e	0	e7012f15bf5fba4c5bf08e5676b1b7969a9898e59c8488ef59e727c8cee30e13	true
tests/integration/test_string_interpol_bool.sn	0	ac7cf1b6b56c87a1c69c42fd327cdb2b3c7dbfd4f09acd1c13d01380e27840be	0	05ef4bad44cb9a6f5d5ed0fcadc251f95e4e64d95d22c7e1cefa74ee8c848614	true
tests/integration/test_string_interpol_char.sn	0	562c2a501a12cd896ef5e56933d2eb42041a8afb07f51f675f975b646b62f499	0	18c51cf439896e398dc0274472bba02a434c8115cc414ee8a342b9fe07216658	true
tests/integration/test_string_interpol_complex.sn	0	e14fb36c1c75b846d35cbb665df63d127bd41199270f4678b45fdb309382b4be	0	5ab9de06804d4a81fcca4422c6efe677cf7e569c9dc294bb3d61f31d1917e76c	true
tests/integration/test_string_interpol_double.sn	0	ac462e3c9a9572ffc716816c9c7cb8285e6f0905109c9277354b8de3c86d4b1a	0	3b56ddfef69c0963ca4a7caa4c4b7c31e7d6bce55fccbdde1841f915594bee28	true
tests/integration/test_string_interpol_escape.sn	0	afa38e49d76106046980d8a124a1d03542a7ca4f99433720bc0789abfe5b3bce	0	20a087439e2d28412829f0f0586f1e1ff547fe010ec160f17af46cdc9cd79944	true
tests/integration/test_string_interpol_expr.sn	0	19571c28d5ebd1374cc1c3523c4c48b1b06251e7dcff1d6617c2d34265defcbd	0	d0396d0ac499d3506ad27a7e9d0fd4cd12e2ffb066efd44cf969ab2734ba49ee	true
tests/integration/test_string_interpol_format.sn	0	f4a2369c44455828ccfb0fe07db242da5d3fd5f3c1d08a97a742662d4a013eed	0	e28c035430c2e990f58a2d920d0fd7282c08708b549e3cf1bb5e02ed0f62843c	true
tests/integration/test_string_interpol_format_int.sn	0	197b5b478ea4b0baa6da2dfb14f8fe59600a1a6910f0e4587ddda1e9127da028	0	0334213dba8285f21d0b7f2b7ccd23ad4535db10104bf6639d10d81a6b34ff85	true
tests/integration/test_string_interpol_multi.sn	0	847a4504eba60c1ae764308bbeae7e1b3f443d68bf0f4708d076df0e5165b3e6	0	551f95a9e72c1ffea000e986437b87404b76cdb22626ca7271e9408235c1b8bf	true
tests/integration/test_string_interpol_multiline.sn	0	ba0d7108182dd293da5258b25e4138e8ee38a156cbf633dd444d4de19abd362e	0	fc75bceb86a5ef3d8836f9d83338790c22fc4aa71542ada3b258fb384ab2023d	true
tests/integration/test_string_interpol_nested.sn	0	fd87824b7ecc04f1b8e8cf4cb7a9df50adef4233567e379344e143bb9e26ef5e	0	8046c484af72d3a489022c84ceac9cee0600107e610e5cf2dd2087899d088ac0	true
tests/integration/test_string_interpol_str.sn	0	74b6f07bbb6a9246a23a8802aa81f887d6cd78d0e14eed909c61306a0587629e	0	b55601a320d80e6985d7dc7ece9f3a74868dff28d21e38b1ae6fe617f5a2f339	true
tests/integration/test_string_interpol_struct.sn	0	a1a1e7faa4e2b4467baf34a0113372c6e0f27dcf7e03efbb5f5f60ceadd7f513	0	cf76c7d954524fc62baeb54beaa8ee9f108287b1342b5e22c3688afc41ade098	true
tests/integration/test_string_interpol_struct_tostring.sn	0	925a0bebc206fbd95cb33f64e37266536af8598d8dd0bd875a7322244d14adaa	0	54969dcbf595acd9eb6da673ebf9e14ac8d3441189242475a663e3a588bfec37	true
tests/integration/test_string_isBlank.sn	0	f80b03c0b2bc4e6729e87f948fec0d875971e5044dcd6f58b3d997c8f23d07ef	0	4eee641cb5d99dc831b211a27e25f045caf1ad7d436a08c758ae3d9a70ee853f	true
tests/integration/test_string_isBlank_nonempty.sn	0	1cd0b7b61d7ffaa7525fb1f1ff6fe8fbe668377ba6dbe1423636622c95bfce49	0	4a005dbd3b4338238be9913210899e5938f1c5f6c48104cc29b7bfa20b1dab74	true
tests/integration/test_string_isBlank_whitespace.sn	0	7bb96f25eb93348d6f3900c9d60a00a331a2b87798878904099152d16aea5d6d	0	7d7d86158f2ad32cdfab789dd5248db2a4b0cb5fced6047a257c0fcab4514e79	true
tests/integration/test_string_length.sn	0	b9a3b28a70a25bb9f34e6fc0319d0493cc39ce40722767f0d1aec382796bb203	0	1abd83939eec67241b4a24966974dead70bb2b701afd6bc5a46359019aee80bc	true
tests/integration/test_string_length_special.sn	0	d3493ae00ba73b8c95657076e53d60efff2af8292ed9b3049642a0499c40f56b	0	f35dd0eaf7695d6aa76e852dae220feb4bfacf68aa20e3cff24483b91cc0fc3e	true
tests/integration/test_string_length_unicode.sn	0	5663c666598a6d7ec5aac8b3cf4618f04614aa301f6e1b9288d64bc1c00fc91d	0	85af94e0c0831b5942b15fa70a4c0ee66142f3d4fe2f7ec6af15c332aa65cf50	true
tests/integration/test_string_methods.sn	0	6e3b3c7720365463504c29975f3b838bd049c5341c456a4aec7ab74003930872	0	5ad41eef7b21d0ec027b2284288ed1ec5d513f93a90580ae3375ceaf6271c5d5	true
tests/integration/test_string_multi_replace.sn	0	d60d6ff2b8befd0af65b9f4724db5a9926061de0469ea1d73baa540691e57bb9	0	f317ecda813152a76d200ca56054b03a8385cf9990e2328c71faaf281478b309	true
tests/integration/test_string_repeat_concat.sn	0	fe55f92bd115990fd54a2f168cde03e729fc780b4004e58851a597e28cd67223	0	38a81748a12857af6d9826f4fbc70fcb890f0851f8ead45b2c55ee682a66f478	true
tests/integration/test_string_replace.sn	0	2c2ea2f43e649a15f1c6343f5192ff327431979cc4a27404f1b4ca84be037a86	0	4707412d929dd1cc763a7972030130073b279d91ad3fdb3112d14d1cb42bf6c1	true
tests/integration/test_string_replace_all.sn	0	7057088fdf07450421c1db2921bd4c48b66815a666b99e2e65cbd0bded2f6911	0	cc411771f7dc02ca3b57daf5bac1c8c893801a6eaedcd1180f8ef5f73986bb85	true
tests/integration/test_string_replace_char.sn	0	712bbee515d3ddb3605d7fb161ae582d80c9818b4c4eb657656e089e6304ee07	0	878cd0911b29a92063a4b9e1ab2afa38db8a6a27fa865bd2d81819ef9a423175	true
tests/integration/test_string_replace_empty.sn	0	db8d3867a92a42c7967bc08f01f10688c24869c79ac17ba3a79e8fef925358c9	0	12d3516c4a7517d437674479637127de0291f82a2d6364f6c54b5b5c1f09dac5	true
tests/integration/test_string_replace_first_only.sn	0	39b30fe72d6c3ffeefbcfcdb566bcff6463eade96c3e4033c1576451c104e81b	0	97bed1368ae76d726c763d7bd0b38000376432d7bf5099d90eb7c11a8143e990	true
tests/integration/test_string_replace_multiple.sn	0	2de6ca540e95f0a49dce67629bfa699b946b82cef50aed8a8a74ba118362bcde	0	41021dd734f2a9a7660003a66c318c167eba6527fd9db82cadb4d9abaa0ed44c	true
tests/integration/test_string_replace_notfound.sn	0	6a893a876cddeb1b299689c34da46359c2393c0eb935780fd0bb7a2e03ec5ca3	0	983c1167785d14f40ceb48c3af9300f35d0992401a3e21191c368e4548225198	true
tests/integration/test_string_split.sn	0	e4cfffc8bc0b24f4706eb1507e1ac9905fab1acfc16cdce4818422191c20d44a	0	b88836be817e3541cbbb7a27355a8326dbca45a0ef4d90305d0009986b2fdb5b	true
tests/integration/test_string_split_char.sn	0	95e789e0c9b092655ccb6460f95d162e5521b2728c5308093d3b0d3f65cca01e	0	dd0d3ed47d9a37002440b22de28848f2f25c1b9cbce3bb354c1bc1288940cb87	true
tests/integration/test_string_split_empty_parts.sn	0	d64bfab66a6acd31f55e20550730b4fedbaae8a99b4c11a5bd94ecdee13e77fe	0	21202f3e70c7e19512e836bad3932288c69b53123f80f176163f32ab6a4d6d7f	true
tests/integration/test_string_split_join.sn	0	41c4f46f0dbfc56c6d85c0257d0ea42df082ab9472bffdf6dcd2a6e22125be39	0	447473f98bbe7d75261f74c273152fa38448ba220cd7e18c86496119d2b0418d	true
tests/integration/test_string_split_limit.sn	0	94af938eecaacecf4e4cfa339a161920cb81dce90a3676f8e43d31a5e3676e07	0	07341c89fb40bb03909c23b09903684e6d34e4ccf0e1b3a1b00ac70d83339a81	true
tests/integration/test_string_split_many.sn	0	ca3aa0432488025335a59d9bcb8c2a65705a4c63272b98db4db236c216277c69	0	56446c65a58fc841790aa54efbef90abce78227adee1e863bb619a568e7a69c1	true
tests/integration/test_string_split_rejoin.sn	0	9d8e4ced964105ffc41eb814766122162bd91444b9af2f6d5674cc096ef8d199	0	65a8ceb7c7f611b05a6901b64aa7155fb150eea1b50922082bfeb2861f1ab5e6	true
tests/integration/test_string_split_single.sn	0	c8b62a12d46639dee6fd44583afbbda5ff1a8f6b5190aaa822510ea5f5ea0a5d	0	be7be1c01c086fb0afc143e3ebef4c04a2995f126f6953b0a8050970f5464793	true
tests/integration/test_string_split_space.sn	0	1ea047916a90d822a1bc23aa7ed8783b9d135e848cf672129b9d36a699d25bfe	0	bb583dd3705de608240c779f228a197bf7b4608c75bfdfec514bb99aaf2b5cf4	true
tests/integration/test_string_startsWith.sn	0	c17ae7205aa2d76622766007b109ba9f23d450850b058424ebfd246c57265773	0	5ca2ae8e8beef5c422b4bae48b61625b598342ba8cfbfec2e5582171712d127f	true
tests/integration/test_string_startsWith_empty.sn	0	63e58efb6bc3ebe06ca85c6b3a385bccbbd48b17bf49966f0d5e130c3f0142f5	0	bba0b289eef4134b41019b5b89b1a424ae49dbedfa0716d9a64250234b6efbe2	true
tests/integration/test_string_startsWith_multi.sn	0	589156810853f84eb3088d9000943d62888af984d366fe9b5563b323ff3288b8	0	0e52ab9d601b356ac54780f13ebd0080276876203460b1eb764e23d263a89aec	true
tests/integration/test_string_substring.sn	0	abd7ed4db100cc2ccab30b63c28fd01204bbb54003fb36a9bdfdec6aadfff452	0	6fd8d80387bd7dcd8d4379555fe33f778df4637d85652ec8478954222b85df4c	true
tests/integration/test_string_substring_empty.sn	0	14ad7a13006bc6e9e1e02a0d8ec371507f39a062c8472b8245ca960aab7a7519	0	a7283dc66daff7929b86a00f0cf9adfc0f09992dd6f6fa2fb10cbcff3cf447d9	true
tests/integration/test_string_substring_end.sn	0	84787f766934b2581f0219abe713e9624afdd1f74acb74a6f57c1cdd33072c50	0	458f68694deb540ae28e1d30ed7201d836299dae2f88c02b6cad913d465a235b	true
tests/integration/test_string_substring_full.sn	0	61af8fd396000a31b9423e39caeb64e2e2ce79dac3d2f02831028cddd7d9fd49	0	b492cb90462389435177e7b2fd7d1ff1b79cbccfb316037ee1eaad7d31e2bf4d	true
tests/integration/test_string_substring_single.sn	0	b5d9311d5316395788ef72be5266b1e0a23d95b310f24b4a08fbc148ed185e90	0	5f594e517096b273de8762d941a91248a6dd5c3c3446c80aa976da27c8b28d44	true
tests/integration/test_string_substring_start.sn	0	339ea0b14995a9cf12fbc90805eec183203165c67cd85892295979737f3e54bf	0	fc8bfa51c0fcefd0f0453e37cf5c90c066d4d3345cbe978ca2efca9b2b36b181	true
tests/integration/test_string_toBytes.sn	0	2e9191d65fa0a3e6c5b459af03d8296a7ea3ac7454439c9ad34a0307113ea868	0	a277551d6d5b222b2749cce90ee98ae50c18118e483dc787217e2a6ee43f46f5	true
tests/integration/test_string_toLower.sn	0	9ff7635d06df0f643c7a1356962886f7f058b907421776e3fe4a1564892a8531	0	f2d582f4c7cdfa00699b483d25b1e6cb2620e0ca053d24f9ce52615ba7ad5314	true
tests/integration/test_string_toLower_already.sn	0	7371a33f292698050f8d87211bb8f09fd7c0796f7028e6634da9c7a4ebd735ec	0	371385de0b0f542d362741cd49523bc41f6fd64dfa7db3c4c37003e21afe8901	true
tests/integration/test_string_toLower_mixed.sn	0	b5b99af40b965dd383ec40fc993aa205d8308f6a3990539fbbd0696f2fa7f61a	0	5cf1cf9c763c11890836e38ff517a92ac1a3e764e94c156ab15632475edeaa32	true
tests/integration/test_string_toUpper.sn	0	c9c5cf9c311f0e7401bdf35d4742eb9798d395c20e1b807ff0f53fa9e57a6faa	0	c6f882bee630c7dad70921ebac5393c432a4aca6d4eacfbf4c68aa3acbf4a63b	true
tests/integration/test_string_toUpper_already.sn	0	55d7d1c360aa68dbee7610f6ee5ea55f16c57cec51e86cd91363b6df9159585c	0	0a38beb7e4d98251bda77d713a456ebe6d3d0b6e31fe962d4516bf45e1f7df05	true
tests/integration/test_string_toUpper_mixed.sn	0	b0bd20ccfdfef217c12ee4fc0b47c8c64cd0008602a44c80490d671ac9361738	0	f185e3dd425323cefa242b22166f371888fa3cedf54cbde461cec14bdb5bd0f8	true
tests/integration/test_string_trim.sn	0	fdfc792dc25eba446adc641ae205997dd1efa426d14f31d7ecd8f2440c2c8abc	0	4a587bb26e956896930558f8120d480e1be098c1c14e2c56bb0bd087df1f6171	true
tests/integration/test_string_trimEnd.sn	0	24e07918c762ed0cbf95180703e2da065dcb64a35e0fb26af3fb8273468f4e0c	0	e85cec5e377b4d20ea044a75b0936b08e29fd6bc4d078e2c87b826711441c6e9	true
tests/integration/test_string_trimStart.sn	0	ca0cee46b622696a6e4df51c827fca7b300f75960f37548ada6d7fe6bd12af97	0	30fb7076a32f3aca869224fce086fe0899236d9be544bf166cf2db674632d5db	true
tests/integration/test_string_trim_all_spaces.sn	0	a106efadbb5432290baa4a9305ba8cbe1ec7c1f8a96d65ce686f9838458f0a26	0	e441aab3439b898e91ed9186a30761aa2a4d94760709f30e18a51cf05057f11c	true
tests/integration/test_string_trim_mixed.sn	0	cb49bc0cc208c75357ddbabe21033acb39643943eab84d78565d71a15cbdb87b	0	8a0edce27ff21a2db8dfc8982882baefdbdf513dda02e33853dafd74f1e5ca0b	true
tests/integration/test_string_trim_nochange.sn	0	674331eb73c84272e6ce4218fa79317e388159682afef3eee01e4c0de800becd	0	2c208ac7fd5ef111e2fc6feac0c377ca2dd4597f7bb9f38a6cdd1d97d3ffcfbc	true
tests/integration/test_struct_array_2d.sn	0	588e9d9e648ea29a968cebadc6cf8895e6d552e55dd7dd27a07be1d39abb0f19	0	415e1840096ff0c1ad93b624184e8d1935b31d40022d9a8c6802a0cd04067ddc	true
tests/integration/test_struct_array_concat.sn	0	0c35fc97a0623d938a2173fca4bf5bcbb9f412fec56f80f4dc760766ed107936	0	d1a2d2e8dfa12682148e357aec00df3a1237d0578d42c71ca04793fefc5e7dde	true
tests/integration/test_struct_array_handle_promote.sn	0	55d50f894f9f66792eb1c715efd34fe2cdd912e214bd466b092a2790a10dfb0f	0	0272db5534eab1bbb0a27a902e5b541d9a4bcb7f60cc0be101fb69d01084d993	true
tests/integration/test_struct_array_init_promote.sn	0	fc5aa52e049b97d8f00e02dcedb20d424a3279a3d076791dcd52c1259df4c9f2	0	4fb6faaeca59a77da3c02120418600fac187b73e6b01de90cb74af2dd363772f	true
tests/integration/test_struct_array_insert_remove.sn	0	57795b561d3c1d4e70b5fa02316124b9365d77388c2164385000219f13c7417c	0	789ab43fa7fa60d99fc30f984d9adb30c1e4fde8869ca564e79abf7f5fb9915a	true
tests/integration/test_struct_array_literal_promote.sn	0	27e1cff66e59603dcc70f384319e0a0a86976eafaac895e90a2455d17f6ab9df	0	dfbae98536e0bd61461b5eebba32332aa1d40359bcd5fc6499b86527dd52004f	true
tests/integration/test_struct_array_promote.sn	0	31d1779afaad94940e04734164656ef1e02e79cb5cb2df016a2d96c6c8b41654	0	1eff9154a81dda4cc7e7ecc0dfa28b91873184ad145efc995c34fc06e32c24b7	true
tests/integration/test_struct_array_push_grow.sn	0	3c4def082a4416a06a62a38c7fa97c036d0e976b76ab799ced2c8c23c7c9e4a4	0	e0174f35c5948768dbcec150d9ff5a1d66a8edae8a8328a339e1b96082d305ae	true
tests/integration/test_struct_array_reassign.sn	0	ae7fe6e0ee27344f4c258271a35f637b79369c7409b9ca431e3f19ddebc7961a	0	21324de405738a5c8e5061af4226ead48e391239f68bfbd1836f1a99cd299daa	true
tests/integration/test_struct_array_slice.sn	0	2a2e82a4107e253941c225fce4b7b34bc40a6c2a0337982da513287e6730dd38	0	927f4ce6124e7619ef51765b122b8180834583894b74ddbd7f7b1a83a083ae6e	true
tests/integration/test_struct_as_ref.sn	0	0f4a7e417273d9ee1ce34547f82a97197e4bbf530777798205191be7b84a968c	0	fd90b808a40f4d077d66abd4a357f75e03b17e9f82403b48d5423f36837798fe	true
tests/integration/test_struct_as_ref_chain.sn	0	4b8e30dc65d4e2b8fe41b13a5d038865a41d8b67e5bfb209640470629bceeefe	0	7a6d00c592e1d935372494a9f0007cc81e22d5000fe5874cdb02aa1aaedf7aec	true
tests/integration/test_struct_as_val.sn	0	a66e47e488ea009d3e3f23adbf495524b3975f9c2b103f5f2dfadc649afb83d7	0	9d857cc25483e8fd6eb9acaff4a28703ddc18604ddd88318a1e619591ffb81f5	true
tests/integration/test_struct_basic.sn	0	a3076aaa834aa9cd77f27028899df50faa2bc5f97224144fe15602b6896cba04	0	516746968e21fd15b0539c24e3a79ce75cd8062d8a0b2ee43f99e378382a0086	true
tests/integration/test_struct_codegen_validation.sn	0	260ef280b893147f05901f6f3ad2c4851d2312d42522cdcfbaa04e83d2d26a60	0	14826b07e7354b51c5cb74c97e4137f3a77a808b2f092a8c75f6d797a0cbdc6c	true
tests/integration/test_struct_deep_nested_promote.sn	0	c461e11aba6601e570bc1c6e741cf8f41db95b9e8d0903b82c72c75ccb071c52	0	4deb380d2f9c7c36705f412ef29f1323feac0f4dc577cd1b84c53e0c444e9e30	true
tests/integration/test_struct_defaults.sn	0	ee32323c9a55a715427057c353641af1503be1308269f26a7c862901e58f54f1	0	25bbdad61e66d3c1b5bc3b20ce891cfe98034488ec77fca32348757ff21f76e1	true
tests/integration/test_struct_escape_if.sn	0	a1cb6ac51dc1eb5e4d7d9afe08a10e6affe4dff366e7f4ba9ff943397ee09e94	0	94991872f42f1369cbb92898856e33e11ae0c6f23cf6da2bacda0eb145bea4b3	true
tests/integration/test_struct_escape_loop.sn	0	7cb7ce7f09290d75f35ab6d8a54a822fe0bd17d560387913ed520ffb3843d97a	0	e99868ad3f8f09d2bcb060b83e1f98fdb0851302646ba13454e84ea5e3df35e4	true
tests/integration/test_struct_field_escape_multi_level.sn	0	0cb9e5ba903d49678f0e72ff06d768e1edc16db77ddce5faf65b9dbbb5c4954d	0	955b41410d975cb8426a297480006e6b0b00893ae951a5a6b94ec06ea7c61d44	true
tests/integration/test_struct_field_escape_nested.sn	0	6e8589065a279d4031f6dc6fd02e2d311d31399826c40a20cb0f08e358bca99c	0	ead387ce3e44395624dd89d7391dab26a2368eaeea835157f5e1457be64654e7	true
tests/integration/test_struct_field_escape_same_scope.sn	0	dc4465ac9195c7f312c45039701e64a3efc575d45c5e5eaa54cacdfffac85a2b	0	353590138e6004e8a04adf157323d1810ee6f2e58e8aa52068326cba3b3c0918	true
tests/integration/test_struct_field_escape_simple.sn	0	8eb66dfd569077c23fe0ebfea19c75a89348dd16a8fdccdcd94689ff9c0a88fa	0	1ed26f5fc0a21778f147753f4729514dd1972c2ca63beb3dceed10b91cf59348	true
tests/integration/test_struct_field_slice_loop.sn	0	3d7cb7cf93bf6a1fe42386c47448fbdc762d58d754b55f16625c398ffd2b17c3	0	33da20b48674297649202e64e97557aab42bff44a2e54e2e812231634e789231	true
tests/integration/test_struct_heap_alloc.sn	0	fbc66397a385389c753a2fd93bdcf2c01595d412c4dce85d036058ea75dc3a27	0	2a77bde2b75f0756d2ff1a61da727d25a23dc37fabc54de27b56e4404585b6c7	true
tests/integration/test_struct_literal_inferred.sn	0	e9d3cac59002790405d2b5f0b1edca6d0659c3ad0b178a2ca54449fc79b278db	0	4454479dc6a404bea14ca1d2766301241dba4e159eeb291615f72002290b72f3	true
tests/integration/test_struct_literal_shared_array.sn	0	8536c9322f4b6c19e50c4e028427cda32cc8fe4ec7020c0621c750793d963656	0	e3de00a4f95b473e81b000f4a28b711c71f780d8cf2f60d1c6b0d9cd84a92bbe	true
tests/integration/test_struct_methods.sn	0	18f8e841ad601153bd919577961721761c330a71a7bf03b10d304d920db8afc4	0	a850e67af82169629c14c046c4ba50fb888b6133e03616c619a95467842bd5cd	true
tests/integration/test_struct_native_c_interop.sn	0	938fb5f6e36102fcbfd8c8d711696f60852cdfda0e57515bb89a87eed553cf61	0	c9c8311f0350447c2fe3c8e853d65e8b3e65224fd1f570292b568dfdb4872712	true
tests/integration/test_struct_native_defaults.sn	0	b45166bfdc8541e2a661bd68d938052506ff314e8fb44fcabb28d1980f2aeabf	0	925ee8062c2c745b402a470722a3e54c3998db1f6911ce1dfbda1aeb197417cc	true
tests/integration/test_struct_nested.sn	0	4fbd3bcb2d9eec0f993b7efbf3f4f402f4b2d5a3465bfbe11b03c7c84dd96d83	0	c404d3a0c7a59670c250f9f3064d6fe2bdf7d0ba4a817aef763c49d766c60e22	true
tests/integration/test_struct_nested_array.sn	0	98d10d5ce034040c6f9fc47b536c90e64e2df6ea846ec7c960048aab801b1bc1	0	c165be2a70ab41b1ce3ffe59c39dfff87b1074ef766adf3ac172a16c9544ab62	true
tests/integration/test_struct_nested_array_promote.sn	0	3c0f42cfed0a61d22eadeff9b6c63ad1232231280952aa26b7b6cd590c1726e0	0	b9b33a8479858a4d67d7d4243a35687866ea67aa1076eed222427011f6f910f3	true
tests/integration/test_struct_nested_init.sn	0	1c3f127b44c3a22d9a02834a6d4b002165357d64804abc794a4ce186938b216d	0	d3c4f481f632d79a2a8890f8f9dfec4f8af3848b19a8d2e1771273198f852f58	true
tests/integration/test_struct_nested_promote.sn	0	59d53c6dede3e68efbf64f2345292efdd19709cdca48fa8d446c04a8a3224e66	0	eacc7c539dbe90eb7ff24e5dfe4cf9a6fa7df9c108aca5cb33e87b67bdc2b187	true
tests/integration/test_struct_packed.sn	0	4988483ca6244c88e41645044d5fd960f4f8dfbbeedd14857109e0e8faabca74	0	fdf34eaa3ef6d19ae2445fbec537d5c8bc9e355ee4392c93e6b42e064b417d3e	true
tests/integration/test_struct_return_array_leak.sn	0	501cdddbef39d76d177b5f40069742acba8ba64f8a3e5b2bbe27272c6000be58	0	d7d868decc6e466440e085adb417484c35b27f231496783b931a9e341d1d3f00	true
tests/integration/test_struct_return_large.sn	0	a5cccb3364c69c5c7d71a3b2aa1cb6f760fc47fab8ad6052ae12f0dbd97a5b35	0	9fd49b7209f0e2f802f6ebf3747552c12ecb9dd1f68dbf9b4ea89531a99328c8	true
tests/integration/test_struct_return_small.sn	0	94f8ac55791f09183b5db703dea7463647d3b4b5ca2ff249a60c6339eaee2b38	0	fca1c7be67d00ac03d66a3c3db44ec898ce92b73e603c1a706327078aaa7c3dc	true
tests/integration/test_struct_rvalue_member_leak.sn	0	e202724e5b1d392ba41fa85ac4af0617d861a96a9886c018b8531822d31a018e	0	6c7932aadfd184780c6c4941db8904204a4e4783ec464fc2c3499c0ef79578a6	true
tests/integration/test_struct_rvalue_member_leak_contexts.sn	0	3b23181e1f96cd0b35dfd4e10e9c73bc06758d6f0d3a441758208e6e77cd68df	0	53f9b4dc056c25ad554c333b4471d7c51c3001ad436f1bd3eba13631a9e546a5	true
tests/integration/test_struct_self_method_call.sn	0	1b4cf94151b75ce2ee226c2feea1ee017885aafb1ca33edc03d46c20a25bb318	0	5a1cd60570f1e10f0b8d98f99ccc34fb99d0414ab16dc6954965d8b5ff25d265	true
tests/integration/test_struct_sizeof_equality.sn	0	8fcc6409f239b150dcda0127e519dee7d50d6a884d7129de7eb6f293e259c5c0	0	3729924b624351c33cdcc687cf04566fab0aff98aecde7731d56ff1f99df1ea8	true
tests/integration/test_struct_stack_alloc.sn	0	1062e8ef657208fb96c84a535f971e22b819498ace83d41466991796a155c1b7	0	277e6a7775e40573d098303c415a648e58715011e049e166887f32dafdbc992d	true
tests/integration/test_struct_static_factory.sn	0	f529cbb279d14c315ea34c1116a1b739896688cbd7c3c90859667efe43b76b4b	0	af93c724494eca32ecd99603cbaedeea01974679c951f5c9830cd3c461532bf1	true
tests/integration/test_struct_static_methods.sn	0	502a3cd5355d8f4488b6c2240684110a19716b313189f9b010a8e4b5f9fb6180	0	3a14cd38ace18e94fbb4887350f8932d9ae20f77c4e98bca49d059a3f160dda6	true
tests/integration/test_struct_str_field_self_concat.sn	0	376ba8306244717fec125adb8f5bac1191c445147e37f7ea3c25dd1ccf60bfd2	0	92898384c17373912e8a38ad2196255836d21f3fa9b81c58fda5cd969c957f64	true
tests/integration/test_sync_byte_char.sn	0	8f1cb898e4e41d0a6e8289150111099274091b1ee3aaea86010fd2cc5cc875e6	0	cdae2f52cf6443380983340778706f41b90d2877d177567daa5c1a86e8807870	true
tests/integration/test_sync_compound_assign.sn	0	fb6764a200daca1c0b396de92a345d11b26b986d42ac3c4cd8c62c3bfd687098	0	c52b4260049256a195af8a71f6f961a8ea4b8b96e87c2a1ae66cf696dbdb52f6	true
tests/integration/test_sync_proxy_double_exchange.sn	0	869f3c571d5c7be46a3828aeaad5b192102826ce7b9ff8ca27b953adaceb95f2	0	ba81ec8f98e175f879c351b4df618a73b218f282dffb869752a423a6ae7205db	true
tests/integration/test_sync_var_array.sn	0	56abba55f70e8ce4da7f103f58cb2b043940eb2034c92e1f32874254d1a84dd2	0	305e0226f97768744675c8a8a76bd61074e4f13c3d963832cf0f099a17d55be9	true
tests/integration/test_sync_variable.sn	0	3c8ae669fa72716dfa4af041ae62e29b5669d5cc3b06c4f649cc1661d295127f	0	8fe685f0e9f9ca599a226ace939d97adbd60dd0b4b5d16c557159b00ab9d76b0	true
tests/integration/test_tail_recursion.sn	0	f25789cd5243773acd1f232553d73fcf84d71134b084b7c0d72bfac5fa6e8e5d	0	430cc6e076104c7133814f90cd36260e03ce388f4dcace903885495d01a0dcd9	true
tests/integration/test_thread_arena_default.sn	0	6bc213dc13e2f0750cc6f66609dd227e5df9d0f071709362dc3e16c6e5fcdd7f	0	916969e10d2dc0a138083af56092ee7fd9d12e1e18e490a1ca3e92a03ab6bfc4	true
tests/integration/test_thread_array_spawn.sn	0	6eeaec17c83ed2a44718cbdd519ba4ec9098a42d6a499120286beebbeafadae0	0	d25150ffcd454371c916f1eb7a0bbb62c862053be29ac98d94650ffa2f89f360	true
tests/integration/test_thread_array_spawn_loop.sn	0	af43188c1a459c9f1b7d8967893042facb6a981b7cd9e91a808171e61db5538e	0	90736ec376153ba9aeecbd9a0c6f35e713e7979fa80caebd88e55eaa6f51f737	true
tests/integration/test_thread_array_struct.sn	0	613a50643c0678c9d471f14d46440cf93a0e9d7a693de83d8fa73def33249ba0	0	9fad1742635c82b076c75778ec107b799843ba6ae7a496bf87ce30ece44f6b12	true
tests/integration/test_thread_array_sync.sn	0	de824096664799a17e75b5c14ef75c7fd0ecac9b2e7bfee125faf435a2b11666	0	fbb08d75724e60cccaadcf4ba09e4cef09ddba9ea2db29c71f9029da5325cbc7	true
tests/integration/test_thread_as_ref_spawn.sn	0	50e0d32e58cf6ab4a8fb84fb8697ee7e07bed6fe91afc0a6197c41b4f14ca11d	0	e5111c7bd56c873c60b7edfc16a406ce032d201c6aaae16077c9b4ee2497a82b	true
tests/integration/test_thread_basic_spawn_sync.sn	0	3af25edc1f9b75ddbe2aa0d8d420b7c77aeda0b69d11553f759f0815606ea3a2	0	cc47c4f1a9a169f6924cc5b4cf31417935bdc9a3dbcf98b55853e1acd9eccd38	true
tests/integration/test_thread_cond_array3d.sn	0	0f2305883c1c620e48cfd31946d91b93e0db98d0add4901b79f381a09d339dcf	0	273b9653e9e8517645f04e7cb5c148d7dc777fed2eb4b02bf6333528afe0b99c	true
tests/integration/test_thread_cond_primitives.sn	0	e0493aaff569957e04891161951600fc26dc7a211fbea7c1eb87e37d54942b0c	0	fa281f64936f2946dc78a457b736175e8d8b62e6c402afa78d51fe3302ca0b2f	true
tests/integration/test_thread_cond_string.sn	0	2955027bbb3245431ab2c99c506fd4ec500f7584dd409203ad04c3f1c6472357	0	92dfd293b4839ff2d37ef3078fb26f8f1356729cf53cfa697d45a8dc10ea8809	true
tests/integration/test_thread_cond_struct.sn	0	478a0d61a5e727fe7186b96a3be63121d00dc24f9de9096ffac36cc5b7de808f	0	7927a93d0770543d1af0c0693fdd8a8274f411e80fbe7847455ec5137df2a678	true
tests/integration/test_thread_conditional_spawn.sn	0	93ba8ace5a00497de7341e02ceda3960ccaf7e60b81d89c95be44cdb89547482	0	80bdca7a66b4f063849cf2e4e0029970b046b2f1e34411c31ff2108d15a32a25	true
tests/integration/test_thread_conditional_struct.sn	0	bf75c6629884a792e2105f502de60de682ffe24e5bcf871914ec45156b08eab5	0	4183409bd6d50095a36d56009d823dfaa36c6e0d943c303ec50b19e11e410088	true
tests/integration/test_thread_detach_basic.sn	0	d1846f2df95000e40d32407376619875551fa6edec9904618abb03c7dec68d4b	0	c2dfe80711f1146074fe7b3781202ba2dc2405a6ac19dc8becbabbad4e08e406	true
tests/integration/test_thread_detach_loop.sn	0	fb158536fd423a7f4e28a2f48e689ab88eb63e8de845e54d5e5bf3610cd019c6	0	b2f14db924e016b2cf98117ac5d37cb151e1397d30c254efebde6ffbbe21a852	true
tests/integration/test_thread_detach_struct_array.sn	0	8963355625b651617a00264b619e8da552da59127f19aaca52b10f17dc17ce35	0	8b7d2e8a9b32b64c91b6428a469bdb0ce09c932dee50a58648e5889c90055a84	true
tests/integration/test_thread_fire_and_forget.sn	0	4a38176d5087f959a2c056563a2cd50c56ead289e514f99a76d0524140af7752	0	7a686870273617cf25f6140b01c80b9ef7f59747ac9cf907355ef079a0f79f1a	true
tests/integration/test_thread_immediate_reassign.sn	0	e41d894058eda1c217b78f425644d2a557ec846fa7593df94679d9e67b98cf81	0	558bf43be0b4c215a74bd882e0dfd67a92bfc7c8bc2e72d7d9e2ee4067676da3	true
tests/integration/test_thread_inline_spawn_sync.sn	0	99daf8bfbc65514e56690642390f25112cb0302e4599669ba74071d9028cf7c5	0	bf546e045e508f11ce457c9494938e56e311c28073e3e69dad1a4b4449c3c126	true
tests/integration/test_thread_multiple_spawn.sn	0	bc61b857186fa7b694805a6152ab7693eea28ad08fd09da7f931697f12d2a3e1	0	56db299a083cd276e72bddce2b6c364dcc43889be89aaacc3f324ee6809d18c7	true
tests/integration/test_thread_native_fn_struct_return.sn	0	99a42aba88b66fba8db42bc67e06c278c127db17d169a52adac60b851e041049	0	b33df2412677f81ac31f342232dbe2798933518382a19598bad573aed64b9cca	true
tests/integration/test_thread_original_approach.sn	0	f9a29c56ddf240e3310b95b51485b3786b7749c864e31b5f60d6e98dcee305f3	0	043e83032a2ad1e5d4a5342724092ddc52b5aca69de0582d2f32c4e2507c41d2	true
tests/integration/test_thread_panic_propagate.sn	0	9ece32bb8314036129ff61d1183f0a1283baf4b4f2cc8857a87341d5bb17ea50	0	5945aa9cc7fc2fe0c0bba85b9f2189a36146fd07243b86a9c3b2a9b81687693b	true
tests/integration/test_thread_spawn_self_method.sn	0	c656df4249b68b21d35d84d8051d088784ec445c4ad67f529e902be3233b8391	0	847b65d7b58cec1322facf940e48b0f5e6e02e27f2fb781061b76077493f19c7	true
tests/integration/test_thread_struct_array_field.sn	0	445f0e583ffd559a4bcc78cdcc37c013c27e730ed74a771a2f8de28521f9ea0d	0	e83bdd5feeaa46b6566a64908e6e7d74be950a88bdd8e5c2c044da9ef3f84fa0	true
tests/integration/test_thread_struct_param.sn	0	bf1d5ae3138bd69af9cbc09741a2249b1a2351a930b1e70a136ca3284f2ff3a7	0	21f9eb6556bbe886f18809feccfa374e5f55463ccd578a7d0be22781c12ac8e5	true
tests/integration/test_thread_struct_return.sn	0	d99d1adbf0d3cab76611948eca942dcdc8a4ca6f41511b76b9c3313f96695ddd	0	c1e9c88bd6f886d2b9fb0c8bfc535442e5a585b0fea01f1c12c416dd0e2ef955	true
tests/integration/test_thread_struct_return_types.sn	0	032b0b4c8d1686e01b37f29c44329804d760b20e62da9f50642fb60c119dc81f	0	f683a9950fcfc330f69e92a3eb418ae533c041c89f026ec18859af8b701b33f5	true
tests/integration/test_thread_sync_in_expr.sn	0	957e6a7c049576aa1cd774cc12f69634584a6a56039ca80e09f8509f50345f0b	0	005a19a6b5d211f40cb12f79a31230980ca799234aeae082440c62c8e3fe492b	true
tests/integration/test_type_infer_array.sn	0	2132b7f1a652353b3be59df3effcdb3914da74f6e024fce2438e3b228184461c	0	4db213d81073e7242b8882dab2d62d182017049700df1c7b97db9a3890c0cfcf	true
tests/integration/test_type_infer_bool.sn	0	4eab19bb62bdf573d0a062d4b89e66c3f9e371a09051ae82d319c235345c9ad9	0	51197191aa704c5a5daf9a59d6127472e49e1441357899bd759c551f0a3d5e79	true
tests/integration/test_type_infer_double.sn	0	594aaec82bc2cc3abce474957468bef937d0da6102775fc102f2a4647e94d51b	0	685097c914b6d5c2d6bfdc9677af953e1fb667a97a372e3d5a005d3474f74a66	true
tests/integration/test_type_infer_expr.sn	0	35443325a04b2cea18ebad40ffd691bd6ce8749959bbbc555856c326ef6c5a70	0	899b5bc708f438275b6f45aebbdda014f74346564ea13c218a5fb588ddf830ed	true
tests/integration/test_type_infer_int.sn	0	e92f573e51d09a3f45a59eee5a07feee098b0b944839b72405bf33a6aa5b0260	0	25ec9a02981f2d38f8f92440d17a77d9c5da416c3c65208c5f13e240afb8b9fb	true
tests/integration/test_type_infer_str.sn	0	da7193bf8b04e930a1408ff4b540804ec1bb6957bae4514767152b37e6896a9c	0	5a8be28636064f163712875ca3fdbe1f9a2733c516fa6e50be0f065c467e8c15	true
tests/integration/test_type_inference.sn	0	cbcc10bd96e5cd399713178b9e5813a7cc431f90dd5672f46f78bf78d9d5f941	0	3ae337bc9b815ee32bc6b5f3780b0012801625d3aaf66ca31dc45cf88bd85409	true
tests/integration/test_typeof.sn	0	a2890c8a41894e4b5a62ca7f977d920aa57fc2fb445e3e668f9a5cc7043bbf40	0	28aacd54e7cb4d1a588b3d3c269d7afeebab26829b932078bce491bba0b99c1d	true
tests/integration/test_uint32_arithmetic.sn	0	cb8b6f881102c1e9344175842d130b38da7f8937c720b0c1c6999a56060f974c	0	ffdc330090bd1c571ac172727b924607128881114f5ba8d9bacd54c67a463ae3	true
tests/integration/test_uint32_basic.sn	0	208302b9e80b8f65def43d3f6854e9b5af05176d190542047a5211d2b9e52f97	0	de042bdc343bc5a2aaba18e22e23bb8a3fdd4863c2108b9eb7f5ba280b50d4fb	true
tests/integration/test_uint32_large.sn	0	3ed36c3e8e45e4e9b1725d810a1ef39567ce750468591b9a322a10895fb2090d	0	07f25e59c20067f9158ba18ceb152646b6af6f6de010c167fe56274052cba1d6	true
tests/integration/test_uint_basic.sn	0	06e21c3fc900416be4b74fade22295c49c101676ea5a0c8567a95cd89585e26e	0	d2b07fc559cd9430796273e3df557a7e9c6d463853459af89945f8c736e435d0	true
tests/integration/test_uint_basic_ops.sn	0	b37db750226090b481ea943aaaff8697be97fb372480c1bd3b717f65ed986979	0	3b81b0dd6acb389702d078444ebc9ea3b31dd85f14da0e158fe13482bda72b62	true
tests/integration/test_using_dispose.sn	0	c27f0c7a027a8e95c624fbd647722dcd556868cc0357c12735bdb84276a8aa83	0	e2e383ba0db19706b4045401c9b26a5daedafa58745757cc3661e51f84c56335	true
tests/integration/test_val_as_identifier.sn	0	c76cd61bc2f6a0e754e81620b7751b9856b3489096d08fb3299f7b5113b4886a	0	f4a83a694a762a55ec4a0bc6c1318105895abb59d3410b3bc20f7d525565962e	true
tests/integration/test_val_struct_shared_array.sn	0	1c1802cc84df985d81c451b3fa2b9c402395e8e879cd7487cd1eb383ab57a989	0	0240bfe90159fd6dbf5629f4942a41d37a39b010018071d5c6a68671676fde6a	true
tests/integration/test_var_init_expr.sn	0	482cfb12204deb4ca3c41febd025b938e44b2be14f712173f9eb98370a061cb0	0	6253b8c84e8cb5c9dbd38aad7c0fe724163bec201903add8b979b4a09bd501a6	true
tests/integration/test_var_multiple.sn	0	42a9117b5435d6b68654484c0ffc072c64998a9eac8de19b35b8de3c9fe5ff7d	0	8d25b6ad75f2a42c5b265184260e1242523ad458105cc514bcdba09677be2b3e	true
tests/integration/test_var_reassign.sn	0	1e76649f5f375445d29336acc8d7f84d65dd1b37b892e4ab11d6906a634d1828	0	90b77a74ca0d65c6cb9e505250d0aacca23f6f19380799b76a42f083906f9167	true
tests/integration/test_var_scope_block.sn	0	21a5f589b2a199730fe582efc49a6df5f88687f4e2f375fd16acba51992395ad	0	baec41c1494ef5ed8d94c0e17178dba1d824d46af7849f46a17bb84b77550d60	true
tests/integration/test_var_shadow.sn	0	b380ed187f517dc30f7149f8c1130dafb56b3b4858899225bf73e22f8aadcbf8	0	f5eb652e5bd8b700f86a733059d743cfc2e6ef387b81febf7260f42d5780ddfa	true
tests/integration/test_var_swap.sn	0	3707694fdaa962d67729524dae93fbd8f64e024dd6147806755ed952b13c4e9f	0	2b7595d6b87356de2a1c99c07f4d7230a9cfbd5ccb3cb5de969b84fea4b87b58	true
tests/integration/test_while_accumulate.sn	0	d61a83ca69326008cf96e869079ad5a0dd3008a34a8d67aa753e5a7b6b2c0605	0	a031669246d11bd441174d8f84f4359132203643d1000d7a4de627b79c181cfe	true
tests/integration/test_while_basic.sn	0	a014d8956b6dc64ce46eaf3b2039b6d2ac972cce02b9facb892ce31fdced57e8	0	213d5cfac33f1f8b655a40e650eda7b830a4742209f5a2a9d23b56327474314e	true
tests/integration/test_while_binary_search.sn	0	e18f2704c3770cb56d931e17562d264de7ef0d16ce49aba6b2ff76d04fef1662	0	206faa32b371e4b133663f322bf84a333c272b3ba2791a6eafc490028f99333b	true
tests/integration/test_while_break.sn	0	102cd34c856ad686b7a4a8fa22470b291405f264653d6afdc388db24d2dd750e	0	66542d46329d0fb28fb21ed21a4845c6fa8b596c217c93c3e4090968316ff308	true
tests/integration/test_while_continue.sn	0	6535a25a87fb46f55f6e662902fd688a036e71a75eb6be763f677d24dbae2958	0	657d3cd5e1fac71a7d3fead4a0758b26e173d0a7bd38d6e3d40e91d6530a1212	true
tests/integration/test_while_countdown.sn	0	147d8cbc108c2e4bbcb99d2d98a2d663328442a25dee59abc84ab1527785f7ca	0	a7b19ba4c5db19040bcff223ee367305620c22ea1627a15462db77c74cbda251	true
tests/integration/test_while_digit_count.sn	0	5531139c4c4d62c5cccb491a7e7a9e1ea00b62c98b846611f8687e3fdbe1f8ef	0	88431d98d8651977459832fa10ba7275362cf026637865230ecda90088159f70	true
tests/integration/test_while_do_once.sn	0	954eb8007ecda03f2e7acf1ab097884cd35f5320f8c5df48a4e70d11d34fa1d5	0	f9d66a2b653f030943f970ef64437f963f402b05534bd63df33ede5b3c838047	true
tests/integration/test_while_fibonacci.sn	0	bc02e8f8f6d362c38737b64f0cb9db07e2051a6e7bd0ccc8dccecefb59e179c5	0	dcdc2ee5164d5a8024278ce64ba6701958f31db519e54930975da7642de2a1a6	true
tests/integration/test_while_flag.sn	0	e24cecf09a9bc86492f33f389fa13c7db7243ed281f01588704e2806eaadbf75	0	c7e8e8b8efea26ab01fec84eb4f62c334e8416d2bfdf8c0a727b7403ea9bda63	true
tests/integration/test_while_gcd.sn	0	72857c5bb0281a0b3ca8f4726b0d673853273bafc64442f098906c79d6bba2e1	0	d0af3101f4836ffe03c63c964422cb2d6d8f7668277f45e484d9ac918793dc6c	true
tests/integration/test_while_multiple_cond.sn	0	284dc6ea1489f4af09922085d3e9da625776213d3fdce6deb8d2d0b696ff4b2e	0	e3f3373077e19a96b4b1cf56058bb37d21b31508bc5b8cf0e7a2f3210d93a4f6	true
tests/integration/test_while_nested.sn	0	595be9474690df950234a2450140b7f8dbccfbe9d9124fc1ec8bf17519e2275a	0	d5ae1d9efd8ee8b0c78ee633019c94133260c0a2bcb7fea2b31453d9caa6db37	true
tests/integration/test_while_power2.sn	0	89f805c89c04cb01a1e51696cc55fa0a2646b901a89760bee6bcd1f3b999dbbc	0	bd1389ede81dc35d0b14682f6543bd36f96fb40600a3b5d79495c592972f661a	true
tests/integration/test_while_reverse_num.sn	0	fd270705470720b4353f7bde4d4eea02bfe19d536238d95868ae39ddb7732d26	0	779c142878cb28bf163ee85fa41e2030fdb1cb45b9de2cdc02c520b062a07a7e	true
tests/integration/test_while_sum.sn	0	5e227f9fbaffa17dbda3952fc658ccffaad01c5593be589e91d2ff9c1ed773c2	0	7c0e4c7f8a5b6718efea26de67edfdd245c341ac7dd9c1b8f4a51cecd50a5b61	true
tests/integration/test_while_with_match.sn	0	468a537ac492da0314bb30e2d10151c2ad42a3657cfcbf4ca4eda31c55906464	0	a769791f41f2cdbbcf337c0f7b96711c7337a32e3961b1cf4532e0b9e3568e2f	true
tests/mgen/basic_main.sn	0	5f95414086c0efe04ba1bd0268d7f10ca577509338c5c72a896ce25a5edb5801	0	88ad8baacc030f2c9b9f1f199220372f7b216bed65b9a85b63133240dcf767d7	true
tests/mgen/expr_address_of.sn	0	2947f93e5865a79501056003157a675d2966fb656d19ec0a2960d5de5d927851	0	527455cd0909116ccb22bc937fdeb168255da5c24b7f0f45724e303d8a401c58	true
tests/mgen/expr_array_access.sn	0	fd74c8c14aa6c950f37bbc6899021dc97c2e1d14e01ead4f7b0f70cce5a2775d	0	25e12ec7528eeaf11e12ac56af8bda762737e055e41ea47ae18521a659e9bf5c	true
tests/mgen/expr_array_literal.sn	0	ea47c6105929e676c008cad524941d7fd77361f97e6154a129e23ae2dfa285bd	0	17ca2f8d607d367531677d9c9db4d7fd25abb45bdfd63f2dac3a50e1cf2c935e	true
tests/mgen/expr_array_slice.sn	0	48955b2807b182976c4c2d7d1b48fdfb566d77f9e7b912d6fdbcaee4c12942af	0	f238107270018cff7fbe506f28c40366f758f220c8027c46249966d39803702f	true
tests/mgen/expr_as_val.sn	0	218211b80486abccd1b120f5ea6564115afae3209d567fd8ec288102c65ff03a	0	812dfcf8f2d5e6753c6fa666ac130e7dacfc74adcc2726012c401697d32c70a2	true
tests/mgen/expr_assign.sn	0	d5cfeb7aed25d6dd9cdd5b3c463596d9580af0fb09a1fa9718dc2419b8f9f148	0	459d98d096364911ff99b4dc8c098f8b773e7b098a88ed9d0ef6db4463441821	true
tests/mgen/expr_binary_checked.sn	0	31abbf1480a29ecc62a6118f79f9d15b9cfb0a2ed4baac7dcd9fa0093624b1c0	0	cbe9e1fe0ce30811ef33f6445e1ee62a747a943cfad4e5943cc09dbf3ababfd0	true
tests/mgen/expr_binary_comparison.sn	0	a73d1ea7a71a6b30c4cd6270310022ae07652e0d5da8a3921bec6734f914df08	0	4785450a554838a8dbdadbf3275bd8a7167e8e7b9ec3e4ee0ffbe12404795d02	true
tests/mgen/expr_binary_logical.sn	0	3387b919323200875b141691f66a4e6fd69c381d182320ff73b26d1b49b24bf5	0	b997674786fa5df11cdf0f2ded3a197e8d416173dc57be4e2f0c0b973ca340db	true
tests/mgen/expr_call_builtin.sn	0	1f8c6eb1babaab55bc70f348fafb27031b7a9a1403a670cd5a31db11a55f2297	0	d0e7b49f3eddffb9a516268d4c85e45d8f666e7856c79f1320dffca90d8f7b01	true
tests/mgen/expr_call_closure.sn	0	7840770d6161b92c931f95eca87d8acca6aa4b9f0ffe4da8f9ca103d99385bfb	0	43947cf1cfcd0c4a056b2b9d7d358ce047f0ef8eca1bbd453300f737e1f5a636	true
tests/mgen/expr_call_constructor.sn	0	305d8e928cf8adea84639e2bfc4e1ea5d430e3a1ea9fef042de9c8c279e69b9a	0	6eb74d9846cb4c132d08bf6040286bd7c4f386a11768d5c6963c2d400be18daa	true
tests/mgen/expr_call_method.sn	0	9b49442189b52bcbdddd21ddd7c9c3fb709efeefc56d79fb14fc00d8c8b40d53	0	fc9f238a9f51a961ca2bcbf7b724e0179373a1c44da122c9ee69b2b636bbede6	true
tests/mgen/expr_compound_assign.sn	0	5a4e6d2ecbde1bc2fd6e81b2f270a4e57a7efcd925ae77e3574fb9f0c21a8155	0	7f6cb2017ba3024b0568cfc5d05d44139d0c333597b02f5097bd74b5b23bc447	true
tests/mgen/expr_copy_of.sn	0	1761258c3bdf45a59c552f4a591dc7840088d38c2cfcf5dc43cfa0107417a2c9	0	43004e06bcd57bdf5d4cd46dbef3c4b2e1812193fd9c301c25f10ae62b057144	true
tests/mgen/expr_decrement.sn	0	158848f915cbb51fa872757b25412c25670c9521b71efeba04702ef24a014264	0	963e1228f482c32887b14e3805f8b47846e9da13a994d607621099a2156fd910	true
tests/mgen/expr_increment.sn	0	806756023dc55a1291210328242227020df51841b74d614c2841a0eaef39196c	0	3a489b293df2535df1f580e41f6ca8421ec22cf57c1e30e3dac9422f2358d777	true
tests/mgen/expr_index_assign.sn	0	44b3ff775ff804444e4c6a78f2b828f54680f3173953ee8c00f2459e66191773	0	c5918c8687042420e0d0601080eebb629b5876e510528b20c36ba0802f1404a4	true
tests/mgen/expr_interpolated_string.sn	0	ed4f6359aba5e80195f01f360fd39828340ac038891e2179d00349f39faa2567	0	6c7ac5e2e1230a8079b00b10368e61c928fc251eb65813ee27ac091764e579df	true
tests/mgen/expr_lambda_basic.sn	0	33efb040c43bbdc779ac9eafdc7174814283b642c171dd19f495a4d11d86d63c	0	135fef2e0bd28deb10191d526f9c4becf0bfae18be5616ab059ceea9c1221db5	true
tests/mgen/expr_lambda_capture_ref.sn	0	8d39217a2b49b8dda60772c5ccef7820b80fa6c8a67c421846b530ea857ac16a	0	474d5ba821eb25a3121a765f2fea01a4eadf761685c395ecad514637cb7bab16	true
tests/mgen/expr_lambda_capture_val.sn	0	69b8b9ab50f844f7846a05f235d2fd8c37d76aa4a0201f81184a62dd2ea24f2c	0	151a96433a71ac66827e8b44f821826c73aeca9df4ea9a3a827846cae60651af	true
tests/mgen/expr_literal_bool.sn	0	c42813cb436b8f19d024b9e6ef1034f7e50777b0d6052830812ff72d47646c3b	0	320db9f797a7f91fbc7a30a67dcd350a330b1a634f4e1812d486b6419e3f54be	true
tests/mgen/expr_literal_byte.sn	0	04d08f8bab2b4cfaf0db9a1cf6a2031087db9803a46c66152e18b4870532f4ac	0	b35da1ef898f628165be3b2c8ce10be737a2328b6049910e4cab942f2ab08127	true
tests/mgen/expr_literal_char.sn	0	b94e0ba051f5e38d8843adc849c479ef45ebbc91d1cc3f6dfa87b309eb850bae	0	8402c12f5618da49afc8ec5a31882bad158f8691be3ddba7e1eef452dbe26f19	true
tests/mgen/expr_literal_nil.sn	0	baaf9ade86c79703e3ab3a6e9a710eb9ffa245395fa2edb50c0098ddc41d9e9a	0	a5098d8fefb278c7e2f55843318670bb45f760a64da4c4c1e48707cb1624fd0d	true
tests/mgen/expr_literal_string.sn	0	00028d0bd272299becf46fd5271cb2b66a306eefb5e698680cb4329aa440fd6d	0	de573ec00c7d6a6bf354a02677b4b5ea90b33ec821a34f705baf87bed82845f5	true
tests/mgen/expr_match_basic.sn	0	8119c6db242d3ea466bee5396143b960cfc45f2dc0b8a0386613bb0fffc1381a	0	eeabb5f3039e4e6507979dfd7ea6cce1af45d75ba6d85e54859702455de42ba7	true
tests/mgen/expr_match_else.sn	0	c6b4c8ade25a20256bbd6df9985d355890091651c59486a529a183f742a33453	0	8dcf13d0c7e6273c00f1149ad2b7b0694c91da46d10dae6c7bfa093997e4b1a8	true
tests/mgen/expr_match_multi.sn	0	52daac1973118ffe4b65bbdc31448b3429fe56d02714ae858dd3619a125727cc	0	a8a320ea8fe42ba9a74a2df008f784da0de0130de1dc9c60cc1aa6107b967883	true
tests/mgen/expr_member_access.sn	0	084b7da436fe990d0ae923bb0008f7a90aaa4ce5f6b425a54355022b51f449d0	0	02cdb136105f3de89036674f5ae3b8157e1e1a5a32279ef45139290faaf98517	true
tests/mgen/expr_member_assign.sn	0	d6867748d894712416fd56f145cb2d65a725b24a4dc6e1f0ab0558bbd55d81da	0	832ebaa223d6463c18cc29eca9bd6216c2c5cc6499838994f42a4669a9688a4e	true
tests/mgen/expr_range.sn	0	8fdc4630e642f473529c8a6bcfa7b2841f470bf1ecd95e495e0d1b908e067075	0	807d91122813aefe503a88deed0509795413ee0e83986f1236056098c15bb365	true
tests/mgen/expr_sized_array.sn	0	6fc42fccb89de83439fe9f9fc9a9755c7667ade3b174d257e51b579916480135	0	8ed2d668a0ba98fa4aff4847643e41fb8866998c5563e72c19d73c08afa773f6	true
tests/mgen/expr_sizeof.sn	0	7d74ad11971e75135bf730dd6c0aa2a3604d07ced5d3631aecd3ae35153cb5f1	0	036d9b7197e596c051b662b0e6e276f402c124f2dbe79b5fc3cd6778530432c6	true
tests/mgen/expr_spread.sn	0	15000258a38da03c42cd875c613de719824b3dd44b3e56c0a3e40bef4b644282	0	e42569d0a33ee495a961554c8f57090ef0e9fcbb8e64bbf10f3acf2763e64645	true
tests/mgen/expr_struct_literal_handle.sn	0	0d55e42d88f74698d226617124e1e99da6a19251e5e9030bb2dbbf1303d5af6b	0	3d88dad4acd80df6863a0ffb3bd6cad1273820f32790284e5bd728e2ce8ca024	true
tests/mgen/expr_thread_fire_forget.sn	0	1ca6886426732e62e997ba0d41ecd3071678d34878f6758c0b3014905e506f68	0	7dcbc3cb1c8f005a63f8d01b9b98b7f32e883c24288a6e17cf352ac32ea4e3c2	true
tests/mgen/expr_thread_spawn.sn	0	1948a5a41deb75eea317f0ccbee6f842e9d4230bed208d1745e479b0a91e65be	0	a2bf35747a67cac3580ee9f28f0d80d9ee11038ddb39103180c7fb23b875c323	true
tests/mgen/expr_thread_sync.sn	0	0ea5e38a06eb4dc8e8d32656e3953eefe78325d8968db1347dd61195ea5bebf8	0	5d1a33eee76aae7af9028df622dd0f6095e66267c26e71c460158249d80272b1	true
tests/mgen/expr_unary.sn	0	e9f27b93e0b3f6f4feda03313e4918400ff7b6d3da47d45f418ef368ed628d90	0	b4a145df810071b4156382c1ee01f0335c70827d44fff21b0ef7043651d675f6	true
tests/mgen/expr_value_of.sn	0	eb5027078acd63a2ebf9895e31e576fea610f25c832595a93f5fa3650e550f57	0	41b1c8dc2f0c490cd094f999a833a910ae30269a2e9ba52a0862111b26d780af	true
tests/mgen/fn_native.sn	0	528ed2914b90a7b8ae4b3a83f5d083ba2e93331038352bc7ed5cc2b689b22071	0	cc04ddf4aac3b45c63bae6b19d648fe4e87bdc2f803f30571d7006e9d73401b5	true
tests/mgen/fn_tail_call.sn	0	fa8528ae2818f4f13aa06faa7e9116ef0605f17de3343e256fd23ae20f3dc05a	0	4ad8e0b3ea360627283a19e2474c0e2ea7ff086b8a82e993ae4bcd2f29c49551	true
tests/mgen/fn_variadic.sn	0	5f95414086c0efe04ba1bd0268d7f10ca577509338c5c72a896ce25a5edb5801	0	a4309ada109c79155a27717f4756ae175613e8320fa80d9c3a52c313beb40714	true
tests/mgen/fn_void.sn	0	a9fd4fdf238c508e5a4b16853bff99ab2c6ba3997a78a27f969e17f834f71c6f	0	48a520d6ac8f4d2c546fe18ff27e6bf84326412e7bf1f1a20814c64772ccb475	true
tests/mgen/global_deferred.sn	0	cd760e1f509da65d277c48bd37d5286faa950c68125b9188207a67a3ee61017c	0	be04d424d45df3f313a11de6188d8dbdd06f1d781ca5b81f7f92f36332a1cfcf	true
tests/mgen/global_static.sn	0	bed472a3f3c978f471b4f5c9fe4539ae6a599802be4e249ec1ffa491007582bd	0	70e2b3d85ddf347eb8817dc76d0e8f34a1c71395d0bddee34a69aacf09adbd3f	true
tests/mgen/module_no_main.sn	0	4ff545bee53ff576fcd64b815cade2abb443e7951d4d6b2fe9c837661e817918	0	ebd3f4075602d4d9b11420e7f82744f8c2f14f0923403f178e3eb6209dcb59c0	true
tests/mgen/pragma_alias.sn	0	5f95414086c0efe04ba1bd0268d7f10ca577509338c5c72a896ce25a5edb5801	0	47189a90a8de94b9a59230e31d5ab6f42b2e41b3f18c94302916839551007c05	true
tests/mgen/pragma_include.sn	0	b1d854f88608c6f65b6ef213f65518f4784ef407cfe3089eac5b54e649e6fe93	0	71cc67f0ec914bd29455230ad62ec3dbc92cb08c44ac15a40b1fd23bf164337f	true
tests/mgen/pragma_link.sn	0	5f95414086c0efe04ba1bd0268d7f10ca577509338c5c72a896ce25a5edb5801	0	c0d5bb7a4081ed2aa66552ae0de0cbe59b07b9d314a92c19212170c014679462	true
tests/mgen/pragma_source.sn	0	90dbb1e8f2e3dd7434441103e359d3ee00fe2377bd30749167ed2cd9211e49d0	0	0c89e749cf56cf61a95970355bd23ec8577813d9cd7bdff1787f034083aa1829	true
tests/mgen/return_cleanup.sn	0	826d4011a41c8c57755a9d0d586591b831febc37d7368ea3f1ddfa17b9e942a9	0	7b0d25bf63ff6710b40567751ac53e782ad8ef542ef46deca45eef62c9e0aacd	true
tests/mgen/stmt_break.sn	0	42cd44669d0c08666d6b4d99e8df2020bb5067a0ccf765a13010d08cee1f1d16	0	e55adb3c9ae11e8a9c613876d801d2b690061d00fd9bf220db365ceece1e19b7	true
tests/mgen/stmt_continue.sn	0	c7da11040f6d8533a0b8f316802a6b47238cd7ccf49eca41a336916fea6af1e8	0	19e31ef7c1e1612787fd03202d3b6720de80d7a58fdbdca78ed9b42f50b683e1	true
tests/mgen/stmt_expr.sn	0	ea89e392ff90d504f134da3ab159573938e471f6639946cf9fd27ae5c011cacf	0	d5977e1277f8f13d4321c1fbe02f6fe109fde8fac05b5f63ecec907ba260ea4d	true
tests/mgen/stmt_for.sn	0	7135883c81a08c0b8eeee8ea4a59cc530fa79e6351ebf86462769f51f50cbe38	0	9af361e5a6fd5562de3028544b75cb6b94d3d0b95e947f4bac89d82ed20406fd	true
tests/mgen/stmt_for_each.sn	0	25a9716f0d525d31b1118a4073856c1642a524b4df9ab42a3e9c0d1a8b908a0b	0	7365b262e98f59def177e210220a102fb1dd49ea99e179fe80b91e0b1e31ea97	true
tests/mgen/stmt_if.sn	0	aba6cdb65a9f481c011b3209c89180807344f31b45c69897e5f09a3cde0908bc	0	11bf9ce7984fd167cf22a5757267228efa38906bf379748067c5ebd3665bee6a	true
tests/mgen/stmt_if_no_else.sn	0	71a284c28eee03d04709c9b77657c82939a00128f879fed942341704dc8231af	0	6a82b1c9291f4e04bdc8731264efbad08f5a5dbe8dfeb7d492bf59336fc3d86a	true
tests/mgen/stmt_lock.sn	0	342293f5f3e08b77fc4c0abd1ecec2e6c45d3b19075061ecae25d92ee07804a6	0	63aeae2c330dfe3cc5ae18d7cb1cc412032a96b80826a6368ffb56ee314a2453	true
tests/mgen/stmt_sync.sn	0	4798f515ee10b904b751ce9702c8d7fe739b9b8848f85fc55f8f02e9939c6cf7	0	d7e493a73d325b76bb752496138e66e6b41792c8675f2df221ed15aff5b1c4ad	true
tests/mgen/stmt_while.sn	0	1506733671e2605db0311a379e57ce0f70e4e69816fac7da676dd3a236b05ba6	0	d851c6d13d9f3cb43db853138d35670496a8cca4fafae1cad66c4e2ff19e4bcd	true
tests/mgen/struct_basic.sn	0	305d8e928cf8adea84639e2bfc4e1ea5d430e3a1ea9fef042de9c8c279e69b9a	0	5f4b5b3c8d077050d772b8c60c35fbf1ddca48cd7538e38daa1b9918028785fb	true
tests/mgen/struct_decl_as_ref.sn	0	89391fcc3e31c424ff2068f6d401981143b8b2f0ccbea9b6b1e76d945308dbf1	0	42fdc6234be9e244568ee6e43257016c3cb74a1ad16f459d0b727db8c21182b1	true
tests/mgen/struct_decl_as_val.sn	0	f336eeb6ca41f4298cfc12cc95c1ed985f55dfb9e86ab8f7c65237f6fb944029	0	72e31b184416428191f45c3bd446cb7686421ee3865c2aa966fb0adb136d5ed7	true
tests/mgen/struct_default_values.sn	0	a2a694c9544d94463f8f218c60d439cee6cc1313a60039b159c111953de2ab97	0	3e150deb64a2168e05e835033c37e02b66df75d09f2e8dc81ef6bcb9b33effeb	true
tests/mgen/struct_handle_fields.sn	0	f882662188236557608c24e8e1de69ec11f9b505dc4e430332087fb371c10391	0	dd71ec79e994e4bd50971c3276c3bbd472f1edcb084f9f3434d90795e00bb4d5	true
tests/mgen/struct_methods.sn	0	abe7d08507bbf97c281e8811b5e573bd5ab74eb716a68b42d7437d32cbb48d11	0	176ba351222d23b8d919e1b96a4ec43af8a3c5ddb2ca326fce7a6ae85653cd65	true
tests/mgen/struct_native.sn	0	9501835c3e6bfc92a1c7e3a2fc405f4991c082a66a7adc4b1dc87110bf588ec9	0	cd3c7a400960dd74d94218a224ffe127618e7f02ba0f0fa0fb50c9a55ae26fb6	true
tests/mgen/struct_packed.sn	0	72895fe97a773ed9ac1f2db46dd6ae218c2b25a3873da93d47bc9dcb2893562b	0	afa4f289bf0a8c26791a6d85c223382da0d66f77ed78deb35123b005ad069221	true
tests/mgen/struct_static_method.sn	0	d9dc2c1442ddcc9e237596bb92bd5fe1cddcbdf6a38d4b60f42fc27ef447c993	0	db9c6630c7283cfe9b2a61da752e895dd8cc0928add77f19ac3ddeecbbc222a1	true
tests/mgen/var_decl_as_ref.sn	0	7caa37907e744444362c08c684ab8ca7564f2c9ee0aa36e4e8d306c6ac03bc9d	0	f06273523ae71047bb414b6f2a974456fb3ef1a013e6831487444ef5325b3591	true
tests/mgen/var_decl_as_val.sn	0	fdffed710dedfe1ea435594fb824784caba88ade176ce6f10cdb003bb5b8757f	0	d9041071f73c2d22f57299a9b47c66ef1feca78a17a2374cc030c0cc89a53709	true
tests/mgen/var_decl_escape.sn	0	c276119e2400eeee391ff570ab98a759fd3c7c70db027142785041fdae3c7d4a	0	46541ae4af24f751f909600c5315383e2548bbf4626f7b0cc3ccb126de27c714	true
tests/mgen/var_decl_string.sn	0	a4db5b9df2363851c1578904862938c4440353c1252682e0177494b9f01ed75f	0	caa109e2ff4a6e55faaa99e43a4c833dfca7ae9dafbcabe2eb18a31ad748f2b7	true
tests/mgen/variables_and_arithmetic.sn	0	72e7cf18f201db128878eec2f45dc1973800be9aa85eccd8ff9cdc16887ee6d9	0	c2c2626a4136789b4410046020efb6ffe80e570a54bd28ec4fa4620438d66119	true
